날짜,종가,시장상황,복합점수백분위,목표비중,체결비중,매매행동
2018-01-02,268.77,상승(위험선호),0.561,1.0,1.0,START
2018-01-03,270.47,상승(위험선호),0.4668,1.0,1.0,HOLD
2018-01-04,271.61,상승(위험선호),0.4846,1.0,1.0,HOLD
2018-01-05,273.42,상승(위험선호),0.3549,1.0,1.0,HOLD
2018-01-08,273.92,상승(위험선호),0.3482,0.82,1.0,HOLD
2018-01-09,274.54,상승(위험선호),0.3276,0.82,0.82,REDUCE
2018-01-10,274.12,상승(위험선호),0.3265,0.82,0.82,HOLD
2018-01-11,276.12,상승(위험선호),0.3571,0.82,0.82,HOLD
2018-01-12,277.92,상승(위험선호),0.4038,0.82,0.82,HOLD
2018-01-16,276.97,상승(위험선호),0.3317,0.82,0.82,HOLD
2018-01-17,279.61,상승(위험선호),0.3244,0.82,0.82,HOLD
2018-01-18,279.14,상승(위험선호),0.3103,0.0,0.82,HOLD
2018-01-19,280.41,상승(위험선호),0.2885,0.0,0.0,SELL
2018-01-22,282.69,중립,0.2929,1.0,0.0,HOLD
2018-01-23,283.29,중립,0.2742,1.0,1.0,BUY
2018-01-24,283.18,중립,0.3036,1.0,1.0,HOLD
2018-01-25,283.3,상승(위험선호),0.3123,0.0,1.0,HOLD
2018-01-26,286.58,상승(위험선호),0.3468,0.0,0.0,SELL
2018-01-29,284.68,상승(위험선호),0.3109,0.0,0.0,HOLD
2018-01-30,281.76,상승(위험선호),0.3121,0.0,0.0,HOLD
2018-01-31,281.9,상승(위험선호),0.2666,0.0,0.0,HOLD
2018-02-01,281.58,상승(위험선호),0.3621,0.0,0.0,HOLD
2018-02-02,275.45,상승(위험선호),0.3083,0.0,0.0,HOLD
2018-02-05,263.93,상승(위험선호),0.4353,0.0,0.0,HOLD
2018-02-06,269.13,하락(위험회피),0.5465,0.0,0.0,HOLD
2018-02-07,267.67,하락(위험회피),0.5229,0.0,0.0,HOLD
2018-02-08,257.63,하락(위험회피),0.4762,0.0,0.0,HOLD
2018-02-09,261.5,하락(위험회피),0.4786,0.0,0.0,HOLD
2018-02-12,265.34,하락(위험회피),0.5097,0.0,0.0,HOLD
2018-02-13,266.0,하락(위험회피),0.5933,0.0,0.0,HOLD
2018-02-14,269.59,하락(위험회피),0.6232,0.0,0.0,HOLD
2018-02-15,273.03,하락(위험회피),0.302,0.0,0.0,HOLD
2018-02-16,273.11,하락(위험회피),0.2917,0.0,0.0,HOLD
2018-02-20,271.4,중립,0.2659,0.0,0.0,HOLD
2018-02-21,270.05,중립,0.2665,0.6,0.0,HOLD
2018-02-22,270.4,중립,0.2467,0.6,0.6,BUY
2018-02-23,274.71,중립,0.2819,0.6,0.6,HOLD
2018-02-26,277.9,상승(위험선호),0.2991,1.0,0.6,HOLD
2018-02-27,274.43,상승(위험선호),0.3055,1.0,1.0,ADD
2018-02-28,271.65,상승(위험선호),0.2936,1.0,1.0,HOLD
2018-03-01,267.7,상승(위험선호),0.3107,1.0,1.0,HOLD
2018-03-02,269.08,상승(위험선호),0.3055,1.0,1.0,HOLD
2018-03-05,272.19,상승(위험선호),0.3326,1.0,1.0,HOLD
2018-03-06,272.88,상승(위험선호),0.2998,1.0,1.0,HOLD
2018-03-07,272.78,상승(위험선호),0.3016,1.0,1.0,HOLD
2018-03-08,274.1,상승(위험선호),0.2248,1.0,1.0,HOLD
2018-03-09,278.87,상승(위험선호),0.2677,1.0,1.0,HOLD
2018-03-12,278.52,상승(위험선호),0.2686,1.0,1.0,HOLD
2018-03-13,276.72,상승(위험선호),0.2659,1.0,1.0,HOLD
2018-03-14,275.3,상승(위험선호),0.2812,1.0,1.0,HOLD
2018-03-15,275.0,상승(위험선호),0.3049,1.0,1.0,HOLD
2018-03-16,274.2,상승(위험선호),0.3249,1.0,1.0,HOLD
2018-03-19,270.49,상승(위험선호),0.2239,1.0,1.0,HOLD
2018-03-20,270.95,중립,0.2172,0.6,1.0,HOLD
2018-03-21,270.43,중립,0.2048,0.6,0.6,REDUCE
2018-03-22,263.67,중립,0.1985,0.0,0.6,HOLD
2018-03-23,258.05,중립,0.1947,0.0,0.0,SELL
2018-03-26,265.11,중립,0.199,0.0,0.0,HOLD
2018-03-27,260.6,중립,0.2009,0.0,0.0,HOLD
2018-03-28,259.83,중립,0.2006,0.0,0.0,HOLD
2018-03-29,263.15,중립,0.2093,0.6,0.0,HOLD
2018-04-02,257.47,중립,0.2563,0.0,0.6,BUY
2018-04-03,260.77,중립,0.2705,0.0,0.0,SELL
2018-04-04,263.56,중립,0.2531,0.0,0.0,HOLD
2018-04-05,265.64,중립,0.3143,0.6,0.0,HOLD
2018-04-06,259.72,중립,0.3448,0.0,0.6,BUY
2018-04-09,261.0,중립,0.3714,0.0,0.0,SELL
2018-04-10,265.15,중립,0.4373,0.6,0.0,HOLD
2018-04-11,263.76,상승(위험선호),0.4275,1.0,0.6,BUY
2018-04-12,265.93,상승(위험선호),0.4295,1.0,1.0,ADD
2018-04-13,265.15,상승(위험선호),0.409,1.0,1.0,HOLD
2018-04-16,267.33,상승(위험선호),0.318,1.0,1.0,HOLD
2018-04-17,270.19,상승(위험선호),0.2807,1.0,1.0,HOLD
2018-04-18,270.39,중립,0.2859,0.6,1.0,HOLD
2018-04-19,268.89,중립,0.2867,0.6,0.6,REDUCE
2018-04-20,266.61,중립,0.2498,0.6,0.6,HOLD
2018-04-23,266.57,중립,0.2534,0.6,0.6,HOLD
2018-04-24,262.98,중립,0.2332,0.6,0.6,HOLD
2018-04-25,263.63,중립,0.2274,0.6,0.6,HOLD
2018-04-26,266.31,중립,0.1975,0.6,0.6,HOLD
2018-04-27,266.56,중립,0.1969,0.6,0.6,HOLD
2018-04-30,264.51,중립,0.1987,0.6,0.6,HOLD
2018-05-01,264.98,중립,0.1618,0.6,0.6,HOLD
2018-05-02,263.2,중립,0.1628,0.6,0.6,HOLD
2018-05-03,262.62,중립,0.1513,0.6,0.6,HOLD
2018-05-04,266.02,중립,0.1597,0.6,0.6,HOLD
2018-05-07,266.92,중립,0.1753,0.6,0.6,HOLD
2018-05-08,266.92,중립,0.1791,0.74,0.6,HOLD
2018-05-09,269.5,중립,0.1777,0.74,0.74,ADD
2018-05-10,272.02,중립,0.214,0.74,0.74,HOLD
2018-05-11,272.85,상승(위험선호),0.2295,1.0,0.74,HOLD
2018-05-14,272.98,상승(위험선호),0.3013,1.0,1.0,ADD
2018-05-15,271.1,상승(위험선호),0.2848,1.0,1.0,HOLD
2018-05-16,272.24,상승(위험선호),0.2374,1.0,1.0,HOLD
2018-05-17,272.01,상승(위험선호),0.248,1.0,1.0,HOLD
2018-05-18,271.33,상승(위험선호),0.2623,1.0,1.0,HOLD
2018-05-21,273.37,상승(위험선호),0.2668,1.0,1.0,HOLD
2018-05-22,272.61,상승(위험선호),0.2823,1.0,1.0,HOLD
2018-05-23,273.36,상승(위험선호),0.3021,1.0,1.0,HOLD
2018-05-24,272.8,상승(위험선호),0.334,1.0,1.0,HOLD
2018-05-25,272.15,상승(위험선호),0.3335,1.0,1.0,HOLD
2018-05-29,269.02,상승(위험선호),0.3519,1.0,1.0,HOLD
2018-05-30,272.61,상승(위험선호),0.4274,1.0,1.0,HOLD
2018-05-31,270.94,상승(위험선호),0.3948,1.0,1.0,HOLD
2018-06-01,273.6,상승(위험선호),0.3136,1.0,1.0,HOLD
2018-06-04,274.9,상승(위험선호),0.2888,1.0,1.0,HOLD
2018-06-05,275.1,상승(위험선호),0.3028,1.0,1.0,HOLD
2018-06-06,277.4,상승(위험선호),0.311,1.0,1.0,HOLD
2018-06-07,277.37,상승(위험선호),0.3105,1.0,1.0,HOLD
2018-06-08,278.19,상승(위험선호),0.3125,1.0,1.0,HOLD
2018-06-11,278.56,상승(위험선호),0.3014,1.0,1.0,HOLD
2018-06-12,278.92,상승(위험선호),0.2939,1.0,1.0,HOLD
2018-06-13,278.03,상승(위험선호),0.4609,1.0,1.0,HOLD
2018-06-14,278.73,상승(위험선호),0.3733,1.0,1.0,HOLD
2018-06-15,277.13,상승(위험선호),0.2076,1.0,1.0,HOLD
2018-06-18,276.56,상승(위험선호),0.2116,1.0,1.0,HOLD
2018-06-19,275.5,상승(위험선호),0.2058,1.0,1.0,HOLD
2018-06-20,275.97,상승(위험선호),0.2068,1.0,1.0,HOLD
2018-06-21,274.24,상승(위험선호),0.1617,1.0,1.0,HOLD
2018-06-22,274.74,중립,0.1516,1.0,1.0,HOLD
2018-06-25,271.0,중립,0.1455,0.0,1.0,HOLD
2018-06-26,271.6,중립,0.1442,0.88,0.0,SELL
2018-06-27,269.35,중립,0.1311,0.0,0.88,BUY
2018-06-28,270.89,중립,0.1493,0.0,0.0,SELL
2018-06-29,271.28,중립,0.1411,1.0,0.0,HOLD
2018-07-02,271.86,중립,0.1763,1.0,1.0,BUY
2018-07-03,270.9,중립,0.1657,1.0,1.0,HOLD
2018-07-05,273.11,중립,0.1642,1.0,1.0,HOLD
2018-07-06,275.42,중립,0.1746,1.0,1.0,HOLD
2018-07-09,277.9,상승(위험선호),0.2055,1.0,1.0,HOLD
2018-07-10,278.9,상승(위험선호),0.1969,1.0,1.0,HOLD
2018-07-11,276.86,상승(위험선호),0.2807,1.0,1.0,HOLD
2018-07-12,279.37,상승(위험선호),0.2976,1.0,1.0,HOLD
2018-07-13,279.59,상승(위험선호),0.3061,1.0,1.0,HOLD
2018-07-16,279.34,상승(위험선호),0.342,1.0,1.0,HOLD
2018-07-17,280.47,상승(위험선호),0.3169,1.0,1.0,HOLD
2018-07-18,281.06,상승(위험선호),0.3043,1.0,1.0,HOLD
2018-07-19,280.0,상승(위험선호),0.2922,1.0,1.0,HOLD
2018-07-20,279.68,상승(위험선호),0.336,1.0,1.0,HOLD
2018-07-23,280.2,상승(위험선호),0.3268,1.0,1.0,HOLD
2018-07-24,281.61,상승(위험선호),0.3064,1.0,1.0,HOLD
2018-07-25,284.01,상승(위험선호),0.3001,1.0,1.0,HOLD
2018-07-26,283.34,상승(위험선호),0.2958,1.0,1.0,HOLD
2018-07-27,281.42,상승(위험선호),0.2612,1.0,1.0,HOLD
2018-07-30,279.95,상승(위험선호),0.2796,1.0,1.0,HOLD
2018-07-31,281.33,상승(위험선호),0.2822,1.0,1.0,HOLD
2018-08-01,280.86,상승(위험선호),0.3588,1.0,1.0,HOLD
2018-08-02,282.39,상승(위험선호),0.3417,1.0,1.0,HOLD
2018-08-03,283.6,상승(위험선호),0.3516,1.0,1.0,HOLD
2018-08-06,284.64,상승(위험선호),0.6744,1.0,1.0,HOLD
2018-08-07,285.58,상승(위험선호),0.6824,1.0,1.0,HOLD
2018-08-08,285.46,상승(위험선호),0.7384,1.0,1.0,HOLD
2018-08-09,285.07,상승(위험선호),0.7316,1.0,1.0,HOLD
2018-08-10,283.16,상승(위험선호),0.8314,1.0,1.0,HOLD
2018-08-13,282.1,상승(위험선호),0.5986,1.0,1.0,HOLD
2018-08-14,283.9,상승(위험선호),0.6163,1.0,1.0,HOLD
2018-08-15,281.78,상승(위험선호),0.5062,1.0,1.0,HOLD
2018-08-16,284.06,상승(위험선호),0.5383,1.0,1.0,HOLD
2018-08-17,285.06,상승(위험선호),0.5467,1.0,1.0,HOLD
2018-08-20,285.67,상승(위험선호),0.6026,1.0,1.0,HOLD
2018-08-21,286.34,상승(위험선호),0.612,1.0,1.0,HOLD
2018-08-22,286.17,상승(위험선호),0.5846,1.0,1.0,HOLD
2018-08-23,285.79,상승(위험선호),0.5828,1.0,1.0,HOLD
2018-08-24,287.51,상승(위험선호),0.6189,1.0,1.0,HOLD
2018-08-27,289.78,상승(위험선호),0.5943,1.0,1.0,HOLD
2018-08-28,289.92,상승(위험선호),0.5574,1.0,1.0,HOLD
2018-08-29,291.48,상승(위험선호),0.5312,1.0,1.0,HOLD
2018-08-30,290.3,상승(위험선호),0.5297,1.0,1.0,HOLD
2018-08-31,290.31,상승(위험선호),0.475,1.0,1.0,HOLD
2018-09-04,289.81,상승(위험선호),0.264,1.0,1.0,HOLD
2018-09-05,289.03,상승(위험선호),0.3527,1.0,1.0,HOLD
2018-09-06,288.16,상승(위험선호),0.3899,1.0,1.0,HOLD
2018-09-07,287.6,상승(위험선호),0.3646,1.0,1.0,HOLD
2018-09-10,288.1,상승(위험선호),0.3494,1.0,1.0,HOLD
2018-09-11,289.05,상승(위험선호),0.3397,1.0,1.0,HOLD
2018-09-12,289.12,상승(위험선호),0.3101,1.0,1.0,HOLD
2018-09-13,290.83,상승(위험선호),0.3143,1.0,1.0,HOLD
2018-09-14,290.88,상승(위험선호),0.2773,1.0,1.0,HOLD
2018-09-17,289.34,상승(위험선호),0.3656,1.0,1.0,HOLD
2018-09-18,290.91,상승(위험선호),0.3524,1.0,1.0,HOLD
2018-09-19,291.22,상승(위험선호),0.3265,1.0,1.0,HOLD
2018-09-20,293.58,상승(위험선호),0.34,1.0,1.0,HOLD
2018-09-21,291.99,상승(위험선호),0.4548,1.0,1.0,HOLD
2018-09-24,291.02,상승(위험선호),0.42,1.0,1.0,HOLD
2018-09-25,290.75,상승(위험선호),0.428,1.0,1.0,HOLD
2018-09-26,289.88,상승(위험선호),0.4696,1.0,1.0,HOLD
2018-09-27,290.69,상승(위험선호),0.5418,1.0,1.0,HOLD
2018-09-28,290.72,상승(위험선호),0.5819,1.0,1.0,HOLD
2018-10-01,291.73,상승(위험선호),0.5669,1.0,1.0,HOLD
2018-10-02,291.56,상승(위험선호),0.5575,1.0,1.0,HOLD
2018-10-03,291.72,상승(위험선호),0.5015,1.0,1.0,HOLD
2018-10-04,289.44,상승(위험선호),0.4278,1.0,1.0,HOLD
2018-10-05,287.82,상승(위험선호),0.3768,1.0,1.0,HOLD
2018-10-08,287.82,상승(위험선호),0.2821,1.0,1.0,HOLD
2018-10-09,287.4,상승(위험선호),0.3166,1.0,1.0,HOLD
2018-10-10,278.3,상승(위험선호),0.3075,1.0,1.0,HOLD
2018-10-11,272.17,하락(위험회피),0.2646,0.0,1.0,HOLD
2018-10-12,275.95,하락(위험회피),0.3202,0.0,0.0,SELL
2018-10-15,274.4,하락(위험회피),0.2466,0.0,0.0,HOLD
2018-10-16,280.4,하락(위험회피),0.2781,0.0,0.0,HOLD
2018-10-17,280.45,하락(위험회피),0.2618,0.0,0.0,HOLD
2018-10-18,276.4,하락(위험회피),0.2379,0.0,0.0,HOLD
2018-10-19,276.25,하락(위험회피),0.233,0.0,0.0,HOLD
2018-10-22,275.01,하락(위험회피),0.2077,0.0,0.0,HOLD
2018-10-23,273.61,중립,0.2036,0.0,0.0,HOLD
2018-10-24,265.32,중립,0.2034,0.0,0.0,HOLD
2018-10-25,270.08,중립,0.217,0.0,0.0,HOLD
2018-10-26,265.33,하락(위험회피),0.1987,0.0,0.0,HOLD
2018-10-29,263.86,하락(위험회피),0.2201,0.0,0.0,HOLD
2018-10-30,267.77,하락(위험회피),0.2146,0.0,0.0,HOLD
2018-10-31,270.63,하락(위험회피),0.2032,0.0,0.0,HOLD
2018-11-01,273.51,중립,0.2368,0.0,0.0,HOLD
2018-11-02,271.89,중립,0.2854,0.0,0.0,HOLD
2018-11-05,273.39,중립,0.2643,0.0,0.0,HOLD
2018-11-06,275.12,중립,0.2719,0.0,0.0,HOLD
2018-11-07,281.01,중립,0.293,0.0,0.0,HOLD
2018-11-08,280.5,중립,0.3098,0.6,0.0,HOLD
2018-11-09,277.76,중립,0.2501,0.0,0.6,BUY
2018-11-12,272.57,중립,0.2879,0.0,0.0,SELL
2018-11-13,272.06,중립,0.2662,0.0,0.0,HOLD
2018-11-14,270.2,중립,0.3283,0.0,0.0,HOLD
2018-11-15,273.02,중립,0.3729,0.0,0.0,HOLD
2018-11-16,273.73,중립,0.4086,0.0,0.0,HOLD
2018-11-19,269.1,중립,0.5328,0.0,0.0,HOLD
2018-11-20,264.12,중립,0.5219,0.0,0.0,HOLD
2018-11-21,265.02,중립,0.4678,0.0,0.0,HOLD
2018-11-23,263.25,하락(위험회피),0.401,0.0,0.0,HOLD
2018-11-26,267.5,하락(위험회피),0.6008,0.0,0.0,HOLD
2018-11-27,268.4,하락(위험회피),0.461,0.0,0.0,HOLD
2018-11-28,274.58,하락(위험회피),0.4695,0.0,0.0,HOLD
2018-11-29,273.98,하락(위험회피),0.5414,0.0,0.0,HOLD
2018-11-30,275.65,하락(위험회피),0.6387,0.0,0.0,HOLD
2018-12-03,279.3,하락(위험회피),0.5254,0.0,0.0,HOLD
2018-12-04,270.25,하락(위험회피),0.6256,0.0,0.0,HOLD
2018-12-06,269.84,하락(위험회피),0.6526,0.0,0.0,HOLD
2018-12-07,263.57,하락(위험회피),0.6687,0.0,0.0,HOLD
2018-12-10,264.07,하락(위험회피),0.7331,0.0,0.0,HOLD
2018-12-11,264.13,하락(위험회피),0.7358,0.0,0.0,HOLD
2018-12-12,265.46,하락(위험회피),0.7053,0.0,0.0,HOLD
2018-12-13,265.37,하락(위험회피),0.6912,0.0,0.0,HOLD
2018-12-14,260.47,하락(위험회피),0.6419,0.0,0.0,HOLD
2018-12-17,255.36,하락(위험회피),0.7354,0.0,0.0,HOLD
2018-12-18,255.08,하락(위험회피),0.7635,0.0,0.0,HOLD
2018-12-19,251.26,하락(위험회피),0.8434,0.0,0.0,HOLD
2018-12-20,247.17,하락(위험회피),0.878,0.0,0.0,HOLD
2018-12-21,240.7,하락(위험회피),0.8327,0.0,0.0,HOLD
2018-12-24,234.34,하락(위험회피),0.777,0.0,0.0,HOLD
2018-12-26,246.18,하락(위험회피),0.7812,0.0,0.0,HOLD
2018-12-27,248.07,하락(위험회피),0.6626,0.0,0.0,HOLD
2018-12-28,247.75,하락(위험회피),0.7016,0.0,0.0,HOLD
2018-12-31,249.92,하락(위험회피),0.8374,0.0,0.0,HOLD
2019-01-02,250.18,상승(위험선호),0.7103,1.0,0.0,HOLD
2019-01-03,244.21,상승(위험선호),0.7471,1.0,1.0,BUY
2019-01-04,252.39,상승(위험선호),0.8178,1.0,1.0,HOLD
2019-01-07,254.38,상승(위험선호),0.7178,1.0,1.0,HOLD
2019-01-08,256.77,상승(위험선호),0.6668,1.0,1.0,HOLD
2019-01-09,257.97,상승(위험선호),0.6472,1.0,1.0,HOLD
2019-01-10,258.88,상승(위험선호),0.6324,1.0,1.0,HOLD
2019-01-11,258.98,상승(위험선호),0.6192,1.0,1.0,HOLD
2019-01-14,257.4,상승(위험선호),0.7169,1.0,1.0,HOLD
2019-01-15,260.35,상승(위험선호),0.7074,1.0,1.0,HOLD
2019-01-16,260.98,상승(위험선호),0.5712,1.0,1.0,HOLD
2019-01-17,262.96,상승(위험선호),0.5576,1.0,1.0,HOLD
2019-01-18,266.46,상승(위험선호),0.4994,1.0,1.0,HOLD
2019-01-22,262.86,상승(위험선호),0.4462,1.0,1.0,HOLD
2019-01-23,263.41,상승(위험선호),0.52,1.0,1.0,HOLD
2019-01-24,263.55,상승(위험선호),0.5421,1.0,1.0,HOLD
2019-01-25,265.78,상승(위험선호),0.5715,1.0,1.0,HOLD
2019-01-28,263.76,상승(위험선호),0.5964,1.0,1.0,HOLD
2019-01-29,263.41,상승(위험선호),0.5851,1.0,1.0,HOLD
2019-01-30,267.58,상승(위험선호),0.6165,1.0,1.0,HOLD
2019-01-31,269.93,상승(위험선호),0.6669,1.0,1.0,HOLD
2019-02-01,270.06,상승(위험선호),0.7512,1.0,1.0,HOLD
2019-02-04,271.96,상승(위험선호),0.6294,1.0,1.0,HOLD
2019-02-05,273.1,상승(위험선호),0.36,1.0,1.0,HOLD
2019-02-06,272.74,상승(위험선호),0.3568,1.0,1.0,HOLD
2019-02-07,270.14,상승(위험선호),0.3265,1.0,1.0,HOLD
2019-02-08,270.47,상승(위험선호),0.3369,1.0,1.0,HOLD
2019-02-11,270.62,상승(위험선호),0.3918,1.0,1.0,HOLD
2019-02-12,274.1,상승(위험선호),0.4506,1.0,1.0,HOLD
2019-02-13,274.99,상승(위험선호),0.4177,1.0,1.0,HOLD
2019-02-14,274.38,상승(위험선호),0.4196,1.0,1.0,HOLD
2019-02-15,277.37,상승(위험선호),0.3986,1.0,1.0,HOLD
2019-02-19,277.85,상승(위험선호),0.4449,1.0,1.0,HOLD
2019-02-20,278.41,상승(위험선호),0.433,1.0,1.0,HOLD
2019-02-21,277.42,상승(위험선호),0.4607,1.0,1.0,HOLD
2019-02-22,279.14,상승(위험선호),0.4616,1.0,1.0,HOLD
2019-02-25,279.52,상승(위험선호),0.5675,1.0,1.0,HOLD
2019-02-26,279.32,상승(위험선호),0.552,1.0,1.0,HOLD
2019-02-27,279.2,상승(위험선호),0.5511,1.0,1.0,HOLD
2019-02-28,278.68,상승(위험선호),0.4618,1.0,1.0,HOLD
2019-03-01,280.42,상승(위험선호),0.4136,1.0,1.0,HOLD
2019-03-04,279.4,상승(위험선호),0.3392,1.0,1.0,HOLD
2019-03-05,279.02,상승(위험선호),0.4214,1.0,1.0,HOLD
2019-03-06,277.33,상승(위험선호),0.547,1.0,1.0,HOLD
2019-03-07,275.01,상승(위험선호),0.5751,1.0,1.0,HOLD
2019-03-08,274.46,상승(위험선호),0.9112,1.0,1.0,HOLD
2019-03-11,278.44,상승(위험선호),0.9007,1.0,1.0,HOLD
2019-03-12,279.49,상승(위험선호),0.8927,1.0,1.0,HOLD
2019-03-13,281.34,상승(위험선호),0.9104,1.0,1.0,HOLD
2019-03-14,281.16,상승(위험선호),0.9173,1.0,1.0,HOLD
2019-03-15,281.31,상승(위험선호),0.8434,1.0,1.0,HOLD
2019-03-18,282.33,상승(위험선호),0.9006,1.0,1.0,HOLD
2019-03-19,282.4,상승(위험선호),0.8865,1.0,1.0,HOLD
2019-03-20,281.55,상승(위험선호),0.8893,1.0,1.0,HOLD
2019-03-21,284.73,상승(위험선호),0.9322,1.0,1.0,HOLD
2019-03-22,279.25,상승(위험선호),0.9379,1.0,1.0,HOLD
2019-03-25,279.04,상승(위험선호),0.9275,1.0,1.0,HOLD
2019-03-26,281.12,상승(위험선호),0.9245,1.0,1.0,HOLD
2019-03-27,279.65,상승(위험선호),0.9275,1.0,1.0,HOLD
2019-03-28,280.71,상승(위험선호),0.9273,1.0,1.0,HOLD
2019-03-29,282.48,상승(위험선호),0.9281,1.0,1.0,HOLD
2019-04-01,285.83,상승(위험선호),0.9863,1.0,1.0,HOLD
2019-04-02,285.97,상승(위험선호),0.9749,1.0,1.0,HOLD
2019-04-03,286.42,상승(위험선호),0.9761,1.0,1.0,HOLD
2019-04-04,287.18,상승(위험선호),0.9639,1.0,1.0,HOLD
2019-04-05,288.57,상승(위험선호),0.792,1.0,1.0,HOLD
2019-04-08,288.79,상승(위험선호),0.6807,1.0,1.0,HOLD
2019-04-09,287.31,상승(위험선호),0.6925,1.0,1.0,HOLD
2019-04-10,288.29,상승(위험선호),0.7255,1.0,1.0,HOLD
2019-04-11,288.21,상승(위험선호),0.7844,1.0,1.0,HOLD
2019-04-12,290.16,상승(위험선호),0.8062,1.0,1.0,HOLD
2019-04-15,289.97,상승(위험선호),0.7501,1.0,1.0,HOLD
2019-04-16,290.16,상승(위험선호),0.7751,1.0,1.0,HOLD
2019-04-17,289.45,상승(위험선호),0.7248,1.0,1.0,HOLD
2019-04-18,290.02,상승(위험선호),0.6663,1.0,1.0,HOLD
2019-04-22,290.27,상승(위험선호),0.6207,1.0,1.0,HOLD
2019-04-23,292.88,상승(위험선호),0.5797,1.0,1.0,HOLD
2019-04-24,292.23,상승(위험선호),0.6126,1.0,1.0,HOLD
2019-04-25,292.05,상승(위험선호),0.6607,1.0,1.0,HOLD
2019-04-26,293.41,상승(위험선호),0.685,1.0,1.0,HOLD
2019-04-29,293.87,상승(위험선호),0.5509,1.0,1.0,HOLD
2019-04-30,294.02,상승(위험선호),0.4007,1.0,1.0,HOLD
2019-05-01,291.81,상승(위험선호),0.4957,1.0,1.0,HOLD
2019-05-02,291.18,상승(위험선호),0.4543,1.0,1.0,HOLD
2019-05-03,294.03,상승(위험선호),0.4064,1.0,1.0,HOLD
2019-05-06,292.82,상승(위험선호),0.6078,1.0,1.0,HOLD
2019-05-07,287.93,상승(위험선호),0.626,1.0,1.0,HOLD
2019-05-08,287.53,상승(위험선호),0.629,1.0,1.0,HOLD
2019-05-09,286.66,상승(위험선호),0.5689,1.0,1.0,HOLD
2019-05-10,288.1,상승(위험선호),0.593,1.0,1.0,HOLD
2019-05-13,280.86,상승(위험선호),0.6195,1.0,1.0,HOLD
2019-05-14,283.4,상승(위험선호),0.6516,1.0,1.0,HOLD
2019-05-15,285.06,상승(위험선호),0.6472,1.0,1.0,HOLD
2019-05-16,287.7,상승(위험선호),0.6859,1.0,1.0,HOLD
2019-05-17,285.84,상승(위험선호),0.6299,1.0,1.0,HOLD
2019-05-20,283.95,상승(위험선호),0.6983,1.0,1.0,HOLD
2019-05-21,286.51,상승(위험선호),0.4676,1.0,1.0,HOLD
2019-05-22,285.63,상승(위험선호),0.4631,1.0,1.0,HOLD
2019-05-23,282.14,상승(위험선호),0.4386,1.0,1.0,HOLD
2019-05-24,282.78,상승(위험선호),0.4818,1.0,1.0,HOLD
2019-05-28,280.15,상승(위험선호),0.6383,1.0,1.0,HOLD
2019-05-29,278.27,상승(위험선호),0.6842,1.0,1.0,HOLD
2019-05-30,279.03,상승(위험선호),0.7244,1.0,1.0,HOLD
2019-05-31,275.27,상승(위험선호),0.7844,1.0,1.0,HOLD
2019-06-03,274.57,상승(위험선호),0.8583,1.0,1.0,HOLD
2019-06-04,280.53,상승(위험선호),0.8536,1.0,1.0,HOLD
2019-06-05,282.96,상승(위험선호),0.9319,1.0,1.0,HOLD
2019-06-06,284.8,상승(위험선호),0.936,1.0,1.0,HOLD
2019-06-07,287.65,상승(위험선호),0.9379,1.0,1.0,HOLD
2019-06-10,288.97,상승(위험선호),0.9687,1.0,1.0,HOLD
2019-06-11,288.9,상승(위험선호),0.9432,1.0,1.0,HOLD
2019-06-12,288.39,상승(위험선호),0.8888,1.0,1.0,HOLD
2019-06-13,289.58,상승(위험선호),0.8898,1.0,1.0,HOLD
2019-06-14,289.26,상승(위험선호),0.9296,1.0,1.0,HOLD
2019-06-17,289.37,상승(위험선호),0.8383,1.0,1.0,HOLD
2019-06-18,292.4,상승(위험선호),0.8308,1.0,1.0,HOLD
2019-06-19,293.06,상승(위험선호),0.8869,1.0,1.0,HOLD
2019-06-20,295.86,상승(위험선호),0.9231,1.0,1.0,HOLD
2019-06-21,294.0,상승(위험선호),0.9441,1.0,1.0,HOLD
2019-06-24,293.64,상승(위험선호),0.927,1.0,1.0,HOLD
2019-06-25,290.76,상승(위험선호),0.9336,1.0,1.0,HOLD
2019-06-26,290.47,상승(위험선호),0.9086,1.0,1.0,HOLD
2019-06-27,291.5,상승(위험선호),0.8964,1.0,1.0,HOLD
2019-06-28,293.0,상승(위험선호),0.8939,1.0,1.0,HOLD
2019-07-01,295.66,상승(위험선호),0.9218,1.0,1.0,HOLD
2019-07-02,296.43,상승(위험선호),0.8796,1.0,1.0,HOLD
2019-07-03,298.8,상승(위험선호),0.8612,1.0,1.0,HOLD
2019-07-05,298.46,상승(위험선호),0.8488,1.0,1.0,HOLD
2019-07-08,296.82,상승(위험선호),0.7225,1.0,1.0,HOLD
2019-07-09,297.19,상승(위험선호),0.5668,1.0,1.0,HOLD
2019-07-10,298.61,상승(위험선호),0.6321,1.0,1.0,HOLD
2019-07-11,299.31,상승(위험선호),0.6233,1.0,1.0,HOLD
2019-07-12,300.65,상승(위험선호),0.5428,1.0,1.0,HOLD
2019-07-15,300.75,상승(위험선호),0.6631,1.0,1.0,HOLD
2019-07-16,299.78,상승(위험선호),0.7093,1.0,1.0,HOLD
2019-07-17,297.74,상승(위험선호),0.6938,1.0,1.0,HOLD
2019-07-18,298.83,상승(위험선호),0.6904,1.0,1.0,HOLD
2019-07-19,297.17,상승(위험선호),0.682,1.0,1.0,HOLD
2019-07-22,297.9,상승(위험선호),0.6172,1.0,1.0,HOLD
2019-07-23,300.03,상승(위험선호),0.6055,1.0,1.0,HOLD
2019-07-24,301.44,상승(위험선호),0.5889,1.0,1.0,HOLD
2019-07-25,300.0,상승(위험선호),0.602,1.0,1.0,HOLD
2019-07-26,302.01,상승(위험선호),0.5688,1.0,1.0,HOLD
2019-07-29,301.46,상승(위험선호),0.6566,1.0,1.0,HOLD
2019-07-30,300.72,상승(위험선호),0.6725,1.0,1.0,HOLD
2019-07-31,297.43,상승(위험선호),0.6882,1.0,1.0,HOLD
2019-08-01,294.84,상승(위험선호),0.6535,1.0,1.0,HOLD
2019-08-02,292.62,상승(위험선호),0.7816,1.0,1.0,HOLD
2019-08-05,283.82,상승(위험선호),0.9344,1.0,1.0,HOLD
2019-08-06,287.8,상승(위험선호),0.9732,1.0,1.0,HOLD
2019-08-07,287.97,상승(위험선호),0.983,1.0,1.0,HOLD
2019-08-08,293.62,상승(위험선호),0.9886,1.0,1.0,HOLD
2019-08-09,291.62,상승(위험선호),0.9921,1.0,1.0,HOLD
2019-08-12,288.07,상승(위험선호),0.99,1.0,1.0,HOLD
2019-08-13,292.55,상승(위험선호),0.9948,1.0,1.0,HOLD
2019-08-14,283.9,상승(위험선호),0.9933,1.0,1.0,HOLD
2019-08-15,284.65,상승(위험선호),0.9977,1.0,1.0,HOLD
2019-08-16,288.85,상승(위험선호),0.9983,1.0,1.0,HOLD
2019-08-19,292.33,상승(위험선호),0.99,1.0,1.0,HOLD
2019-08-20,290.09,상승(위험선호),0.979,1.0,1.0,HOLD
2019-08-21,292.45,상승(위험선호),0.9888,1.0,1.0,HOLD
2019-08-22,292.36,상승(위험선호),0.9692,1.0,1.0,HOLD
2019-08-23,284.85,상승(위험선호),0.9609,1.0,1.0,HOLD
2019-08-26,288.0,상승(위험선호),0.9925,1.0,1.0,HOLD
2019-08-27,286.87,상승(위험선호),0.9923,1.0,1.0,HOLD
2019-08-28,288.89,상승(위험선호),0.9965,1.0,1.0,HOLD
2019-08-29,292.58,상승(위험선호),0.9954,1.0,1.0,HOLD
2019-08-30,292.45,상승(위험선호),0.9812,1.0,1.0,HOLD
2019-09-03,290.74,상승(위험선호),0.9317,1.0,1.0,HOLD
2019-09-04,294.04,상승(위험선호),0.9033,1.0,1.0,HOLD
2019-09-05,297.82,상승(위험선호),0.6528,1.0,1.0,HOLD
2019-09-06,298.05,상승(위험선호),0.4886,1.0,1.0,HOLD
2019-09-09,298.2,상승(위험선호),0.6163,1.0,1.0,HOLD
2019-09-10,298.13,상승(위험선호),0.4081,1.0,1.0,HOLD
2019-09-11,300.25,중립,0.2397,0.6,1.0,HOLD
2019-09-12,301.29,중립,0.3173,0.6,0.6,REDUCE
2019-09-13,301.09,중립,0.2116,0.0,0.6,HOLD
2019-09-16,300.16,중립,0.0958,0.6,0.0,SELL
2019-09-17,300.92,중립,0.1359,0.6,0.6,BUY
2019-09-18,301.1,중립,0.1898,0.6,0.6,HOLD
2019-09-19,301.08,중립,0.1575,0.6,0.6,HOLD
2019-09-20,298.28,중립,0.2158,0.6,0.6,HOLD
2019-09-23,298.21,중립,0.2102,0.9,0.6,HOLD
2019-09-24,295.87,중립,0.1613,0.9,0.9,ADD
2019-09-25,297.62,중립,0.1785,0.9,0.9,HOLD
2019-09-26,297.0,중립,0.1233,0.9,0.9,HOLD
2019-09-27,295.4,중립,0.1196,0.0,0.9,HOLD
2019-09-30,296.77,중립,0.177,0.0,0.0,SELL
2019-10-01,293.24,중립,0.2146,0.88,0.0,HOLD
2019-10-02,288.06,중립,0.208,0.88,0.88,BUY
2019-10-03,290.42,중립,0.355,0.88,0.88,HOLD
2019-10-04,294.35,상승(위험선호),0.5146,1.0,0.88,HOLD
2019-10-07,293.08,상승(위험선호),0.7261,1.0,1.0,ADD
2019-10-08,288.53,상승(위험선호),0.7703,1.0,1.0,HOLD
2019-10-09,291.27,상승(위험선호),0.8299,1.0,1.0,HOLD
2019-10-10,293.24,상승(위험선호),0.7844,1.0,1.0,HOLD
2019-10-11,296.28,상승(위험선호),0.7362,1.0,1.0,HOLD
2019-10-14,295.95,상승(위험선호),0.7154,1.0,1.0,HOLD
2019-10-15,298.88,상승(위험선호),0.6447,1.0,1.0,HOLD
2019-10-16,298.4,상승(위험선호),0.5913,1.0,1.0,HOLD
2019-10-17,299.28,상승(위험선호),0.6487,1.0,1.0,HOLD
2019-10-18,297.97,상승(위험선호),0.5939,1.0,1.0,HOLD
2019-10-21,299.99,상승(위험선호),0.4562,1.0,1.0,HOLD
2019-10-22,299.01,상승(위험선호),0.3849,1.0,1.0,HOLD
2019-10-23,299.88,상승(위험선호),0.3902,1.0,1.0,HOLD
2019-10-24,300.37,상승(위험선호),0.4846,1.0,1.0,HOLD
2019-10-25,301.6,상승(위험선호),0.4528,1.0,1.0,HOLD
2019-10-28,303.3,상승(위험선호),0.3827,1.0,1.0,HOLD
2019-10-29,303.21,상승(위험선호),0.2983,1.0,1.0,HOLD
2019-10-30,304.14,중립,0.2696,1.0,1.0,HOLD
2019-10-31,303.33,중립,0.2972,1.0,1.0,HOLD
2019-11-01,306.14,중립,0.3418,1.0,1.0,HOLD
2019-11-04,307.37,중립,0.2265,1.0,1.0,HOLD
2019-11-05,307.03,중립,0.2132,1.0,1.0,HOLD
2019-11-06,307.1,중립,0.1895,1.0,1.0,HOLD
2019-11-07,308.18,중립,0.2293,1.0,1.0,HOLD
2019-11-08,308.94,중립,0.2113,1.0,1.0,HOLD
2019-11-11,308.35,중립,0.252,1.0,1.0,HOLD
2019-11-12,309.0,중립,0.2644,1.0,1.0,HOLD
2019-11-13,309.1,중립,0.314,1.0,1.0,HOLD
2019-11-14,309.55,상승(위험선호),0.3279,1.0,1.0,HOLD
2019-11-15,311.79,상승(위험선호),0.4158,1.0,1.0,HOLD
2019-11-18,312.02,상승(위험선호),0.3424,1.0,1.0,HOLD
2019-11-19,311.93,상승(위험선호),0.3873,1.0,1.0,HOLD
2019-11-20,310.77,상승(위험선호),0.3864,1.0,1.0,HOLD
2019-11-21,310.27,상승(위험선호),0.4269,1.0,1.0,HOLD
2019-11-22,310.96,상승(위험선호),0.4015,1.0,1.0,HOLD
2019-11-25,313.37,상승(위험선호),0.6062,1.0,1.0,HOLD
2019-11-26,314.08,상승(위험선호),0.7042,1.0,1.0,HOLD
2019-11-27,315.48,상승(위험선호),0.7198,1.0,1.0,HOLD
2019-11-29,314.31,상승(위험선호),0.577,1.0,1.0,HOLD
2019-12-02,311.64,상승(위험선호),0.4568,1.0,1.0,HOLD
2019-12-03,309.55,상승(위험선호),0.4253,1.0,1.0,HOLD
2019-12-04,311.46,상승(위험선호),0.6955,1.0,1.0,HOLD
2019-12-05,312.02,상승(위험선호),0.6827,1.0,1.0,HOLD
2019-12-06,314.87,상승(위험선호),0.7313,1.0,1.0,HOLD
2019-12-09,313.88,상승(위험선호),0.7697,1.0,1.0,HOLD
2019-12-10,313.53,상승(위험선호),0.7933,1.0,1.0,HOLD
2019-12-11,314.42,상승(위험선호),0.7317,1.0,1.0,HOLD
2019-12-12,317.13,상승(위험선호),0.7498,1.0,1.0,HOLD
2019-12-13,317.32,상승(위험선호),0.58,1.0,1.0,HOLD
2019-12-16,319.5,상승(위험선호),0.5403,1.0,1.0,HOLD
2019-12-17,319.57,상승(위험선호),0.4977,1.0,1.0,HOLD
2019-12-18,319.59,상승(위험선호),0.4652,1.0,1.0,HOLD
2019-12-19,320.9,상승(위험선호),0.3857,1.0,1.0,HOLD
2019-12-20,320.73,상승(위험선호),0.389,1.0,1.0,HOLD
2019-12-23,321.22,상승(위험선호),0.4585,1.0,1.0,HOLD
2019-12-24,321.23,상승(위험선호),0.419,1.0,1.0,HOLD
2019-12-26,322.94,상승(위험선호),0.4428,1.0,1.0,HOLD
2019-12-27,322.86,상승(위험선호),0.4274,1.0,1.0,HOLD
2019-12-30,321.08,상승(위험선호),0.4669,1.0,1.0,HOLD
2019-12-31,321.86,상승(위험선호),0.4397,1.0,1.0,HOLD
2020-01-02,324.87,상승(위험선호),0.4478,1.0,1.0,HOLD
2020-01-03,322.41,상승(위험선호),0.4518,1.0,1.0,HOLD
2020-01-06,323.64,상승(위험선호),0.643,1.0,1.0,HOLD
2020-01-07,322.73,상승(위험선호),0.5809,1.0,1.0,HOLD
2020-01-08,324.45,상승(위험선호),0.5705,1.0,1.0,HOLD
2020-01-09,326.65,상승(위험선호),0.5383,1.0,1.0,HOLD
2020-01-10,325.71,상승(위험선호),0.5212,0.69,1.0,HOLD
2020-01-13,327.95,상승(위험선호),0.6222,0.69,0.69,REDUCE
2020-01-14,327.45,상승(위험선호),0.6619,0.69,0.69,HOLD
2020-01-15,328.19,상승(위험선호),0.6988,1.0,0.69,HOLD
2020-01-16,330.92,상승(위험선호),0.7801,0.68,1.0,ADD
2020-01-17,331.95,상승(위험선호),0.7494,1.0,0.68,REDUCE
2020-01-21,331.3,상승(위험선호),0.6616,1.0,1.0,ADD
2020-01-22,331.34,상승(위험선호),0.7399,1.0,1.0,HOLD
2020-01-23,331.72,상승(위험선호),0.7401,1.0,1.0,HOLD
2020-01-24,328.77,상승(위험선호),0.7892,1.0,1.0,HOLD
2020-01-27,323.5,상승(위험선호),0.8523,0.0,1.0,HOLD
2020-01-28,326.89,상승(위험선호),0.9117,0.0,0.0,SELL
2020-01-29,326.62,상승(위험선호),0.8744,1.0,0.0,HOLD
2020-01-30,327.68,상승(위험선호),0.9155,1.0,1.0,BUY
2020-01-31,321.73,상승(위험선호),0.9329,1.0,1.0,HOLD
2020-02-03,324.12,상승(위험선호),0.9531,1.0,1.0,HOLD
2020-02-04,329.06,상승(위험선호),0.9116,1.0,1.0,HOLD
2020-02-05,332.86,상승(위험선호),0.7916,1.0,1.0,HOLD
2020-02-06,333.98,상승(위험선호),0.7547,1.0,1.0,HOLD
2020-02-07,332.2,상승(위험선호),0.7834,1.0,1.0,HOLD
2020-02-10,334.68,상승(위험선호),0.8439,1.0,1.0,HOLD
2020-02-11,335.26,상승(위험선호),0.8281,1.0,1.0,HOLD
2020-02-12,337.42,상승(위험선호),0.8722,1.0,1.0,HOLD
2020-02-13,337.06,상승(위험선호),0.8255,1.0,1.0,HOLD
2020-02-14,337.6,상승(위험선호),0.825,0.0,1.0,HOLD
2020-02-18,336.73,상승(위험선호),0.8137,0.0,0.0,SELL
2020-02-19,338.34,상승(위험선호),0.8486,0.0,0.0,HOLD
2020-02-20,336.95,상승(위험선호),0.8159,0.0,0.0,HOLD
2020-02-21,333.48,상승(위험선호),0.8669,1.0,0.0,HOLD
2020-02-24,322.42,상승(위험선호),0.8821,0.0,1.0,BUY
2020-02-25,312.65,하락(위험회피),0.9013,0.0,0.0,SELL
2020-02-26,311.5,하락(위험회피),0.8758,0.0,0.0,HOLD
2020-02-27,297.51,하락(위험회피),0.8809,0.0,0.0,HOLD
2020-02-28,296.26,하락(위험회피),0.9074,0.0,0.0,HOLD
2020-03-02,309.09,하락(위험회피),0.9498,0.0,0.0,HOLD
2020-03-03,300.24,하락(위험회피),0.9733,0.0,0.0,HOLD
2020-03-04,312.86,하락(위험회피),0.9981,0.0,0.0,HOLD
2020-03-05,302.46,하락(위험회피),0.9994,0.0,0.0,HOLD
2020-03-06,297.46,하락(위험회피),0.9998,0.0,0.0,HOLD
2020-03-09,274.23,하락(위험회피),0.9998,0.0,0.0,HOLD
2020-03-10,288.42,하락(위험회피),0.9983,0.0,0.0,HOLD
2020-03-11,274.36,하락(위험회피),0.9509,0.0,0.0,HOLD
2020-03-12,248.11,하락(위험회피),0.916,0.0,0.0,HOLD
2020-03-13,269.32,하락(위험회피),0.8691,0.0,0.0,HOLD
2020-03-16,239.85,하락(위험회피),0.7375,0.0,0.0,HOLD
2020-03-17,252.8,하락(위험회피),0.753,0.0,0.0,HOLD
2020-03-18,240.0,하락(위험회피),0.4001,0.0,0.0,HOLD
2020-03-19,240.51,하락(위험회피),0.2927,0.0,0.0,HOLD
2020-03-20,228.8,하락(위험회피),0.2814,0.0,0.0,HOLD
2020-03-23,222.95,하락(위험회피),0.4422,0.0,0.0,HOLD
2020-03-24,243.15,하락(위험회피),0.8107,0.0,0.0,HOLD
2020-03-25,246.79,하락(위험회피),0.9071,0.0,0.0,HOLD
2020-03-26,261.2,하락(위험회피),0.9049,1.0,0.0,HOLD
2020-03-27,253.42,하락(위험회피),0.9197,0.0,1.0,BUY
2020-03-30,261.65,하락(위험회피),0.9689,1.0,0.0,SELL
2020-03-31,257.75,상승(위험선호),0.9418,1.0,1.0,BUY
2020-04-01,246.15,상승(위험선호),0.7501,1.0,1.0,HOLD
2020-04-02,251.83,상승(위험선호),0.8238,1.0,1.0,HOLD
2020-04-03,248.19,상승(위험선호),0.8863,1.0,1.0,HOLD
2020-04-06,264.86,상승(위험선호),0.2285,1.0,1.0,HOLD
2020-04-07,265.13,상승(위험선호),0.2393,1.0,1.0,HOLD
2020-04-08,274.03,상승(위험선호),0.1968,1.0,1.0,HOLD
2020-04-09,278.2,상승(위험선호),0.2052,1.0,1.0,HOLD
2020-04-13,275.66,상승(위험선호),0.2234,1.0,1.0,HOLD
2020-04-14,283.79,상승(위험선호),0.3799,1.0,1.0,HOLD
2020-04-15,277.76,상승(위험선호),0.4211,1.0,1.0,HOLD
2020-04-16,279.1,상승(위험선호),0.4451,1.0,1.0,HOLD
2020-04-17,286.64,상승(위험선호),0.311,1.0,1.0,HOLD
2020-04-20,281.59,상승(위험선호),0.28,1.0,1.0,HOLD
2020-04-21,273.04,중립,0.2519,0.0,1.0,HOLD
2020-04-22,279.1,중립,0.2819,0.0,0.0,SELL
2020-04-23,279.08,중립,0.2802,0.0,0.0,HOLD
2020-04-24,282.97,상승(위험선호),0.3012,1.0,0.0,HOLD
2020-04-27,287.05,상승(위험선호),0.328,1.0,1.0,BUY
2020-04-28,285.73,상승(위험선호),0.3158,1.0,1.0,HOLD
2020-04-29,293.21,상승(위험선호),0.3085,1.0,1.0,HOLD
2020-04-30,290.48,상승(위험선호),0.3399,1.0,1.0,HOLD
2020-05-01,282.79,상승(위험선호),0.4075,1.0,1.0,HOLD
2020-05-04,283.57,상승(위험선호),0.4652,1.0,1.0,HOLD
2020-05-05,286.19,상승(위험선호),0.9493,1.0,1.0,HOLD
2020-05-06,284.25,상승(위험선호),0.2994,1.0,1.0,HOLD
2020-05-07,287.68,상승(위험선호),0.2573,1.0,1.0,HOLD
2020-05-08,292.44,상승(위험선호),0.3855,1.0,1.0,HOLD
2020-05-11,292.5,상승(위험선호),0.4016,1.0,1.0,HOLD
2020-05-12,286.67,상승(위험선호),0.3818,1.0,1.0,HOLD
2020-05-13,281.6,상승(위험선호),0.3094,1.0,1.0,HOLD
2020-05-14,284.97,상승(위험선호),0.2537,1.0,1.0,HOLD
2020-05-15,286.28,상승(위험선호),0.2367,1.0,1.0,HOLD
2020-05-18,295.0,상승(위험선호),0.453,1.0,1.0,HOLD
2020-05-19,291.97,상승(위험선호),0.343,1.0,1.0,HOLD
2020-05-20,296.93,상승(위험선호),0.3243,1.0,1.0,HOLD
2020-05-21,294.88,상승(위험선호),0.3917,1.0,1.0,HOLD
2020-05-22,295.44,상승(위험선호),0.3649,1.0,1.0,HOLD
2020-05-26,299.08,상승(위험선호),0.3747,1.0,1.0,HOLD
2020-05-27,303.53,상승(위험선호),0.3343,1.0,1.0,HOLD
2020-05-28,302.97,상승(위험선호),0.2886,1.0,1.0,HOLD
2020-05-29,304.32,상승(위험선호),0.231,1.0,1.0,HOLD
2020-06-01,305.55,상승(위험선호),0.791,1.0,1.0,HOLD
2020-06-02,308.08,상승(위험선호),0.796,1.0,1.0,HOLD
2020-06-03,312.18,상승(위험선호),0.8042,1.0,1.0,HOLD
2020-06-04,311.36,상승(위험선호),0.7698,1.0,1.0,HOLD
2020-06-05,319.34,상승(위험선호),0.7698,1.0,1.0,HOLD
2020-06-08,323.2,상승(위험선호),0.6647,1.0,1.0,HOLD
2020-06-09,320.79,상승(위험선호),0.6547,1.0,1.0,HOLD
2020-06-10,319.0,상승(위험선호),0.6264,1.0,1.0,HOLD
2020-06-11,300.61,상승(위험선호),0.6319,1.0,1.0,HOLD
2020-06-12,304.21,상승(위험선호),0.6766,1.0,1.0,HOLD
2020-06-15,307.05,상승(위험선호),0.6769,1.0,1.0,HOLD
2020-06-16,312.96,상승(위험선호),0.4591,1.0,1.0,HOLD
2020-06-17,311.66,상승(위험선호),0.5736,1.0,1.0,HOLD
2020-06-18,311.78,상승(위험선호),0.5604,1.0,1.0,HOLD
2020-06-19,308.64,상승(위험선호),0.4331,1.0,1.0,HOLD
2020-06-22,310.62,상승(위험선호),0.502,1.0,1.0,HOLD
2020-06-23,312.05,상승(위험선호),0.4105,1.0,1.0,HOLD
2020-06-24,304.09,상승(위험선호),0.4419,1.0,1.0,HOLD
2020-06-25,307.35,상승(위험선호),0.5401,1.0,1.0,HOLD
2020-06-26,300.05,상승(위험선호),0.5546,1.0,1.0,HOLD
2020-06-29,304.46,상승(위험선호),0.5404,1.0,1.0,HOLD
2020-06-30,308.36,상승(위험선호),0.5116,1.0,1.0,HOLD
2020-07-01,310.52,상승(위험선호),0.9192,1.0,1.0,HOLD
2020-07-02,312.23,상승(위험선호),0.9235,1.0,1.0,HOLD
2020-07-06,317.05,상승(위험선호),0.9915,1.0,1.0,HOLD
2020-07-07,313.78,상승(위험선호),0.9913,1.0,1.0,HOLD
2020-07-08,316.18,상승(위험선호),0.9937,1.0,1.0,HOLD
2020-07-09,314.38,상승(위험선호),0.9943,1.0,1.0,HOLD
2020-07-10,317.59,상승(위험선호),0.9972,1.0,1.0,HOLD
2020-07-13,314.84,상승(위험선호),0.9516,1.0,1.0,HOLD
2020-07-14,318.92,상승(위험선호),0.9378,1.0,1.0,HOLD
2020-07-15,321.85,상승(위험선호),0.9528,1.0,1.0,HOLD
2020-07-16,320.79,상승(위험선호),0.8736,1.0,1.0,HOLD
2020-07-17,321.72,상승(위험선호),0.8605,1.0,1.0,HOLD
2020-07-20,324.32,상승(위험선호),0.8594,1.0,1.0,HOLD
2020-07-21,325.01,상승(위험선호),0.8399,1.0,1.0,HOLD
2020-07-22,326.86,상승(위험선호),0.8315,1.0,1.0,HOLD
2020-07-23,322.96,상승(위험선호),0.8656,1.0,1.0,HOLD
2020-07-24,320.88,상승(위험선호),0.8507,1.0,1.0,HOLD
2020-07-27,323.22,상승(위험선호),0.875,1.0,1.0,HOLD
2020-07-28,321.17,상승(위험선호),0.874,1.0,1.0,HOLD
2020-07-29,325.12,상승(위험선호),0.8924,1.0,1.0,HOLD
2020-07-30,323.96,상승(위험선호),0.8965,1.0,1.0,HOLD
2020-07-31,326.52,상승(위험선호),0.9079,1.0,1.0,HOLD
2020-08-03,328.79,상승(위험선호),0.9048,1.0,1.0,HOLD
2020-08-04,330.06,상승(위험선호),0.8704,1.0,1.0,HOLD
2020-08-05,332.11,상승(위험선호),0.9711,1.0,1.0,HOLD
2020-08-06,334.33,상승(위험선호),0.9672,1.0,1.0,HOLD
2020-08-07,334.57,상승(위험선호),0.9617,1.0,1.0,HOLD
2020-08-10,335.57,상승(위험선호),0.9562,0.47,1.0,HOLD
2020-08-11,332.8,상승(위험선호),0.9485,0.47,0.47,REDUCE
2020-08-12,337.44,상승(위험선호),0.849,0.47,0.47,HOLD
2020-08-13,336.83,상승(위험선호),0.8974,0.47,0.47,HOLD
2020-08-14,336.84,상승(위험선호),0.8658,0.47,0.47,HOLD
2020-08-17,337.91,상승(위험선호),0.6852,0.47,0.47,HOLD
2020-08-18,338.64,상승(위험선호),0.711,0.47,0.47,HOLD
2020-08-19,337.23,상승(위험선호),0.7145,0.47,0.47,HOLD
2020-08-20,338.28,상승(위험선호),0.6648,0.47,0.47,HOLD
2020-08-21,339.48,상승(위험선호),0.688,0.47,0.47,HOLD
2020-08-24,342.92,상승(위험선호),0.6937,0.47,0.47,HOLD
2020-08-25,344.12,상승(위험선호),0.6495,0.47,0.47,HOLD
2020-08-26,347.57,상승(위험선호),0.5817,0.0,0.47,HOLD
2020-08-27,348.33,상승(위험선호),0.4915,0.0,0.0,SELL
2020-08-28,350.58,상승(위험선호),0.3626,0.0,0.0,HOLD
2020-08-31,349.31,상승(위험선호),0.4616,0.0,0.0,HOLD
2020-09-01,352.6,상승(위험선호),0.3984,0.0,0.0,HOLD
2020-09-02,357.7,상승(위험선호),0.4288,0.0,0.0,HOLD
2020-09-03,345.39,상승(위험선호),0.4378,0.0,0.0,HOLD
2020-09-04,342.57,중립,0.3368,0.6,0.0,HOLD
2020-09-08,333.21,중립,0.2762,0.6,0.6,BUY
2020-09-09,339.79,중립,0.337,0.0,0.6,HOLD
2020-09-10,333.89,중립,0.3252,0.0,0.0,SELL
2020-09-11,334.06,중립,0.4032,0.6,0.0,HOLD
2020-09-14,338.46,중립,0.3907,0.0,0.6,BUY
2020-09-15,340.17,중립,0.3276,0.6,0.0,SELL
2020-09-16,338.82,중립,0.342,0.6,0.6,BUY
2020-09-17,335.84,중립,0.318,0.6,0.6,HOLD
2020-09-18,330.65,중립,0.2709,0.6,0.6,HOLD
2020-09-21,326.97,중립,0.2551,0.6,0.6,HOLD
2020-09-22,330.3,중립,0.2541,0.6,0.6,HOLD
2020-09-23,322.64,중립,0.2469,0.6,0.6,HOLD
2020-09-24,323.5,중립,0.2751,0.6,0.6,HOLD
2020-09-25,328.73,상승(위험선호),0.2948,1.0,0.6,HOLD
2020-09-28,334.19,상승(위험선호),0.3254,1.0,1.0,ADD
2020-09-29,332.37,상승(위험선호),0.3032,1.0,1.0,HOLD
2020-09-30,334.89,상승(위험선호),0.3251,1.0,1.0,HOLD
2020-10-01,337.04,상승(위험선호),0.3075,1.0,1.0,HOLD
2020-10-02,333.84,상승(위험선호),0.338,1.0,1.0,HOLD
2020-10-05,339.76,상승(위험선호),0.3189,1.0,1.0,HOLD
2020-10-06,334.93,상승(위험선호),0.2715,1.0,1.0,HOLD
2020-10-07,340.76,상승(위험선호),0.2377,1.0,1.0,HOLD
2020-10-08,343.78,상승(위험선호),0.2156,1.0,1.0,HOLD
2020-10-09,346.85,상승(위험선호),0.2564,0.26,1.0,HOLD
2020-10-12,352.43,상승(위험선호),0.2507,0.26,0.26,REDUCE
2020-10-13,350.13,상승(위험선호),0.2985,0.0,0.26,HOLD
2020-10-14,347.93,상승(위험선호),0.3242,0.0,0.0,SELL
2020-10-15,347.5,상승(위험선호),0.337,0.0,0.0,HOLD
2020-10-16,347.29,상승(위험선호),0.2671,0.0,0.0,HOLD
2020-10-19,342.01,상승(위험선호),0.2418,0.0,0.0,HOLD
2020-10-20,343.38,상승(위험선호),0.2319,0.26,0.0,HOLD
2020-10-21,342.73,상승(위험선호),0.2189,0.26,0.26,BUY
2020-10-22,344.61,상승(위험선호),0.197,0.26,0.26,HOLD
2020-10-23,345.78,상승(위험선호),0.172,0.26,0.26,HOLD
2020-10-26,339.39,상승(위험선호),0.1787,0.0,0.26,HOLD
2020-10-27,338.22,상승(위험선호),0.1976,0.0,0.0,SELL
2020-10-28,326.66,상승(위험선호),0.1936,1.0,0.0,HOLD
2020-10-29,329.98,상승(위험선호),0.199,1.0,1.0,BUY
2020-10-30,326.54,상승(위험선호),0.19,1.0,1.0,HOLD
2020-11-02,330.2,상승(위험선호),0.17,1.0,1.0,HOLD
2020-11-03,336.03,상승(위험선호),0.167,1.0,1.0,HOLD
2020-11-04,343.54,상승(위험선호),0.1603,1.0,1.0,HOLD
2020-11-05,350.24,중립,0.2103,0.6,1.0,HOLD
2020-11-06,350.16,중립,0.2406,0.6,0.6,REDUCE
2020-11-09,354.56,중립,0.2282,0.6,0.6,HOLD
2020-11-10,354.04,중립,0.2423,0.6,0.6,HOLD
2020-11-11,356.67,상승(위험선호),0.2199,0.0,0.6,HOLD
2020-11-12,353.21,상승(위험선호),0.1877,0.0,0.0,SELL
2020-11-13,358.1,상승(위험선호),0.2785,0.0,0.0,HOLD
2020-11-16,362.57,상승(위험선호),0.2223,0.0,0.0,HOLD
2020-11-17,360.62,상승(위험선호),0.2172,0.0,0.0,HOLD
2020-11-18,356.28,상승(위험선호),0.2161,0.0,0.0,HOLD
2020-11-19,357.78,상승(위험선호),0.2279,0.0,0.0,HOLD
2020-11-20,355.33,상승(위험선호),0.2432,0.0,0.0,HOLD
2020-11-23,357.46,상승(위험선호),0.3249,0.0,0.0,HOLD
2020-11-24,363.22,상승(위험선호),0.3059,0.0,0.0,HOLD
2020-11-25,362.66,상승(위험선호),0.3001,0.0,0.0,HOLD
2020-11-27,363.67,상승(위험선호),0.281,0.0,0.0,HOLD
2020-11-30,362.06,상승(위험선호),0.2376,0.0,0.0,HOLD
2020-12-01,366.02,상승(위험선호),0.2684,0.0,0.0,HOLD
2020-12-02,366.79,상승(위험선호),0.2382,0.0,0.0,HOLD
2020-12-03,366.69,상승(위험선호),0.2197,0.0,0.0,HOLD
2020-12-04,369.85,상승(위험선호),0.234,0.0,0.0,HOLD
2020-12-07,369.09,상승(위험선호),0.2236,0.0,0.0,HOLD
2020-12-08,370.17,상승(위험선호),0.2299,0.0,0.0,HOLD
2020-12-09,366.85,상승(위험선호),0.3119,0.0,0.0,HOLD
2020-12-10,366.73,상승(위험선호),0.2847,0.0,0.0,HOLD
2020-12-11,366.3,상승(위험선호),0.3319,0.0,0.0,HOLD
2020-12-14,364.66,상승(위험선호),0.3425,0.0,0.0,HOLD
2020-12-15,369.59,상승(위험선호),0.3586,0.0,0.0,HOLD
2020-12-16,370.17,상승(위험선호),0.253,0.0,0.0,HOLD
2020-12-17,372.24,상승(위험선호),0.2365,0.55,0.0,HOLD
2020-12-18,369.18,상승(위험선호),0.2388,0.55,0.55,BUY
2020-12-21,367.86,상승(위험선호),0.2364,0.55,0.55,HOLD
2020-12-22,367.24,상승(위험선호),0.2488,0.55,0.55,HOLD
2020-12-23,367.57,상승(위험선호),0.2524,0.55,0.55,HOLD
2020-12-24,369.0,상승(위험선호),0.2379,0.55,0.55,HOLD
2020-12-28,372.17,상승(위험선호),0.2619,0.55,0.55,HOLD
2020-12-29,371.46,상승(위험선호),0.2582,0.55,0.55,HOLD
2020-12-30,371.99,상승(위험선호),0.2537,0.55,0.55,HOLD
2020-12-31,373.88,상승(위험선호),0.269,0.55,0.55,HOLD
2021-01-04,368.79,상승(위험선호),0.4421,0.55,0.55,HOLD
2021-01-05,371.33,상승(위험선호),0.4698,0.55,0.55,HOLD
2021-01-06,373.55,상승(위험선호),0.453,0.55,0.55,HOLD
2021-01-07,379.1,상승(위험선호),0.3859,0.55,0.55,HOLD
2021-01-08,381.26,상승(위험선호),0.362,0.55,0.55,HOLD
2021-01-11,378.69,상승(위험선호),0.3603,0.55,0.55,HOLD
2021-01-12,378.77,상승(위험선호),0.2596,0.55,0.55,HOLD
2021-01-13,379.79,상승(위험선호),0.2839,0.55,0.55,HOLD
2021-01-14,378.46,상승(위험선호),0.3059,0.55,0.55,HOLD
2021-01-15,375.7,상승(위험선호),0.1911,0.55,0.55,HOLD
2021-01-19,378.65,상승(위험선호),0.2046,0.55,0.55,HOLD
2021-01-20,383.89,상승(위험선호),0.2046,0.55,0.55,HOLD
2021-01-21,384.24,상승(위험선호),0.2177,0.55,0.55,HOLD
2021-01-22,382.88,상승(위험선호),0.202,0.55,0.55,HOLD
2021-01-25,384.39,상승(위험선호),0.2012,0.55,0.55,HOLD
2021-01-26,383.79,상승(위험선호),0.2133,0.55,0.55,HOLD
2021-01-27,374.41,상승(위험선호),0.2107,0.55,0.55,HOLD
2021-01-28,377.63,중립,0.229,0.55,0.55,HOLD
2021-01-29,370.07,중립,0.238,0.0,0.55,HOLD
2021-02-01,376.23,중립,0.246,0.0,0.0,SELL
2021-02-02,381.55,중립,0.2631,0.0,0.0,HOLD
2021-02-03,381.85,상승(위험선호),0.2346,0.0,0.0,HOLD
2021-02-04,386.19,상승(위험선호),0.2238,0.0,0.0,HOLD
2021-02-05,387.71,상승(위험선호),0.2671,0.0,0.0,HOLD
2021-02-08,390.51,상승(위험선호),0.3512,0.0,0.0,HOLD
2021-02-09,390.25,상승(위험선호),0.3096,0.0,0.0,HOLD
2021-02-10,390.08,상승(위험선호),0.492,0.0,0.0,HOLD
2021-02-11,390.71,상승(위험선호),0.4712,0.0,0.0,HOLD
2021-02-12,392.64,상승(위험선호),0.4244,0.0,0.0,HOLD
2021-02-16,392.3,상승(위험선호),0.4296,0.0,0.0,HOLD
2021-02-17,392.39,상승(위험선호),0.3487,0.0,0.0,HOLD
2021-02-18,390.72,상승(위험선호),0.3639,0.0,0.0,HOLD
2021-02-19,390.03,상승(위험선호),0.3457,0.0,0.0,HOLD
2021-02-22,387.03,상승(위험선호),0.2768,0.0,0.0,HOLD
2021-02-23,387.5,상승(위험선호),0.2529,0.0,0.0,HOLD
2021-02-24,391.77,상승(위험선호),0.2514,0.0,0.0,HOLD
2021-02-25,382.33,상승(위험선호),0.2401,0.0,0.0,HOLD
2021-02-26,380.36,상승(위험선호),0.1717,0.0,0.0,HOLD
2021-03-01,389.58,상승(위험선호),0.2938,0.0,0.0,HOLD
2021-03-02,386.54,상승(위험선호),0.3289,0.0,0.0,HOLD
2021-03-03,381.42,상승(위험선호),0.3473,0.0,0.0,HOLD
2021-03-04,376.7,상승(위험선호),0.3021,0.0,0.0,HOLD
2021-03-05,383.63,상승(위험선호),0.2812,0.0,0.0,HOLD
2021-03-08,381.72,상승(위험선호),0.2523,0.0,0.0,HOLD
2021-03-09,387.17,중립,0.2758,0.0,0.0,HOLD
2021-03-10,389.58,중립,0.3031,0.0,0.0,HOLD
2021-03-11,393.53,중립,0.1981,0.0,0.0,HOLD
2021-03-12,394.06,상승(위험선호),0.1895,0.0,0.0,HOLD
2021-03-15,396.41,상승(위험선호),0.2836,0.0,0.0,HOLD
2021-03-16,395.91,상승(위험선호),0.4048,0.0,0.0,HOLD
2021-03-17,397.26,상승(위험선호),0.4208,0.0,0.0,HOLD
2021-03-18,391.48,상승(위험선호),0.2899,0.0,0.0,HOLD
2021-03-19,389.48,중립,0.2503,0.0,0.0,HOLD
2021-03-22,392.59,중립,0.2385,0.6,0.0,HOLD
2021-03-23,389.5,중립,0.2601,0.6,0.6,BUY
2021-03-24,387.52,중립,0.2799,0.6,0.6,HOLD
2021-03-25,389.7,중립,0.2802,0.6,0.6,HOLD
2021-03-26,395.98,상승(위험선호),0.2785,0.28,0.6,HOLD
2021-03-29,395.78,상승(위험선호),0.2413,0.28,0.28,REDUCE
2021-03-30,394.73,상승(위험선호),0.2257,0.0,0.28,HOLD
2021-03-31,396.33,상승(위험선호),0.2214,1.0,0.0,SELL
2021-04-01,400.61,상승(위험선호),0.2213,1.0,1.0,BUY
2021-04-05,406.36,상승(위험선호),0.2434,0.0,1.0,HOLD
2021-04-06,406.12,상승(위험선호),0.245,0.0,0.0,SELL
2021-04-07,406.59,상승(위험선호),0.2775,0.0,0.0,HOLD
2021-04-08,408.52,상승(위험선호),0.2687,0.0,0.0,HOLD
2021-04-09,411.49,상승(위험선호),0.2943,0.0,0.0,HOLD
2021-04-12,411.64,상승(위험선호),0.4311,0.0,0.0,HOLD
2021-04-13,412.86,상승(위험선호),0.3108,0.0,0.0,HOLD
2021-04-14,411.45,상승(위험선호),0.3559,0.0,0.0,HOLD
2021-04-15,415.87,상승(위험선호),0.2055,0.0,0.0,HOLD
2021-04-16,417.26,상승(위험선호),0.306,0.0,0.0,HOLD
2021-04-19,415.21,상승(위험선호),0.3252,0.0,0.0,HOLD
2021-04-20,412.17,상승(위험선호),0.3191,0.0,0.0,HOLD
2021-04-21,416.07,상승(위험선호),0.3187,0.0,0.0,HOLD
2021-04-22,412.27,상승(위험선호),0.3086,0.0,0.0,HOLD
2021-04-23,416.74,상승(위험선호),0.3225,0.0,0.0,HOLD
2021-04-26,417.61,상승(위험선호),0.3416,0.0,0.0,HOLD
2021-04-27,417.52,상승(위험선호),0.3435,0.0,0.0,HOLD
2021-04-28,417.4,상승(위험선호),0.3399,0.0,0.0,HOLD
2021-04-29,420.06,상승(위험선호),0.3422,0.0,0.0,HOLD
2021-04-30,417.3,상승(위험선호),0.3113,0.0,0.0,HOLD
2021-05-03,418.2,상승(위험선호),0.4084,0.0,0.0,HOLD
2021-05-04,415.62,상승(위험선호),0.4251,0.0,0.0,HOLD
2021-05-05,415.75,상승(위험선호),0.4268,0.0,0.0,HOLD
2021-05-06,419.07,상승(위험선호),0.5137,0.0,0.0,HOLD
2021-05-07,422.12,상승(위험선호),0.4563,0.0,0.0,HOLD
2021-05-10,417.94,상승(위험선호),0.3366,0.55,0.0,HOLD
2021-05-11,414.21,상승(위험선호),0.6194,0.55,0.55,BUY
2021-05-12,405.41,상승(위험선호),0.618,0.55,0.55,HOLD
2021-05-13,410.28,상승(위험선호),0.6542,1.0,0.55,HOLD
2021-05-14,416.58,상승(위험선호),0.6647,1.0,1.0,ADD
2021-05-17,415.52,상승(위험선호),0.6115,1.0,1.0,HOLD
2021-05-18,411.94,상승(위험선호),0.6396,1.0,1.0,HOLD
2021-05-19,410.86,상승(위험선호),0.6333,1.0,1.0,HOLD
2021-05-20,415.28,상승(위험선호),0.6083,1.0,1.0,HOLD
2021-05-21,414.94,상승(위험선호),0.6157,1.0,1.0,HOLD
2021-05-24,419.17,상승(위험선호),0.6626,1.0,1.0,HOLD
2021-05-25,418.24,상승(위험선호),0.6534,1.0,1.0,HOLD
2021-05-26,419.07,상승(위험선호),0.6767,1.0,1.0,HOLD
2021-05-27,419.29,상승(위험선호),0.6445,0.0,1.0,HOLD
2021-05-28,420.04,상승(위험선호),0.6431,0.0,0.0,SELL
2021-06-01,419.67,상승(위험선호),0.7171,0.0,0.0,HOLD
2021-06-02,420.33,상승(위험선호),0.7145,0.0,0.0,HOLD
2021-06-03,418.77,상승(위험선호),0.7304,0.0,0.0,HOLD
2021-06-04,422.6,상승(위험선호),0.6978,0.0,0.0,HOLD
2021-06-07,422.19,상승(위험선호),0.6706,0.0,0.0,HOLD
2021-06-08,422.28,상승(위험선호),0.6479,0.0,0.0,HOLD
2021-06-09,421.65,상승(위험선호),0.4967,0.0,0.0,HOLD
2021-06-10,423.61,상승(위험선호),0.7262,0.0,0.0,HOLD
2021-06-11,424.31,상승(위험선호),0.74,0.0,0.0,HOLD
2021-06-14,425.26,상승(위험선호),0.7217,0.0,0.0,HOLD
2021-06-15,424.48,상승(위험선호),0.735,0.0,0.0,HOLD
2021-06-16,422.11,상승(위험선호),0.7453,0.0,0.0,HOLD
2021-06-17,421.97,상승(위험선호),0.6542,0.0,0.0,HOLD
2021-06-18,414.92,상승(위험선호),0.6387,1.0,0.0,HOLD
2021-06-21,420.86,상승(위험선호),0.6501,0.53,1.0,BUY
2021-06-22,423.11,상승(위험선호),0.6215,0.53,0.53,REDUCE
2021-06-23,422.6,상승(위험선호),0.6676,0.53,0.53,HOLD
2021-06-24,425.1,상승(위험선호),0.6798,0.53,0.53,HOLD
2021-06-25,426.61,상승(위험선호),0.6822,0.0,0.53,HOLD
2021-06-28,427.47,상승(위험선호),0.6227,0.0,0.0,SELL
2021-06-29,427.7,상승(위험선호),0.6535,0.0,0.0,HOLD
2021-06-30,428.06,상승(위험선호),0.6601,0.0,0.0,HOLD
2021-07-01,430.43,상승(위험선호),0.6988,0.0,0.0,HOLD
2021-07-02,433.72,상승(위험선호),0.6824,0.0,0.0,HOLD
2021-07-06,432.93,상승(위험선호),0.7143,0.0,0.0,HOLD
2021-07-07,434.46,상승(위험선호),0.6831,0.0,0.0,HOLD
2021-07-08,430.92,상승(위험선호),0.6923,0.0,0.0,HOLD
2021-07-09,435.52,상승(위험선호),0.5844,0.0,0.0,HOLD
2021-07-12,437.08,상승(위험선호),0.6308,0.0,0.0,HOLD
2021-07-13,435.59,상승(위험선호),0.5753,0.0,0.0,HOLD
2021-07-14,436.24,상승(위험선호),0.5394,0.0,0.0,HOLD
2021-07-15,434.75,상승(위험선호),0.5573,0.0,0.0,HOLD
2021-07-16,431.34,상승(위험선호),0.5671,0.0,0.0,HOLD
2021-07-19,424.97,상승(위험선호),0.5689,1.0,0.0,HOLD
2021-07-20,431.06,중립,0.6016,1.0,1.0,BUY
2021-07-21,434.55,중립,0.5911,1.0,1.0,HOLD
2021-07-22,435.46,중립,0.573,1.0,1.0,HOLD
2021-07-23,439.94,상승(위험선호),0.5888,1.0,1.0,HOLD
2021-07-26,441.02,상승(위험선호),0.6352,1.0,1.0,HOLD
2021-07-27,439.01,상승(위험선호),0.6506,1.0,1.0,HOLD
2021-07-28,438.83,상승(위험선호),0.6698,1.0,1.0,HOLD
2021-07-29,440.65,상승(위험선호),0.6648,1.0,1.0,HOLD
2021-07-30,438.51,상승(위험선호),0.6443,1.0,1.0,HOLD
2021-08-02,437.59,상승(위험선호),0.6327,1.0,1.0,HOLD
2021-08-03,441.15,상승(위험선호),0.5879,1.0,1.0,HOLD
2021-08-04,438.98,상승(위험선호),0.5757,1.0,1.0,HOLD
2021-08-05,441.76,상승(위험선호),0.5872,1.0,1.0,HOLD
2021-08-06,442.49,상승(위험선호),0.5514,1.0,1.0,HOLD
2021-08-09,442.13,상승(위험선호),0.5657,1.0,1.0,HOLD
2021-08-10,442.68,상승(위험선호),0.6733,1.0,1.0,HOLD
2021-08-11,443.78,상승(위험선호),0.663,1.0,1.0,HOLD
2021-08-12,445.11,상승(위험선호),0.5938,1.0,1.0,HOLD
2021-08-13,445.92,상승(위험선호),0.6027,1.0,1.0,HOLD
2021-08-16,446.97,상승(위험선호),0.5771,1.0,1.0,HOLD
2021-08-17,444.04,상승(위험선호),0.5781,1.0,1.0,HOLD
2021-08-18,439.18,상승(위험선호),0.6015,1.0,1.0,HOLD
2021-08-19,439.86,상승(위험선호),0.6137,1.0,1.0,HOLD
2021-08-20,443.36,상승(위험선호),0.6094,1.0,1.0,HOLD
2021-08-23,447.26,상승(위험선호),0.63,1.0,1.0,HOLD
2021-08-24,447.97,상승(위험선호),0.6511,1.0,1.0,HOLD
2021-08-25,448.91,상승(위험선호),0.641,1.0,1.0,HOLD
2021-08-26,446.26,상승(위험선호),0.6554,0.59,1.0,HOLD
2021-08-27,450.25,상승(위험선호),0.6523,0.59,0.59,REDUCE
2021-08-30,452.23,상승(위험선호),0.6784,0.0,0.59,HOLD
2021-08-31,451.56,상승(위험선호),0.6768,0.0,0.0,SELL
2021-09-01,451.8,상승(위험선호),0.719,0.0,0.0,HOLD
2021-09-02,453.19,상승(위험선호),0.6585,0.0,0.0,HOLD
2021-09-03,453.08,상승(위험선호),0.5754,0.0,0.0,HOLD
2021-09-07,451.46,상승(위험선호),0.5926,0.0,0.0,HOLD
2021-09-08,450.91,상승(위험선호),0.5951,0.62,0.0,HOLD
2021-09-09,448.98,상승(위험선호),0.6108,0.62,0.62,BUY
2021-09-10,445.44,상승(위험선호),0.731,0.62,0.62,HOLD
2021-09-13,446.58,상승(위험선호),0.7589,0.62,0.62,HOLD
2021-09-14,444.17,상승(위험선호),0.7152,0.62,0.62,HOLD
2021-09-15,447.88,상승(위험선호),0.7292,1.0,0.62,HOLD
2021-09-16,447.17,상승(위험선호),0.7284,1.0,1.0,ADD
2021-09-17,441.4,상승(위험선호),0.712,1.0,1.0,HOLD
2021-09-20,434.04,상승(위험선호),0.7136,1.0,1.0,HOLD
2021-09-21,433.63,상승(위험선호),0.7194,1.0,1.0,HOLD
2021-09-22,437.86,상승(위험선호),0.7324,1.0,1.0,HOLD
2021-09-23,443.18,상승(위험선호),0.7164,1.0,1.0,HOLD
2021-09-24,443.91,상승(위험선호),0.6995,1.0,1.0,HOLD
2021-09-27,442.64,상승(위험선호),0.6656,1.0,1.0,HOLD
2021-09-28,433.72,상승(위험선호),0.6344,1.0,1.0,HOLD
2021-09-29,434.45,상승(위험선호),0.6013,1.0,1.0,HOLD
2021-09-30,429.14,상승(위험선호),0.5075,1.0,1.0,HOLD
2021-10-01,434.24,상승(위험선호),0.6033,1.0,1.0,HOLD
2021-10-04,428.64,상승(위험선호),0.5512,1.0,1.0,HOLD
2021-10-05,433.1,상승(위험선호),0.542,1.0,1.0,HOLD
2021-10-06,434.9,상승(위험선호),0.5889,1.0,1.0,HOLD
2021-10-07,438.66,상승(위험선호),0.5528,1.0,1.0,HOLD
2021-10-08,437.86,상승(위험선호),0.4024,1.0,1.0,HOLD
2021-10-11,434.69,상승(위험선호),0.5231,1.0,1.0,HOLD
2021-10-12,433.62,상승(위험선호),0.5242,1.0,1.0,HOLD
2021-10-13,435.18,상승(위험선호),0.4347,1.0,1.0,HOLD
2021-10-14,442.5,상승(위험선호),0.4295,1.0,1.0,HOLD
2021-10-15,445.87,상승(위험선호),0.4561,1.0,1.0,HOLD
2021-10-18,447.19,상승(위험선호),0.3961,1.0,1.0,HOLD
2021-10-19,450.64,상승(위험선호),0.3676,1.0,1.0,HOLD
2021-10-20,452.41,상승(위험선호),0.3778,0.0,1.0,HOLD
2021-10-21,453.59,상승(위험선호),0.3706,1.0,0.0,SELL
2021-10-22,453.12,상승(위험선호),0.3648,1.0,1.0,BUY
2021-10-25,455.55,상승(위험선호),0.3444,1.0,1.0,HOLD
2021-10-26,455.96,상승(위험선호),0.3452,1.0,1.0,HOLD
2021-10-27,453.94,상승(위험선호),0.3328,1.0,1.0,HOLD
2021-10-28,458.32,상승(위험선호),0.3318,1.0,1.0,HOLD
2021-10-29,459.25,상승(위험선호),0.2404,1.0,1.0,HOLD
2021-11-01,460.04,중립,0.2828,1.0,1.0,HOLD
2021-11-02,461.9,중립,0.273,1.0,1.0,HOLD
2021-11-03,464.72,중립,0.2871,1.0,1.0,HOLD
2021-11-04,466.91,중립,0.2672,1.0,1.0,HOLD
2021-11-05,468.53,중립,0.308,1.0,1.0,HOLD
2021-11-08,468.93,중립,0.2801,1.0,1.0,HOLD
2021-11-09,467.38,중립,0.2512,1.0,1.0,HOLD
2021-11-10,463.62,중립,0.384,1.0,1.0,HOLD
2021-11-11,463.77,상승(위험선호),0.3518,0.72,1.0,HOLD
2021-11-12,467.27,상승(위험선호),0.3253,0.72,0.72,REDUCE
2021-11-15,467.43,상승(위험선호),0.3466,1.0,0.72,HOLD
2021-11-16,469.28,상승(위험선호),0.3375,0.75,1.0,ADD
2021-11-17,468.14,상승(위험선호),0.3293,0.75,0.75,REDUCE
2021-11-18,469.73,상승(위험선호),0.3299,0.75,0.75,HOLD
2021-11-19,468.89,상승(위험선호),0.33,0.75,0.75,HOLD
2021-11-22,467.57,상승(위험선호),0.3067,0.75,0.75,HOLD
2021-11-23,468.19,상승(위험선호),0.2398,0.75,0.75,HOLD
2021-11-24,469.44,중립,0.2315,1.0,0.75,HOLD
2021-11-26,458.97,중립,0.2493,0.83,1.0,ADD
2021-11-29,464.6,중립,0.2951,0.83,0.83,REDUCE
2021-11-30,455.56,중립,0.2317,0.0,0.83,HOLD
2021-12-01,450.5,중립,0.2483,0.0,0.0,SELL
2021-12-02,457.4,중립,0.228,0.0,0.0,HOLD
2021-12-03,453.42,중립,0.2162,0.0,0.0,HOLD
2021-12-06,458.79,중립,0.2806,0.0,0.0,HOLD
2021-12-07,468.28,중립,0.2899,0.6,0.0,HOLD
2021-12-08,469.52,중립,0.2912,0.6,0.6,BUY
2021-12-09,466.35,중립,0.1963,0.6,0.6,HOLD
2021-12-10,470.74,중립,0.1985,0.6,0.6,HOLD
2021-12-13,466.57,중립,0.2474,1.0,0.6,HOLD
2021-12-14,463.36,중립,0.2535,1.0,1.0,ADD
2021-12-15,470.6,중립,0.2451,1.0,1.0,HOLD
2021-12-16,466.45,중립,0.27,1.0,1.0,HOLD
2021-12-17,459.87,중립,0.2866,1.0,1.0,HOLD
2021-12-20,454.98,중립,0.2953,1.0,1.0,HOLD
2021-12-21,463.06,중립,0.3048,1.0,1.0,HOLD
2021-12-22,467.69,상승(위험선호),0.3002,1.0,1.0,HOLD
2021-12-23,470.6,상승(위험선호),0.3168,1.0,1.0,HOLD
2021-12-27,477.26,상승(위험선호),0.3352,1.0,1.0,HOLD
2021-12-28,476.87,상승(위험선호),0.3156,1.0,1.0,HOLD
2021-12-29,477.48,상승(위험선호),0.3308,1.0,1.0,HOLD
2021-12-30,476.16,상승(위험선호),0.304,1.0,1.0,HOLD
2021-12-31,474.96,상승(위험선호),0.3471,1.0,1.0,HOLD
2022-01-03,477.71,상승(위험선호),0.2083,1.0,1.0,HOLD
2022-01-04,477.55,중립,0.2,0.6,1.0,HOLD
2022-01-05,468.38,중립,0.2241,0.6,0.6,REDUCE
2022-01-06,467.94,중립,0.2084,0.6,0.6,HOLD
2022-01-07,466.09,중립,0.207,0.6,0.6,HOLD
2022-01-10,465.51,중립,0.2511,0.6,0.6,HOLD
2022-01-11,469.75,중립,0.1791,0.6,0.6,HOLD
2022-01-12,471.02,중립,0.1844,0.6,0.6,HOLD
2022-01-13,464.53,중립,0.1716,0.6,0.6,HOLD
2022-01-14,464.72,중립,0.2784,0.0,0.6,HOLD
2022-01-18,456.49,중립,0.1297,0.0,0.0,SELL
2022-01-19,451.75,중립,0.1197,0.0,0.0,HOLD
2022-01-20,446.75,중립,0.1246,0.0,0.0,HOLD
2022-01-21,437.98,중립,0.1189,0.0,0.0,HOLD
2022-01-24,439.84,중립,0.1127,0.0,0.0,HOLD
2022-01-25,434.47,중립,0.1135,0.0,0.0,HOLD
2022-01-26,433.38,하락(위험회피),0.1113,0.0,0.0,HOLD
2022-01-27,431.24,하락(위험회피),0.1042,0.0,0.0,HOLD
2022-01-28,441.95,하락(위험회피),0.103,0.0,0.0,HOLD
2022-01-31,449.91,상승(위험선호),0.1006,1.0,0.0,HOLD
2022-02-01,452.95,상승(위험선호),0.1093,1.0,1.0,BUY
2022-02-02,457.35,상승(위험선호),0.11,1.0,1.0,HOLD
2022-02-03,446.6,상승(위험선호),0.1062,1.0,1.0,HOLD
2022-02-04,448.7,상승(위험선호),0.1105,1.0,1.0,HOLD
2022-02-07,447.26,상승(위험선호),0.1034,1.0,1.0,HOLD
2022-02-08,450.94,상승(위험선호),0.0853,1.0,1.0,HOLD
2022-02-09,457.54,상승(위험선호),0.0898,1.0,1.0,HOLD
2022-02-10,449.32,상승(위험선호),0.1094,0.0,1.0,HOLD
2022-02-11,440.46,상승(위험선호),0.0713,1.0,0.0,SELL
2022-02-14,439.02,중립,0.0657,0.0,1.0,BUY
2022-02-15,446.1,중립,0.0607,0.0,0.0,SELL
2022-02-16,446.6,중립,0.0629,0.0,0.0,HOLD
2022-02-17,437.06,중립,0.0701,0.0,0.0,HOLD
2022-02-18,434.23,하락(위험회피),0.0867,0.0,0.0,HOLD
2022-02-22,429.57,하락(위험회피),0.0666,0.0,0.0,HOLD
2022-02-23,421.95,하락(위험회피),0.0634,0.0,0.0,HOLD
2022-02-24,428.3,하락(위험회피),0.0561,0.0,0.0,HOLD
2022-02-25,437.75,하락(위험회피),0.0602,0.0,0.0,HOLD
2022-02-28,436.63,중립,0.0625,0.0,0.0,HOLD
2022-03-01,429.98,중립,0.0595,0.0,0.0,HOLD
2022-03-02,437.89,중립,0.0736,0.0,0.0,HOLD
2022-03-03,435.71,중립,0.053,0.0,0.0,HOLD
2022-03-04,432.17,중립,0.0489,0.0,0.0,HOLD
2022-03-07,419.43,중립,0.0588,0.0,0.0,HOLD
2022-03-08,416.25,하락(위험회피),0.0564,0.0,0.0,HOLD
2022-03-09,427.41,하락(위험회피),0.0622,0.0,0.0,HOLD
2022-03-10,425.48,하락(위험회피),0.0559,0.0,0.0,HOLD
2022-03-11,420.07,하락(위험회피),0.0514,0.0,0.0,HOLD
2022-03-14,417.0,하락(위험회피),0.057,0.0,0.0,HOLD
2022-03-15,426.17,하락(위험회피),0.0474,0.0,0.0,HOLD
2022-03-16,435.62,중립,0.0492,0.0,0.0,HOLD
2022-03-17,441.07,중립,0.0464,0.6,0.0,HOLD
2022-03-18,444.52,중립,0.0447,0.6,0.6,BUY
2022-03-21,444.39,중립,0.0346,0.0,0.6,HOLD
2022-03-22,449.59,중립,0.0286,0.0,0.0,SELL
2022-03-23,443.8,중립,0.0284,0.6,0.0,HOLD
2022-03-24,450.49,중립,0.0281,0.0,0.6,BUY
2022-03-25,452.69,중립,0.0281,0.0,0.0,SELL
2022-03-28,455.91,중립,0.0229,0.0,0.0,HOLD
2022-03-29,461.55,중립,0.0233,0.0,0.0,HOLD
2022-03-30,458.7,중립,0.0238,0.0,0.0,HOLD
2022-03-31,451.64,중립,0.0244,0.0,0.0,HOLD
2022-04-01,452.92,중립,0.0186,0.0,0.0,HOLD
2022-04-04,456.8,중립,0.0166,0.0,0.0,HOLD
2022-04-05,451.03,중립,0.0162,0.0,0.0,HOLD
2022-04-06,446.52,하락(위험회피),0.0159,0.0,0.0,HOLD
2022-04-07,448.77,하락(위험회피),0.0157,0.0,0.0,HOLD
2022-04-08,447.57,하락(위험회피),0.0157,0.0,0.0,HOLD
2022-04-11,439.92,하락(위험회피),0.0157,0.0,0.0,HOLD
2022-04-12,438.29,하락(위험회피),0.0152,0.0,0.0,HOLD
2022-04-13,443.31,하락(위험회피),0.0166,0.0,0.0,HOLD
2022-04-14,437.79,하락(위험회피),0.0171,0.0,0.0,HOLD
2022-04-18,437.97,하락(위험회피),0.0148,0.0,0.0,HOLD
2022-04-19,445.04,하락(위험회피),0.015,0.0,0.0,HOLD
2022-04-20,444.71,하락(위험회피),0.0152,0.0,0.0,HOLD
2022-04-21,438.06,중립,0.0148,0.0,0.0,HOLD
2022-04-22,426.04,중립,0.0148,0.0,0.0,HOLD
2022-04-25,428.51,중립,0.0148,0.0,0.0,HOLD
2022-04-26,416.1,하락(위험회피),0.0147,0.0,0.0,HOLD
2022-04-27,417.27,하락(위험회피),0.015,0.0,0.0,HOLD
2022-04-28,427.81,하락(위험회피),0.015,0.0,0.0,HOLD
2022-04-29,412.0,하락(위험회피),0.0152,0.0,0.0,HOLD
2022-05-02,414.48,하락(위험회피),0.0128,0.0,0.0,HOLD
2022-05-03,416.38,하락(위험회피),0.0131,0.0,0.0,HOLD
2022-05-04,429.06,하락(위험회피),0.0141,0.0,0.0,HOLD
2022-05-05,413.81,하락(위험회피),0.0152,0.0,0.0,HOLD
2022-05-06,411.34,하락(위험회피),0.0129,0.0,0.0,HOLD
2022-05-09,398.17,하락(위험회피),0.0134,0.0,0.0,HOLD
2022-05-10,399.09,하락(위험회피),0.0155,0.0,0.0,HOLD
2022-05-11,392.75,하락(위험회피),0.0155,0.0,0.0,HOLD
2022-05-12,392.34,하락(위험회피),0.015,0.0,0.0,HOLD
2022-05-13,401.72,하락(위험회피),0.0162,0.0,0.0,HOLD
2022-05-16,400.09,하락(위험회피),0.0209,0.0,0.0,HOLD
2022-05-17,408.32,하락(위험회피),0.0221,0.0,0.0,HOLD
2022-05-18,391.86,하락(위험회피),0.0207,0.0,0.0,HOLD
2022-05-19,389.46,하락(위험회피),0.0228,0.0,0.0,HOLD
2022-05-20,389.63,하락(위험회피),0.0231,0.0,0.0,HOLD
2022-05-23,396.92,하락(위험회피),0.025,0.0,0.0,HOLD
2022-05-24,393.89,하락(위험회피),0.024,0.0,0.0,HOLD
2022-05-25,397.37,하락(위험회피),0.0233,0.0,0.0,HOLD
2022-05-26,405.31,하락(위험회피),0.0239,0.0,0.0,HOLD
2022-05-27,415.26,하락(위험회피),0.0263,0.0,0.0,HOLD
2022-05-31,412.93,하락(위험회피),0.0268,0.0,0.0,HOLD
2022-06-01,409.59,하락(위험회피),0.0183,0.0,0.0,HOLD
2022-06-02,417.39,하락(위험회피),0.0178,0.6,0.0,HOLD
2022-06-03,410.54,하락(위험회피),0.0178,1.0,0.6,BUY
2022-06-06,411.79,하락(위험회피),0.0193,0.6,1.0,ADD
2022-06-07,415.74,하락(위험회피),0.0192,0.0,0.6,REDUCE
2022-06-08,411.22,하락(위험회피),0.0192,0.0,0.0,SELL
2022-06-09,401.44,하락(위험회피),0.0192,0.0,0.0,HOLD
2022-06-10,389.8,하락(위험회피),0.0186,0.0,0.0,HOLD
2022-06-13,375.0,하락(위험회피),0.0154,0.0,0.0,HOLD
2022-06-14,373.87,하락(위험회피),0.0164,0.0,0.0,HOLD
2022-06-15,379.2,하락(위험회피),0.0027,0.0,0.0,HOLD
2022-06-16,366.65,하락(위험회피),0.0114,0.0,0.0,HOLD
2022-06-17,365.86,하락(위험회피),0.0081,0.0,0.0,HOLD
2022-06-21,375.07,하락(위험회피),0.0008,0.0,0.0,HOLD
2022-06-22,374.39,하락(위험회피),0.0002,0.0,0.0,HOLD
2022-06-23,378.06,하락(위험회피),0.0039,0.0,0.0,HOLD
2022-06-24,390.08,하락(위험회피),0.0034,0.0,0.0,HOLD
2022-06-27,388.59,하락(위험회피),0.003,0.0,0.0,HOLD
2022-06-28,380.65,하락(위험회피),0.0017,0.0,0.0,HOLD
2022-06-29,380.34,하락(위험회피),0.0007,0.0,0.0,HOLD
2022-06-30,377.25,하락(위험회피),0.0029,0.0,0.0,HOLD
2022-07-01,381.24,하락(위험회피),0.0115,0.0,0.0,HOLD
2022-07-05,381.96,하락(위험회피),0.0139,0.0,0.0,HOLD
2022-07-06,383.25,하락(위험회피),0.0145,0.0,0.0,HOLD
2022-07-07,388.99,하락(위험회피),0.0132,0.0,0.0,HOLD
2022-07-08,388.67,하락(위험회피),0.012,0.0,0.0,HOLD
2022-07-11,384.23,하락(위험회피),0.0135,0.0,0.0,HOLD
2022-07-12,380.83,하락(위험회피),0.015,1.0,0.0,HOLD
2022-07-13,378.83,하락(위험회피),0.0191,1.0,1.0,BUY
2022-07-14,377.91,하락(위험회피),0.028,1.0,1.0,HOLD
2022-07-15,385.13,하락(위험회피),0.0388,0.0,1.0,HOLD
2022-07-18,381.95,하락(위험회피),0.0208,1.0,0.0,SELL
2022-07-19,392.27,하락(위험회피),0.0216,1.0,1.0,BUY
2022-07-20,394.77,하락(위험회피),0.023,1.0,1.0,HOLD
2022-07-21,398.79,하락(위험회피),0.0245,1.0,1.0,HOLD
2022-07-22,395.09,하락(위험회피),0.0262,0.0,1.0,HOLD
2022-07-25,395.57,하락(위험회피),0.0317,0.0,0.0,SELL
2022-07-26,390.89,하락(위험회피),0.031,0.0,0.0,HOLD
2022-07-27,401.04,하락(위험회피),0.0324,1.0,0.0,HOLD
2022-07-28,406.07,하락(위험회피),0.0354,1.0,1.0,BUY
2022-07-29,411.99,하락(위험회피),0.0389,1.0,1.0,HOLD
2022-08-01,410.77,하락(위험회피),0.0347,1.0,1.0,HOLD
2022-08-02,408.06,하락(위험회피),0.0332,0.0,1.0,HOLD
2022-08-03,414.45,하락(위험회피),0.0303,1.0,0.0,SELL
2022-08-04,414.17,하락(위험회피),0.0339,0.0,1.0,BUY
2022-08-05,413.47,하락(위험회피),0.034,0.0,0.0,SELL
2022-08-08,412.99,하락(위험회피),0.0327,0.0,0.0,HOLD
2022-08-09,411.35,하락(위험회피),0.0332,1.0,0.0,HOLD
2022-08-10,419.99,하락(위험회피),0.0327,1.0,1.0,BUY
2022-08-11,419.99,하락(위험회피),0.0372,1.0,1.0,HOLD
2022-08-12,427.1,하락(위험회피),0.0374,1.0,1.0,HOLD
2022-08-15,428.86,하락(위험회피),0.0459,1.0,1.0,HOLD
2022-08-16,429.7,하락(위험회피),0.0464,1.0,1.0,HOLD
2022-08-17,426.65,하락(위험회피),0.0468,0.0,1.0,HOLD
2022-08-18,427.89,하락(위험회피),0.042,0.0,0.0,SELL
2022-08-19,422.14,하락(위험회피),0.043,0.0,0.0,HOLD
2022-08-22,413.35,하락(위험회피),0.0385,0.0,0.0,HOLD
2022-08-23,412.35,하락(위험회피),0.0373,0.0,0.0,HOLD
2022-08-24,413.67,하락(위험회피),0.0382,0.0,0.0,HOLD
2022-08-25,419.51,하락(위험회피),0.0355,0.0,0.0,HOLD
2022-08-26,405.31,하락(위험회피),0.0366,0.0,0.0,HOLD
2022-08-29,402.63,하락(위험회피),0.0311,0.0,0.0,HOLD
2022-08-30,398.21,하락(위험회피),0.0279,0.0,0.0,HOLD
2022-08-31,395.18,하락(위험회피),0.0289,0.0,0.0,HOLD
2022-09-01,396.42,하락(위험회피),0.0243,0.0,0.0,HOLD
2022-09-02,392.24,하락(위험회피),0.0217,0.0,0.0,HOLD
2022-09-06,390.76,하락(위험회피),0.0252,0.0,0.0,HOLD
2022-09-07,397.78,하락(위험회피),0.0215,0.0,0.0,HOLD
2022-09-08,400.38,하락(위험회피),0.0275,0.0,0.0,HOLD
2022-09-09,406.6,하락(위험회피),0.0372,0.0,0.0,HOLD
2022-09-12,410.97,하락(위험회피),0.0436,0.0,0.0,HOLD
2022-09-13,393.1,하락(위험회피),0.0387,0.0,0.0,HOLD
2022-09-14,394.6,하락(위험회피),0.0347,0.0,0.0,HOLD
2022-09-15,390.12,하락(위험회피),0.0344,0.0,0.0,HOLD
2022-09-16,385.56,하락(위험회피),0.0335,0.0,0.0,HOLD
2022-09-19,388.55,하락(위험회피),0.0295,0.0,0.0,HOLD
2022-09-20,384.09,하락(위험회피),0.0246,0.0,0.0,HOLD
2022-09-21,377.39,하락(위험회피),0.024,0.0,0.0,HOLD
2022-09-22,374.22,하락(위험회피),0.0236,0.0,0.0,HOLD
2022-09-23,367.95,하락(위험회피),0.0201,0.0,0.0,HOLD
2022-09-26,364.31,하락(위험회피),0.0174,0.0,0.0,HOLD
2022-09-27,363.38,하락(위험회피),0.0141,0.0,0.0,HOLD
2022-09-28,370.53,하락(위험회피),0.0129,0.0,0.0,HOLD
2022-09-29,362.79,하락(위험회피),0.0176,0.0,0.0,HOLD
2022-09-30,357.18,하락(위험회피),0.0177,0.0,0.0,HOLD
2022-10-03,366.61,하락(위험회피),0.0176,0.0,0.0,HOLD
2022-10-04,377.97,하락(위험회피),0.0211,0.0,0.0,HOLD
2022-10-05,377.09,하락(위험회피),0.0204,0.0,0.0,HOLD
2022-10-06,373.2,하락(위험회피),0.0157,0.0,0.0,HOLD
2022-10-07,362.79,하락(위험회피),0.0179,0.0,0.0,HOLD
2022-10-10,360.02,하락(위험회피),0.0177,0.0,0.0,HOLD
2022-10-11,357.74,하락(위험회피),0.0269,0.0,0.0,HOLD
2022-10-12,356.56,하락(위험회피),0.0287,0.0,0.0,HOLD
2022-10-13,365.97,하락(위험회피),0.0348,0.0,0.0,HOLD
2022-10-14,357.63,하락(위험회피),0.0302,0.0,0.0,HOLD
2022-10-17,366.82,하락(위험회피),0.019,0.0,0.0,HOLD
2022-10-18,371.13,하락(위험회피),0.0185,0.0,0.0,HOLD
2022-10-19,368.5,하락(위험회피),0.0194,0.0,0.0,HOLD
2022-10-20,365.41,하락(위험회피),0.017,0.0,0.0,HOLD
2022-10-21,374.29,하락(위험회피),0.0182,0.0,0.0,HOLD
2022-10-24,378.87,하락(위험회피),0.021,1.0,0.0,HOLD
2022-10-25,384.92,하락(위험회피),0.0217,0.6,1.0,BUY
2022-10-26,382.02,하락(위험회피),0.0239,1.0,0.6,REDUCE
2022-10-27,379.98,하락(위험회피),0.024,1.0,1.0,ADD
2022-10-28,389.02,하락(위험회피),0.0282,0.6,1.0,HOLD
2022-10-31,386.21,하락(위험회피),0.0238,0.0,0.6,REDUCE
2022-11-01,384.52,하락(위험회피),0.028,0.0,0.0,SELL
2022-11-02,374.87,하락(위험회피),0.0278,1.0,0.0,HOLD
2022-11-03,371.01,하락(위험회피),0.0252,1.0,1.0,BUY
2022-11-04,376.35,하락(위험회피),0.0265,1.0,1.0,HOLD
2022-11-07,379.95,하락(위험회피),0.0267,1.0,1.0,HOLD
2022-11-08,382.0,하락(위험회피),0.0325,1.0,1.0,HOLD
2022-11-09,374.13,하락(위험회피),0.0318,1.0,1.0,HOLD
2022-11-10,394.69,하락(위험회피),0.0351,1.0,1.0,HOLD
2022-11-11,398.51,하락(위험회피),0.048,1.0,1.0,HOLD
2022-11-14,395.12,하락(위험회피),0.0493,0.0,1.0,HOLD
2022-11-15,398.49,하락(위험회피),0.0409,0.0,0.0,SELL
2022-11-16,395.45,하락(위험회피),0.0431,1.0,0.0,HOLD
2022-11-17,394.24,하락(위험회피),0.0458,1.0,1.0,BUY
2022-11-18,396.03,하락(위험회피),0.0449,1.0,1.0,HOLD
2022-11-21,394.59,하락(위험회피),0.0437,0.0,1.0,HOLD
2022-11-22,399.9,하락(위험회피),0.0469,1.0,0.0,SELL
2022-11-23,402.42,하락(위험회피),0.0489,1.0,1.0,BUY
2022-11-25,402.33,하락(위험회피),0.0507,0.0,1.0,HOLD
2022-11-28,395.91,하락(위험회피),0.0517,0.0,0.0,SELL
2022-11-29,395.23,하락(위험회피),0.0535,0.0,0.0,HOLD
2022-11-30,407.68,하락(위험회피),0.0562,1.0,0.0,HOLD
2022-12-01,407.38,하락(위험회피),0.049,0.0,1.0,BUY
2022-12-02,406.91,하락(위험회피),0.0581,0.0,0.0,SELL
2022-12-05,399.59,하락(위험회피),0.0616,0.0,0.0,HOLD
2022-12-06,393.83,하락(위험회피),0.0639,0.0,0.0,HOLD
2022-12-07,393.16,하락(위험회피),0.0662,0.0,0.0,HOLD
2022-12-08,396.24,하락(위험회피),0.0701,0.0,0.0,HOLD
2022-12-09,393.28,하락(위험회피),0.0855,0.0,0.0,HOLD
2022-12-12,398.95,중립,0.0876,0.0,0.0,HOLD
2022-12-13,401.97,중립,0.0906,0.0,0.0,HOLD
2022-12-14,399.4,중립,0.1138,0.0,0.0,HOLD
2022-12-15,389.63,상승(위험선호),0.1173,1.0,0.0,HOLD
2022-12-16,383.27,상승(위험선호),0.0891,1.0,1.0,BUY
2022-12-19,380.02,상승(위험선호),0.0942,1.0,1.0,HOLD
2022-12-20,380.54,중립,0.0938,0.0,1.0,HOLD
2022-12-21,386.23,중립,0.0915,0.0,0.0,SELL
2022-12-22,380.72,중립,0.0923,0.0,0.0,HOLD
2022-12-23,382.91,중립,0.0855,0.0,0.0,HOLD
2022-12-27,381.4,중립,0.0852,0.0,0.0,HOLD
2022-12-28,376.66,중립,0.0894,0.0,0.0,HOLD
2022-12-29,383.44,중립,0.0851,0.0,0.0,HOLD
2022-12-30,382.43,중립,0.084,0.0,0.0,HOLD
2023-01-03,380.82,중립,0.0733,0.0,0.0,HOLD
2023-01-04,383.76,중립,0.0788,0.0,0.0,HOLD
2023-01-05,379.38,중립,0.0783,0.0,0.0,HOLD
2023-01-06,388.08,중립,0.1069,0.0,0.0,HOLD
2023-01-09,387.86,상승(위험선호),0.1243,1.0,0.0,HOLD
2023-01-10,390.58,상승(위험선호),0.1214,1.0,1.0,BUY
2023-01-11,395.52,상승(위험선호),0.125,1.0,1.0,HOLD
2023-01-12,396.96,상승(위험선호),0.1811,1.0,1.0,HOLD
2023-01-13,398.5,상승(위험선호),0.1877,1.0,1.0,HOLD
2023-01-17,397.77,상승(위험선호),0.1405,1.0,1.0,HOLD
2023-01-18,391.49,상승(위험선호),0.1567,1.0,1.0,HOLD
2023-01-19,388.64,상승(위험선호),0.1712,1.0,1.0,HOLD
2023-01-20,395.88,상승(위험선호),0.1636,1.0,1.0,HOLD
2023-01-23,400.63,상승(위험선호),0.1574,1.0,1.0,HOLD
2023-01-24,400.2,상승(위험선호),0.1467,1.0,1.0,HOLD
2023-01-25,400.35,상승(위험선호),0.1579,1.0,1.0,HOLD
2023-01-26,404.75,상승(위험선호),0.1518,1.0,1.0,HOLD
2023-01-27,405.68,상승(위험선호),0.1582,1.0,1.0,HOLD
2023-01-30,400.59,상승(위험선호),0.1568,1.0,1.0,HOLD
2023-01-31,406.48,상승(위험선호),0.1522,1.0,1.0,HOLD
2023-02-01,410.8,상승(위험선호),0.2233,1.0,1.0,HOLD
2023-02-02,416.78,상승(위험선호),0.2392,1.0,1.0,HOLD
2023-02-03,412.35,상승(위험선호),0.2138,1.0,1.0,HOLD
2023-02-06,409.83,상승(위험선호),0.1974,1.0,1.0,HOLD
2023-02-07,415.19,상승(위험선호),0.1791,1.0,1.0,HOLD
2023-02-08,410.65,상승(위험선호),0.1812,1.0,1.0,HOLD
2023-02-09,407.09,상승(위험선호),0.1675,1.0,1.0,HOLD
2023-02-10,408.04,상승(위험선호),0.1652,1.0,1.0,HOLD
2023-02-13,412.83,상승(위험선호),0.2467,1.0,1.0,HOLD
2023-02-14,412.64,상승(위험선호),0.2867,1.0,1.0,HOLD
2023-02-15,413.98,상승(위험선호),0.1377,0.0,1.0,HOLD
2023-02-16,408.28,상승(위험선호),0.1387,0.0,0.0,SELL
2023-02-17,407.26,상승(위험선호),0.1288,0.0,0.0,HOLD
2023-02-21,399.09,상승(위험선호),0.1265,0.0,0.0,HOLD
2023-02-22,398.54,상승(위험선호),0.1169,0.0,0.0,HOLD
2023-02-23,400.66,상승(위험선호),0.1192,0.0,0.0,HOLD
2023-02-24,396.38,상승(위험선호),0.1203,0.0,0.0,HOLD
2023-02-27,397.73,상승(위험선호),0.1066,0.0,0.0,HOLD
2023-02-28,396.26,상승(위험선호),0.112,0.0,0.0,HOLD
2023-03-01,394.74,상승(위험선호),0.0943,0.0,0.0,HOLD
2023-03-02,397.81,중립,0.0859,0.0,0.0,HOLD
2023-03-03,404.19,중립,0.0881,0.0,0.0,HOLD
2023-03-06,404.47,중립,0.0926,0.0,0.0,HOLD
2023-03-07,398.27,중립,0.0901,0.0,0.0,HOLD
2023-03-08,398.92,중립,0.0805,0.0,0.0,HOLD
2023-03-09,391.56,중립,0.0876,0.0,0.0,HOLD
2023-03-10,385.91,중립,0.0969,0.0,0.0,HOLD
2023-03-13,385.36,중립,0.1178,0.0,0.0,HOLD
2023-03-14,391.73,상승(위험선호),0.1536,1.0,0.0,HOLD
2023-03-15,389.28,상승(위험선호),0.1475,1.0,1.0,BUY
2023-03-16,396.11,상승(위험선호),0.2545,1.0,1.0,HOLD
2023-03-17,389.99,상승(위험선호),0.2505,1.0,1.0,HOLD
2023-03-20,393.74,상승(위험선호),0.2072,1.0,1.0,HOLD
2023-03-21,398.91,상승(위험선호),0.1965,1.0,1.0,HOLD
2023-03-22,392.11,상승(위험선호),0.1738,1.0,1.0,HOLD
2023-03-23,393.17,상승(위험선호),0.1797,1.0,1.0,HOLD
2023-03-24,395.75,상승(위험선호),0.2016,1.0,1.0,HOLD
2023-03-27,396.49,상승(위험선호),0.2314,1.0,1.0,HOLD
2023-03-28,395.6,상승(위험선호),0.1891,1.0,1.0,HOLD
2023-03-29,401.35,상승(위험선호),0.1917,1.0,1.0,HOLD
2023-03-30,403.7,상승(위험선호),0.2041,1.0,1.0,HOLD
2023-03-31,409.39,상승(위험선호),0.2069,1.0,1.0,HOLD
2023-04-03,410.95,상승(위험선호),0.2398,1.0,1.0,HOLD
2023-04-04,408.67,상승(위험선호),0.2668,1.0,1.0,HOLD
2023-04-05,407.6,상승(위험선호),0.2688,1.0,1.0,HOLD
2023-04-06,409.19,상승(위험선호),0.2657,1.0,1.0,HOLD
2023-04-10,409.61,상승(위험선호),0.257,1.0,1.0,HOLD
2023-04-11,409.72,상승(위험선호),0.3191,1.0,1.0,HOLD
2023-04-12,408.05,상승(위험선호),0.3062,1.0,1.0,HOLD
2023-04-13,413.47,상승(위험선호),0.4228,1.0,1.0,HOLD
2023-04-14,412.46,상승(위험선호),0.4283,1.0,1.0,HOLD
2023-04-17,413.94,상승(위험선호),0.2599,1.0,1.0,HOLD
2023-04-18,414.21,중립,0.268,1.0,1.0,HOLD
2023-04-19,414.14,중립,0.2457,1.0,1.0,HOLD
2023-04-20,411.88,중립,0.2309,1.0,1.0,HOLD
2023-04-21,412.2,중립,0.2366,1.0,1.0,HOLD
2023-04-24,412.63,중립,0.209,0.0,1.0,HOLD
2023-04-25,406.08,중립,0.2349,1.0,0.0,SELL
2023-04-26,404.36,중립,0.2728,1.0,1.0,BUY
2023-04-27,412.41,중립,0.2688,0.0,1.0,HOLD
2023-04-28,415.93,중립,0.2567,1.0,0.0,SELL
2023-05-01,415.51,중립,0.2268,0.0,1.0,BUY
2023-05-02,410.84,중립,0.2074,0.68,0.0,SELL
2023-05-03,408.02,중립,0.2517,0.68,0.68,BUY
2023-05-04,405.13,중립,0.2702,0.68,0.68,HOLD
2023-05-05,412.63,중립,0.2689,0.0,0.68,HOLD
2023-05-08,412.74,중립,0.236,0.6,0.0,SELL
2023-05-09,410.93,중립,0.2363,0.6,0.6,BUY
2023-05-10,412.85,중립,0.287,0.6,0.6,HOLD
2023-05-11,412.13,중립,0.2705,0.6,0.6,HOLD
2023-05-12,411.59,중립,0.4199,0.6,0.6,HOLD
2023-05-15,413.01,상승(위험선호),0.5104,1.0,0.6,HOLD
2023-05-16,410.25,상승(위험선호),0.2505,1.0,1.0,ADD
2023-05-17,415.23,상승(위험선호),0.2389,1.0,1.0,HOLD
2023-05-18,419.23,중립,0.2186,0.6,1.0,HOLD
2023-05-19,418.62,중립,0.1958,0.6,0.6,REDUCE
2023-05-22,418.79,중립,0.1926,0.6,0.6,HOLD
2023-05-23,414.09,중립,0.2035,0.6,0.6,HOLD
2023-05-24,411.09,중립,0.1882,0.6,0.6,HOLD
2023-05-25,414.65,중립,0.1722,0.0,0.6,HOLD
2023-05-26,420.02,중립,0.1565,0.0,0.0,SELL
2023-05-30,420.18,중립,0.1441,0.0,0.0,HOLD
2023-05-31,417.85,중립,0.1644,0.0,0.0,HOLD
2023-06-01,421.82,중립,0.1512,1.0,0.0,HOLD
2023-06-02,427.92,중립,0.1554,0.0,1.0,BUY
2023-06-05,427.1,중립,0.1333,1.0,0.0,SELL
2023-06-06,428.03,중립,0.1282,1.0,1.0,BUY
2023-06-07,426.55,중립,0.114,1.0,1.0,HOLD
2023-06-08,429.13,중립,0.0921,1.0,1.0,HOLD
2023-06-09,429.9,중립,0.1059,0.0,1.0,HOLD
2023-06-12,433.8,중립,0.1203,1.0,0.0,SELL
2023-06-13,436.66,중립,0.1323,0.0,1.0,BUY
2023-06-14,437.18,중립,0.1874,1.0,0.0,SELL
2023-06-15,442.6,중립,0.1286,1.0,1.0,BUY
2023-06-16,439.46,중립,0.1461,0.0,1.0,HOLD
2023-06-20,437.18,중립,0.1262,0.0,0.0,SELL
2023-06-21,434.94,중립,0.1274,0.0,0.0,HOLD
2023-06-22,436.51,중립,0.1259,0.0,0.0,HOLD
2023-06-23,433.21,중립,0.1215,0.0,0.0,HOLD
2023-06-26,431.44,중립,0.1322,0.0,0.0,HOLD
2023-06-27,436.17,중립,0.1477,0.0,0.0,HOLD
2023-06-28,436.39,중립,0.1372,0.0,0.0,HOLD
2023-06-29,438.11,중립,0.1368,0.0,0.0,HOLD
2023-06-30,443.28,중립,0.1212,0.0,0.0,HOLD
2023-07-03,443.79,중립,0.096,0.0,0.0,HOLD
2023-07-05,443.13,중립,0.0908,0.0,0.0,HOLD
2023-07-06,439.66,중립,0.0941,0.0,0.0,HOLD
2023-07-07,438.55,중립,0.0889,0.0,0.0,HOLD
2023-07-10,439.66,중립,0.0885,0.0,0.0,HOLD
2023-07-11,442.46,중립,0.1081,0.0,0.0,HOLD
2023-07-12,446.02,중립,0.1122,0.0,0.0,HOLD
2023-07-13,449.56,중립,0.153,0.0,0.0,HOLD
2023-07-14,449.28,중립,0.1675,0.0,0.0,HOLD
2023-07-17,450.84,중립,0.1098,0.0,0.0,HOLD
2023-07-18,454.19,중립,0.1126,0.0,0.0,HOLD
2023-07-19,455.2,중립,0.1048,0.0,0.0,HOLD
2023-07-20,452.18,중립,0.1022,0.0,0.0,HOLD
2023-07-21,452.18,중립,0.0996,0.0,0.0,HOLD
2023-07-24,454.2,중립,0.0978,0.0,0.0,HOLD
2023-07-25,455.44,중립,0.0989,0.0,0.0,HOLD
2023-07-26,455.51,중립,0.099,0.0,0.0,HOLD
2023-07-27,452.49,중립,0.0938,0.0,0.0,HOLD
2023-07-28,456.92,중립,0.0964,0.0,0.0,HOLD
2023-07-31,457.79,중립,0.099,0.0,0.0,HOLD
2023-08-01,456.48,중립,0.1168,0.0,0.0,HOLD
2023-08-02,450.13,중립,0.1051,0.0,0.0,HOLD
2023-08-03,448.84,중립,0.1114,0.0,0.0,HOLD
2023-08-04,446.81,중립,0.1249,0.0,0.0,HOLD
2023-08-07,450.71,중립,0.133,0.0,0.0,HOLD
2023-08-08,448.75,중립,0.1304,0.0,0.0,HOLD
2023-08-09,445.75,중립,0.1725,0.0,0.0,HOLD
2023-08-10,445.91,중립,0.1707,0.0,0.0,HOLD
2023-08-11,445.65,중립,0.1864,0.0,0.0,HOLD
2023-08-14,448.11,중립,0.1865,0.0,0.0,HOLD
2023-08-15,442.89,중립,0.1676,0.0,0.0,HOLD
2023-08-16,439.64,중립,0.1709,0.0,0.0,HOLD
2023-08-17,436.29,중립,0.1708,0.0,0.0,HOLD
2023-08-18,436.5,중립,0.1883,0.0,0.0,HOLD
2023-08-21,439.34,중립,0.1762,0.0,0.0,HOLD
2023-08-22,438.15,중립,0.1754,0.0,0.0,HOLD
2023-08-23,443.03,중립,0.1932,0.0,0.0,HOLD
2023-08-24,436.89,중립,0.2013,0.0,0.0,HOLD
2023-08-25,439.97,중립,0.2028,0.0,0.0,HOLD
2023-08-28,442.76,중립,0.191,1.0,0.0,HOLD
2023-08-29,449.16,중립,0.2049,0.0,1.0,BUY
2023-08-30,451.01,중립,0.2469,0.69,0.0,SELL
2023-08-31,450.35,중립,0.2154,1.0,0.69,BUY
2023-09-01,451.19,중립,0.1938,0.7,1.0,ADD
2023-09-05,449.24,중립,0.1622,0.0,0.7,REDUCE
2023-09-06,446.22,중립,0.1556,0.0,0.0,SELL
2023-09-07,444.85,중립,0.1414,0.0,0.0,HOLD
2023-09-08,445.52,중립,0.1496,0.0,0.0,HOLD
2023-09-11,448.45,중립,0.1665,0.0,0.0,HOLD
2023-09-12,445.99,중립,0.1833,0.7,0.0,HOLD
2023-09-13,446.51,중립,0.178,0.7,0.7,BUY
2023-09-14,450.36,중립,0.1715,0.7,0.7,HOLD
2023-09-15,443.37,중립,0.1338,0.0,0.7,HOLD
2023-09-18,443.63,중립,0.1266,0.0,0.0,SELL
2023-09-19,442.71,중립,0.139,0.0,0.0,HOLD
2023-09-20,438.64,중립,0.1331,0.0,0.0,HOLD
2023-09-21,431.39,중립,0.1243,0.0,0.0,HOLD
2023-09-22,430.42,중립,0.1215,0.0,0.0,HOLD
2023-09-25,432.23,중립,0.107,0.0,0.0,HOLD
2023-09-26,425.88,중립,0.1032,0.0,0.0,HOLD
2023-09-27,426.05,중립,0.0974,0.0,0.0,HOLD
2023-09-28,428.52,중립,0.0972,0.0,0.0,HOLD
2023-09-29,427.48,중립,0.1091,0.0,0.0,HOLD
2023-10-02,427.31,중립,0.0978,0.0,0.0,HOLD
2023-10-03,421.59,중립,0.0878,0.0,0.0,HOLD
2023-10-04,424.66,중립,0.0812,0.0,0.0,HOLD
2023-10-05,424.5,중립,0.0889,0.0,0.0,HOLD
2023-10-06,429.54,중립,0.0982,0.0,0.0,HOLD
2023-10-09,432.29,중립,0.0865,0.0,0.0,HOLD
2023-10-10,434.54,중립,0.1033,0.0,0.0,HOLD
2023-10-11,436.32,중립,0.1182,0.0,0.0,HOLD
2023-10-12,433.66,중립,0.1079,0.0,0.0,HOLD
2023-10-13,431.5,중립,0.1021,0.0,0.0,HOLD
2023-10-16,436.04,중립,0.0821,0.0,0.0,HOLD
2023-10-17,436.02,중립,0.0725,0.0,0.0,HOLD
2023-10-18,430.21,중립,0.0697,0.0,0.0,HOLD
2023-10-19,426.43,중립,0.0707,0.0,0.0,HOLD
2023-10-20,421.19,중립,0.0723,0.0,0.0,HOLD
2023-10-23,420.46,중립,0.0811,0.0,0.0,HOLD
2023-10-24,423.63,중립,0.0746,0.0,0.0,HOLD
2023-10-25,417.55,중립,0.0745,0.0,0.0,HOLD
2023-10-26,412.55,하락(위험회피),0.0721,0.0,0.0,HOLD
2023-10-27,410.68,하락(위험회피),0.078,0.0,0.0,HOLD
2023-10-30,415.59,하락(위험회피),0.0796,0.0,0.0,HOLD
2023-10-31,418.2,하락(위험회피),0.0719,0.0,0.0,HOLD
2023-11-01,422.66,하락(위험회피),0.061,0.0,0.0,HOLD
2023-11-02,430.76,하락(위험회피),0.0667,0.0,0.0,HOLD
2023-11-03,434.69,하락(위험회피),0.0739,0.0,0.0,HOLD
2023-11-06,435.69,하락(위험회피),0.1003,0.0,0.0,HOLD
2023-11-07,436.93,중립,0.0998,0.0,0.0,HOLD
2023-11-08,437.25,중립,0.1209,0.0,0.0,HOLD
2023-11-09,433.84,중립,0.1245,0.0,0.0,HOLD
2023-11-10,440.61,중립,0.1184,0.0,0.0,HOLD
2023-11-13,440.19,중립,0.1394,0.0,0.0,HOLD
2023-11-14,448.73,중립,0.1582,0.0,0.0,HOLD
2023-11-15,449.68,중립,0.1794,0.0,0.0,HOLD
2023-11-16,450.23,중립,0.1778,0.0,0.0,HOLD
2023-11-17,450.79,중립,0.1913,0.0,0.0,HOLD
2023-11-20,454.26,중립,0.1929,0.0,0.0,HOLD
2023-11-21,453.27,중립,0.1924,0.0,0.0,HOLD
2023-11-22,455.02,중립,0.1901,0.0,0.0,HOLD
2023-11-24,455.3,중립,0.1979,0.0,0.0,HOLD
2023-11-27,454.48,중립,0.2116,1.0,0.0,HOLD
2023-11-28,454.93,중립,0.2368,1.0,1.0,BUY
2023-11-29,454.61,중립,0.2668,1.0,1.0,HOLD
2023-11-30,456.4,중립,0.2855,1.0,1.0,HOLD
2023-12-01,459.1,중립,0.2734,0.0,1.0,HOLD
2023-12-04,456.69,중립,0.3331,1.0,0.0,SELL
2023-12-05,456.6,중립,0.298,1.0,1.0,BUY
2023-12-06,454.76,중립,0.3855,1.0,1.0,HOLD
2023-12-07,458.23,상승(위험선호),0.3932,1.0,1.0,HOLD
2023-12-08,460.2,상승(위험선호),0.3815,1.0,1.0,HOLD
2023-12-11,461.99,상승(위험선호),0.4097,1.0,1.0,HOLD
2023-12-12,464.1,상승(위험선호),0.4325,1.0,1.0,HOLD
2023-12-13,470.5,상승(위험선호),0.4896,1.0,1.0,HOLD
2023-12-14,472.01,상승(위험선호),0.6466,1.0,1.0,HOLD
2023-12-15,469.33,상승(위험선호),0.7175,1.0,1.0,HOLD
2023-12-18,471.97,상승(위험선호),0.7335,1.0,1.0,HOLD
2023-12-19,474.84,상승(위험선호),0.7186,1.0,1.0,HOLD
2023-12-20,468.26,상승(위험선호),0.7729,1.0,1.0,HOLD
2023-12-21,472.7,상승(위험선호),0.8194,1.0,1.0,HOLD
2023-12-22,473.65,상승(위험선호),0.8388,1.0,1.0,HOLD
2023-12-26,475.65,상승(위험선호),0.8761,1.0,1.0,HOLD
2023-12-27,476.51,상승(위험선호),0.9058,1.0,1.0,HOLD
2023-12-28,476.69,상승(위험선호),0.9365,1.0,1.0,HOLD
2023-12-29,475.31,상승(위험선호),0.9329,1.0,1.0,HOLD
2024-01-02,472.65,상승(위험선호),0.9137,1.0,1.0,HOLD
2024-01-03,468.79,상승(위험선호),0.8724,1.0,1.0,HOLD
2024-01-04,467.28,상승(위험선호),0.8945,1.0,1.0,HOLD
2024-01-05,467.92,상승(위험선호),0.9148,1.0,1.0,HOLD
2024-01-08,474.6,상승(위험선호),0.8772,1.0,1.0,HOLD
2024-01-09,473.88,상승(위험선호),0.8774,1.0,1.0,HOLD
2024-01-10,476.56,상승(위험선호),0.9088,1.0,1.0,HOLD
2024-01-11,476.35,상승(위험선호),0.9181,1.0,1.0,HOLD
2024-01-12,476.68,상승(위험선호),0.937,1.0,1.0,HOLD
2024-01-16,474.93,상승(위험선호),0.9376,1.0,1.0,HOLD
2024-01-17,472.29,상승(위험선호),0.9241,1.0,1.0,HOLD
2024-01-18,476.49,상승(위험선호),0.9133,1.0,1.0,HOLD
2024-01-19,482.43,상승(위험선호),0.9113,1.0,1.0,HOLD
2024-01-22,483.45,상승(위험선호),0.9046,1.0,1.0,HOLD
2024-01-23,484.86,상승(위험선호),0.9078,1.0,1.0,HOLD
2024-01-24,485.39,상승(위험선호),0.9313,0.54,1.0,HOLD
2024-01-25,488.03,상승(위험선호),0.9134,1.0,0.54,REDUCE
2024-01-26,487.41,상승(위험선호),0.9279,0.53,1.0,ADD
2024-01-29,491.27,상승(위험선호),0.9123,1.0,0.53,REDUCE
2024-01-30,490.89,상승(위험선호),0.9353,1.0,1.0,ADD
2024-01-31,482.88,상승(위험선호),0.9068,1.0,1.0,HOLD
2024-02-01,489.2,상승(위험선호),0.7797,1.0,1.0,HOLD
2024-02-02,494.35,상승(위험선호),0.7757,1.0,1.0,HOLD
2024-02-05,492.55,상승(위험선호),0.7466,1.0,1.0,HOLD
2024-02-06,493.98,상승(위험선호),0.783,1.0,1.0,HOLD
2024-02-07,498.1,상승(위험선호),0.8041,1.0,1.0,HOLD
2024-02-08,498.32,상승(위험선호),0.8005,1.0,1.0,HOLD
2024-02-09,501.2,상승(위험선호),0.782,1.0,1.0,HOLD
2024-02-12,500.98,상승(위험선호),0.7874,1.0,1.0,HOLD
2024-02-13,494.08,상승(위험선호),0.7337,1.0,1.0,HOLD
2024-02-14,498.57,상승(위험선호),0.6831,1.0,1.0,HOLD
2024-02-15,502.01,상승(위험선호),0.5333,1.0,1.0,HOLD
2024-02-16,499.51,상승(위험선호),0.54,1.0,1.0,HOLD
2024-02-20,496.76,상승(위험선호),0.5246,1.0,1.0,HOLD
2024-02-21,497.21,상승(위험선호),0.5128,1.0,1.0,HOLD
2024-02-22,507.5,상승(위험선호),0.4787,1.0,1.0,HOLD
2024-02-23,507.85,상승(위험선호),0.4828,1.0,1.0,HOLD
2024-02-26,505.99,상승(위험선호),0.4661,1.0,1.0,HOLD
2024-02-27,506.93,상승(위험선호),0.4602,1.0,1.0,HOLD
2024-02-28,506.26,상승(위험선호),0.4374,1.0,1.0,HOLD
2024-02-29,508.08,상승(위험선호),0.4863,0.0,1.0,HOLD
2024-03-01,512.85,상승(위험선호),0.3786,0.0,0.0,SELL
2024-03-04,512.3,상승(위험선호),0.3956,1.0,0.0,HOLD
2024-03-05,507.18,상승(위험선호),0.3907,1.0,1.0,BUY
2024-03-06,509.75,상승(위험선호),0.4406,1.0,1.0,HOLD
2024-03-07,514.81,상승(위험선호),0.4434,1.0,1.0,HOLD
2024-03-08,511.72,상승(위험선호),0.5567,1.0,1.0,HOLD
2024-03-11,511.28,상승(위험선호),0.5872,1.0,1.0,HOLD
2024-03-12,516.78,상승(위험선호),0.5961,1.0,1.0,HOLD
2024-03-13,515.97,상승(위험선호),0.5173,1.0,1.0,HOLD
2024-03-14,514.95,상승(위험선호),0.523,1.0,1.0,HOLD
2024-03-15,509.83,상승(위험선호),0.5531,1.0,1.0,HOLD
2024-03-18,512.86,상승(위험선호),0.3737,1.0,1.0,HOLD
2024-03-19,515.71,상승(위험선호),0.3837,1.0,1.0,HOLD
2024-03-20,520.48,상승(위험선호),0.3996,1.0,1.0,HOLD
2024-03-21,522.2,상승(위험선호),0.4221,1.0,1.0,HOLD
2024-03-22,521.21,상승(위험선호),0.4097,1.0,1.0,HOLD
2024-03-25,519.77,상승(위험선호),0.4276,1.0,1.0,HOLD
2024-03-26,518.81,상승(위험선호),0.4644,1.0,1.0,HOLD
2024-03-27,523.17,상승(위험선호),0.4662,1.0,1.0,HOLD
2024-03-28,523.07,상승(위험선호),0.4405,1.0,1.0,HOLD
2024-04-01,522.16,상승(위험선호),0.4258,1.0,1.0,HOLD
2024-04-02,518.84,상승(위험선호),0.3827,1.0,1.0,HOLD
2024-04-03,519.41,상승(위험선호),0.4014,1.0,1.0,HOLD
2024-04-04,513.07,상승(위험선호),0.389,1.0,1.0,HOLD
2024-04-05,518.43,상승(위험선호),0.4123,0.0,1.0,HOLD
2024-04-08,518.72,상승(위험선호),0.3721,0.0,0.0,SELL
2024-04-09,519.32,상승(위험선호),0.4359,0.0,0.0,HOLD
2024-04-10,514.12,상승(위험선호),0.4198,0.0,0.0,HOLD
2024-04-11,518.0,상승(위험선호),0.4183,0.0,0.0,HOLD
2024-04-12,510.85,상승(위험선호),0.4396,1.0,0.0,HOLD
2024-04-15,504.45,상승(위험선호),0.2611,0.42,1.0,BUY
2024-04-16,503.53,상승(위험선호),0.2383,0.42,0.42,REDUCE
2024-04-17,500.55,중립,0.2394,0.73,0.42,HOLD
2024-04-18,499.52,중립,0.2511,0.73,0.73,ADD
2024-04-19,495.16,중립,0.231,0.73,0.73,HOLD
2024-04-22,499.72,중립,0.2286,0.0,0.73,HOLD
2024-04-23,505.65,중립,0.2298,0.67,0.0,SELL
2024-04-24,505.41,중립,0.259,0.0,0.67,BUY
2024-04-25,503.49,중립,0.2448,0.0,0.0,SELL
2024-04-26,508.26,중립,0.2188,0.0,0.0,HOLD
2024-04-29,510.06,중립,0.2062,0.65,0.0,HOLD
2024-04-30,501.98,중립,0.1966,0.65,0.65,BUY
2024-05-01,500.35,중립,0.2056,0.65,0.65,HOLD
2024-05-02,505.03,중립,0.2325,0.65,0.65,HOLD
2024-05-03,511.29,중립,0.2616,0.65,0.65,HOLD
2024-05-06,516.57,중립,0.2774,0.0,0.65,HOLD
2024-05-07,517.14,중립,0.2616,0.6,0.0,SELL
2024-05-08,517.19,중립,0.23,0.0,0.6,BUY
2024-05-09,520.17,중립,0.2609,1.0,0.0,SELL
2024-05-10,520.84,중립,0.2835,0.65,1.0,BUY
2024-05-13,520.91,중립,0.365,1.0,0.65,REDUCE
2024-05-14,523.3,상승(위험선호),0.3698,1.0,1.0,ADD
2024-05-15,529.78,상승(위험선호),0.4233,1.0,1.0,HOLD
2024-05-16,528.69,상승(위험선호),0.3047,1.0,1.0,HOLD
2024-05-17,529.45,상승(위험선호),0.302,1.0,1.0,HOLD
2024-05-20,530.06,상승(위험선호),0.2794,1.0,1.0,HOLD
2024-05-21,531.36,중립,0.2655,1.0,1.0,HOLD
2024-05-22,529.83,중립,0.247,0.0,1.0,HOLD
2024-05-23,525.96,중립,0.2409,1.0,0.0,SELL
2024-05-24,529.44,중립,0.2304,1.0,1.0,BUY
2024-05-28,529.81,중립,0.2256,0.78,1.0,HOLD
2024-05-29,526.1,중립,0.2129,1.0,0.78,REDUCE
2024-05-30,522.61,중립,0.2196,0.89,1.0,ADD
2024-05-31,527.37,중립,0.214,0.0,0.89,REDUCE
2024-06-03,527.8,중립,0.1983,1.0,0.0,SELL
2024-06-04,528.39,중립,0.1984,1.0,1.0,BUY
2024-06-05,534.67,중립,0.1999,1.0,1.0,HOLD
2024-06-06,534.66,중립,0.1935,0.0,1.0,HOLD
2024-06-07,534.01,중립,0.1724,0.0,0.0,SELL
2024-06-10,535.66,중립,0.1573,1.0,0.0,HOLD
2024-06-11,536.95,중립,0.177,1.0,1.0,BUY
2024-06-12,541.36,중립,0.2491,1.0,1.0,HOLD
2024-06-13,542.45,중립,0.2582,1.0,1.0,HOLD
2024-06-14,542.78,중립,0.2528,1.0,1.0,HOLD
2024-06-17,547.1,중립,0.2228,0.0,1.0,HOLD
2024-06-18,548.49,중립,0.1987,0.0,0.0,SELL
2024-06-20,547.0,중립,0.1914,0.0,0.0,HOLD
2024-06-21,544.51,중립,0.1865,0.0,0.0,HOLD
2024-06-24,542.74,중립,0.1983,0.0,0.0,HOLD
2024-06-25,544.83,중립,0.1989,0.0,0.0,HOLD
2024-06-26,545.51,중립,0.2126,0.0,0.0,HOLD
2024-06-27,546.37,중립,0.2207,1.0,0.0,HOLD
2024-06-28,544.22,중립,0.2214,1.0,1.0,BUY
2024-07-01,545.34,중립,0.2339,1.0,1.0,HOLD
2024-07-02,549.01,중립,0.2268,0.0,1.0,HOLD
2024-07-03,551.46,중립,0.2439,1.0,0.0,SELL
2024-07-05,554.64,중립,0.2582,1.0,1.0,BUY
2024-07-08,555.28,중립,0.2613,1.0,1.0,HOLD
2024-07-09,555.82,중립,0.3321,1.0,1.0,HOLD
2024-07-10,561.32,상승(위험선호),0.3363,1.0,1.0,HOLD
2024-07-11,556.48,상승(위험선호),0.4798,1.0,1.0,HOLD
2024-07-12,559.99,상승(위험선호),0.5291,1.0,1.0,HOLD
2024-07-15,561.53,상승(위험선호),0.5491,0.0,1.0,HOLD
2024-07-16,564.86,상승(위험선호),0.4858,0.0,0.0,SELL
2024-07-17,556.94,상승(위험선호),0.4987,0.0,0.0,HOLD
2024-07-18,552.66,상승(위험선호),0.4883,0.0,0.0,HOLD
2024-07-19,548.99,상승(위험선호),0.4612,0.0,0.0,HOLD
2024-07-22,554.65,상승(위험선호),0.463,0.0,0.0,HOLD
2024-07-23,553.78,상승(위험선호),0.4528,0.0,0.0,HOLD
2024-07-24,541.23,상승(위험선호),0.4988,0.0,0.0,HOLD
2024-07-25,538.41,상승(위험선호),0.4921,0.0,0.0,HOLD
2024-07-26,544.44,상승(위험선호),0.5017,1.0,0.0,HOLD
2024-07-29,544.76,상승(위험선호),0.5559,1.0,1.0,BUY
2024-07-30,542.0,상승(위험선호),0.5357,1.0,1.0,HOLD
2024-07-31,550.81,상승(위험선호),0.5299,1.0,1.0,HOLD
2024-08-01,543.01,상승(위험선호),0.5789,0.0,1.0,HOLD
2024-08-02,532.9,상승(위험선호),0.6689,1.0,0.0,SELL
2024-08-05,517.38,상승(위험선호),0.7572,1.0,1.0,BUY
2024-08-06,522.15,상승(위험선호),0.7587,1.0,1.0,HOLD
2024-08-07,518.66,상승(위험선호),0.729,1.0,1.0,HOLD
2024-08-08,530.65,상승(위험선호),0.802,1.0,1.0,HOLD
2024-08-09,532.99,상승(위험선호),0.796,1.0,1.0,HOLD
2024-08-12,533.27,상승(위험선호),0.8352,1.0,1.0,HOLD
2024-08-13,542.04,상승(위험선호),0.889,1.0,1.0,HOLD
2024-08-14,543.75,상승(위험선호),0.9066,1.0,1.0,HOLD
2024-08-15,553.07,상승(위험선호),0.8581,1.0,1.0,HOLD
2024-08-16,554.31,상승(위험선호),0.8461,1.0,1.0,HOLD
2024-08-19,559.61,상승(위험선호),0.8583,1.0,1.0,HOLD
2024-08-20,558.7,상승(위험선호),0.8732,1.0,1.0,HOLD
2024-08-21,560.62,상승(위험선호),0.8929,1.0,1.0,HOLD
2024-08-22,556.22,상승(위험선호),0.8941,1.0,1.0,HOLD
2024-08-23,562.13,상승(위험선호),0.8918,1.0,1.0,HOLD
2024-08-26,560.79,상승(위험선호),0.9066,1.0,1.0,HOLD
2024-08-27,561.56,상승(위험선호),0.8965,1.0,1.0,HOLD
2024-08-28,558.3,상승(위험선호),0.896,1.0,1.0,HOLD
2024-08-29,558.35,상승(위험선호),0.8902,1.0,1.0,HOLD
2024-08-30,563.68,상승(위험선호),0.8684,0.28,1.0,HOLD
2024-09-03,552.08,상승(위험선호),0.8498,1.0,0.28,REDUCE
2024-09-04,550.95,상승(위험선호),0.8709,1.0,1.0,ADD
2024-09-05,549.61,상승(위험선호),0.9141,1.0,1.0,HOLD
2024-09-06,540.36,상승(위험선호),0.9211,1.0,1.0,HOLD
2024-09-09,546.41,상승(위험선호),0.9455,1.0,1.0,HOLD
2024-09-10,548.79,상승(위험선호),0.9423,1.0,1.0,HOLD
2024-09-11,554.42,상승(위험선호),0.944,1.0,1.0,HOLD
2024-09-12,559.09,상승(위험선호),0.9452,1.0,1.0,HOLD
2024-09-13,562.01,상승(위험선호),0.9525,1.0,1.0,HOLD
2024-09-16,562.84,상승(위험선호),0.9485,1.0,1.0,HOLD
2024-09-17,563.07,상승(위험선호),0.9485,1.0,1.0,HOLD
2024-09-18,561.4,상승(위험선호),0.9447,1.0,1.0,HOLD
2024-09-19,570.98,상승(위험선호),0.9488,1.0,1.0,HOLD
2024-09-20,568.25,상승(위험선호),0.9518,1.0,1.0,HOLD
2024-09-23,569.67,상승(위험선호),0.9646,1.0,1.0,HOLD
2024-09-24,571.3,상승(위험선호),0.9643,1.0,1.0,HOLD
2024-09-25,570.04,상승(위험선호),0.9654,0.35,1.0,HOLD
2024-09-26,572.3,상승(위험선호),0.9665,0.35,0.35,REDUCE
2024-09-27,571.47,상승(위험선호),0.9643,1.0,0.35,HOLD
2024-09-30,573.76,상승(위험선호),0.9653,1.0,1.0,ADD
2024-10-01,568.62,상승(위험선호),0.9548,1.0,1.0,HOLD
2024-10-02,568.86,상승(위험선호),0.9623,0.43,1.0,HOLD
2024-10-03,567.82,상승(위험선호),0.9568,1.0,0.43,REDUCE
2024-10-04,572.98,상승(위험선호),0.9732,1.0,1.0,ADD
2024-10-07,567.8,상승(위험선호),0.9512,1.0,1.0,HOLD
2024-10-08,573.17,상승(위험선호),0.9398,1.0,1.0,HOLD
2024-10-09,577.14,상승(위험선호),0.9474,0.0,1.0,HOLD
2024-10-10,576.13,상승(위험선호),0.9451,0.0,0.0,SELL
2024-10-11,579.58,상승(위험선호),0.9522,0.0,0.0,HOLD
2024-10-14,584.32,상승(위험선호),0.9326,0.0,0.0,HOLD
2024-10-15,579.78,상승(위험선호),0.9337,0.0,0.0,HOLD
2024-10-16,582.3,상승(위험선호),0.8927,0.47,0.0,HOLD
2024-10-17,582.35,상승(위험선호),0.8855,0.47,0.47,BUY
2024-10-18,584.59,상승(위험선호),0.8727,0.47,0.47,HOLD
2024-10-21,583.63,상승(위험선호),0.8651,0.0,0.47,HOLD
2024-10-22,583.32,상승(위험선호),0.8387,0.0,0.0,SELL
2024-10-23,577.99,상승(위험선호),0.8146,0.0,0.0,HOLD
2024-10-24,579.24,상승(위험선호),0.7974,0.0,0.0,HOLD
2024-10-25,579.04,상승(위험선호),0.7868,0.0,0.0,HOLD
2024-10-28,580.83,상승(위험선호),0.7354,0.0,0.0,HOLD
2024-10-29,581.77,상승(위험선호),0.701,0.0,0.0,HOLD
2024-10-30,580.01,상승(위험선호),0.7083,0.0,0.0,HOLD
2024-10-31,568.64,상승(위험선호),0.7135,0.0,0.0,HOLD
2024-11-01,571.04,상승(위험선호),0.6067,0.0,0.0,HOLD
2024-11-04,569.81,상승(위험선호),0.6049,1.0,0.0,HOLD
2024-11-05,576.7,중립,0.6788,0.0,1.0,BUY
2024-11-06,591.04,중립,0.679,0.0,0.0,SELL
2024-11-07,595.61,중립,0.6659,0.6,0.0,HOLD
2024-11-08,598.19,중립,0.7283,0.6,0.6,BUY
2024-11-11,598.76,중립,0.708,0.6,0.6,HOLD
2024-11-12,596.9,중립,0.632,0.0,0.6,HOLD
2024-11-13,597.19,중립,0.6018,0.0,0.0,SELL
2024-11-14,593.35,상승(위험선호),0.5929,0.36,0.0,HOLD
2024-11-15,585.75,상승(위험선호),0.3909,0.36,0.36,BUY
2024-11-18,588.15,상승(위험선호),0.4307,0.36,0.36,HOLD
2024-11-19,590.3,상승(위험선호),0.4235,1.0,0.36,HOLD
2024-11-20,590.5,상승(위험선호),0.4245,1.0,1.0,ADD
2024-11-21,593.67,상승(위험선호),0.3959,1.0,1.0,HOLD
2024-11-22,595.51,상승(위험선호),0.3649,1.0,1.0,HOLD
2024-11-25,597.53,상승(위험선호),0.373,0.35,1.0,HOLD
2024-11-26,600.65,상승(위험선호),0.4222,0.35,0.35,REDUCE
2024-11-27,598.83,상승(위험선호),0.464,0.35,0.35,HOLD
2024-11-29,602.55,상승(위험선호),0.498,1.0,0.35,HOLD
2024-12-02,603.63,상승(위험선호),0.5309,1.0,1.0,ADD
2024-12-03,603.91,상승(위험선호),0.4877,0.42,1.0,HOLD
2024-12-04,607.66,상승(위험선호),0.486,1.0,0.42,REDUCE
2024-12-05,606.66,상승(위험선호),0.4966,1.0,1.0,ADD
2024-12-06,607.81,상승(위험선호),0.5643,1.0,1.0,HOLD
2024-12-09,604.68,상승(위험선호),0.5913,1.0,1.0,HOLD
2024-12-10,602.8,상승(위험선호),0.6416,1.0,1.0,HOLD
2024-12-11,607.46,상승(위험선호),0.629,1.0,1.0,HOLD
2024-12-12,604.33,상승(위험선호),0.6068,1.0,1.0,HOLD
2024-12-13,604.21,상승(위험선호),0.5271,0.62,1.0,HOLD
2024-12-16,606.79,상승(위험선호),0.4267,0.81,0.62,REDUCE
2024-12-17,604.29,상승(위험선호),0.4201,0.81,0.81,ADD
2024-12-18,586.28,상승(위험선호),0.3986,1.0,0.81,HOLD
2024-12-19,586.1,상승(위험선호),0.3482,1.0,1.0,ADD
2024-12-20,591.15,중립,0.3746,0.0,1.0,HOLD
2024-12-23,594.69,중립,0.3508,0.0,0.0,SELL
2024-12-24,601.3,중립,0.3277,0.0,0.0,HOLD
2024-12-26,601.34,중립,0.3301,0.0,0.0,HOLD
2024-12-27,595.01,중립,0.3244,0.0,0.0,HOLD
2024-12-30,588.22,중립,0.3015,0.0,0.0,HOLD
2024-12-31,586.08,중립,0.303,0.0,0.0,HOLD
2025-01-02,584.64,중립,0.3039,0.0,0.0,HOLD
2025-01-03,591.95,중립,0.3055,0.0,0.0,HOLD
2025-01-06,595.36,중립,0.3406,0.0,0.0,HOLD
2025-01-07,588.63,중립,0.3274,0.0,0.0,HOLD
2025-01-08,589.49,중립,0.3292,0.0,0.0,HOLD
2025-01-10,580.49,중립,0.326,0.0,0.0,HOLD
2025-01-13,581.39,중립,0.2689,0.0,0.0,HOLD
2025-01-14,582.19,중립,0.3004,0.0,0.0,HOLD
2025-01-15,592.78,중립,0.2583,0.0,0.0,HOLD
2025-01-16,591.64,중립,0.2917,0.0,0.0,HOLD
2025-01-17,597.58,중립,0.2966,0.0,0.0,HOLD
2025-01-21,603.05,중립,0.3015,0.0,0.0,HOLD
2025-01-22,606.44,중립,0.2987,0.0,0.0,HOLD
2025-01-23,609.75,중립,0.2996,0.0,0.0,HOLD
2025-01-24,607.97,중립,0.3083,1.0,0.0,HOLD
2025-01-27,599.37,중립,0.2995,0.0,1.0,BUY
2025-01-28,604.52,중립,0.2867,0.0,0.0,SELL
2025-01-29,601.81,중립,0.285,0.0,0.0,HOLD
2025-01-30,605.04,중립,0.3049,0.0,0.0,HOLD
2025-01-31,601.82,중립,0.2969,0.0,0.0,HOLD
2025-02-03,597.77,중립,0.249,0.0,0.0,HOLD
2025-02-04,601.78,중립,0.2286,0.0,0.0,HOLD
2025-02-05,604.22,중립,0.2439,0.0,0.0,HOLD
2025-02-06,606.32,중립,0.243,0.0,0.0,HOLD
2025-02-07,600.77,중립,0.2583,0.0,0.0,HOLD
2025-02-10,604.85,중립,0.2491,0.0,0.0,HOLD
2025-02-11,605.31,중립,0.2425,0.0,0.0,HOLD
2025-02-12,603.36,중립,0.2093,0.0,0.0,HOLD
2025-02-13,609.73,중립,0.2032,0.0,0.0,HOLD
2025-02-14,609.7,중립,0.2666,0.0,0.0,HOLD
2025-02-18,611.49,중립,0.1808,0.0,0.0,HOLD
2025-02-19,612.93,중립,0.1709,0.0,0.0,HOLD
2025-02-20,610.38,중립,0.1772,0.0,0.0,HOLD
2025-02-21,599.94,중립,0.1769,0.0,0.0,HOLD
2025-02-24,597.21,중립,0.1913,0.0,0.0,HOLD
2025-02-25,594.24,중립,0.2116,0.0,0.0,HOLD
2025-02-26,594.54,중립,0.2118,0.0,0.0,HOLD
2025-02-27,585.05,중립,0.1908,0.0,0.0,HOLD
2025-02-28,594.18,중립,0.1802,0.0,0.0,HOLD
2025-03-03,583.77,중립,0.1931,0.0,0.0,HOLD
2025-03-04,576.86,중립,0.2009,0.0,0.0,HOLD
2025-03-05,583.06,중립,0.2004,0.0,0.0,HOLD
2025-03-06,572.71,중립,0.2128,0.0,0.0,HOLD
2025-03-07,575.92,중립,0.2214,0.0,0.0,HOLD
2025-03-10,560.58,중립,0.2189,0.0,0.0,HOLD
2025-03-11,555.92,하락(위험회피),0.2062,0.0,0.0,HOLD
2025-03-12,558.87,하락(위험회피),0.2017,0.0,0.0,HOLD
2025-03-13,551.42,하락(위험회피),0.2023,0.0,0.0,HOLD
2025-03-14,562.81,하락(위험회피),0.2038,0.0,0.0,HOLD
2025-03-17,567.15,중립,0.2625,1.0,0.0,HOLD
2025-03-18,561.02,중립,0.159,1.0,1.0,BUY
2025-03-19,567.13,중립,0.1573,1.0,1.0,HOLD
2025-03-20,565.49,중립,0.1604,1.0,1.0,HOLD
2025-03-21,563.98,중립,0.1524,1.0,1.0,HOLD
2025-03-24,574.08,중립,0.151,0.6,1.0,HOLD
2025-03-25,575.46,중립,0.1529,0.0,0.6,REDUCE
2025-03-26,568.59,중립,0.15,0.6,0.0,SELL
2025-03-27,567.08,중립,0.1574,0.0,0.6,BUY
2025-03-28,555.66,중립,0.1744,0.6,0.0,SELL
2025-03-31,559.39,하락(위험회피),0.1829,0.0,0.6,BUY
2025-04-01,560.97,하락(위험회피),0.2519,0.0,0.0,SELL
2025-04-02,564.52,하락(위험회피),0.2587,0.0,0.0,HOLD
2025-04-03,536.7,하락(위험회피),0.3022,0.0,0.0,HOLD
2025-04-04,505.28,하락(위험회피),0.3016,0.0,0.0,HOLD
2025-04-07,504.38,하락(위험회피),0.3053,0.0,0.0,HOLD
2025-04-08,496.48,하락(위험회피),0.3207,0.0,0.0,HOLD
2025-04-09,548.62,하락(위험회피),0.3266,0.0,0.0,HOLD
2025-04-10,524.58,하락(위험회피),0.3985,0.0,0.0,HOLD
2025-04-11,533.94,하락(위험회피),0.5378,0.0,0.0,HOLD
2025-04-14,539.12,하락(위험회피),0.556,0.0,0.0,HOLD
2025-04-15,537.61,상승(위험선호),0.5532,1.0,0.0,HOLD
2025-04-16,525.66,상승(위험선호),0.5997,1.0,1.0,BUY
2025-04-17,526.41,상승(위험선호),0.6194,1.0,1.0,HOLD
2025-04-21,513.88,상승(위험선호),0.5637,1.0,1.0,HOLD
2025-04-22,527.25,상승(위험선호),0.5434,1.0,1.0,HOLD
2025-04-23,535.42,상승(위험선호),0.5264,1.0,1.0,HOLD
2025-04-24,546.69,상승(위험선호),0.5468,1.0,1.0,HOLD
2025-04-25,550.64,상승(위험선호),0.5545,1.0,1.0,HOLD
2025-04-28,550.85,상승(위험선호),0.5872,1.0,1.0,HOLD
2025-04-29,554.32,상승(위험선호),0.6067,1.0,1.0,HOLD
2025-04-30,554.54,상승(위험선호),0.6234,1.0,1.0,HOLD
2025-05-01,558.47,상승(위험선호),0.4616,1.0,1.0,HOLD
2025-05-02,566.76,상승(위험선호),0.487,1.0,1.0,HOLD
2025-05-05,563.51,상승(위험선호),0.4374,1.0,1.0,HOLD
2025-05-06,558.8,상승(위험선호),0.4718,1.0,1.0,HOLD
2025-05-07,561.15,상승(위험선호),0.5005,1.0,1.0,HOLD
2025-05-08,565.06,상승(위험선호),0.498,1.0,1.0,HOLD
2025-05-09,564.34,상승(위험선호),0.5019,1.0,1.0,HOLD
2025-05-12,582.99,상승(위험선호),0.4866,1.0,1.0,HOLD
2025-05-13,586.84,상승(위험선호),0.5038,1.0,1.0,HOLD
2025-05-14,587.59,상승(위험선호),0.6334,1.0,1.0,HOLD
2025-05-15,590.46,상승(위험선호),0.6635,1.0,1.0,HOLD
2025-05-16,594.2,상승(위험선호),0.5469,1.0,1.0,HOLD
2025-05-19,594.85,상승(위험선호),0.5629,1.0,1.0,HOLD
2025-05-20,592.85,상승(위험선호),0.5469,1.0,1.0,HOLD
2025-05-21,582.86,상승(위험선호),0.5145,1.0,1.0,HOLD
2025-05-22,583.09,상승(위험선호),0.467,1.0,1.0,HOLD
2025-05-23,579.11,상승(위험선호),0.4859,1.0,1.0,HOLD
2025-05-27,591.15,상승(위험선호),0.4807,1.0,1.0,HOLD
2025-05-28,587.73,상승(위험선호),0.451,1.0,1.0,HOLD
2025-05-29,590.05,상승(위험선호),0.4316,1.0,1.0,HOLD
2025-05-30,589.39,상승(위험선호),0.4551,1.0,1.0,HOLD
2025-06-02,592.71,상승(위험선호),0.5774,1.0,1.0,HOLD
2025-06-03,596.09,상승(위험선호),0.5481,1.0,1.0,HOLD
2025-06-04,595.93,상승(위험선호),0.5366,1.0,1.0,HOLD
2025-06-05,593.05,상승(위험선호),0.5452,1.0,1.0,HOLD
2025-06-06,599.14,상승(위험선호),0.5372,1.0,1.0,HOLD
2025-06-09,599.68,상승(위험선호),0.5653,1.0,1.0,HOLD
2025-06-10,603.08,상승(위험선호),0.5608,1.0,1.0,HOLD
2025-06-11,601.36,상승(위험선호),0.6083,1.0,1.0,HOLD
2025-06-12,603.75,상승(위험선호),0.7296,1.0,1.0,HOLD
2025-06-13,597.0,상승(위험선호),0.7479,1.0,1.0,HOLD
2025-06-16,602.68,상승(위험선호),0.7006,1.0,1.0,HOLD
2025-06-17,597.53,상승(위험선호),0.6591,1.0,1.0,HOLD
2025-06-18,597.44,상승(위험선호),0.6959,1.0,1.0,HOLD
2025-06-20,594.28,상승(위험선호),0.7134,1.0,1.0,HOLD
2025-06-23,600.15,상승(위험선호),0.7327,1.0,1.0,HOLD
2025-06-24,606.78,상승(위험선호),0.7617,1.0,1.0,HOLD
2025-06-25,607.12,상승(위험선호),0.779,1.0,1.0,HOLD
2025-06-26,611.87,상승(위험선호),0.7889,1.0,1.0,HOLD
2025-06-27,614.91,상승(위험선호),0.7888,1.0,1.0,HOLD
2025-06-30,617.85,상승(위험선호),0.8007,1.0,1.0,HOLD
2025-07-01,617.65,상승(위험선호),0.8196,1.0,1.0,HOLD
2025-07-02,620.45,상승(위험선호),0.8288,1.0,1.0,HOLD
2025-07-03,625.34,상승(위험선호),0.8288,1.0,1.0,HOLD
2025-07-07,620.68,상승(위험선호),0.8488,1.0,1.0,HOLD
2025-07-08,620.34,상승(위험선호),0.8704,1.0,1.0,HOLD
2025-07-09,624.06,상승(위험선호),0.8234,1.0,1.0,HOLD
2025-07-10,625.82,상승(위험선호),0.8384,1.0,1.0,HOLD
2025-07-11,623.62,상승(위험선호),0.8366,1.0,1.0,HOLD
2025-07-14,624.81,상승(위험선호),0.8207,1.0,1.0,HOLD
2025-07-15,622.14,상승(위험선호),0.776,1.0,1.0,HOLD
2025-07-16,624.22,상승(위험선호),0.6337,1.0,1.0,HOLD
2025-07-17,628.04,상승(위험선호),0.6337,1.0,1.0,HOLD
2025-07-18,627.58,상승(위험선호),0.6654,1.0,1.0,HOLD
2025-07-21,628.77,상승(위험선호),0.69,1.0,1.0,HOLD
2025-07-22,628.86,상승(위험선호),0.7167,1.0,1.0,HOLD
2025-07-23,634.21,상승(위험선호),0.7268,1.0,1.0,HOLD
2025-07-24,634.42,상승(위험선호),0.6789,1.0,1.0,HOLD
2025-07-25,637.1,상승(위험선호),0.6929,1.0,1.0,HOLD
2025-07-28,636.94,상승(위험선호),0.6627,1.0,1.0,HOLD
2025-07-29,635.26,상승(위험선호),0.6566,1.0,1.0,HOLD
2025-07-30,634.46,상승(위험선호),0.6079,1.0,1.0,HOLD
2025-07-31,632.08,상승(위험선호),0.5861,1.0,1.0,HOLD
2025-08-01,621.72,상승(위험선호),0.6319,1.0,1.0,HOLD
2025-08-04,631.17,상승(위험선호),0.6424,1.0,1.0,HOLD
2025-08-05,627.97,상승(위험선호),0.6793,1.0,1.0,HOLD
2025-08-06,632.78,상승(위험선호),0.7028,1.0,1.0,HOLD
2025-08-07,632.25,상승(위험선호),0.7262,1.0,1.0,HOLD
2025-08-08,637.18,상승(위험선호),0.7065,1.0,1.0,HOLD
2025-08-11,635.92,상승(위험선호),0.7732,1.0,1.0,HOLD
2025-08-12,642.69,상승(위험선호),0.7857,1.0,1.0,HOLD
2025-08-13,644.89,상승(위험선호),0.8826,1.0,1.0,HOLD
2025-08-14,644.95,상승(위험선호),0.8545,1.0,1.0,HOLD
2025-08-15,643.44,상승(위험선호),0.7157,1.0,1.0,HOLD
2025-08-18,643.3,상승(위험선호),0.6749,1.0,1.0,HOLD
2025-08-19,639.81,상승(위험선호),0.7171,1.0,1.0,HOLD
2025-08-20,638.11,상승(위험선호),0.7041,1.0,1.0,HOLD
2025-08-21,635.55,상승(위험선호),0.696,1.0,1.0,HOLD
2025-08-22,645.31,상승(위험선호),0.7284,1.0,1.0,HOLD
2025-08-25,642.47,상승(위험선호),0.6825,1.0,1.0,HOLD
2025-08-26,645.16,상승(위험선호),0.6815,1.0,1.0,HOLD
2025-08-27,646.63,상승(위험선호),0.6436,1.0,1.0,HOLD
2025-08-28,648.92,상승(위험선호),0.6929,1.0,1.0,HOLD
2025-08-29,645.05,상승(위험선호),0.6701,1.0,1.0,HOLD
2025-09-02,640.27,상승(위험선호),0.6402,1.0,1.0,HOLD
2025-09-03,643.74,상승(위험선호),0.6752,1.0,1.0,HOLD
2025-09-04,649.12,상승(위험선호),0.6927,1.0,1.0,HOLD
2025-09-05,647.24,상승(위험선호),0.738,1.0,1.0,HOLD
2025-09-08,648.83,상승(위험선호),0.7582,1.0,1.0,HOLD
2025-09-09,650.33,상승(위험선호),0.7481,1.0,1.0,HOLD
2025-09-10,652.21,상승(위험선호),0.7375,1.0,1.0,HOLD
2025-09-11,657.63,상승(위험선호),0.8077,1.0,1.0,HOLD
2025-09-12,657.41,상승(위험선호),0.8295,1.0,1.0,HOLD
2025-09-15,660.91,상승(위험선호),0.7025,1.0,1.0,HOLD
2025-09-16,660.0,상승(위험선호),0.7226,1.0,1.0,HOLD
2025-09-17,659.18,상승(위험선호),0.7106,1.0,1.0,HOLD
2025-09-18,662.26,상승(위험선호),0.6587,1.0,1.0,HOLD
2025-09-19,663.7,상승(위험선호),0.6107,1.0,1.0,HOLD
2025-09-22,666.84,상승(위험선호),0.6108,1.0,1.0,HOLD
2025-09-23,663.21,상승(위험선호),0.6218,1.0,1.0,HOLD
2025-09-24,661.1,상승(위험선호),0.5621,1.0,1.0,HOLD
2025-09-25,658.05,상승(위험선호),0.4526,0.65,1.0,HOLD
2025-09-26,661.82,상승(위험선호),0.4992,0.65,0.65,REDUCE
2025-09-29,663.68,상승(위험선호),0.5552,0.65,0.65,HOLD
2025-09-30,666.18,상승(위험선호),0.593,0.76,0.65,HOLD
2025-10-01,668.45,상승(위험선호),0.5844,0.76,0.76,ADD
2025-10-02,669.22,상승(위험선호),0.5726,0.76,0.76,HOLD
2025-10-03,669.21,상승(위험선호),0.563,0.76,0.76,HOLD
2025-10-06,671.61,상승(위험선호),0.5099,0.76,0.76,HOLD
2025-10-07,669.12,상승(위험선호),0.4976,0.76,0.76,HOLD
2025-10-08,673.11,상승(위험선호),0.4947,0.0,0.76,HOLD
2025-10-09,671.16,상승(위험선호),0.5267,0.0,0.0,SELL
2025-10-10,653.02,상승(위험선호),0.5817,0.0,0.0,HOLD
2025-10-13,663.04,상승(위험선호),0.6542,0.0,0.0,HOLD
2025-10-14,662.23,상승(위험선호),0.6723,0.0,0.0,HOLD
2025-10-15,665.17,상승(위험선호),0.63,0.0,0.0,HOLD
2025-10-16,660.64,상승(위험선호),0.4265,1.0,0.0,HOLD
2025-10-17,664.39,상승(위험선호),0.4427,1.0,1.0,BUY
2025-10-20,671.3,상승(위험선호),0.4295,1.0,1.0,HOLD
2025-10-21,671.29,상승(위험선호),0.4626,1.0,1.0,HOLD
2025-10-22,667.8,상승(위험선호),0.4977,1.0,1.0,HOLD
2025-10-23,671.76,상승(위험선호),0.5273,1.0,1.0,HOLD
2025-10-24,677.25,상승(위험선호),0.5314,1.0,1.0,HOLD
2025-10-27,685.24,상승(위험선호),0.4901,1.0,1.0,HOLD
2025-10-28,687.06,상승(위험선호),0.4764,0.0,1.0,HOLD
2025-10-29,687.39,상승(위험선호),0.4471,0.0,0.0,SELL
2025-10-30,679.83,상승(위험선호),0.4091,0.0,0.0,HOLD
2025-10-31,682.06,상승(위험선호),0.4185,0.0,0.0,HOLD
2025-11-03,683.34,상승(위험선호),0.4183,0.0,0.0,HOLD
2025-11-04,675.24,상승(위험선호),0.4239,0.0,0.0,HOLD
2025-11-05,677.58,상승(위험선호),0.4071,0.33,0.0,HOLD
2025-11-06,670.31,상승(위험선호),0.4245,0.33,0.33,BUY
2025-11-07,670.97,상승(위험선호),0.4528,0.33,0.33,HOLD
2025-11-10,681.44,상승(위험선호),0.4868,0.33,0.33,HOLD
2025-11-11,683.0,상승(위험선호),0.5187,0.33,0.33,HOLD
2025-11-12,683.38,상승(위험선호),0.5249,0.33,0.33,HOLD
2025-11-13,672.04,상승(위험선호),0.6254,0.33,0.33,HOLD
2025-11-14,671.93,상승(위험선호),0.621,0.33,0.33,HOLD
2025-11-17,665.67,상승(위험선호),0.495,0.33,0.33,HOLD
2025-11-18,660.08,상승(위험선호),0.5056,1.0,0.33,HOLD
2025-11-19,662.63,상승(위험선호),0.4609,1.0,1.0,ADD
2025-11-20,652.53,상승(위험선호),0.4528,1.0,1.0,HOLD
2025-11-21,659.03,상승(위험선호),0.4637,1.0,1.0,HOLD
2025-11-24,668.73,상승(위험선호),0.4446,1.0,1.0,HOLD
2025-11-25,675.02,상승(위험선호),0.4983,1.0,1.0,HOLD
2025-11-26,679.68,상승(위험선호),0.531,1.0,1.0,HOLD
2025-11-28,683.39,상승(위험선호),0.5389,1.0,1.0,HOLD
2025-12-01,680.27,상승(위험선호),0.4795,0.33,1.0,HOLD
2025-12-02,681.53,상승(위험선호),0.4302,0.33,0.33,REDUCE
2025-12-03,683.89,상승(위험선호),0.4498,0.33,0.33,HOLD
2025-12-04,684.39,상승(위험선호),0.4688,0.33,0.33,HOLD
2025-12-05,685.69,상승(위험선호),0.4581,0.33,0.33,HOLD
2025-12-08,683.63,상승(위험선호),0.4614,0.33,0.33,HOLD
2025-12-09,683.04,상승(위험선호),0.5452,0.33,0.33,HOLD
2025-12-10,687.57,상승(위험선호),0.5438,0.33,0.33,HOLD
2025-12-11,689.17,상승(위험선호),0.5673,0.33,0.33,HOLD
2025-12-12,681.76,상승(위험선호),0.5544,0.33,0.33,HOLD
2025-12-15,680.73,상승(위험선호),0.5782,0.33,0.33,HOLD
2025-12-16,678.87,상승(위험선호),0.4151,0.33,0.33,HOLD
2025-12-17,671.4,상승(위험선호),0.4149,1.0,0.33,HOLD
2025-12-18,676.47,상승(위험선호),0.4081,1.0,1.0,ADD
2025-12-19,680.59,상승(위험선호),0.4272,1.0,1.0,HOLD
2025-12-22,684.83,상승(위험선호),0.4221,1.0,1.0,HOLD
2025-12-23,687.96,상승(위험선호),0.4413,1.0,1.0,HOLD
2025-12-24,690.38,상승(위험선호),0.4408,0.55,1.0,HOLD
2025-12-26,690.31,상승(위험선호),0.4554,0.55,0.55,REDUCE
2025-12-29,687.85,상승(위험선호),0.4541,0.55,0.55,HOLD
2025-12-30,687.01,상승(위험선호),0.4309,0.55,0.55,HOLD
2025-12-31,681.92,상승(위험선호),0.4522,0.55,0.55,HOLD
2026-01-02,683.17,상승(위험선호),0.4814,0.55,0.55,HOLD
2026-01-05,687.72,상승(위험선호),0.5071,1.0,0.55,HOLD
2026-01-06,691.81,상승(위험선호),0.548,1.0,1.0,ADD
2026-01-07,689.58,상승(위험선호),0.5254,1.0,1.0,HOLD
2026-01-08,689.51,상승(위험선호),0.5413,1.0,1.0,HOLD
2026-01-09,694.07,상승(위험선호),0.5026,0.53,1.0,HOLD
2026-01-12,695.16,상승(위험선호),0.5043,0.53,0.53,REDUCE
2026-01-13,693.77,상승(위험선호),0.5699,0.53,0.53,HOLD
2026-01-14,690.36,상승(위험선호),0.5791,0.53,0.53,HOLD
2026-01-15,692.24,상승(위험선호),0.4286,0.53,0.53,HOLD
2026-01-16,691.66,상승(위험선호),0.4437,0.68,0.53,HOLD
2026-01-20,677.58,상승(위험선호),0.4682,1.0,0.68,ADD
2026-01-21,685.4,상승(위험선호),0.4647,1.0,1.0,ADD
2026-01-22,688.98,상승(위험선호),0.5102,1.0,1.0,HOLD
2026-01-23,689.23,상승(위험선호),0.509,1.0,1.0,HOLD
2026-01-26,692.73,상승(위험선호),0.5245,1.0,1.0,HOLD
2026-01-27,695.49,상승(위험선호),0.5912,1.0,1.0,HOLD
2026-01-28,695.42,상승(위험선호),0.588,1.0,1.0,HOLD
2026-01-29,694.04,상승(위험선호),0.6225,1.0,1.0,HOLD
2026-01-30,691.97,상승(위험선호),0.5839,1.0,1.0,HOLD
2026-02-02,695.41,상승(위험선호),0.5597,1.0,1.0,HOLD
2026-02-03,689.53,상승(위험선호),0.5478,1.0,1.0,HOLD
2026-02-04,686.19,상승(위험선호),0.5258,1.0,1.0,HOLD
2026-02-05,677.62,상승(위험선호),0.5137,1.0,1.0,HOLD
2026-02-06,690.62,상승(위험선호),0.5899,1.0,1.0,HOLD
2026-02-09,693.95,상승(위험선호),0.6388,1.0,1.0,HOLD
2026-02-10,692.12,상승(위험선호),0.6499,1.0,1.0,HOLD
2026-02-11,691.96,상승(위험선호),0.6389,1.0,1.0,HOLD
2026-02-12,681.27,상승(위험선호),0.6485,1.0,1.0,HOLD
2026-02-13,681.75,상승(위험선호),0.8078,1.0,1.0,HOLD
2026-02-17,682.85,중립,0.5689,1.0,1.0,HOLD
2026-02-18,686.29,중립,0.5522,1.0,1.0,HOLD
2026-02-19,684.48,중립,0.5309,1.0,1.0,HOLD
2026-02-20,689.43,중립,0.53,0.0,1.0,HOLD
2026-02-23,682.39,중립,0.5524,1.0,0.0,SELL
2026-02-24,687.35,중립,0.5474,0.0,1.0,BUY
2026-02-25,693.15,중립,0.5425,0.0,0.0,SELL
2026-02-26,689.3,중립,0.5225,0.0,0.0,HOLD
2026-02-27,685.99,중립,0.5157,0.0,0.0,HOLD
2026-03-02,686.38,중립,0.4465,0.0,0.0,HOLD
2026-03-03,680.33,중립,0.3971,0.0,0.0,HOLD
2026-03-04,685.13,중립,0.4088,0.0,0.0,HOLD
2026-03-05,681.31,중립,0.3764,0.0,0.0,HOLD
2026-03-06,672.38,중립,0.3892,0.0,0.0,HOLD
2026-03-09,678.27,중립,0.4002,0.0,0.0,HOLD
2026-03-10,677.18,중립,0.392,0.0,0.0,HOLD
2026-03-11,676.33,중립,0.3536,0.0,0.0,HOLD
2026-03-12,666.06,중립,0.3369,0.0,0.0,HOLD
2026-03-13,662.29,중립,0.3225,0.0,0.0,HOLD
2026-03-16,669.03,중립,0.377,0.0,0.0,HOLD
2026-03-17,670.79,하락(위험회피),0.5463,0.0,0.0,HOLD
2026-03-18,661.43,하락(위험회피),0.2806,0.0,0.0,HOLD
2026-03-19,659.8,하락(위험회피),0.3244,0.0,0.0,HOLD
2026-03-20,648.57,하락(위험회피),0.285,0.0,0.0,HOLD
2026-03-23,655.38,하락(위험회피),0.2734,0.0,0.0,HOLD
2026-03-24,653.18,하락(위험회피),0.2578,0.0,0.0,HOLD
2026-03-25,656.82,하락(위험회피),0.2446,0.0,0.0,HOLD
2026-03-26,645.09,하락(위험회피),0.2343,0.0,0.0,HOLD
2026-03-27,634.09,하락(위험회피),0.2239,0.0,0.0,HOLD
2026-03-30,631.97,하락(위험회피),0.2043,0.0,0.0,HOLD
2026-03-31,650.34,하락(위험회피),0.2345,0.0,0.0,HOLD
2026-04-01,655.24,중립,0.2386,0.0,0.0,HOLD
2026-04-02,655.83,중립,0.2388,0.0,0.0,HOLD
2026-04-06,658.93,중립,0.2387,0.0,0.0,HOLD
2026-04-07,659.22,중립,0.266,0.0,0.0,HOLD
2026-04-08,676.01,중립,0.2947,0.6,0.0,HOLD
2026-04-09,679.91,중립,0.2877,0.6,0.6,BUY
2026-04-10,679.46,상승(위험선호),0.3454,1.0,0.6,HOLD
2026-04-13,686.1,상승(위험선호),0.3465,1.0,1.0,ADD
2026-04-14,694.46,상승(위험선호),0.4375,1.0,1.0,HOLD
2026-04-15,699.94,상승(위험선호),0.1577,1.0,1.0,HOLD
2026-04-16,701.66,상승(위험선호),0.1973,1.0,1.0,HOLD
2026-04-17,710.14,상승(위험선호),0.2063,1.0,1.0,HOLD
2026-04-20,708.72,상승(위험선호),0.2066,1.0,1.0,HOLD
2026-04-21,704.08,상승(위험선호),0.1883,1.0,1.0,HOLD
2026-04-22,711.21,상승(위험선호),0.1764,1.0,1.0,HOLD
2026-04-23,708.45,상승(위험선호),0.1628,1.0,1.0,HOLD
2026-04-24,713.94,상승(위험선호),0.1715,1.0,1.0,HOLD
2026-04-27,715.17,상승(위험선호),0.1764,1.0,1.0,HOLD
2026-04-28,711.69,상승(위험선호),0.1841,1.0,1.0,HOLD
2026-04-29,711.58,상승(위험선호),0.1908,1.0,1.0,HOLD
2026-04-30,718.66,상승(위험선호),0.2062,1.0,1.0,HOLD
2026-05-01,720.65,상승(위험선호),0.212,1.0,1.0,HOLD
2026-05-04,718.01,상승(위험선호),0.2127,1.0,1.0,HOLD
2026-05-05,723.77,상승(위험선호),0.203,1.0,1.0,HOLD
2026-05-06,733.83,상승(위험선호),0.196,1.0,1.0,HOLD
2026-05-07,731.58,상승(위험선호),0.1903,1.0,1.0,HOLD
2026-05-08,737.62,상승(위험선호),0.1968,1.0,1.0,HOLD
2026-05-11,739.3,상승(위험선호),0.1969,1.0,1.0,HOLD
2026-05-12,738.18,상승(위험선호),0.1857,1.0,1.0,HOLD
2026-05-13,742.31,상승(위험선호),0.466,1.0,1.0,HOLD
2026-05-14,748.17,상승(위험선호),0.4736,0.5,1.0,HOLD
2026-05-15,739.17,상승(위험선호),0.4622,0.5,0.5,REDUCE
2026-05-18,738.65,상승(위험선호),0.1561,0.5,0.5,HOLD
2026-05-19,733.73,상승(위험선호),0.1461,1.0,0.5,HOLD
2026-05-20,741.25,상승(위험선호),0.1449,1.0,1.0,ADD
2026-05-21,742.72,중립,0.1436,0.0,1.0,HOLD
2026-05-22,745.64,중립,0.1375,1.0,0.0,SELL
2026-05-26,750.59,중립,0.1299,1.0,1.0,BUY
2026-05-27,750.46,상승(위험선호),0.1374,0.49,1.0,HOLD
2026-05-28,754.6,상승(위험선호),0.1461,0.49,0.49,REDUCE
2026-05-29,756.48,상승(위험선호),0.1496,0.49,0.49,HOLD
2026-06-01,758.54,상승(위험선호),0.1519,0.49,0.49,HOLD
2026-06-02,759.57,상승(위험선호),0.1526,0.49,0.49,HOLD
2026-06-03,754.24,상승(위험선호),0.1543,0.49,0.49,HOLD
2026-06-04,757.09,상승(위험선호),0.1488,0.49,0.49,HOLD
2026-06-05,737.55,상승(위험선호),0.1513,0.38,0.49,HOLD
2026-06-08,739.22,상승(위험선호),0.1484,1.0,0.38,REDUCE
2026-06-09,737.05,상승(위험선호),0.1496,1.0,1.0,ADD
2026-06-10,725.43,상승(위험선호),0.1898,1.0,1.0,HOLD
2026-06-11,737.76,중립,0.1804,0.6,1.0,HOLD
2026-06-12,741.75,중립,0.2316,0.6,0.6,REDUCE
2026-06-15,754.83,중립,0.1518,0.0,0.6,HOLD
2026-06-16,750.33,중립,0.1894,0.0,0.0,SELL
2026-06-17,740.96,중립,0.2021,1.0,0.0,HOLD
2026-06-18,746.74,중립,0.1748,0.6,1.0,BUY
2026-06-22,744.39,중립,0.1788,0.6,0.6,REDUCE
2026-06-23,733.58,중립,0.1634,0.6,0.6,HOLD
2026-06-24,733.24,중립,0.1738,0.0,0.6,HOLD
2026-06-25,734.3,중립,0.2062,0.0,0.0,SELL
2026-06-26,728.99,중립,0.1957,0.0,0.0,HOLD
2026-06-29,741.0,중립,0.194,0.0,0.0,HOLD
2026-06-30,746.77,중립,0.1981,0.0,0.0,HOLD
2026-07-01,745.76,중립,0.1818,0.0,0.0,HOLD
2026-07-02,744.78,중립,0.1903,0.0,0.0,HOLD
2026-07-06,751.28,중립,0.1852,0.0,0.0,HOLD
2026-07-07,747.71,중립,0.1821,0.0,0.0,HOLD
2026-07-08,745.4,중립,0.1665,0.0,0.0,HOLD
2026-07-09,751.71,중립,0.1574,0.0,0.0,HOLD
2026-07-10,754.95,중립,0.1653,0.0,0.0,HOLD
2026-07-13,749.17,중립,0.222,0.0,0.0,HOLD
2026-07-14,751.83,중립,0.2113,0.0,0.0,HOLD
2026-07-15,754.81,중립,0.2514,0.0,0.0,HOLD
2026-07-16,750.72,중립,0.2735,0.0,0.0,HOLD
2026-07-17,743.29,중립,0.2687,0.0,0.0,HOLD
2026-07-20,742.09,중립,0.2675,0.0,0.0,HOLD
2026-07-21,748.28,중립,0.2359,0.0,0.0,HOLD
2026-07-22,747.41,중립,0.237,0.0,0.0,HOLD
2026-07-23,738.18,중립,0.2195,0.0,0.0,HOLD
2026-07-24,738.93,중립,0.232,0.0,0.0,HOLD
2026-07-27,739.09,중립,0.2545,0.0,0.0,HOLD
2026-07-28,740.86,중립,0.2624,0.0,0.0,HOLD
2026-07-29,729.46,중립,0.3082,0.0,0.0,HOLD
2026-07-30,741.69,중립,0.3067,0.0,0.0,HOLD
2026-07-31,747.03,중립,0.313,0.0,0.0,HOLD
2026-08-03,757.67,중립,0.286,0.0,0.0,HOLD
2026-08-04,771.33,중립,0.291,0.0,0.0,HOLD
2026-08-05,769.79,중립,0.3152,0.0,0.0,HOLD
2026-08-06,768.56,중립,0.3024,0.0,0.0,HOLD
2026-08-07,773.26,중립,0.3219,0.0,0.0,HOLD
2026-08-10,773.03,중립,0.3928,0.0,0.0,HOLD
2026-08-11,770.56,중립,0.4122,0.0,0.0,HOLD
2026-08-12,772.49,중립,0.4211,0.0,0.0,HOLD
2026-08-13,777.88,중립,0.5667,0.0,0.0,HOLD
2026-08-14,776.34,중립,0.6215,0.0,0.0,HOLD
2026-08-17,772.67,중립,0.5018,0.0,0.0,HOLD
2026-08-18,767.45,중립,0.4598,0.0,0.0,HOLD
2026-08-19,769.06,중립,0.5241,0.0,0.0,HOLD
2026-08-20,762.6,중립,0.5554,0.0,0.0,HOLD
2026-08-21,765.72,중립,0.5673,0.0,0.0,HOLD
2026-08-24,763.47,중립,0.5653,0.0,0.0,HOLD
2026-08-25,765.91,상승(위험선호),0.5657,1.0,0.0,HOLD
2026-08-26,766.08,상승(위험선호),0.6206,1.0,1.0,BUY
2026-08-27,771.1,상승(위험선호),0.5725,1.0,1.0,HOLD
2026-08-28,769.35,상승(위험선호),0.5463,1.0,1.0,HOLD
2026-08-31,767.05,상승(위험선호),0.5127,1.0,1.0,HOLD
2026-09-01,761.78,상승(위험선호),0.483,1.0,1.0,HOLD
2026-09-02,765.16,상승(위험선호),0.5088,1.0,1.0,HOLD
2026-09-03,773.17,중립,0.5198,0.0,1.0,HOLD
2026-09-04,770.19,중립,0.507,0.0,0.0,SELL
2026-09-08,765.96,중립,0.5085,0.0,0.0,HOLD
2026-09-09,762.4,중립,0.4828,0.0,0.0,HOLD
2026-09-10,757.83,중립,0.5372,0.0,0.0,HOLD
2026-09-11,764.29,중립,0.4935,1.0,0.0,HOLD
2026-09-14,760.88,중립,0.468,1.0,1.0,BUY
2026-09-15,757.39,중립,0.4039,1.0,1.0,HOLD
2026-09-16,754.05,중립,0.341,1.0,1.0,HOLD
2026-09-17,762.6,중립,0.331,1.0,1.0,HOLD
2026-09-18,761.69,상승(위험선호),0.3352,1.0,1.0,HOLD
2026-09-21,773.5,상승(위험선호),0.2519,1.0,1.0,HOLD
2026-09-22,773.38,상승(위험선호),0.2486,1.0,1.0,HOLD
2026-09-23,767.81,중립,0.2372,0.0,1.0,HOLD
2026-09-24,767.18,중립,0.2131,0.0,0.0,SELL
2026-09-25,771.35,중립,0.2016,0.0,0.0,HOLD
2026-09-28,765.61,중립,0.1845,0.0,0.0,HOLD
2026-09-29,764.2,중립,0.1729,0.0,0.0,HOLD
2026-09-30,,중립,0.1729,0.0,,HOLD
