날짜,구분,E_t(SPY목표비중),배분합계,현금,적격섹터수,판단,1위 섹터,회피 섹터,채택신호수,1위 득표,꼴찌 득표,득표 상실 중 보유,1위 여유(2위 대비),여유 문턱,확신 게이트,SPY 배분비중,XLK 배분비중,XLV 배분비중,XLY 배분비중,XLP 배분비중,XLF 배분비중,XLE 배분비중,XLI 배분비중,XLB 배분비중,XLU 배분비중,XLC 배분비중,XLRE 배분비중,SPY 순위,XLK 순위,XLV 순위,XLY 순위,XLP 순위,XLF 순위,XLE 순위,XLI 순위,XLB 순위,XLU 순위,XLC 순위,XLRE 순위
2018-01-02,실적,1.0,1.0,0.0,0,폴백,,,0,0,0,False,,,해당없음,0.0,0.9,0.0111,0.0111,0.0111,0.0111,0.0111,0.0111,0.0111,0.0111,0.0,0.0111,,,,,,,,,,,,
2018-01-03,실적,1.0,1.0,0.0,0,폴백,,,0,0,0,False,,,해당없음,0.0,0.9,0.0111,0.0111,0.0111,0.0111,0.0111,0.0111,0.0111,0.0111,0.0,0.0111,,,,,,,,,,,,
2018-01-04,실적,1.0,1.0,0.0,0,폴백,,,0,0,0,False,,,해당없음,0.0,0.9,0.0111,0.0111,0.0111,0.0111,0.0111,0.0111,0.0111,0.0111,0.0,0.0111,,,,,,,,,,,,
2018-01-05,실적,1.0,1.0,0.0,0,폴백,,,0,0,0,False,,,해당없음,0.0,0.9,0.0111,0.0111,0.0111,0.0111,0.0111,0.0111,0.0111,0.0111,0.0,0.0111,,,,,,,,,,,,
2018-01-08,실적,0.82,0.8172,0.1828,0,폴백,,,0,0,0,False,,,해당없음,0.0,0.7355,0.0091,0.0091,0.0091,0.0091,0.0091,0.0091,0.0091,0.0091,0.0,0.0091,,,,,,,,,,,,
2018-01-09,실적,0.84,0.8352,0.1648,0,폴백,,,0,0,0,False,,,해당없음,0.0,0.7517,0.0093,0.0093,0.0093,0.0093,0.0093,0.0093,0.0093,0.0093,0.0,0.0093,,,,,,,,,,,,
2018-01-10,실적,0.82,0.8201,0.1799,0,폴백,,,0,0,0,False,,,해당없음,0.0,0.7381,0.0103,0.0103,0.0103,0.0103,0.0103,0.0103,0.0103,0.0103,0.0,0.0,,,,,,,,,,,,
2018-01-11,실적,0.78,0.7791,0.2209,0,폴백,,,0,0,0,False,,,해당없음,0.0,0.7012,0.0097,0.0097,0.0097,0.0097,0.0097,0.0097,0.0097,0.0097,0.0,0.0,,,,,,,,,,,,
2018-01-12,실적,0.76,0.7618,0.2382,0,폴백,,,0,0,0,False,,,해당없음,0.0,0.6856,0.0095,0.0095,0.0095,0.0095,0.0095,0.0095,0.0095,0.0095,0.0,0.0,,,,,,,,,,,,
2018-01-16,실적,0.77,0.7717,0.2283,0,폴백,,,0,0,0,False,,,해당없음,0.0,0.6946,0.0096,0.0096,0.0096,0.0096,0.0096,0.0096,0.0096,0.0096,0.0,0.0,,,,,,,,,,,,
2018-01-17,실적,0.75,0.7528,0.2472,0,폴백,,,0,0,0,False,,,해당없음,0.0,0.6775,0.0094,0.0094,0.0094,0.0094,0.0094,0.0094,0.0094,0.0094,0.0,0.0,,,,,,,,,,,,
2018-01-18,실적,0.0,0.0,1.0,0,현금,,,0,0,0,False,,,해당없음,0.0,0.0,0.0,0.0,0.0,0.0,0.0,0.0,0.0,0.0,0.0,0.0,,,,,,,,,,,,
2018-01-19,실적,0.0,0.0,1.0,0,현금,,,0,0,0,False,,,해당없음,0.0,0.0,0.0,0.0,0.0,0.0,0.0,0.0,0.0,0.0,0.0,0.0,,,,,,,,,,,,
2018-01-22,실적,1.0,1.0,0.0,0,폴백,,,0,0,0,False,,,해당없음,0.0,0.9,0.0125,0.0125,0.0125,0.0125,0.0125,0.0125,0.0125,0.0125,0.0,0.0,,,,,,,,,,,,
2018-01-23,실적,1.0,1.0,0.0,0,폴백,,,0,0,0,False,,,해당없음,0.0,0.9,0.0111,0.0111,0.0111,0.0111,0.0111,0.0111,0.0111,0.0111,0.0,0.0111,,,,,,,,,,,,
2018-01-24,실적,1.0,1.0,0.0,0,폴백,,,0,0,0,False,,,해당없음,0.0,0.9,0.0111,0.0111,0.0111,0.0111,0.0111,0.0111,0.0111,0.0111,0.0,0.0111,,,,,,,,,,,,
2018-01-25,실적,0.0,0.0,1.0,0,현금,,,0,0,0,False,,,해당없음,0.0,0.0,0.0,0.0,0.0,0.0,0.0,0.0,0.0,0.0,0.0,0.0,,,,,,,,,,,,
2018-01-26,실적,0.0,0.0,1.0,0,현금,,,0,0,0,False,,,해당없음,0.0,0.0,0.0,0.0,0.0,0.0,0.0,0.0,0.0,0.0,0.0,0.0,,,,,,,,,,,,
2018-01-29,실적,0.0,0.0,1.0,0,현금,,,0,0,0,False,,,해당없음,0.0,0.0,0.0,0.0,0.0,0.0,0.0,0.0,0.0,0.0,0.0,0.0,,,,,,,,,,,,
2018-01-30,실적,0.0,0.0,1.0,0,현금,,,0,0,0,False,,,해당없음,0.0,0.0,0.0,0.0,0.0,0.0,0.0,0.0,0.0,0.0,0.0,0.0,,,,,,,,,,,,
2018-01-31,실적,0.0,0.0,1.0,0,현금,,,0,0,0,False,,,해당없음,0.0,0.0,0.0,0.0,0.0,0.0,0.0,0.0,0.0,0.0,0.0,0.0,,,,,,,,,,,,
2018-02-01,실적,0.0,0.0,1.0,0,현금,,,0,0,0,False,,,해당없음,0.0,0.0,0.0,0.0,0.0,0.0,0.0,0.0,0.0,0.0,0.0,0.0,,,,,,,,,,,,
2018-02-02,실적,0.0,0.0,1.0,0,현금,,,0,0,0,False,,,해당없음,0.0,0.0,0.0,0.0,0.0,0.0,0.0,0.0,0.0,0.0,0.0,0.0,,,,,,,,,,,,
2018-02-05,실적,0.0,0.0,1.0,0,현금,,,0,0,0,False,,,해당없음,0.0,0.0,0.0,0.0,0.0,0.0,0.0,0.0,0.0,0.0,0.0,0.0,,,,,,,,,,,,
2018-02-06,실적,0.0,0.0,1.0,0,현금,,,0,0,0,False,,,해당없음,0.0,0.0,0.0,0.0,0.0,0.0,0.0,0.0,0.0,0.0,0.0,0.0,,,,,,,,,,,,
2018-02-07,실적,0.0,0.0,1.0,0,현금,,,0,0,0,False,,,해당없음,0.0,0.0,0.0,0.0,0.0,0.0,0.0,0.0,0.0,0.0,0.0,0.0,,,,,,,,,,,,
2018-02-08,실적,0.0,0.0,1.0,0,현금,,,0,0,0,False,,,해당없음,0.0,0.0,0.0,0.0,0.0,0.0,0.0,0.0,0.0,0.0,0.0,0.0,,,,,,,,,,,,
2018-02-09,실적,0.0,0.0,1.0,0,현금,,,0,0,0,False,,,해당없음,0.0,0.0,0.0,0.0,0.0,0.0,0.0,0.0,0.0,0.0,0.0,0.0,,,,,,,,,,,,
2018-02-12,실적,0.0,0.0,1.0,0,현금,,,0,0,0,False,,,해당없음,0.0,0.0,0.0,0.0,0.0,0.0,0.0,0.0,0.0,0.0,0.0,0.0,,,,,,,,,,,,
2018-02-13,실적,0.0,0.0,1.0,0,현금,,,0,0,0,False,,,해당없음,0.0,0.0,0.0,0.0,0.0,0.0,0.0,0.0,0.0,0.0,0.0,0.0,,,,,,,,,,,,
2018-02-14,실적,0.0,0.0,1.0,0,현금,,,0,0,0,False,,,해당없음,0.0,0.0,0.0,0.0,0.0,0.0,0.0,0.0,0.0,0.0,0.0,0.0,,,,,,,,,,,,
2018-02-15,실적,0.0,0.0,1.0,0,현금,,,0,0,0,False,,,해당없음,0.0,0.0,0.0,0.0,0.0,0.0,0.0,0.0,0.0,0.0,0.0,0.0,,,,,,,,,,,,
2018-02-16,실적,0.0,0.0,1.0,0,현금,,,0,0,0,False,,,해당없음,0.0,0.0,0.0,0.0,0.0,0.0,0.0,0.0,0.0,0.0,0.0,0.0,,,,,,,,,,,,
2018-02-20,실적,0.0,0.0,1.0,0,현금,,,0,0,0,False,,,해당없음,0.0,0.0,0.0,0.0,0.0,0.0,0.0,0.0,0.0,0.0,0.0,0.0,,,,,,,,,,,,
2018-02-21,실적,0.6,0.6,0.4,0,폴백,,,0,0,0,False,,,해당없음,0.0,0.54,0.0075,0.0075,0.0075,0.0075,0.0075,0.0075,0.0075,0.0075,0.0,0.0,,,,,,,,,,,,
2018-02-22,실적,0.6,0.6,0.4,0,폴백,,,0,0,0,False,,,해당없음,0.0,0.54,0.0075,0.0075,0.0075,0.0075,0.0075,0.0075,0.0075,0.0075,0.0,0.0,,,,,,,,,,,,
2018-02-23,실적,0.6,0.6,0.4,0,폴백,,,0,0,0,False,,,해당없음,0.0,0.54,0.0075,0.0075,0.0075,0.0075,0.0075,0.0075,0.0075,0.0075,0.0,0.0,,,,,,,,,,,,
2018-02-26,실적,1.0,1.0,0.0,0,폴백,,,0,0,0,False,,,해당없음,0.0,0.9,0.0125,0.0125,0.0125,0.0125,0.0125,0.0125,0.0125,0.0125,0.0,0.0,,,,,,,,,,,,
2018-02-27,실적,1.0,1.0,0.0,0,폴백,,,0,0,0,False,,,해당없음,0.0,0.9,0.0125,0.0125,0.0125,0.0125,0.0125,0.0125,0.0125,0.0125,0.0,0.0,,,,,,,,,,,,
2018-02-28,실적,1.0,1.0,0.0,0,폴백,,,0,0,0,False,,,해당없음,0.0,0.9,0.0125,0.0125,0.0125,0.0125,0.0125,0.0125,0.0125,0.0125,0.0,0.0,,,,,,,,,,,,
2018-03-01,실적,1.0,1.0,0.0,0,폴백,,,0,0,0,False,,,해당없음,0.0,0.9,0.0125,0.0125,0.0125,0.0125,0.0125,0.0125,0.0125,0.0125,0.0,0.0,,,,,,,,,,,,
2018-03-02,실적,1.0,1.0,0.0,0,폴백,,,0,0,0,False,,,해당없음,0.0,0.9,0.0125,0.0125,0.0125,0.0125,0.0125,0.0125,0.0125,0.0125,0.0,0.0,,,,,,,,,,,,
2018-03-05,실적,1.0,1.0,0.0,0,폴백,,,0,0,0,False,,,해당없음,0.0,0.9,0.0125,0.0125,0.0125,0.0125,0.0125,0.0125,0.0125,0.0125,0.0,0.0,,,,,,,,,,,,
2018-03-06,실적,1.0,1.0,0.0,0,폴백,,,0,0,0,False,,,해당없음,0.0,0.9,0.0125,0.0125,0.0125,0.0125,0.0125,0.0125,0.0125,0.0125,0.0,0.0,,,,,,,,,,,,
2018-03-07,실적,1.0,1.0,0.0,0,폴백,,,0,0,0,False,,,해당없음,0.0,0.9,0.0125,0.0125,0.0125,0.0125,0.0125,0.0125,0.0125,0.0125,0.0,0.0,,,,,,,,,,,,
2018-03-08,실적,1.0,1.0,0.0,0,폴백,,,0,0,0,False,,,해당없음,0.0,0.9,0.0125,0.0125,0.0125,0.0125,0.0125,0.0125,0.0125,0.0125,0.0,0.0,,,,,,,,,,,,
2018-03-09,실적,1.0,1.0,0.0,0,폴백,,,0,0,0,False,,,해당없음,0.0,0.9,0.0125,0.0125,0.0125,0.0125,0.0125,0.0125,0.0125,0.0125,0.0,0.0,,,,,,,,,,,,
2018-03-12,실적,1.0,1.0,0.0,0,폴백,,,0,0,0,False,,,해당없음,0.0,0.9,0.0125,0.0125,0.0125,0.0125,0.0125,0.0125,0.0125,0.0125,0.0,0.0,,,,,,,,,,,,
2018-03-13,실적,1.0,1.0,0.0,0,폴백,,,0,0,0,False,,,해당없음,0.0,0.9,0.0125,0.0125,0.0125,0.0125,0.0125,0.0125,0.0125,0.0125,0.0,0.0,,,,,,,,,,,,
2018-03-14,실적,1.0,1.0,0.0,0,폴백,,,0,0,0,False,,,해당없음,0.0,0.9,0.0125,0.0125,0.0125,0.0125,0.0125,0.0125,0.0125,0.0125,0.0,0.0,,,,,,,,,,,,
2018-03-15,실적,1.0,1.0,0.0,0,폴백,,,0,0,0,False,,,해당없음,0.0,0.9,0.0125,0.0125,0.0125,0.0125,0.0125,0.0125,0.0125,0.0125,0.0,0.0,,,,,,,,,,,,
2018-03-16,실적,1.0,1.0,0.0,0,폴백,,,0,0,0,False,,,해당없음,0.0,0.9,0.0125,0.0125,0.0125,0.0125,0.0125,0.0125,0.0125,0.0125,0.0,0.0,,,,,,,,,,,,
2018-03-19,실적,1.0,1.0,0.0,0,폴백,,,0,0,0,False,,,해당없음,0.0,0.9,0.0125,0.0125,0.0125,0.0125,0.0125,0.0125,0.0125,0.0125,0.0,0.0,,,,,,,,,,,,
2018-03-20,실적,0.6,0.6,0.4,0,폴백,,,0,0,0,False,,,해당없음,0.0,0.54,0.0086,0.0086,0.0086,0.0086,0.0,0.0086,0.0086,0.0086,0.0,0.0,,,,,,,,,,,,
2018-03-21,실적,0.6,0.6,0.4,0,폴백,,,0,0,0,False,,,해당없음,0.0,0.54,0.0086,0.0086,0.0086,0.0086,0.0,0.0086,0.0086,0.0086,0.0,0.0,,,,,,,,,,,,
2018-03-22,실적,0.0,0.0,1.0,0,현금,,,0,0,0,False,,,해당없음,0.0,0.0,0.0,0.0,0.0,0.0,0.0,0.0,0.0,0.0,0.0,0.0,,,,,,,,,,,,
2018-03-23,실적,0.0,0.0,1.0,0,현금,,,0,0,0,False,,,해당없음,0.0,0.0,0.0,0.0,0.0,0.0,0.0,0.0,0.0,0.0,0.0,0.0,,,,,,,,,,,,
2018-03-26,실적,0.0,0.0,1.0,0,현금,,,0,0,0,False,,,해당없음,0.0,0.0,0.0,0.0,0.0,0.0,0.0,0.0,0.0,0.0,0.0,0.0,,,,,,,,,,,,
2018-03-27,실적,0.0,0.0,1.0,0,현금,,,0,0,0,False,,,해당없음,0.0,0.0,0.0,0.0,0.0,0.0,0.0,0.0,0.0,0.0,0.0,0.0,,,,,,,,,,,,
2018-03-28,실적,0.0,0.0,1.0,0,현금,,,0,0,0,False,,,해당없음,0.0,0.0,0.0,0.0,0.0,0.0,0.0,0.0,0.0,0.0,0.0,0.0,,,,,,,,,,,,
2018-03-29,실적,0.6,0.6,0.4,0,폴백,,,0,0,0,False,,,해당없음,0.0,0.54,0.0075,0.0075,0.0075,0.0075,0.0075,0.0075,0.0075,0.0075,0.0,0.0,,,,,,,,,,,,
2018-04-02,실적,0.0,0.0,1.0,0,현금,,,0,0,0,False,,,해당없음,0.0,0.0,0.0,0.0,0.0,0.0,0.0,0.0,0.0,0.0,0.0,0.0,,,,,,,,,,,,
2018-04-03,실적,0.0,0.0,1.0,0,현금,,,0,0,0,False,,,해당없음,0.0,0.0,0.0,0.0,0.0,0.0,0.0,0.0,0.0,0.0,0.0,0.0,,,,,,,,,,,,
2018-04-04,실적,0.0,0.0,1.0,0,현금,,,0,0,0,False,,,해당없음,0.0,0.0,0.0,0.0,0.0,0.0,0.0,0.0,0.0,0.0,0.0,0.0,,,,,,,,,,,,
2018-04-05,실적,0.6,0.6,0.4,0,폴백,,,0,0,0,False,,,해당없음,0.0,0.54,0.0075,0.0075,0.0075,0.0075,0.0075,0.0075,0.0075,0.0075,0.0,0.0,,,,,,,,,,,,
2018-04-06,실적,0.0,0.0,1.0,0,현금,,,0,0,0,False,,,해당없음,0.0,0.0,0.0,0.0,0.0,0.0,0.0,0.0,0.0,0.0,0.0,0.0,,,,,,,,,,,,
2018-04-09,실적,0.0,0.0,1.0,0,현금,,,0,0,0,False,,,해당없음,0.0,0.0,0.0,0.0,0.0,0.0,0.0,0.0,0.0,0.0,0.0,0.0,,,,,,,,,,,,
2018-04-10,실적,0.6,0.6,0.4,0,폴백,,,0,0,0,False,,,해당없음,0.0,0.54,0.0075,0.0075,0.0075,0.0075,0.0075,0.0075,0.0075,0.0075,0.0,0.0,,,,,,,,,,,,
2018-04-11,실적,1.0,1.0,0.0,0,폴백,,,0,0,0,False,,,해당없음,0.0,0.9,0.0125,0.0125,0.0125,0.0125,0.0125,0.0125,0.0125,0.0125,0.0,0.0,,,,,,,,,,,,
2018-04-12,실적,1.0,1.0,0.0,0,폴백,,,0,0,0,False,,,해당없음,0.0,0.9,0.0125,0.0125,0.0125,0.0125,0.0125,0.0125,0.0125,0.0125,0.0,0.0,,,,,,,,,,,,
2018-04-13,실적,1.0,1.0,0.0,0,폴백,,,0,0,0,False,,,해당없음,0.0,0.9,0.0125,0.0125,0.0125,0.0125,0.0125,0.0125,0.0125,0.0125,0.0,0.0,,,,,,,,,,,,
2018-04-16,실적,1.0,1.0,0.0,0,폴백,,,0,0,0,False,,,해당없음,0.0,0.9,0.0125,0.0125,0.0125,0.0125,0.0125,0.0125,0.0125,0.0125,0.0,0.0,,,,,,,,,,,,
2018-04-17,실적,1.0,1.0,0.0,0,폴백,,,0,0,0,False,,,해당없음,0.0,0.9,0.0125,0.0125,0.0125,0.0125,0.0125,0.0125,0.0125,0.0125,0.0,0.0,,,,,,,,,,,,
2018-04-18,실적,0.6,0.6,0.4,0,폴백,,,0,0,0,False,,,해당없음,0.0,0.54,0.0075,0.0075,0.0075,0.0075,0.0075,0.0075,0.0075,0.0075,0.0,0.0,,,,,,,,,,,,
2018-04-19,실적,0.6,0.6,0.4,0,폴백,,,0,0,0,False,,,해당없음,0.0,0.54,0.0075,0.0075,0.0075,0.0075,0.0075,0.0075,0.0075,0.0075,0.0,0.0,,,,,,,,,,,,
2018-04-20,실적,0.6,0.6,0.4,0,폴백,,,0,0,0,False,,,해당없음,0.0,0.54,0.0075,0.0075,0.0075,0.0075,0.0075,0.0075,0.0075,0.0075,0.0,0.0,,,,,,,,,,,,
2018-04-23,실적,0.6,0.6,0.4,0,폴백,,,0,0,0,False,,,해당없음,0.0,0.54,0.0075,0.0075,0.0075,0.0075,0.0075,0.0075,0.0075,0.0075,0.0,0.0,,,,,,,,,,,,
2018-04-24,실적,0.6,0.6,0.4,0,폴백,,,0,0,0,False,,,해당없음,0.0,0.54,0.0075,0.0075,0.0075,0.0075,0.0075,0.0075,0.0075,0.0075,0.0,0.0,,,,,,,,,,,,
2018-04-25,실적,0.6,0.6,0.4,0,폴백,,,0,0,0,False,,,해당없음,0.0,0.54,0.0075,0.0075,0.0075,0.0075,0.0075,0.0075,0.0075,0.0075,0.0,0.0,,,,,,,,,,,,
2018-04-26,실적,0.6,0.6,0.4,0,폴백,,,0,0,0,False,,,해당없음,0.0,0.54,0.0075,0.0075,0.0075,0.0075,0.0075,0.0075,0.0075,0.0075,0.0,0.0,,,,,,,,,,,,
2018-04-27,실적,0.6,0.6,0.4,0,폴백,,,0,0,0,False,,,해당없음,0.0,0.54,0.0075,0.0075,0.0075,0.0075,0.0075,0.0075,0.0075,0.0075,0.0,0.0,,,,,,,,,,,,
2018-04-30,실적,0.6,0.6,0.4,0,폴백,,,0,0,0,False,,,해당없음,0.0,0.54,0.0075,0.0075,0.0075,0.0075,0.0075,0.0075,0.0075,0.0075,0.0,0.0,,,,,,,,,,,,
2018-05-01,실적,0.6,0.6,0.4,0,폴백,,,0,0,0,False,,,해당없음,0.0,0.54,0.0086,0.0086,0.0086,0.0086,0.0086,0.0086,0.0,0.0086,0.0,0.0,,,,,,,,,,,,
2018-05-02,실적,0.6,0.6,0.4,0,폴백,,,0,0,0,False,,,해당없음,0.0,0.54,0.0086,0.0086,0.0086,0.0086,0.0086,0.0086,0.0,0.0086,0.0,0.0,,,,,,,,,,,,
2018-05-03,실적,0.6,0.6,0.4,0,폴백,,,0,0,0,False,,,해당없음,0.0,0.54,0.0086,0.0086,0.0086,0.0086,0.0086,0.0086,0.0,0.0086,0.0,0.0,,,,,,,,,,,,
2018-05-04,실적,0.66,0.6637,0.3363,0,폴백,,,0,0,0,False,,,해당없음,0.0,0.5974,0.0095,0.0095,0.0095,0.0095,0.0095,0.0095,0.0,0.0095,0.0,0.0,,,,,,,,,,,,
2018-05-07,실적,0.67,0.6663,0.3337,0,폴백,,,0,0,0,False,,,해당없음,0.0,0.5996,0.0083,0.0083,0.0083,0.0083,0.0083,0.0083,0.0083,0.0083,0.0,0.0,,,,,,,,,,,,
2018-05-08,실적,0.74,0.7407,0.2593,0,폴백,,,0,0,0,False,,,해당없음,0.0,0.6667,0.0093,0.0093,0.0093,0.0093,0.0093,0.0093,0.0093,0.0093,0.0,0.0,,,,,,,,,,,,
2018-05-09,실적,0.72,0.7244,0.2756,0,폴백,,,0,0,0,False,,,해당없음,0.0,0.652,0.0091,0.0091,0.0091,0.0091,0.0091,0.0091,0.0091,0.0091,0.0,0.0,,,,,,,,,,,,
2018-05-10,실적,0.72,0.7183,0.2817,0,폴백,,,0,0,0,False,,,해당없음,0.0,0.6465,0.008,0.008,0.008,0.008,0.008,0.008,0.008,0.008,0.0,0.008,,,,,,,,,,,,
2018-05-11,실적,1.0,1.0,0.0,0,폴백,,,0,0,0,False,,,해당없음,0.0,0.9,0.0125,0.0125,0.0125,0.0125,0.0125,0.0125,0.0125,0.0125,0.0,0.0,,,,,,,,,,,,
2018-05-14,실적,1.0,1.0,0.0,0,폴백,,,0,0,0,False,,,해당없음,0.0,0.9,0.0125,0.0125,0.0125,0.0125,0.0125,0.0125,0.0125,0.0125,0.0,0.0,,,,,,,,,,,,
2018-05-15,실적,1.0,1.0,0.0,0,폴백,,,0,0,0,False,,,해당없음,0.0,0.9,0.0125,0.0125,0.0125,0.0125,0.0125,0.0125,0.0125,0.0125,0.0,0.0,,,,,,,,,,,,
2018-05-16,실적,1.0,1.0,0.0,0,폴백,,,0,0,0,False,,,해당없음,0.0,0.9,0.0125,0.0125,0.0125,0.0125,0.0125,0.0125,0.0125,0.0125,0.0,0.0,,,,,,,,,,,,
2018-05-17,실적,1.0,1.0,0.0,0,폴백,,,0,0,0,False,,,해당없음,0.0,0.9,0.0125,0.0125,0.0125,0.0125,0.0125,0.0125,0.0125,0.0125,0.0,0.0,,,,,,,,,,,,
2018-05-18,실적,1.0,1.0,0.0,0,폴백,,,0,0,0,False,,,해당없음,0.0,0.9,0.0125,0.0125,0.0125,0.0125,0.0125,0.0125,0.0125,0.0125,0.0,0.0,,,,,,,,,,,,
2018-05-21,실적,1.0,1.0,0.0,0,폴백,,,0,0,0,False,,,해당없음,0.0,0.9,0.0125,0.0125,0.0125,0.0125,0.0125,0.0125,0.0125,0.0125,0.0,0.0,,,,,,,,,,,,
2018-05-22,실적,1.0,1.0,0.0,0,폴백,,,0,0,0,False,,,해당없음,0.0,0.9,0.0125,0.0125,0.0125,0.0125,0.0125,0.0125,0.0125,0.0125,0.0,0.0,,,,,,,,,,,,
2018-05-23,실적,1.0,1.0,0.0,0,폴백,,,0,0,0,False,,,해당없음,0.0,0.9,0.0125,0.0125,0.0125,0.0125,0.0125,0.0125,0.0125,0.0125,0.0,0.0,,,,,,,,,,,,
2018-05-24,실적,1.0,1.0,0.0,0,폴백,,,0,0,0,False,,,해당없음,0.0,0.9,0.0125,0.0125,0.0125,0.0125,0.0125,0.0125,0.0125,0.0125,0.0,0.0,,,,,,,,,,,,
2018-05-25,실적,1.0,1.0,0.0,0,폴백,,,0,0,0,False,,,해당없음,0.0,0.9,0.0125,0.0125,0.0125,0.0125,0.0125,0.0125,0.0125,0.0125,0.0,0.0,,,,,,,,,,,,
2018-05-29,실적,1.0,1.0,0.0,0,폴백,,,0,0,0,False,,,해당없음,0.0,0.9,0.0125,0.0125,0.0125,0.0125,0.0125,0.0125,0.0125,0.0125,0.0,0.0,,,,,,,,,,,,
2018-05-30,실적,1.0,1.0,0.0,0,폴백,,,0,0,0,False,,,해당없음,0.0,0.9,0.0111,0.0111,0.0111,0.0111,0.0111,0.0111,0.0111,0.0111,0.0,0.0111,,,,,,,,,,,,
2018-05-31,실적,1.0,1.0,0.0,0,폴백,,,0,0,0,False,,,해당없음,0.0,0.9,0.0111,0.0111,0.0111,0.0111,0.0111,0.0111,0.0111,0.0111,0.0,0.0111,,,,,,,,,,,,
2018-06-01,실적,1.0,1.0,0.0,0,폴백,,,0,0,0,False,,,해당없음,0.0,0.9,0.0111,0.0111,0.0111,0.0111,0.0111,0.0111,0.0111,0.0111,0.0,0.0111,,,,,,,,,,,,
2018-06-04,실적,1.0,1.0,0.0,0,폴백,,,0,0,0,False,,,해당없음,0.0,0.9,0.0111,0.0111,0.0111,0.0111,0.0111,0.0111,0.0111,0.0111,0.0,0.0111,,,,,,,,,,,,
2018-06-05,실적,1.0,1.0,0.0,0,폴백,,,0,0,0,False,,,해당없음,0.0,0.9,0.0111,0.0111,0.0111,0.0111,0.0111,0.0111,0.0111,0.0111,0.0,0.0111,,,,,,,,,,,,
2018-06-06,실적,1.0,1.0,0.0,0,폴백,,,0,0,0,False,,,해당없음,0.0,0.9,0.0111,0.0111,0.0111,0.0111,0.0111,0.0111,0.0111,0.0111,0.0,0.0111,,,,,,,,,,,,
2018-06-07,실적,1.0,1.0,0.0,0,폴백,,,0,0,0,False,,,해당없음,0.0,0.9,0.0111,0.0111,0.0111,0.0111,0.0111,0.0111,0.0111,0.0111,0.0,0.0111,,,,,,,,,,,,
2018-06-08,실적,1.0,1.0,0.0,0,폴백,,,0,0,0,False,,,해당없음,0.0,0.9,0.0111,0.0111,0.0111,0.0111,0.0111,0.0111,0.0111,0.0111,0.0,0.0111,,,,,,,,,,,,
2018-06-11,실적,1.0,1.0,0.0,0,폴백,,,0,0,0,False,,,해당없음,0.0,0.9,0.0111,0.0111,0.0111,0.0111,0.0111,0.0111,0.0111,0.0111,0.0,0.0111,,,,,,,,,,,,
2018-06-12,실적,1.0,1.0,0.0,0,폴백,,,0,0,0,False,,,해당없음,0.0,0.9,0.0111,0.0111,0.0111,0.0111,0.0111,0.0111,0.0111,0.0111,0.0,0.0111,,,,,,,,,,,,
2018-06-13,실적,1.0,1.0,0.0,0,폴백,,,0,0,0,False,,,해당없음,0.0,0.9,0.0125,0.0125,0.0125,0.0125,0.0125,0.0125,0.0125,0.0125,0.0,0.0,,,,,,,,,,,,
2018-06-14,실적,1.0,1.0,0.0,0,폴백,,,0,0,0,False,,,해당없음,0.0,0.9,0.0111,0.0111,0.0111,0.0111,0.0111,0.0111,0.0111,0.0111,0.0,0.0111,,,,,,,,,,,,
2018-06-15,실적,1.0,1.0,0.0,0,폴백,,,0,0,0,False,,,해당없음,0.0,0.9,0.0111,0.0111,0.0111,0.0111,0.0111,0.0111,0.0111,0.0111,0.0,0.0111,,,,,,,,,,,,
2018-06-18,실적,1.0,1.0,0.0,0,폴백,,,0,0,0,False,,,해당없음,0.0,0.9,0.0111,0.0111,0.0111,0.0111,0.0111,0.0111,0.0111,0.0111,0.0,0.0111,,,,,,,,,,,,
2018-06-19,실적,1.0,1.0,0.0,0,폴백,,,0,0,0,False,,,해당없음,0.0,0.9,0.0111,0.0111,0.0111,0.0111,0.0111,0.0111,0.0111,0.0111,0.0,0.0111,,,,,,,,,,,,
2018-06-20,실적,1.0,1.0,0.0,0,폴백,,,0,0,0,False,,,해당없음,0.0,0.9,0.0111,0.0111,0.0111,0.0111,0.0111,0.0111,0.0111,0.0111,0.0,0.0111,,,,,,,,,,,,
2018-06-21,실적,1.0,1.0,0.0,0,폴백,,,0,0,0,False,,,해당없음,0.0,0.9,0.0111,0.0111,0.0111,0.0111,0.0111,0.0111,0.0111,0.0111,0.0,0.0111,,,,,,,,,,,,
2018-06-22,실적,0.92,0.9184,0.0816,0,폴백,,,0,0,0,False,,,해당없음,0.0,0.8266,0.0102,0.0102,0.0102,0.0102,0.0102,0.0102,0.0102,0.0102,0.0,0.0102,,,,,,,,,,,,
2018-06-25,실적,0.0,0.0,1.0,0,현금,,,0,0,0,False,,,해당없음,0.0,0.0,0.0,0.0,0.0,0.0,0.0,0.0,0.0,0.0,0.0,0.0,,,,,,,,,,,,
2018-06-26,실적,0.88,0.8847,0.1153,0,폴백,,,0,0,0,False,,,해당없음,0.0,0.7963,0.0098,0.0098,0.0098,0.0098,0.0098,0.0098,0.0098,0.0098,0.0,0.0098,,,,,,,,,,,,
2018-06-27,실적,0.0,0.0,1.0,0,현금,,,0,0,0,False,,,해당없음,0.0,0.0,0.0,0.0,0.0,0.0,0.0,0.0,0.0,0.0,0.0,0.0,,,,,,,,,,,,
2018-06-28,실적,0.0,0.0,1.0,0,현금,,,0,0,0,False,,,해당없음,0.0,0.0,0.0,0.0,0.0,0.0,0.0,0.0,0.0,0.0,0.0,0.0,,,,,,,,,,,,
2018-06-29,실적,1.0,1.0,0.0,0,폴백,,,0,0,0,False,,,해당없음,0.0,0.9,0.0111,0.0111,0.0111,0.0111,0.0111,0.0111,0.0111,0.0111,0.0,0.0111,,,,,,,,,,,,
2018-07-02,실적,1.0,1.0,0.0,0,폴백,,,0,0,0,False,,,해당없음,0.0,0.9,0.0111,0.0111,0.0111,0.0111,0.0111,0.0111,0.0111,0.0111,0.0,0.0111,,,,,,,,,,,,
2018-07-03,실적,1.0,1.0,0.0,0,폴백,,,0,0,0,False,,,해당없음,0.0,0.9,0.0111,0.0111,0.0111,0.0111,0.0111,0.0111,0.0111,0.0111,0.0,0.0111,,,,,,,,,,,,
2018-07-05,실적,1.0,1.0,0.0,0,폴백,,,0,0,0,False,,,해당없음,0.0,0.9,0.0111,0.0111,0.0111,0.0111,0.0111,0.0111,0.0111,0.0111,0.0,0.0111,,,,,,,,,,,,
2018-07-06,실적,0.99,0.9896,0.0104,0,폴백,,,0,0,0,False,,,해당없음,0.0,0.8906,0.011,0.011,0.011,0.011,0.011,0.011,0.011,0.011,0.0,0.011,,,,,,,,,,,,
2018-07-09,실적,1.0,1.0,0.0,0,폴백,,,0,0,0,False,,,해당없음,0.0,0.9,0.0111,0.0111,0.0111,0.0111,0.0111,0.0111,0.0111,0.0111,0.0,0.0111,,,,,,,,,,,,
2018-07-10,실적,1.0,1.0,0.0,0,폴백,,,0,0,0,False,,,해당없음,0.0,0.9,0.0111,0.0111,0.0111,0.0111,0.0111,0.0111,0.0111,0.0111,0.0,0.0111,,,,,,,,,,,,
2018-07-11,실적,1.0,1.0,0.0,0,폴백,,,0,0,0,False,,,해당없음,0.0,0.9,0.0111,0.0111,0.0111,0.0111,0.0111,0.0111,0.0111,0.0111,0.0,0.0111,,,,,,,,,,,,
2018-07-12,실적,1.0,1.0,0.0,0,폴백,,,0,0,0,False,,,해당없음,0.0,0.9,0.0111,0.0111,0.0111,0.0111,0.0111,0.0111,0.0111,0.0111,0.0,0.0111,,,,,,,,,,,,
2018-07-13,실적,1.0,1.0,0.0,0,폴백,,,0,0,0,False,,,해당없음,0.0,0.9,0.0111,0.0111,0.0111,0.0111,0.0111,0.0111,0.0111,0.0111,0.0,0.0111,,,,,,,,,,,,
2018-07-16,실적,1.0,1.0,0.0,0,폴백,,,0,0,0,False,,,해당없음,0.0,0.9,0.0111,0.0111,0.0111,0.0111,0.0111,0.0111,0.0111,0.0111,0.0,0.0111,,,,,,,,,,,,
2018-07-17,실적,1.0,1.0,0.0,0,폴백,,,0,0,0,False,,,해당없음,0.0,0.9,0.0111,0.0111,0.0111,0.0111,0.0111,0.0111,0.0111,0.0111,0.0,0.0111,,,,,,,,,,,,
2018-07-18,실적,1.0,1.0,0.0,0,폴백,,,0,0,0,False,,,해당없음,0.0,0.9,0.0111,0.0111,0.0111,0.0111,0.0111,0.0111,0.0111,0.0111,0.0,0.0111,,,,,,,,,,,,
2018-07-19,실적,1.0,1.0,0.0,0,폴백,,,0,0,0,False,,,해당없음,0.0,0.9,0.0111,0.0111,0.0111,0.0111,0.0111,0.0111,0.0111,0.0111,0.0,0.0111,,,,,,,,,,,,
2018-07-20,실적,1.0,1.0,0.0,0,폴백,,,0,0,0,False,,,해당없음,0.0,0.9,0.0111,0.0111,0.0111,0.0111,0.0111,0.0111,0.0111,0.0111,0.0,0.0111,,,,,,,,,,,,
2018-07-23,실적,1.0,1.0,0.0,0,폴백,,,0,0,0,False,,,해당없음,0.0,0.9,0.0111,0.0111,0.0111,0.0111,0.0111,0.0111,0.0111,0.0111,0.0,0.0111,,,,,,,,,,,,
2018-07-24,실적,1.0,1.0,0.0,0,폴백,,,0,0,0,False,,,해당없음,0.0,0.9,0.0111,0.0111,0.0111,0.0111,0.0111,0.0111,0.0111,0.0111,0.0,0.0111,,,,,,,,,,,,
2018-07-25,실적,1.0,1.0,0.0,0,폴백,,,0,0,0,False,,,해당없음,0.0,0.9,0.0111,0.0111,0.0111,0.0111,0.0111,0.0111,0.0111,0.0111,0.0,0.0111,,,,,,,,,,,,
2018-07-26,실적,1.0,1.0,0.0,0,폴백,,,0,0,0,False,,,해당없음,0.0,0.9,0.0111,0.0111,0.0111,0.0111,0.0111,0.0111,0.0111,0.0111,0.0,0.0111,,,,,,,,,,,,
2018-07-27,실적,1.0,1.0,0.0,0,폴백,,,0,0,0,False,,,해당없음,0.0,0.9,0.0111,0.0111,0.0111,0.0111,0.0111,0.0111,0.0111,0.0111,0.0,0.0111,,,,,,,,,,,,
2018-07-30,실적,1.0,1.0,0.0,0,폴백,,,0,0,0,False,,,해당없음,0.0,0.9,0.0111,0.0111,0.0111,0.0111,0.0111,0.0111,0.0111,0.0111,0.0,0.0111,,,,,,,,,,,,
2018-07-31,실적,1.0,1.0,0.0,0,폴백,,,0,0,0,False,,,해당없음,0.0,0.9,0.0111,0.0111,0.0111,0.0111,0.0111,0.0111,0.0111,0.0111,0.0,0.0111,,,,,,,,,,,,
2018-08-01,실적,1.0,1.0,0.0,0,폴백,,,0,0,0,False,,,해당없음,0.0,0.9,0.0111,0.0111,0.0111,0.0111,0.0111,0.0111,0.0111,0.0111,0.0,0.0111,,,,,,,,,,,,
2018-08-02,실적,1.0,1.0,0.0,0,폴백,,,0,0,0,False,,,해당없음,0.0,0.9,0.0111,0.0111,0.0111,0.0111,0.0111,0.0111,0.0111,0.0111,0.0,0.0111,,,,,,,,,,,,
2018-08-03,실적,1.0,1.0,0.0,0,폴백,,,0,0,0,False,,,해당없음,0.0,0.9,0.0111,0.0111,0.0111,0.0111,0.0111,0.0111,0.0111,0.0111,0.0,0.0111,,,,,,,,,,,,
2018-08-06,실적,1.0,1.0,0.0,0,폴백,,,0,0,0,False,,,해당없음,0.0,0.9,0.0111,0.0111,0.0111,0.0111,0.0111,0.0111,0.0111,0.0111,0.0,0.0111,,,,,,,,,,,,
2018-08-07,실적,1.0,1.0,0.0,0,폴백,,,0,0,0,False,,,해당없음,0.0,0.9,0.0111,0.0111,0.0111,0.0111,0.0111,0.0111,0.0111,0.0111,0.0,0.0111,,,,,,,,,,,,
2018-08-08,실적,1.0,1.0,0.0,0,폴백,,,0,0,0,False,,,해당없음,0.0,0.9,0.0111,0.0111,0.0111,0.0111,0.0111,0.0111,0.0111,0.0111,0.0,0.0111,,,,,,,,,,,,
2018-08-09,실적,1.0,1.0,0.0,0,폴백,,,0,0,0,False,,,해당없음,0.0,0.9,0.0111,0.0111,0.0111,0.0111,0.0111,0.0111,0.0111,0.0111,0.0,0.0111,,,,,,,,,,,,
2018-08-10,실적,1.0,1.0,0.0,0,폴백,,,0,0,0,False,,,해당없음,0.0,0.9,0.0111,0.0111,0.0111,0.0111,0.0111,0.0111,0.0111,0.0111,0.0,0.0111,,,,,,,,,,,,
2018-08-13,실적,1.0,1.0,0.0,0,폴백,,,0,0,0,False,,,해당없음,0.0,0.9,0.0111,0.0111,0.0111,0.0111,0.0111,0.0111,0.0111,0.0111,0.0,0.0111,,,,,,,,,,,,
2018-08-14,실적,1.0,1.0,0.0,0,폴백,,,0,0,0,False,,,해당없음,0.0,0.9,0.0111,0.0111,0.0111,0.0111,0.0111,0.0111,0.0111,0.0111,0.0,0.0111,,,,,,,,,,,,
2018-08-15,실적,1.0,1.0,0.0,0,폴백,,,0,0,0,False,,,해당없음,0.0,0.9,0.0111,0.0111,0.0111,0.0111,0.0111,0.0111,0.0111,0.0111,0.0,0.0111,,,,,,,,,,,,
2018-08-16,실적,1.0,1.0,0.0,0,폴백,,,0,0,0,False,,,해당없음,0.0,0.9,0.0111,0.0111,0.0111,0.0111,0.0111,0.0111,0.0111,0.0111,0.0,0.0111,,,,,,,,,,,,
2018-08-17,실적,1.0,1.0,0.0,0,폴백,,,0,0,0,False,,,해당없음,0.0,0.9,0.0111,0.0111,0.0111,0.0111,0.0111,0.0111,0.0111,0.0111,0.0,0.0111,,,,,,,,,,,,
2018-08-20,실적,1.0,1.0,0.0,0,폴백,,,0,0,0,False,,,해당없음,0.0,0.9,0.0111,0.0111,0.0111,0.0111,0.0111,0.0111,0.0111,0.0111,0.0,0.0111,,,,,,,,,,,,
2018-08-21,실적,1.0,1.0,0.0,0,폴백,,,0,0,0,False,,,해당없음,0.0,0.9,0.0111,0.0111,0.0111,0.0111,0.0111,0.0111,0.0111,0.0111,0.0,0.0111,,,,,,,,,,,,
2018-08-22,실적,1.0,1.0,0.0,0,폴백,,,0,0,0,False,,,해당없음,0.0,0.9,0.0111,0.0111,0.0111,0.0111,0.0111,0.0111,0.0111,0.0111,0.0,0.0111,,,,,,,,,,,,
2018-08-23,실적,1.0,1.0,0.0,0,폴백,,,0,0,0,False,,,해당없음,0.0,0.9,0.0111,0.0111,0.0111,0.0111,0.0111,0.0111,0.0111,0.0111,0.0,0.0111,,,,,,,,,,,,
2018-08-24,실적,1.0,1.0,0.0,0,폴백,,,0,0,0,False,,,해당없음,0.0,0.9,0.0111,0.0111,0.0111,0.0111,0.0111,0.0111,0.0111,0.0111,0.0,0.0111,,,,,,,,,,,,
2018-08-27,실적,1.0,1.0,0.0,0,폴백,,,0,0,0,False,,,해당없음,0.0,0.9,0.0111,0.0111,0.0111,0.0111,0.0111,0.0111,0.0111,0.0111,0.0,0.0111,,,,,,,,,,,,
2018-08-28,실적,1.0,1.0,0.0,0,폴백,,,0,0,0,False,,,해당없음,0.0,0.9,0.0111,0.0111,0.0111,0.0111,0.0111,0.0111,0.0111,0.0111,0.0,0.0111,,,,,,,,,,,,
2018-08-29,실적,1.0,1.0,0.0,0,폴백,,,0,0,0,False,,,해당없음,0.0,0.9,0.0111,0.0111,0.0111,0.0111,0.0111,0.0111,0.0111,0.0111,0.0,0.0111,,,,,,,,,,,,
2018-08-30,실적,1.0,1.0,0.0,0,폴백,,,0,0,0,False,,,해당없음,0.0,0.9,0.0111,0.0111,0.0111,0.0111,0.0111,0.0111,0.0111,0.0111,0.0,0.0111,,,,,,,,,,,,
2018-08-31,실적,1.0,1.0,0.0,0,폴백,,,0,0,0,False,,,해당없음,0.0,0.9,0.0111,0.0111,0.0111,0.0111,0.0111,0.0111,0.0111,0.0111,0.0,0.0111,,,,,,,,,,,,
2018-09-04,실적,1.0,1.0,0.0,0,폴백,,,0,0,0,False,,,해당없음,0.0,0.9,0.0111,0.0111,0.0111,0.0111,0.0111,0.0111,0.0111,0.0111,0.0,0.0111,,,,,,,,,,,,
2018-09-05,실적,1.0,1.0,0.0,0,폴백,,,0,0,0,False,,,해당없음,0.0,0.9,0.0111,0.0111,0.0111,0.0111,0.0111,0.0111,0.0111,0.0111,0.0,0.0111,,,,,,,,,,,,
2018-09-06,실적,1.0,1.0,0.0,0,폴백,,,0,0,0,False,,,해당없음,0.0,0.9,0.0111,0.0111,0.0111,0.0111,0.0111,0.0111,0.0111,0.0111,0.0,0.0111,,,,,,,,,,,,
2018-09-07,실적,1.0,1.0,0.0,0,폴백,,,0,0,0,False,,,해당없음,0.0,0.9,0.0111,0.0111,0.0111,0.0111,0.0111,0.0111,0.0111,0.0111,0.0,0.0111,,,,,,,,,,,,
2018-09-10,실적,1.0,1.0,0.0,0,폴백,,,0,0,0,False,,,해당없음,0.0,0.9,0.0111,0.0111,0.0111,0.0111,0.0111,0.0111,0.0111,0.0111,0.0,0.0111,,,,,,,,,,,,
2018-09-11,실적,1.0,1.0,0.0,0,폴백,,,0,0,0,False,,,해당없음,0.0,0.9,0.0111,0.0111,0.0111,0.0111,0.0111,0.0111,0.0111,0.0111,0.0,0.0111,,,,,,,,,,,,
2018-09-12,실적,1.0,1.0,0.0,0,폴백,,,0,0,0,False,,,해당없음,0.0,0.9,0.0111,0.0111,0.0111,0.0111,0.0111,0.0111,0.0111,0.0111,0.0,0.0111,,,,,,,,,,,,
2018-09-13,실적,1.0,1.0,0.0,0,폴백,,,0,0,0,False,,,해당없음,0.0,0.9,0.0111,0.0111,0.0111,0.0111,0.0111,0.0111,0.0111,0.0111,0.0,0.0111,,,,,,,,,,,,
2018-09-14,실적,1.0,1.0,0.0,0,폴백,,,0,0,0,False,,,해당없음,0.0,0.9,0.0111,0.0111,0.0111,0.0111,0.0111,0.0111,0.0111,0.0111,0.0,0.0111,,,,,,,,,,,,
2018-09-17,실적,1.0,1.0,0.0,0,폴백,,,0,0,0,False,,,해당없음,0.0,0.9,0.0111,0.0111,0.0111,0.0111,0.0111,0.0111,0.0111,0.0111,0.0,0.0111,,,,,,,,,,,,
2018-09-18,실적,1.0,1.0,0.0,0,폴백,,,0,0,0,False,,,해당없음,0.0,0.9,0.0111,0.0111,0.0111,0.0111,0.0111,0.0111,0.0111,0.0111,0.0,0.0111,,,,,,,,,,,,
2018-09-19,실적,1.0,1.0,0.0,0,폴백,,,0,0,0,False,,,해당없음,0.0,0.9,0.0111,0.0111,0.0111,0.0111,0.0111,0.0111,0.0111,0.0111,0.0,0.0111,,,,,,,,,,,,
2018-09-20,실적,1.0,1.0,0.0,0,폴백,,,0,0,0,False,,,해당없음,0.0,0.9,0.0111,0.0111,0.0111,0.0111,0.0111,0.0111,0.0111,0.0111,0.0,0.0111,,,,,,,,,,,,
2018-09-21,실적,1.0,1.0,0.0,0,폴백,,,0,0,0,False,,,해당없음,0.0,0.9,0.0111,0.0111,0.0111,0.0111,0.0111,0.0111,0.0111,0.0111,0.0,0.0111,,,,,,,,,,,,
2018-09-24,실적,1.0,1.0,0.0,0,폴백,,,0,0,0,False,,,해당없음,0.0,0.9,0.0111,0.0111,0.0111,0.0111,0.0111,0.0111,0.0111,0.0111,0.0,0.0111,,,,,,,,,,,,
2018-09-25,실적,1.0,1.0,0.0,0,폴백,,,0,0,0,False,,,해당없음,0.0,0.9,0.0111,0.0111,0.0111,0.0111,0.0111,0.0111,0.0111,0.0111,0.0,0.0111,,,,,,,,,,,,
2018-09-26,실적,1.0,1.0,0.0,0,폴백,,,0,0,0,False,,,해당없음,0.0,0.9,0.0111,0.0111,0.0111,0.0111,0.0111,0.0111,0.0111,0.0111,0.0,0.0111,,,,,,,,,,,,
2018-09-27,실적,1.0,1.0,0.0,0,폴백,,,0,0,0,False,,,해당없음,0.0,0.9,0.0111,0.0111,0.0111,0.0111,0.0111,0.0111,0.0111,0.0111,0.0,0.0111,,,,,,,,,,,,
2018-09-28,실적,1.0,1.0,0.0,0,폴백,,,0,0,0,False,,,해당없음,0.0,0.9,0.0111,0.0111,0.0111,0.0111,0.0111,0.0111,0.0111,0.0111,0.0,0.0111,,,,,,,,,,,,
2018-10-01,실적,1.0,1.0,0.0,0,폴백,,,0,0,0,False,,,해당없음,0.0,0.9,0.0111,0.0111,0.0111,0.0111,0.0111,0.0111,0.0111,0.0111,0.0,0.0111,,,,,,,,,,,,
2018-10-02,실적,1.0,1.0,0.0,0,폴백,,,0,0,0,False,,,해당없음,0.0,0.9,0.0111,0.0111,0.0111,0.0111,0.0111,0.0111,0.0111,0.0111,0.0,0.0111,,,,,,,,,,,,
2018-10-03,실적,1.0,1.0,0.0,0,폴백,,,0,0,0,False,,,해당없음,0.0,0.9,0.0111,0.0111,0.0111,0.0111,0.0111,0.0111,0.0111,0.0111,0.0,0.0111,,,,,,,,,,,,
2018-10-04,실적,1.0,1.0,0.0,0,폴백,,,0,0,0,False,,,해당없음,0.0,0.9,0.0111,0.0111,0.0111,0.0111,0.0111,0.0111,0.0111,0.0111,0.0,0.0111,,,,,,,,,,,,
2018-10-05,실적,1.0,1.0,0.0,0,폴백,,,0,0,0,False,,,해당없음,0.0,0.9,0.0111,0.0111,0.0111,0.0111,0.0111,0.0111,0.0111,0.0111,0.0,0.0111,,,,,,,,,,,,
2018-10-08,실적,1.0,1.0,0.0,0,폴백,,,0,0,0,False,,,해당없음,0.0,0.9,0.0111,0.0111,0.0111,0.0111,0.0111,0.0111,0.0111,0.0111,0.0,0.0111,,,,,,,,,,,,
2018-10-09,실적,1.0,1.0,0.0,0,폴백,,,0,0,0,False,,,해당없음,0.0,0.9,0.0111,0.0111,0.0111,0.0111,0.0111,0.0111,0.0111,0.0111,0.0,0.0111,,,,,,,,,,,,
2018-10-10,실적,1.0,1.0,0.0,0,폴백,,,0,0,0,False,,,해당없음,0.0,0.9,0.0111,0.0111,0.0111,0.0111,0.0111,0.0111,0.0111,0.0111,0.0,0.0111,,,,,,,,,,,,
2018-10-11,실적,0.0,0.0,1.0,0,현금,,,0,0,0,False,,,해당없음,0.0,0.0,0.0,0.0,0.0,0.0,0.0,0.0,0.0,0.0,0.0,0.0,,,,,,,,,,,,
2018-10-12,실적,0.0,0.0,1.0,0,현금,,,0,0,0,False,,,해당없음,0.0,0.0,0.0,0.0,0.0,0.0,0.0,0.0,0.0,0.0,0.0,0.0,,,,,,,,,,,,
2018-10-15,실적,0.0,0.0,1.0,0,현금,,,0,0,0,False,,,해당없음,0.0,0.0,0.0,0.0,0.0,0.0,0.0,0.0,0.0,0.0,0.0,0.0,,,,,,,,,,,,
2018-10-16,실적,0.0,0.0,1.0,0,현금,,,0,0,0,False,,,해당없음,0.0,0.0,0.0,0.0,0.0,0.0,0.0,0.0,0.0,0.0,0.0,0.0,,,,,,,,,,,,
2018-10-17,실적,0.0,0.0,1.0,0,현금,,,0,0,0,False,,,해당없음,0.0,0.0,0.0,0.0,0.0,0.0,0.0,0.0,0.0,0.0,0.0,0.0,,,,,,,,,,,,
2018-10-18,실적,0.0,0.0,1.0,0,현금,,,0,0,0,False,,,해당없음,0.0,0.0,0.0,0.0,0.0,0.0,0.0,0.0,0.0,0.0,0.0,0.0,,,,,,,,,,,,
2018-10-19,실적,0.0,0.0,1.0,0,현금,,,0,0,0,False,,,해당없음,0.0,0.0,0.0,0.0,0.0,0.0,0.0,0.0,0.0,0.0,0.0,0.0,,,,,,,,,,,,
2018-10-22,실적,0.0,0.0,1.0,0,현금,,,0,0,0,False,,,해당없음,0.0,0.0,0.0,0.0,0.0,0.0,0.0,0.0,0.0,0.0,0.0,0.0,,,,,,,,,,,,
2018-10-23,실적,0.0,0.0,1.0,0,현금,,,0,0,0,False,,,해당없음,0.0,0.0,0.0,0.0,0.0,0.0,0.0,0.0,0.0,0.0,0.0,0.0,,,,,,,,,,,,
2018-10-24,실적,0.0,0.0,1.0,0,현금,,,0,0,0,False,,,해당없음,0.0,0.0,0.0,0.0,0.0,0.0,0.0,0.0,0.0,0.0,0.0,0.0,,,,,,,,,,,,
2018-10-25,실적,0.0,0.0,1.0,0,현금,,,0,0,0,False,,,해당없음,0.0,0.0,0.0,0.0,0.0,0.0,0.0,0.0,0.0,0.0,0.0,0.0,,,,,,,,,,,,
2018-10-26,실적,0.0,0.0,1.0,0,현금,,,0,0,0,False,,,해당없음,0.0,0.0,0.0,0.0,0.0,0.0,0.0,0.0,0.0,0.0,0.0,0.0,,,,,,,,,,,,
2018-10-29,실적,0.0,0.0,1.0,0,현금,,,0,0,0,False,,,해당없음,0.0,0.0,0.0,0.0,0.0,0.0,0.0,0.0,0.0,0.0,0.0,0.0,,,,,,,,,,,,
2018-10-30,실적,0.0,0.0,1.0,0,현금,,,0,0,0,False,,,해당없음,0.0,0.0,0.0,0.0,0.0,0.0,0.0,0.0,0.0,0.0,0.0,0.0,,,,,,,,,,,,
2018-10-31,실적,0.0,0.0,1.0,0,현금,,,0,0,0,False,,,해당없음,0.0,0.0,0.0,0.0,0.0,0.0,0.0,0.0,0.0,0.0,0.0,0.0,,,,,,,,,,,,
2018-11-01,실적,0.0,0.0,1.0,0,현금,,,0,0,0,False,,,해당없음,0.0,0.0,0.0,0.0,0.0,0.0,0.0,0.0,0.0,0.0,0.0,0.0,,,,,,,,,,,,
2018-11-02,실적,0.0,0.0,1.0,0,현금,,,0,0,0,False,,,해당없음,0.0,0.0,0.0,0.0,0.0,0.0,0.0,0.0,0.0,0.0,0.0,0.0,,,,,,,,,,,,
2018-11-05,실적,0.0,0.0,1.0,0,현금,,,0,0,0,False,,,해당없음,0.0,0.0,0.0,0.0,0.0,0.0,0.0,0.0,0.0,0.0,0.0,0.0,,,,,,,,,,,,
2018-11-06,실적,0.0,0.0,1.0,0,현금,,,0,0,0,False,,,해당없음,0.0,0.0,0.0,0.0,0.0,0.0,0.0,0.0,0.0,0.0,0.0,0.0,,,,,,,,,,,,
2018-11-07,실적,0.0,0.0,1.0,0,현금,,,0,0,0,False,,,해당없음,0.0,0.0,0.0,0.0,0.0,0.0,0.0,0.0,0.0,0.0,0.0,0.0,,,,,,,,,,,,
2018-11-08,실적,0.6,0.6,0.4,0,폴백,,,0,0,0,False,,,해당없음,0.0,0.54,0.0086,0.0,0.0086,0.0086,0.0086,0.0086,0.0086,0.0,0.0,0.0086,,,,,,,,,,,,
2018-11-09,실적,0.0,0.0,1.0,0,현금,,,0,0,0,False,,,해당없음,0.0,0.0,0.0,0.0,0.0,0.0,0.0,0.0,0.0,0.0,0.0,0.0,,,,,,,,,,,,
2018-11-12,실적,0.0,0.0,1.0,0,현금,,,0,0,0,False,,,해당없음,0.0,0.0,0.0,0.0,0.0,0.0,0.0,0.0,0.0,0.0,0.0,0.0,,,,,,,,,,,,
2018-11-13,실적,0.0,0.0,1.0,0,현금,,,0,0,0,False,,,해당없음,0.0,0.0,0.0,0.0,0.0,0.0,0.0,0.0,0.0,0.0,0.0,0.0,,,,,,,,,,,,
2018-11-14,실적,0.0,0.0,1.0,0,현금,,,0,0,0,False,,,해당없음,0.0,0.0,0.0,0.0,0.0,0.0,0.0,0.0,0.0,0.0,0.0,0.0,,,,,,,,,,,,
2018-11-15,실적,0.0,0.0,1.0,0,현금,,,0,0,0,False,,,해당없음,0.0,0.0,0.0,0.0,0.0,0.0,0.0,0.0,0.0,0.0,0.0,0.0,,,,,,,,,,,,
2018-11-16,실적,0.0,0.0,1.0,0,현금,,,0,0,0,False,,,해당없음,0.0,0.0,0.0,0.0,0.0,0.0,0.0,0.0,0.0,0.0,0.0,0.0,,,,,,,,,,,,
2018-11-19,실적,0.0,0.0,1.0,0,현금,,,0,0,0,False,,,해당없음,0.0,0.0,0.0,0.0,0.0,0.0,0.0,0.0,0.0,0.0,0.0,0.0,,,,,,,,,,,,
2018-11-20,실적,0.0,0.0,1.0,0,현금,,,0,0,0,False,,,해당없음,0.0,0.0,0.0,0.0,0.0,0.0,0.0,0.0,0.0,0.0,0.0,0.0,,,,,,,,,,,,
2018-11-21,실적,0.0,0.0,1.0,0,현금,,,0,0,0,False,,,해당없음,0.0,0.0,0.0,0.0,0.0,0.0,0.0,0.0,0.0,0.0,0.0,0.0,,,,,,,,,,,,
2018-11-23,실적,0.0,0.0,1.0,0,현금,,,0,0,0,False,,,해당없음,0.0,0.0,0.0,0.0,0.0,0.0,0.0,0.0,0.0,0.0,0.0,0.0,,,,,,,,,,,,
2018-11-26,실적,0.0,0.0,1.0,0,현금,,,0,0,0,False,,,해당없음,0.0,0.0,0.0,0.0,0.0,0.0,0.0,0.0,0.0,0.0,0.0,0.0,,,,,,,,,,,,
2018-11-27,실적,0.0,0.0,1.0,0,현금,,,0,0,0,False,,,해당없음,0.0,0.0,0.0,0.0,0.0,0.0,0.0,0.0,0.0,0.0,0.0,0.0,,,,,,,,,,,,
2018-11-28,실적,0.0,0.0,1.0,0,현금,,,0,0,0,False,,,해당없음,0.0,0.0,0.0,0.0,0.0,0.0,0.0,0.0,0.0,0.0,0.0,0.0,,,,,,,,,,,,
2018-11-29,실적,0.0,0.0,1.0,0,현금,,,0,0,0,False,,,해당없음,0.0,0.0,0.0,0.0,0.0,0.0,0.0,0.0,0.0,0.0,0.0,0.0,,,,,,,,,,,,
2018-11-30,실적,0.0,0.0,1.0,0,현금,,,0,0,0,False,,,해당없음,0.0,0.0,0.0,0.0,0.0,0.0,0.0,0.0,0.0,0.0,0.0,0.0,,,,,,,,,,,,
2018-12-03,실적,0.0,0.0,1.0,0,현금,,,0,0,0,False,,,해당없음,0.0,0.0,0.0,0.0,0.0,0.0,0.0,0.0,0.0,0.0,0.0,0.0,,,,,,,,,,,,
2018-12-04,실적,0.0,0.0,1.0,0,현금,,,0,0,0,False,,,해당없음,0.0,0.0,0.0,0.0,0.0,0.0,0.0,0.0,0.0,0.0,0.0,0.0,,,,,,,,,,,,
2018-12-06,실적,0.0,0.0,1.0,0,현금,,,0,0,0,False,,,해당없음,0.0,0.0,0.0,0.0,0.0,0.0,0.0,0.0,0.0,0.0,0.0,0.0,,,,,,,,,,,,
2018-12-07,실적,0.0,0.0,1.0,0,현금,,,0,0,0,False,,,해당없음,0.0,0.0,0.0,0.0,0.0,0.0,0.0,0.0,0.0,0.0,0.0,0.0,,,,,,,,,,,,
2018-12-10,실적,0.0,0.0,1.0,0,현금,,,0,0,0,False,,,해당없음,0.0,0.0,0.0,0.0,0.0,0.0,0.0,0.0,0.0,0.0,0.0,0.0,,,,,,,,,,,,
2018-12-11,실적,0.0,0.0,1.0,0,현금,,,0,0,0,False,,,해당없음,0.0,0.0,0.0,0.0,0.0,0.0,0.0,0.0,0.0,0.0,0.0,0.0,,,,,,,,,,,,
2018-12-12,실적,0.0,0.0,1.0,0,현금,,,0,0,0,False,,,해당없음,0.0,0.0,0.0,0.0,0.0,0.0,0.0,0.0,0.0,0.0,0.0,0.0,,,,,,,,,,,,
2018-12-13,실적,0.0,0.0,1.0,0,현금,,,0,0,0,False,,,해당없음,0.0,0.0,0.0,0.0,0.0,0.0,0.0,0.0,0.0,0.0,0.0,0.0,,,,,,,,,,,,
2018-12-14,실적,0.0,0.0,1.0,0,현금,,,0,0,0,False,,,해당없음,0.0,0.0,0.0,0.0,0.0,0.0,0.0,0.0,0.0,0.0,0.0,0.0,,,,,,,,,,,,
2018-12-17,실적,0.0,0.0,1.0,0,현금,,,0,0,0,False,,,해당없음,0.0,0.0,0.0,0.0,0.0,0.0,0.0,0.0,0.0,0.0,0.0,0.0,,,,,,,,,,,,
2018-12-18,실적,0.0,0.0,1.0,0,현금,,,0,0,0,False,,,해당없음,0.0,0.0,0.0,0.0,0.0,0.0,0.0,0.0,0.0,0.0,0.0,0.0,,,,,,,,,,,,
2018-12-19,실적,0.0,0.0,1.0,0,현금,,,0,0,0,False,,,해당없음,0.0,0.0,0.0,0.0,0.0,0.0,0.0,0.0,0.0,0.0,0.0,0.0,,,,,,,,,,,,
2018-12-20,실적,0.0,0.0,1.0,0,현금,,,0,0,0,False,,,해당없음,0.0,0.0,0.0,0.0,0.0,0.0,0.0,0.0,0.0,0.0,0.0,0.0,,,,,,,,,,,,
2018-12-21,실적,0.0,0.0,1.0,0,현금,,,0,0,0,False,,,해당없음,0.0,0.0,0.0,0.0,0.0,0.0,0.0,0.0,0.0,0.0,0.0,0.0,,,,,,,,,,,,
2018-12-24,실적,0.0,0.0,1.0,0,현금,,,0,0,0,False,,,해당없음,0.0,0.0,0.0,0.0,0.0,0.0,0.0,0.0,0.0,0.0,0.0,0.0,,,,,,,,,,,,
2018-12-26,실적,0.0,0.0,1.0,0,현금,,,0,0,0,False,,,해당없음,0.0,0.0,0.0,0.0,0.0,0.0,0.0,0.0,0.0,0.0,0.0,0.0,,,,,,,,,,,,
2018-12-27,실적,0.0,0.0,1.0,0,현금,,,0,0,0,False,,,해당없음,0.0,0.0,0.0,0.0,0.0,0.0,0.0,0.0,0.0,0.0,0.0,0.0,,,,,,,,,,,,
2018-12-28,실적,0.0,0.0,1.0,0,현금,,,0,0,0,False,,,해당없음,0.0,0.0,0.0,0.0,0.0,0.0,0.0,0.0,0.0,0.0,0.0,0.0,,,,,,,,,,,,
2018-12-31,실적,0.0,0.0,1.0,0,현금,,,0,0,0,False,,,해당없음,0.0,0.0,0.0,0.0,0.0,0.0,0.0,0.0,0.0,0.0,0.0,0.0,,,,,,,,,,,,
2019-01-02,실적,1.0,1.0,0.0,7,SPY우위,SPY,,2,1,0,False,0.1111,0.1429,해당없음,0.0,0.9,0.0,0.0,0.0,0.0,0.0,0.0,0.1,0.0,0.0,0.0,1.0,3.0,,6.0,8.0,7.0,5.0,4.0,2.0,,,
2019-01-03,실적,1.0,1.0,0.0,7,SPY우위,SPY,,2,1,0,False,0.1111,0.1429,해당없음,0.0,0.9,0.0,0.0,0.0,0.0,0.0,0.0,0.1,0.0,0.0,0.0,1.0,3.0,,6.0,8.0,7.0,5.0,4.0,2.0,,,
2019-01-04,실적,1.0,1.0,0.0,7,SPY우위,SPY,,2,1,0,False,0.1481,0.1429,해당없음,0.0,0.9,0.0,0.0,0.0,0.0,0.0,0.0,0.1,0.0,0.0,0.0,1.0,4.0,,6.0,8.0,7.0,5.0,3.0,2.0,,,
2019-01-07,실적,1.0,1.0,0.0,7,SPY우위,SPY,,2,1,0,False,0.0833,0.1429,해당없음,0.0,0.9,0.0,0.0,0.0,0.0,0.0,0.0,0.1,0.0,0.0,0.0,1.0,4.0,,6.0,8.0,7.0,5.0,3.0,2.0,,,
2019-01-08,실적,1.0,1.0,0.0,7,SPY우위,SPY,,2,1,0,False,0.0444,0.1429,해당없음,0.0,0.9,0.0,0.0,0.0,0.0,0.0,0.0,0.1,0.0,0.0,0.0,1.0,4.0,,6.0,8.0,7.0,5.0,3.0,2.0,,,
2019-01-09,실적,1.0,1.0,0.0,8,SPY우위,SPY,,2,1,0,False,0.0278,0.125,해당없음,0.0,0.9,0.0,0.0,0.0,0.0,0.0,0.0,0.1,0.0,0.0,0.0,1.0,4.0,,6.0,9.0,7.0,5.0,3.0,2.0,8.0,,
2019-01-10,실적,1.0,1.0,0.0,9,SPY우위,SPY,,2,1,0,False,0.0079,0.1111,해당없음,0.0,0.9,0.0,0.0,0.0,0.0,0.0,0.0,0.1,0.0,0.0,0.0,1.0,4.0,,6.0,9.0,7.0,5.0,3.0,2.0,8.0,,10.0
2019-01-11,실적,1.0,1.0,0.0,9,폴백,,,2,0,0,False,0.0069,0.1111,해당없음,0.0,0.9,0.0,0.0,0.0,0.0,0.0,0.0,0.1,0.0,0.0,0.0,2.0,3.0,,6.0,9.0,7.0,5.0,4.0,1.0,8.0,,10.0
2019-01-14,실적,1.0,1.0,0.0,9,폴백,,,2,0,0,False,0.0123,0.1111,해당없음,0.0,0.9,0.0,0.0,0.0,0.0,0.0,0.0,0.1,0.0,0.0,0.0,2.0,3.0,,6.0,9.0,7.0,5.0,4.0,1.0,8.0,,10.0
2019-01-15,실적,1.0,1.0,0.0,9,SPY우위,SPY,,2,1,0,False,0.0056,0.1111,해당없음,0.0,0.9,0.0,0.0,0.0,0.0,0.0,0.0,0.1,0.0,0.0,0.0,1.0,3.0,,6.0,9.0,7.0,5.0,4.0,2.0,8.0,,10.0
2019-01-16,실적,1.0,1.0,0.0,9,폴백,,,2,0,0,False,0.0,0.1111,해당없음,0.0,0.9,0.0,0.0,0.0,0.0,0.0,0.0,0.1,0.0,0.0,0.0,2.0,3.0,,6.0,9.0,7.0,5.0,4.0,1.0,8.0,,10.0
2019-01-17,실적,1.0,1.0,0.0,9,폴백,,,2,0,0,False,0.0046,0.1111,해당없음,0.0,0.9,0.0,0.0,0.0,0.0,0.0,0.0,0.1,0.0,0.0,0.0,2.0,3.0,,6.0,9.0,7.0,5.0,4.0,1.0,8.0,,10.0
2019-01-18,실적,1.0,1.0,0.0,9,폴백,,,2,0,0,False,0.0085,0.1111,해당없음,0.0,0.9,0.0,0.0,0.0,0.0,0.0,0.0,0.1,0.0,0.0,0.0,2.0,3.0,,6.0,9.0,7.0,5.0,4.0,1.0,8.0,,10.0
2019-01-22,실적,1.0,1.0,0.0,9,폴백,,,2,0,0,False,0.0119,0.1111,해당없음,0.0,0.9,0.0,0.0,0.0,0.0,0.0,0.0,0.1,0.0,0.0,0.0,2.0,3.0,,6.0,9.0,7.0,5.0,4.0,1.0,8.0,,10.0
2019-01-23,실적,1.0,1.0,0.0,9,폴백,,,2,0,0,False,0.0148,0.1111,해당없음,0.0,0.9,0.0,0.0,0.0,0.0,0.0,0.0,0.1,0.0,0.0,0.0,2.0,3.0,,6.0,9.0,7.0,5.0,4.0,1.0,8.0,,10.0
2019-01-24,실적,1.0,1.0,0.0,9,폴백,,,2,0,0,False,0.0208,0.1111,해당없음,0.0,0.9,0.0,0.0,0.0,0.0,0.0,0.0,0.1,0.0,0.0,0.0,2.0,3.0,,6.0,9.0,7.0,5.0,4.0,1.0,8.0,,10.0
2019-01-25,실적,1.0,1.0,0.0,9,폴백,,,2,0,0,False,0.0261,0.1111,해당없음,0.0,0.9,0.0,0.0,0.0,0.0,0.0,0.0,0.1,0.0,0.0,0.0,2.0,3.0,,6.0,9.0,7.0,5.0,4.0,1.0,8.0,,10.0
2019-01-28,실적,1.0,1.0,0.0,9,폴백,,,2,0,0,False,0.0154,0.1111,해당없음,0.0,0.9,0.0,0.0,0.0,0.0,0.0,0.0,0.1,0.0,0.0,0.0,2.0,3.0,,6.0,9.0,7.0,5.0,4.0,1.0,8.0,,10.0
2019-01-29,실적,1.0,1.0,0.0,9,폴백,,,2,0,0,False,0.0117,0.1111,해당없음,0.0,0.9,0.0,0.0,0.0,0.0,0.0,0.0,0.1,0.0,0.0,0.0,2.0,3.0,,6.0,9.0,7.0,5.0,4.0,1.0,8.0,,10.0
2019-01-30,실적,1.0,1.0,0.0,9,폴백,,,2,1,0,False,0.0056,0.1111,해당없음,0.0,0.9,0.0,0.0,0.0,0.0,0.0,0.0,0.1,0.0,0.0,0.0,2.0,3.0,,6.0,9.0,7.0,5.0,4.0,1.0,8.0,,10.0
2019-01-31,실적,1.0,1.0,0.0,10,SPY우위,SPY,,2,0,0,False,0.0053,0.1,해당없음,0.0,0.9,0.0,0.0,0.0,0.0,0.0,0.0,0.1,0.0,0.0,0.0,1.0,3.0,6.0,7.0,10.0,8.0,5.0,4.0,2.0,9.0,,11.0
2019-02-01,실적,1.0,1.0,0.0,10,SPY우위,SPY,,2,1,0,False,0.0106,0.1,해당없음,0.0,0.9,0.0,0.0,0.0,0.0,0.0,0.0,0.1,0.0,0.0,0.0,1.0,2.0,6.0,7.0,10.0,8.0,5.0,4.0,3.0,9.0,,11.0
2019-02-04,실적,1.0,1.0,0.0,10,SPY우위,SPY,,2,1,0,False,0.0079,0.1,해당없음,0.0,0.9,0.0,0.0,0.0,0.0,0.0,0.0,0.1,0.0,0.0,0.0,1.0,2.0,6.0,7.0,10.0,8.0,4.0,5.0,3.0,9.0,,11.0
2019-02-05,실적,1.0,1.0,0.0,10,SPY우위,SPY,,2,1,0,False,0.0026,0.1,해당없음,0.0,0.9,0.0,0.0,0.0,0.0,0.0,0.0,0.1,0.0,0.0,0.0,1.0,2.0,6.0,7.0,10.0,8.0,4.0,5.0,3.0,9.0,,11.0
2019-02-06,실적,1.0,1.0,0.0,10,폴백,,,2,1,0,False,0.0,0.1,해당없음,0.0,0.9,0.0,0.0,0.0,0.0,0.0,0.0,0.1,0.0,0.0,0.0,2.0,1.0,6.0,7.0,10.0,8.0,4.0,5.0,3.0,9.0,,11.0
2019-02-07,실적,1.0,1.0,0.0,10,폴백,,,2,1,0,False,0.0,0.1,해당없음,0.0,0.9,0.0,0.0,0.0,0.0,0.0,0.0,0.1,0.0,0.0,0.0,2.0,1.0,6.0,8.0,10.0,7.0,4.0,5.0,3.0,9.0,,11.0
2019-02-08,실적,1.0,1.0,0.0,10,폴백,,,2,1,0,False,0.0026,0.1,해당없음,0.0,0.9,0.0,0.0,0.0,0.0,0.0,0.0,0.1,0.0,0.0,0.0,2.0,3.0,8.0,7.0,10.0,6.0,4.0,5.0,1.0,9.0,,11.0
2019-02-11,실적,1.0,1.0,0.0,10,폴백,,,2,1,0,False,0.0159,0.1,해당없음,0.0,0.9,0.0,0.0,0.0,0.0,0.0,0.0,0.1,0.0,0.0,0.0,2.0,3.0,8.0,7.0,10.0,6.0,4.0,5.0,1.0,9.0,,11.0
2019-02-12,실적,1.0,1.0,0.0,10,폴백,,,2,1,0,False,0.0291,0.1,해당없음,0.0,0.9,0.0,0.0,0.0,0.0,0.0,0.0,0.1,0.0,0.0,0.0,2.0,3.0,8.0,7.0,10.0,6.0,4.0,5.0,1.0,9.0,,11.0
2019-02-13,실적,1.0,1.0,0.0,10,폴백,,,2,1,0,False,0.0423,0.1,해당없음,0.0,0.9,0.0,0.0,0.0,0.0,0.0,0.0,0.1,0.0,0.0,0.0,3.0,4.0,8.0,7.0,10.0,6.0,2.0,5.0,1.0,9.0,,11.0
2019-02-14,실적,1.0,1.0,0.0,10,폴백,,,2,1,0,False,0.037,0.1,해당없음,0.0,0.9,0.0,0.0,0.0,0.0,0.0,0.0,0.1,0.0,0.0,0.0,3.0,4.0,8.0,7.0,10.0,6.0,2.0,5.0,1.0,9.0,,11.0
2019-02-15,실적,1.0,1.0,0.0,10,폴백,,,2,1,0,False,0.0291,0.1,해당없음,0.0,0.9,0.0,0.0,0.0,0.0,0.0,0.0,0.1,0.0,0.0,0.0,3.0,4.0,8.0,7.0,9.0,5.0,2.0,6.0,1.0,10.0,,11.0
2019-02-19,실적,1.0,1.0,0.0,10,폴백,,,2,1,0,False,0.0212,0.1,해당없음,0.0,0.9,0.0,0.0,0.0,0.0,0.0,0.0,0.1,0.0,0.0,0.0,3.0,4.0,8.0,7.0,9.0,5.0,2.0,6.0,1.0,10.0,,11.0
2019-02-20,실적,1.0,1.0,0.0,10,폴백,,,2,1,0,False,0.0079,0.1,해당없음,0.0,0.9,0.0,0.0,0.0,0.0,0.0,0.0,0.1,0.0,0.0,0.0,3.0,4.0,8.0,7.0,9.0,5.0,2.0,6.0,1.0,10.0,,11.0
2019-02-21,실적,1.0,1.0,0.0,10,폴백,,,2,1,0,False,0.0026,0.1,해당없음,0.0,0.9,0.0,0.0,0.0,0.0,0.1,0.0,0.0,0.0,0.0,0.0,3.0,4.0,8.0,7.0,9.0,5.0,1.0,6.0,2.0,10.0,,11.0
2019-02-22,실적,1.0,1.0,0.0,10,폴백,,,2,1,0,False,0.0132,0.1,해당없음,0.0,0.9,0.0,0.0,0.0,0.0,0.1,0.0,0.0,0.0,0.0,0.0,3.0,4.0,8.0,6.0,9.0,5.0,1.0,7.0,2.0,10.0,,11.0
2019-02-25,실적,1.0,1.0,0.0,10,폴백,,,2,1,0,False,0.0238,0.1,해당없음,0.0,0.9,0.0,0.0,0.0,0.0,0.1,0.0,0.0,0.0,0.0,0.0,3.0,5.0,8.0,6.0,9.0,4.0,1.0,7.0,2.0,10.0,,11.0
2019-02-26,실적,1.0,1.0,0.0,10,폴백,,,2,1,0,False,0.0317,0.1,해당없음,0.0,0.9,0.0,0.0,0.0,0.0,0.1,0.0,0.0,0.0,0.0,0.0,4.0,5.0,8.0,6.0,9.0,3.0,1.0,7.0,2.0,10.0,,11.0
2019-02-27,실적,1.0,1.0,0.0,10,폴백,,,2,1,0,False,0.0397,0.1,해당없음,0.0,0.9,0.0,0.0,0.0,0.0,0.1,0.0,0.0,0.0,0.0,0.0,4.0,5.0,8.0,6.0,9.0,3.0,1.0,7.0,2.0,10.0,,11.0
2019-02-28,실적,1.0,1.0,0.0,10,폴백,,,2,1,0,False,0.0503,0.1,해당없음,0.0,0.9,0.0,0.0,0.0,0.0,0.1,0.0,0.0,0.0,0.0,0.0,4.0,6.0,8.0,5.0,9.0,3.0,1.0,7.0,2.0,10.0,,11.0
2019-03-01,실적,1.0,1.0,0.0,10,폴백,,,2,1,0,False,0.0423,0.1,해당없음,0.0,0.9,0.0,0.0,0.0,0.0,0.1,0.0,0.0,0.0,0.0,0.0,5.0,6.0,8.0,4.0,9.0,3.0,1.0,7.0,2.0,10.0,,11.0
2019-03-04,실적,1.0,1.0,0.0,10,폴백,,,2,1,0,False,0.0265,0.1,해당없음,0.0,0.9,0.0,0.0,0.0,0.0,0.1,0.0,0.0,0.0,0.0,0.0,5.0,6.0,8.0,4.0,9.0,3.0,1.0,7.0,2.0,10.0,,11.0
2019-03-05,실적,1.0,1.0,0.0,10,폴백,,,2,1,0,False,0.0106,0.1,해당없음,0.0,0.9,0.0,0.0,0.0,0.0,0.1,0.0,0.0,0.0,0.0,0.0,5.0,6.0,8.0,4.0,9.0,3.0,1.0,7.0,2.0,10.0,,11.0
2019-03-06,실적,1.0,1.0,0.0,10,폴백,,,2,1,0,False,0.0317,0.1,해당없음,0.0,0.9,0.0,0.0,0.0,0.0,0.0,0.0,0.1,0.0,0.0,0.0,5.0,6.0,8.0,4.0,9.0,3.0,2.0,7.0,1.0,11.0,,10.0
2019-03-07,실적,1.0,1.0,0.0,10,폴백,,,2,1,0,False,0.0635,0.1,해당없음,0.0,0.9,0.0,0.0,0.0,0.0,0.0,0.0,0.1,0.0,0.0,0.0,5.0,6.0,8.0,4.0,10.0,3.0,2.0,7.0,1.0,11.0,,9.0
2019-03-08,실적,1.0,1.0,0.0,10,폴백(여유부족),,,2,2,0,False,0.082,0.1,미달,0.0,0.9,0.0,0.0,0.0,0.0,0.0,0.0,0.1,0.0,0.0,0.0,5.0,6.0,8.0,4.0,9.0,3.0,2.0,7.0,1.0,11.0,,10.0
2019-03-11,실적,1.0,1.0,0.0,10,폴백(여유부족),,,2,2,0,False,0.0899,0.1,미달,0.0,0.9,0.0,0.0,0.0,0.0,0.0,0.0,0.1,0.0,0.0,0.0,5.0,6.0,8.0,4.0,9.0,3.0,2.0,7.0,1.0,11.0,,10.0
2019-03-12,실적,1.0,1.0,0.0,10,폴백,,,2,1,0,False,0.0899,0.1,해당없음,0.0,0.9,0.0,0.0,0.0,0.0,0.0,0.0,0.1,0.0,0.0,0.0,5.0,6.0,8.0,3.0,9.0,4.0,2.0,7.0,1.0,11.0,,10.0
2019-03-13,실적,1.0,1.0,0.0,10,폴백,,,2,1,0,False,0.0926,0.1,해당없음,0.0,0.9,0.0,0.0,0.0,0.0,0.0,0.0,0.1,0.0,0.0,0.0,5.0,7.0,8.0,3.0,9.0,4.0,2.0,6.0,1.0,11.0,,10.0
2019-03-14,실적,1.0,1.0,0.0,10,폴백,,,2,1,0,False,0.0873,0.1,해당없음,0.0,0.9,0.0,0.0,0.0,0.0,0.0,0.0,0.1,0.0,0.0,0.0,5.0,7.0,8.0,2.0,9.0,4.0,3.0,6.0,1.0,11.0,,10.0
2019-03-15,실적,1.0,1.0,0.0,10,폴백,,,2,1,0,False,0.0476,0.1,해당없음,0.0,0.9,0.0,0.0,0.0,0.0,0.0,0.0,0.1,0.0,0.0,0.0,5.0,6.0,8.0,2.0,9.0,4.0,3.0,7.0,1.0,11.0,,10.0
2019-03-18,실적,1.0,1.0,0.0,10,폴백,,,2,1,0,False,0.0079,0.1,해당없음,0.0,0.9,0.0,0.0,0.0,0.0,0.0,0.0,0.1,0.0,0.0,0.0,5.0,6.0,8.0,2.0,9.0,4.0,3.0,7.0,1.0,11.0,,10.0
2019-03-19,실적,1.0,1.0,0.0,10,폴백,,,2,1,0,False,0.037,0.1,해당없음,0.0,0.9,0.0,0.1,0.0,0.0,0.0,0.0,0.0,0.0,0.0,0.0,4.0,6.0,8.0,1.0,9.0,5.0,3.0,7.0,2.0,11.0,,10.0
2019-03-20,실적,1.0,1.0,0.0,10,폴백,,,2,1,0,False,0.0794,0.1,해당없음,0.0,0.9,0.0,0.1,0.0,0.0,0.0,0.0,0.0,0.0,0.0,0.0,4.0,6.0,8.0,1.0,9.0,7.0,3.0,5.0,2.0,11.0,,10.0
2019-03-21,실적,1.0,1.0,0.0,10,리더,XLY,,2,2,0,False,0.1164,0.1,통과,0.0,0.9,0.0,0.1,0.0,0.0,0.0,0.0,0.0,0.0,0.0,0.0,3.0,6.0,8.0,1.0,9.0,7.0,5.0,4.0,2.0,11.0,,10.0
2019-03-22,실적,1.0,1.0,0.0,10,리더,XLY,,2,2,0,False,0.1058,0.1,통과,0.0,0.9,0.0,0.1,0.0,0.0,0.0,0.0,0.0,0.0,0.0,0.0,2.0,4.0,8.0,1.0,9.0,7.0,6.0,3.0,5.0,11.0,,10.0
2019-03-25,실적,1.0,1.0,0.0,10,리더,XLY,,2,2,0,False,0.1032,0.1,통과,0.0,0.9,0.0,0.1,0.0,0.0,0.0,0.0,0.0,0.0,0.0,0.0,2.0,4.0,8.0,1.0,9.0,7.0,6.0,3.0,5.0,11.0,,10.0
2019-03-26,실적,1.0,1.0,0.0,10,리더,XLY,,2,2,0,False,0.0979,0.1,미달,0.0,0.9,0.0,0.1,0.0,0.0,0.0,0.0,0.0,0.0,0.0,0.0,2.0,4.0,8.0,1.0,9.0,7.0,5.0,3.0,6.0,11.0,,10.0
2019-03-27,실적,1.0,1.0,0.0,10,리더,XLY,,2,2,0,False,0.0979,0.1,미달,0.0,0.9,0.0,0.1,0.0,0.0,0.0,0.0,0.0,0.0,0.0,0.0,3.0,4.0,8.0,1.0,9.0,7.0,5.0,2.0,6.0,11.0,,10.0
2019-03-28,실적,1.0,1.0,0.0,10,리더,XLY,,2,2,0,False,0.0847,0.1,미달,0.0,0.9,0.0,0.1,0.0,0.0,0.0,0.0,0.0,0.0,0.0,0.0,3.0,4.0,8.0,1.0,9.0,7.0,5.0,2.0,6.0,11.0,,10.0
2019-03-29,실적,1.0,1.0,0.0,10,리더,XLY,,2,1,0,True,0.082,0.1,해당없음,0.0,0.9,0.0,0.1,0.0,0.0,0.0,0.0,0.0,0.0,0.0,0.0,3.0,4.0,8.0,1.0,9.0,7.0,5.0,2.0,6.0,11.0,,10.0
2019-04-01,실적,1.0,1.0,0.0,10,리더,XLY,,2,1,0,True,0.0741,0.1,해당없음,0.0,0.9,0.0,0.1,0.0,0.0,0.0,0.0,0.0,0.0,0.0,0.0,3.0,4.0,8.0,1.0,9.0,7.0,5.0,2.0,6.0,11.0,,10.0
2019-04-02,실적,1.0,1.0,0.0,10,리더,XLY,,2,1,0,True,0.0714,0.1,해당없음,0.0,0.9,0.0,0.1,0.0,0.0,0.0,0.0,0.0,0.0,0.0,0.0,3.0,4.0,8.0,1.0,9.0,7.0,5.0,2.0,6.0,10.0,,11.0
2019-04-03,실적,1.0,1.0,0.0,10,리더,XLY,,2,1,0,True,0.0556,0.1,해당없음,0.0,0.9,0.0,0.1,0.0,0.0,0.0,0.0,0.0,0.0,0.0,0.0,2.0,4.0,8.0,1.0,9.0,7.0,5.0,3.0,6.0,10.0,,11.0
2019-04-04,실적,1.0,1.0,0.0,10,리더,XLY,,2,1,0,True,0.0317,0.1,해당없음,0.0,0.9,0.0,0.1,0.0,0.0,0.0,0.0,0.0,0.0,0.0,0.0,3.0,4.0,8.0,1.0,9.0,7.0,5.0,2.0,6.0,10.0,,11.0
2019-04-05,실적,1.0,1.0,0.0,10,리더,XLY,,2,1,0,True,0.0344,0.1,해당없음,0.0,0.9,0.0,0.1,0.0,0.0,0.0,0.0,0.0,0.0,0.0,0.0,3.0,4.0,8.0,1.0,9.0,7.0,5.0,2.0,6.0,10.0,,11.0
2019-04-08,실적,1.0,1.0,0.0,10,리더,XLY,,2,1,0,True,0.0291,0.1,해당없음,0.0,0.9,0.0,0.1,0.0,0.0,0.0,0.0,0.0,0.0,0.0,0.0,2.0,4.0,8.0,1.0,9.0,7.0,5.0,3.0,6.0,10.0,,11.0
2019-04-09,실적,1.0,1.0,0.0,10,리더,XLY,,2,1,0,True,0.0317,0.1,해당없음,0.0,0.9,0.0,0.1,0.0,0.0,0.0,0.0,0.0,0.0,0.0,0.0,2.0,4.0,8.0,1.0,9.0,7.0,5.0,3.0,6.0,10.0,,11.0
2019-04-10,실적,1.0,1.0,0.0,10,리더,XLY,,2,1,0,True,0.0291,0.1,해당없음,0.0,0.9,0.0,0.1,0.0,0.0,0.0,0.0,0.0,0.0,0.0,0.0,2.0,4.0,8.0,1.0,9.0,7.0,5.0,3.0,6.0,10.0,,11.0
2019-04-11,실적,1.0,1.0,0.0,10,리더,XLY,,2,1,0,True,0.0317,0.1,해당없음,0.0,0.9,0.0,0.1,0.0,0.0,0.0,0.0,0.0,0.0,0.0,0.0,2.0,5.0,8.0,1.0,9.0,7.0,4.0,3.0,6.0,10.0,,11.0
2019-04-12,실적,1.0,1.0,0.0,10,리더,XLY,,2,1,0,True,0.0132,0.1,해당없음,0.0,0.9,0.0,0.1,0.0,0.0,0.0,0.0,0.0,0.0,0.0,0.0,4.0,5.0,8.0,1.0,9.0,6.0,2.0,3.0,7.0,10.0,,11.0
2019-04-15,실적,1.0,1.0,0.0,10,리더,XLY,,2,1,0,False,0.0238,0.1,해당없음,0.0,0.9,0.0,0.0,0.0,0.0,0.1,0.0,0.0,0.0,0.0,0.0,3.0,5.0,8.0,2.0,9.0,6.0,1.0,4.0,7.0,10.0,,11.0
2019-04-16,실적,1.0,1.0,0.0,10,리더,XLY,,2,1,0,False,0.0556,0.1,해당없음,0.0,0.9,0.0,0.0,0.0,0.0,0.1,0.0,0.0,0.0,0.0,0.0,3.0,5.0,8.0,2.0,9.0,6.0,1.0,4.0,7.0,10.0,,11.0
2019-04-17,실적,1.0,1.0,0.0,10,리더,XLY,,2,2,0,False,0.0794,0.1,미달,0.0,0.9,0.0,0.0,0.0,0.0,0.1,0.0,0.0,0.0,0.0,0.0,3.0,5.0,8.0,2.0,10.0,6.0,1.0,4.0,7.0,9.0,,11.0
2019-04-18,실적,1.0,1.0,0.0,10,리더,XLY,,2,2,0,False,0.1085,0.1,통과,0.0,0.9,0.0,0.0,0.0,0.0,0.1,0.0,0.0,0.0,0.0,0.0,3.0,5.0,8.0,2.0,10.0,6.0,1.0,4.0,7.0,9.0,,11.0
2019-04-22,실적,1.0,1.0,0.0,10,리더,XLE,,2,2,0,False,0.1323,0.1,통과,0.0,0.9,0.0,0.0,0.0,0.0,0.1,0.0,0.0,0.0,0.0,0.0,3.0,4.0,8.0,2.0,11.0,6.0,1.0,5.0,7.0,9.0,,10.0
2019-04-23,실적,1.0,1.0,0.0,10,리더,XLE,,2,2,0,False,0.1614,0.1,통과,0.0,0.9,0.0,0.0,0.0,0.0,0.1,0.0,0.0,0.0,0.0,0.0,5.0,6.0,8.0,2.0,11.0,3.0,1.0,4.0,7.0,9.0,,10.0
2019-04-24,실적,1.0,1.0,0.0,10,리더,XLE,,2,2,0,False,0.1349,0.1,통과,0.0,0.9,0.0,0.0,0.0,0.0,0.1,0.0,0.0,0.0,0.0,0.0,5.0,6.0,8.0,3.0,11.0,2.0,1.0,4.0,7.0,9.0,,10.0
2019-04-25,실적,1.0,1.0,0.0,10,리더,XLE,,2,2,0,False,0.1085,0.1,통과,0.0,0.9,0.0,0.0,0.0,0.0,0.1,0.0,0.0,0.0,0.0,0.0,4.0,6.0,8.0,3.0,11.0,2.0,1.0,5.0,7.0,9.0,,10.0
2019-04-26,실적,1.0,1.0,0.0,10,리더,XLE,,2,2,0,False,0.082,0.1,미달,0.0,0.9,0.0,0.0,0.0,0.0,0.1,0.0,0.0,0.0,0.0,0.0,4.0,6.0,8.0,3.0,11.0,2.0,1.0,5.0,7.0,9.0,,10.0
2019-04-29,실적,1.0,1.0,0.0,10,리더,XLE,,2,2,0,False,0.0582,0.1,미달,0.0,0.9,0.0,0.0,0.0,0.0,0.1,0.0,0.0,0.0,0.0,0.0,5.0,6.0,8.0,3.0,11.0,2.0,1.0,4.0,7.0,9.0,,10.0
2019-04-30,실적,1.0,1.0,0.0,10,리더,XLE,,2,2,0,False,0.0291,0.1,미달,0.0,0.9,0.0,0.0,0.0,0.0,0.1,0.0,0.0,0.0,0.0,0.0,4.0,6.0,8.0,5.0,11.0,2.0,1.0,3.0,7.0,9.0,,10.0
2019-05-01,실적,1.0,1.0,0.0,10,리더,XLE,,2,1,0,True,0.0053,0.1,해당없음,0.0,0.9,0.0,0.0,0.0,0.0,0.1,0.0,0.0,0.0,0.0,0.0,5.0,6.0,8.0,4.0,11.0,2.0,1.0,3.0,7.0,9.0,,10.0
2019-05-02,실적,1.0,1.0,0.0,10,리더,XLE,,2,2,0,False,0.0185,0.1,미달,0.0,0.9,0.0,0.0,0.0,0.1,0.0,0.0,0.0,0.0,0.0,0.0,5.0,6.0,8.0,4.0,11.0,1.0,2.0,3.0,7.0,9.0,,10.0
2019-05-03,실적,1.0,1.0,0.0,10,리더,XLE,,2,2,0,False,0.037,0.1,미달,0.0,0.9,0.0,0.0,0.0,0.1,0.0,0.0,0.0,0.0,0.0,0.0,5.0,6.0,8.0,4.0,11.0,1.0,2.0,3.0,7.0,9.0,,10.0
2019-05-06,실적,1.0,1.0,0.0,10,리더,XLE,,2,2,0,False,0.0397,0.1,미달,0.0,0.9,0.0,0.0,0.0,0.1,0.0,0.0,0.0,0.0,0.0,0.0,6.0,7.0,8.0,4.0,11.0,1.0,2.0,3.0,5.0,9.0,,10.0
2019-05-07,실적,1.0,1.0,0.0,10,리더,XLE,,2,2,0,False,0.0397,0.1,미달,0.0,0.9,0.0,0.0,0.0,0.1,0.0,0.0,0.0,0.0,0.0,0.0,5.0,7.0,8.0,6.0,11.0,1.0,2.0,3.0,4.0,9.0,,10.0
2019-05-08,실적,1.0,1.0,0.0,10,리더,XLE,,2,2,0,False,0.0503,0.1,미달,0.0,0.9,0.0,0.0,0.0,0.1,0.0,0.0,0.0,0.0,0.0,0.0,4.0,7.0,9.0,6.0,11.0,1.0,2.0,3.0,5.0,8.0,,10.0
2019-05-09,실적,1.0,1.0,0.0,10,리더,XLE,,2,2,0,False,0.0661,0.1,미달,0.0,0.9,0.0,0.0,0.0,0.1,0.0,0.0,0.0,0.0,0.0,0.0,4.0,7.0,9.0,6.0,11.0,1.0,2.0,3.0,5.0,8.0,,10.0
2019-05-10,실적,1.0,1.0,0.0,10,리더,XLE,,2,2,0,False,0.0794,0.1,미달,0.0,0.9,0.0,0.0,0.0,0.1,0.0,0.0,0.0,0.0,0.0,0.0,4.0,7.0,9.0,6.0,11.0,1.0,2.0,3.0,5.0,8.0,,10.0
2019-05-13,실적,1.0,1.0,0.0,10,리더,XLE,,2,2,0,False,0.0926,0.1,미달,0.0,0.9,0.0,0.0,0.0,0.1,0.0,0.0,0.0,0.0,0.0,0.0,4.0,7.0,9.0,6.0,11.0,1.0,2.0,3.0,5.0,8.0,,10.0
2019-05-14,실적,1.0,1.0,0.0,10,리더,XLE,,2,2,0,False,0.0979,0.1,미달,0.0,0.9,0.0,0.0,0.0,0.1,0.0,0.0,0.0,0.0,0.0,0.0,4.0,7.0,9.0,6.0,11.0,1.0,2.0,3.0,5.0,8.0,,10.0
2019-05-15,실적,1.0,1.0,0.0,10,리더,XLE,,2,2,0,False,0.1111,0.1,통과,0.0,0.9,0.0,0.0,0.0,0.1,0.0,0.0,0.0,0.0,0.0,0.0,4.0,7.0,9.0,6.0,11.0,1.0,2.0,3.0,5.0,8.0,,10.0
2019-05-16,실적,1.0,1.0,0.0,10,리더,XLE,,2,2,0,False,0.1085,0.1,통과,0.0,0.9,0.0,0.0,0.0,0.1,0.0,0.0,0.0,0.0,0.0,0.0,5.0,7.0,9.0,6.0,11.0,1.0,2.0,3.0,4.0,8.0,,10.0
2019-05-17,실적,1.0,1.0,0.0,10,리더,XLE,,2,2,0,False,0.0979,0.1,미달,0.0,0.9,0.0,0.0,0.0,0.1,0.0,0.0,0.0,0.0,0.0,0.0,5.0,8.0,9.0,6.0,11.0,1.0,2.0,3.0,4.0,7.0,,10.0
2019-05-20,실적,1.0,1.0,0.0,10,리더,XLE,,2,2,0,False,0.0873,0.1,미달,0.0,0.9,0.0,0.0,0.0,0.1,0.0,0.0,0.0,0.0,0.0,0.0,5.0,8.0,9.0,6.0,11.0,1.0,2.0,3.0,4.0,7.0,,10.0
2019-05-21,실적,1.0,1.0,0.0,10,폴백(여유부족),,,2,2,0,False,0.0767,0.1,미달,0.0,0.9,0.0,0.0,0.0,0.1,0.0,0.0,0.0,0.0,0.0,0.0,5.0,8.0,9.0,6.0,11.0,1.0,2.0,3.0,4.0,7.0,,10.0
2019-05-22,실적,1.0,1.0,0.0,10,폴백(여유부족),,,2,2,0,False,0.0714,0.1,미달,0.0,0.9,0.0,0.0,0.0,0.1,0.0,0.0,0.0,0.0,0.0,0.0,5.0,8.0,9.0,6.0,11.0,1.0,2.0,3.0,4.0,7.0,,10.0
2019-05-23,실적,1.0,1.0,0.0,10,폴백(여유부족),,,2,2,0,False,0.0635,0.1,미달,0.0,0.9,0.0,0.0,0.0,0.1,0.0,0.0,0.0,0.0,0.0,0.0,5.0,8.0,9.0,6.0,11.0,1.0,2.0,3.0,4.0,7.0,,10.0
2019-05-24,실적,1.0,1.0,0.0,10,폴백(여유부족),,,2,2,0,False,0.0529,0.1,미달,0.0,0.9,0.0,0.0,0.0,0.1,0.0,0.0,0.0,0.0,0.0,0.0,5.0,8.0,10.0,6.0,11.0,1.0,2.0,3.0,4.0,7.0,,9.0
2019-05-28,실적,1.0,1.0,0.0,10,폴백(여유부족),,,2,2,0,False,0.0423,0.1,미달,0.0,0.9,0.0,0.0,0.0,0.1,0.0,0.0,0.0,0.0,0.0,0.0,5.0,8.0,10.0,6.0,11.0,1.0,2.0,3.0,4.0,7.0,,9.0
2019-05-29,실적,1.0,1.0,0.0,10,폴백(여유부족),,,2,2,0,False,0.0317,0.1,미달,0.0,0.9,0.0,0.0,0.0,0.1,0.0,0.0,0.0,0.0,0.0,0.0,6.0,8.0,10.0,7.0,11.0,1.0,2.0,3.0,4.0,5.0,,9.0
2019-05-30,실적,1.0,1.0,0.0,10,폴백(여유부족),,,2,2,0,False,0.0212,0.1,미달,0.0,0.9,0.0,0.0,0.0,0.1,0.0,0.0,0.0,0.0,0.0,0.0,6.0,8.0,10.0,7.0,11.0,1.0,2.0,3.0,4.0,5.0,,9.0
2019-05-31,실적,1.0,1.0,0.0,10,폴백,,,2,1,0,False,0.0053,0.1,해당없음,0.0,0.9,0.0,0.0,0.0,0.1,0.0,0.0,0.0,0.0,0.0,0.0,6.0,8.0,10.0,7.0,11.0,1.0,2.0,4.0,3.0,5.0,,9.0
2019-06-03,실적,1.0,1.0,0.0,10,폴백(여유부족),,,2,2,0,False,0.0159,0.1,미달,0.0,0.9,0.0,0.0,0.0,0.0,0.1,0.0,0.0,0.0,0.0,0.0,6.0,8.0,10.0,7.0,11.0,2.0,1.0,3.0,4.0,5.0,,9.0
2019-06-04,실적,1.0,1.0,0.0,10,폴백(여유부족),,,2,2,0,False,0.037,0.1,미달,0.0,0.9,0.0,0.0,0.0,0.0,0.1,0.0,0.0,0.0,0.0,0.0,5.0,8.0,10.0,7.0,11.0,2.0,1.0,3.0,4.0,6.0,,9.0
2019-06-05,실적,1.0,1.0,0.0,10,폴백(여유부족),,,2,2,0,False,0.0582,0.1,미달,0.0,0.9,0.0,0.0,0.0,0.0,0.1,0.0,0.0,0.0,0.0,0.0,5.0,8.0,10.0,7.0,11.0,2.0,1.0,3.0,4.0,6.0,,9.0
2019-06-06,실적,1.0,1.0,0.0,10,폴백(여유부족),,,2,2,0,False,0.0794,0.1,미달,0.0,0.9,0.0,0.0,0.0,0.0,0.1,0.0,0.0,0.0,0.0,0.0,5.0,9.0,10.0,7.0,11.0,2.0,1.0,3.0,4.0,6.0,,8.0
2019-06-07,실적,1.0,1.0,0.0,10,리더,XLE,,2,2,0,False,0.1005,0.1,통과,0.0,0.9,0.0,0.0,0.0,0.0,0.1,0.0,0.0,0.0,0.0,0.0,5.0,9.0,10.0,6.0,11.0,2.0,1.0,3.0,4.0,7.0,,8.0
2019-06-10,실적,1.0,1.0,0.0,10,리더,XLE,,2,2,0,False,0.1243,0.1,통과,0.0,0.9,0.0,0.0,0.0,0.0,0.1,0.0,0.0,0.0,0.0,0.0,5.0,9.0,10.0,6.0,11.0,2.0,1.0,3.0,4.0,7.0,,8.0
2019-06-11,실적,1.0,1.0,0.0,10,리더,XLE,,2,2,0,False,0.1455,0.1,통과,0.0,0.9,0.0,0.0,0.0,0.0,0.1,0.0,0.0,0.0,0.0,0.0,5.0,9.0,10.0,6.0,11.0,2.0,1.0,3.0,4.0,7.0,,8.0
2019-06-12,실적,1.0,1.0,0.0,10,리더,XLE,,2,2,0,False,0.1587,0.1,통과,0.0,0.9,0.0,0.0,0.0,0.0,0.1,0.0,0.0,0.0,0.0,0.0,5.0,9.0,10.0,6.0,11.0,2.0,1.0,3.0,4.0,7.0,,8.0
2019-06-13,실적,1.0,1.0,0.0,10,리더,XLE,,2,2,0,False,0.164,0.1,통과,0.0,0.9,0.0,0.0,0.0,0.0,0.1,0.0,0.0,0.0,0.0,0.0,5.0,9.0,10.0,6.0,11.0,2.0,1.0,3.0,4.0,8.0,,7.0
2019-06-14,실적,1.0,1.0,0.0,10,리더,XLE,,2,2,0,False,0.1746,0.1,통과,0.0,0.9,0.0,0.0,0.0,0.0,0.1,0.0,0.0,0.0,0.0,0.0,5.0,9.0,10.0,6.0,11.0,2.0,1.0,3.0,4.0,8.0,,7.0
2019-06-17,실적,1.0,1.0,0.0,10,리더,XLE,,2,2,0,False,0.1772,0.1,통과,0.0,0.9,0.0,0.0,0.0,0.0,0.1,0.0,0.0,0.0,0.0,0.0,5.0,8.0,10.0,6.0,11.0,2.0,1.0,3.0,4.0,9.0,,7.0
2019-06-18,실적,1.0,1.0,0.0,10,리더,XLE,,2,2,0,False,0.1825,0.1,통과,0.0,0.9,0.0,0.0,0.0,0.0,0.1,0.0,0.0,0.0,0.0,0.0,5.0,8.0,10.0,6.0,11.0,2.0,1.0,3.0,4.0,9.0,,7.0
2019-06-19,실적,1.0,1.0,0.0,10,리더,XLE,,2,2,0,False,0.1852,0.1,통과,0.0,0.9,0.0,0.0,0.0,0.0,0.1,0.0,0.0,0.0,0.0,0.0,5.0,8.0,10.0,6.0,11.0,3.0,1.0,2.0,4.0,9.0,,7.0
2019-06-20,실적,1.0,1.0,0.0,10,리더,XLE,,2,2,0,False,0.1746,0.1,통과,0.0,0.9,0.0,0.0,0.0,0.0,0.1,0.0,0.0,0.0,0.0,0.0,5.0,8.0,9.0,7.0,11.0,3.0,1.0,2.0,4.0,10.0,,6.0
2019-06-21,실적,1.0,1.0,0.0,10,리더,XLE,,2,2,0,False,0.1614,0.1,통과,0.0,0.9,0.0,0.0,0.0,0.0,0.1,0.0,0.0,0.0,0.0,0.0,5.0,8.0,9.0,7.0,11.0,4.0,1.0,2.0,3.0,10.0,,6.0
2019-06-24,실적,1.0,1.0,0.0,10,리더,XLE,,2,2,0,False,0.1534,0.1,통과,0.0,0.9,0.0,0.0,0.0,0.0,0.1,0.0,0.0,0.0,0.0,0.0,5.0,8.0,9.0,7.0,11.0,4.0,1.0,2.0,3.0,10.0,,6.0
2019-06-25,실적,1.0,1.0,0.0,10,리더,XLE,,2,2,0,False,0.1429,0.1,통과,0.0,0.9,0.0,0.0,0.0,0.0,0.1,0.0,0.0,0.0,0.0,0.0,5.0,6.0,9.0,7.0,11.0,4.0,1.0,2.0,3.0,10.0,,8.0
2019-06-26,실적,1.0,1.0,0.0,10,리더,XLE,,2,2,0,False,0.1164,0.1,통과,0.0,0.9,0.0,0.0,0.0,0.0,0.1,0.0,0.0,0.0,0.0,0.0,5.0,6.0,9.0,7.0,10.0,4.0,1.0,2.0,3.0,11.0,,8.0
2019-06-27,실적,1.0,1.0,0.0,10,리더,XLE,,2,2,0,False,0.1111,0.1,통과,0.0,0.9,0.0,0.0,0.0,0.0,0.1,0.0,0.0,0.0,0.0,0.0,5.0,6.0,9.0,7.0,10.0,4.0,1.0,2.0,3.0,11.0,,8.0
2019-06-28,실적,1.0,1.0,0.0,10,리더,XLE,,2,2,0,False,0.1111,0.1,통과,0.0,0.9,0.0,0.0,0.0,0.0,0.1,0.0,0.0,0.0,0.0,0.0,5.0,6.0,9.0,8.0,10.0,4.0,1.0,2.0,3.0,11.0,,7.0
2019-07-01,실적,1.0,1.0,0.0,10,리더,XLE,,2,2,0,False,0.1032,0.1,통과,0.0,0.9,0.0,0.0,0.0,0.0,0.1,0.0,0.0,0.0,0.0,0.0,5.0,6.0,9.0,8.0,10.0,4.0,1.0,2.0,3.0,11.0,,7.0
2019-07-02,실적,1.0,1.0,0.0,10,리더,XLE,,2,2,0,False,0.1138,0.1,통과,0.0,0.9,0.0,0.0,0.0,0.0,0.1,0.0,0.0,0.0,0.0,0.0,5.0,6.0,9.0,7.0,10.0,4.0,1.0,2.0,3.0,11.0,,8.0
2019-07-03,실적,1.0,1.0,0.0,10,리더,XLE,,2,2,0,False,0.1243,0.1,통과,0.0,0.9,0.0,0.0,0.0,0.0,0.1,0.0,0.0,0.0,0.0,0.0,5.0,6.0,9.0,7.0,10.0,4.0,1.0,2.0,3.0,11.0,,8.0
2019-07-05,실적,1.0,1.0,0.0,10,리더,XLE,,2,2,0,False,0.1455,0.1,통과,0.0,0.9,0.0,0.0,0.0,0.0,0.1,0.0,0.0,0.0,0.0,0.0,5.0,6.0,9.0,7.0,10.0,4.0,1.0,2.0,3.0,11.0,,8.0
2019-07-08,실적,1.0,1.0,0.0,10,리더,XLE,,2,2,0,False,0.1667,0.1,통과,0.0,0.9,0.0,0.0,0.0,0.0,0.1,0.0,0.0,0.0,0.0,0.0,5.0,6.0,8.0,7.0,10.0,4.0,1.0,2.0,3.0,11.0,,9.0
2019-07-09,실적,1.0,1.0,0.0,10,리더,XLE,,2,2,0,False,0.172,0.1,통과,0.0,0.9,0.0,0.0,0.0,0.0,0.1,0.0,0.0,0.0,0.0,0.0,5.0,6.0,7.0,8.0,10.0,4.0,1.0,3.0,2.0,11.0,,9.0
2019-07-10,실적,1.0,1.0,0.0,10,리더,XLE,,2,2,0,False,0.1561,0.1,통과,0.0,0.9,0.0,0.0,0.0,0.0,0.1,0.0,0.0,0.0,0.0,0.0,5.0,6.0,7.0,8.0,10.0,3.0,1.0,4.0,2.0,11.0,,9.0
2019-07-11,실적,1.0,1.0,0.0,10,리더,XLE,,2,2,0,False,0.1402,0.1,통과,0.0,0.9,0.0,0.0,0.0,0.0,0.1,0.0,0.0,0.0,0.0,0.0,5.0,6.0,7.0,8.0,10.0,3.0,1.0,4.0,2.0,11.0,,9.0
2019-07-12,실적,1.0,1.0,0.0,10,리더,XLE,,2,2,0,False,0.1323,0.1,통과,0.0,0.9,0.0,0.0,0.0,0.0,0.1,0.0,0.0,0.0,0.0,0.0,5.0,6.0,7.0,8.0,10.0,3.0,1.0,4.0,2.0,11.0,,9.0
2019-07-15,실적,1.0,1.0,0.0,10,리더,XLE,,2,2,0,False,0.1243,0.1,통과,0.0,0.9,0.0,0.0,0.0,0.0,0.1,0.0,0.0,0.0,0.0,0.0,5.0,6.0,7.0,8.0,10.0,3.0,1.0,4.0,2.0,11.0,,9.0
2019-07-16,실적,1.0,1.0,0.0,10,리더,XLE,,2,2,0,False,0.1243,0.1,통과,0.0,0.9,0.0,0.0,0.0,0.0,0.1,0.0,0.0,0.0,0.0,0.0,5.0,6.0,7.0,8.0,10.0,3.0,1.0,4.0,2.0,11.0,,9.0
2019-07-17,실적,1.0,1.0,0.0,10,리더,XLE,,2,2,0,False,0.1085,0.1,통과,0.0,0.9,0.0,0.0,0.0,0.0,0.1,0.0,0.0,0.0,0.0,0.0,5.0,6.0,7.0,8.0,10.0,2.0,1.0,4.0,3.0,11.0,,9.0
2019-07-18,실적,1.0,1.0,0.0,10,리더,XLE,,2,2,0,False,0.0926,0.1,미달,0.0,0.9,0.0,0.0,0.0,0.0,0.1,0.0,0.0,0.0,0.0,0.0,4.0,6.0,7.0,8.0,10.0,2.0,1.0,5.0,3.0,11.0,,9.0
2019-07-19,실적,1.0,1.0,0.0,10,리더,XLE,,2,2,0,False,0.0688,0.1,미달,0.0,0.9,0.0,0.0,0.0,0.0,0.1,0.0,0.0,0.0,0.0,0.0,4.0,6.0,7.0,8.0,10.0,2.0,1.0,5.0,3.0,11.0,,9.0
2019-07-22,실적,1.0,1.0,0.0,10,폴백,,,2,1,0,True,0.045,0.1,해당없음,0.0,0.9,0.0,0.0,0.0,0.0,0.1,0.0,0.0,0.0,0.0,0.0,4.0,6.0,7.0,8.0,10.0,2.0,1.0,5.0,3.0,11.0,,9.0
2019-07-23,실적,1.0,1.0,0.0,10,폴백,,,2,1,0,False,0.0185,0.1,해당없음,0.0,0.9,0.0,0.0,0.0,0.0,0.1,0.0,0.0,0.0,0.0,0.0,4.0,6.0,7.0,8.0,10.0,2.0,1.0,5.0,3.0,11.0,,9.0
2019-07-24,실적,1.0,1.0,0.0,10,폴백,,,2,1,0,False,0.0053,0.1,해당없음,0.0,0.9,0.0,0.0,0.0,0.1,0.0,0.0,0.0,0.0,0.0,0.0,4.0,6.0,7.0,8.0,10.0,1.0,2.0,5.0,3.0,11.0,,9.0
2019-07-25,실적,1.0,1.0,0.0,10,폴백(여유부족),,,2,2,0,False,0.037,0.1,미달,0.0,0.9,0.0,0.0,0.0,0.1,0.0,0.0,0.0,0.0,0.0,0.0,4.0,6.0,7.0,8.0,10.0,1.0,2.0,5.0,3.0,11.0,,9.0
2019-07-26,실적,1.0,1.0,0.0,10,폴백(여유부족),,,2,2,0,False,0.0608,0.1,미달,0.0,0.9,0.0,0.0,0.0,0.1,0.0,0.0,0.0,0.0,0.0,0.0,4.0,5.0,7.0,8.0,10.0,1.0,2.0,6.0,3.0,11.0,,9.0
2019-07-29,실적,1.0,1.0,0.0,10,폴백(여유부족),,,2,2,0,False,0.082,0.1,미달,0.0,0.9,0.0,0.0,0.0,0.1,0.0,0.0,0.0,0.0,0.0,0.0,4.0,5.0,6.0,8.0,10.0,1.0,2.0,7.0,3.0,11.0,,9.0
2019-07-30,실적,1.0,1.0,0.0,10,리더,XLF,,2,2,0,False,0.1032,0.1,통과,0.0,0.9,0.0,0.0,0.0,0.1,0.0,0.0,0.0,0.0,0.0,0.0,4.0,6.0,5.0,8.0,10.0,1.0,2.0,7.0,3.0,11.0,,9.0
2019-07-31,실적,1.0,1.0,0.0,10,리더,XLF,,2,2,0,False,0.1217,0.1,통과,0.0,0.9,0.0,0.0,0.0,0.1,0.0,0.0,0.0,0.0,0.0,0.0,4.0,6.0,5.0,8.0,10.0,1.0,2.0,7.0,3.0,11.0,,9.0
2019-08-01,실적,1.0,1.0,0.0,10,리더,XLF,,2,2,0,False,0.1376,0.1,통과,0.0,0.9,0.0,0.0,0.0,0.1,0.0,0.0,0.0,0.0,0.0,0.0,4.0,6.0,5.0,8.0,10.0,1.0,2.0,7.0,3.0,11.0,,9.0
2019-08-02,실적,1.0,1.0,0.0,10,리더,XLF,,2,2,0,False,0.1587,0.1,통과,0.0,0.9,0.0,0.0,0.0,0.1,0.0,0.0,0.0,0.0,0.0,0.0,4.0,6.0,5.0,8.0,10.0,1.0,2.0,7.0,3.0,11.0,,9.0
2019-08-05,실적,1.0,1.0,0.0,10,리더,XLF,,2,2,0,False,0.1667,0.1,통과,0.0,0.9,0.0,0.0,0.0,0.1,0.0,0.0,0.0,0.0,0.0,0.0,4.0,6.0,5.0,8.0,10.0,1.0,2.0,7.0,3.0,11.0,,9.0
2019-08-06,실적,1.0,1.0,0.0,10,리더,XLF,,2,2,0,False,0.1481,0.1,통과,0.0,0.9,0.0,0.0,0.0,0.1,0.0,0.0,0.0,0.0,0.0,0.0,4.0,6.0,5.0,8.0,10.0,1.0,3.0,7.0,2.0,11.0,,9.0
2019-08-07,실적,1.0,1.0,0.0,10,리더,XLF,,2,2,0,False,0.1217,0.1,통과,0.0,0.9,0.0,0.0,0.0,0.1,0.0,0.0,0.0,0.0,0.0,0.0,4.0,5.0,6.0,8.0,10.0,1.0,3.0,7.0,2.0,11.0,,9.0
2019-08-08,실적,1.0,1.0,0.0,10,리더,XLF,,2,2,0,False,0.0952,0.1,미달,0.0,0.9,0.0,0.0,0.0,0.1,0.0,0.0,0.0,0.0,0.0,0.0,4.0,5.0,6.0,8.0,10.0,1.0,3.0,7.0,2.0,11.0,,9.0
2019-08-09,실적,1.0,1.0,0.0,10,리더,XLF,,2,2,0,False,0.0794,0.1,미달,0.0,0.9,0.0,0.0,0.0,0.1,0.0,0.0,0.0,0.0,0.0,0.0,4.0,5.0,7.0,8.0,10.0,1.0,3.0,6.0,2.0,11.0,,9.0
2019-08-12,실적,1.0,1.0,0.0,10,리더,XLF,,2,1,0,True,0.0688,0.1,해당없음,0.0,0.9,0.0,0.0,0.0,0.1,0.0,0.0,0.0,0.0,0.0,0.0,4.0,5.0,8.0,7.0,10.0,1.0,3.0,6.0,2.0,11.0,,9.0
2019-08-13,실적,1.0,1.0,0.0,10,리더,XLF,,2,1,0,True,0.0608,0.1,해당없음,0.0,0.9,0.0,0.0,0.0,0.1,0.0,0.0,0.0,0.0,0.0,0.0,4.0,6.0,8.0,7.0,9.0,1.0,3.0,5.0,2.0,11.0,,10.0
2019-08-14,실적,1.0,1.0,0.0,10,리더,XLF,,2,1,0,True,0.0542,0.1,해당없음,0.0,0.9,0.0,0.0,0.0,0.1,0.0,0.0,0.0,0.0,0.0,0.0,4.0,7.0,8.0,6.0,9.0,1.0,3.0,5.0,2.0,11.0,,10.0
2019-08-15,실적,1.0,1.0,0.0,10,리더,XLF,,2,1,0,True,0.0463,0.1,해당없음,0.0,0.9,0.0,0.0,0.0,0.1,0.0,0.0,0.0,0.0,0.0,0.0,4.0,7.0,9.0,6.0,8.0,1.0,3.0,5.0,2.0,11.0,,10.0
2019-08-16,실적,1.0,1.0,0.0,10,리더,XLF,,2,1,0,True,0.0331,0.1,해당없음,0.0,0.9,0.0,0.0,0.0,0.1,0.0,0.0,0.0,0.0,0.0,0.0,4.0,7.0,9.0,6.0,8.0,1.0,3.0,5.0,2.0,11.0,,10.0
2019-08-19,실적,1.0,1.0,0.0,10,리더,XLF,,2,1,0,True,0.0185,0.1,해당없음,0.0,0.9,0.0,0.0,0.0,0.1,0.0,0.0,0.0,0.0,0.0,0.0,2.0,8.0,9.0,6.0,7.0,1.0,4.0,5.0,3.0,11.0,,10.0
2019-08-20,실적,1.0,1.0,0.0,10,리더,XLF,,2,0,0,False,0.0053,0.1,해당없음,0.0,0.9,0.0,0.0,0.0,0.1,0.0,0.0,0.0,0.0,0.0,0.0,1.0,8.0,9.0,6.0,7.0,2.0,3.0,5.0,4.0,11.0,,10.0
2019-08-21,실적,1.0,1.0,0.0,10,리더,XLF,,2,0,0,False,0.0159,0.1,해당없음,0.0,0.9,0.0,0.0,0.0,0.0,0.1,0.0,0.0,0.0,0.0,0.0,1.0,8.0,9.0,6.0,7.0,3.0,2.0,5.0,4.0,11.0,,10.0
2019-08-22,실적,1.0,1.0,0.0,10,리더,XLF,,2,0,0,False,0.0238,0.1,해당없음,0.0,0.9,0.0,0.0,0.0,0.0,0.1,0.0,0.0,0.0,0.0,0.0,1.0,8.0,10.0,7.0,6.0,3.0,2.0,5.0,4.0,11.0,,9.0
2019-08-23,실적,1.0,1.0,0.0,10,리더,XLF,,2,0,0,False,0.0291,0.1,해당없음,0.0,0.9,0.0,0.0,0.0,0.0,0.1,0.0,0.0,0.0,0.0,0.0,1.0,8.0,10.0,7.0,6.0,3.0,2.0,5.0,4.0,11.0,,9.0
2019-08-26,실적,1.0,1.0,0.0,10,리더,XLF,,2,0,0,False,0.0344,0.1,해당없음,0.0,0.9,0.0,0.0,0.0,0.0,0.1,0.0,0.0,0.0,0.0,0.0,1.0,8.0,10.0,7.0,6.0,3.0,2.0,5.0,4.0,11.0,,9.0
2019-08-27,실적,1.0,1.0,0.0,10,리더,XLF,,2,0,0,False,0.037,0.1,해당없음,0.0,0.9,0.0,0.0,0.0,0.0,0.1,0.0,0.0,0.0,0.0,0.0,1.0,8.0,10.0,7.0,6.0,3.0,2.0,5.0,4.0,11.0,,9.0
2019-08-28,실적,1.0,1.0,0.0,10,SPY우위,SPY,,2,0,0,False,0.0397,0.1,해당없음,0.0,0.9,0.0,0.0,0.0,0.0,0.1,0.0,0.0,0.0,0.0,0.0,1.0,8.0,10.0,7.0,6.0,4.0,2.0,5.0,3.0,11.0,,9.0
2019-08-29,실적,1.0,1.0,0.0,10,SPY우위,SPY,,2,0,0,False,0.0397,0.1,해당없음,0.0,0.9,0.0,0.0,0.0,0.0,0.1,0.0,0.0,0.0,0.0,0.0,1.0,8.0,10.0,7.0,6.0,4.0,2.0,5.0,3.0,11.0,,9.0
2019-08-30,실적,1.0,1.0,0.0,10,SPY우위,SPY,,2,0,0,False,0.045,0.1,해당없음,0.0,0.9,0.0,0.0,0.0,0.0,0.1,0.0,0.0,0.0,0.0,0.0,1.0,8.0,10.0,7.0,6.0,4.0,2.0,5.0,3.0,11.0,,9.0
2019-09-03,실적,1.0,1.0,0.0,10,SPY우위,SPY,,2,0,0,False,0.0608,0.1,해당없음,0.0,0.9,0.0,0.0,0.0,0.0,0.1,0.0,0.0,0.0,0.0,0.0,1.0,8.0,10.0,7.0,6.0,4.0,2.0,5.0,3.0,11.0,,9.0
2019-09-04,실적,1.0,1.0,0.0,10,SPY우위,SPY,,2,0,0,False,0.0635,0.1,해당없음,0.0,0.9,0.0,0.0,0.0,0.0,0.1,0.0,0.0,0.0,0.0,0.0,1.0,7.0,9.0,8.0,6.0,4.0,2.0,5.0,3.0,11.0,,10.0
2019-09-05,실적,1.0,1.0,0.0,10,SPY우위,SPY,,2,1,0,False,0.0661,0.1,해당없음,0.0,0.9,0.0,0.0,0.0,0.0,0.1,0.0,0.0,0.0,0.0,0.0,1.0,7.0,9.0,8.0,6.0,4.0,2.0,5.0,3.0,11.0,,10.0
2019-09-06,실적,1.0,1.0,0.0,10,SPY우위,SPY,,2,1,0,False,0.0688,0.1,해당없음,0.0,0.9,0.0,0.0,0.0,0.0,0.1,0.0,0.0,0.0,0.0,0.0,1.0,6.0,9.0,8.0,7.0,3.0,2.0,5.0,4.0,11.0,,10.0
2019-09-09,실적,1.0,1.0,0.0,10,SPY우위,SPY,,2,1,0,False,0.0529,0.1,해당없음,0.0,0.9,0.0,0.0,0.0,0.0,0.1,0.0,0.0,0.0,0.0,0.0,1.0,6.0,9.0,8.0,7.0,3.0,2.0,5.0,4.0,10.0,,11.0
2019-09-10,실적,1.0,1.0,0.0,10,SPY우위,SPY,,2,1,0,False,0.037,0.1,해당없음,0.0,0.9,0.0,0.0,0.0,0.0,0.1,0.0,0.0,0.0,0.0,0.0,1.0,6.0,9.0,7.0,8.0,3.0,2.0,5.0,4.0,10.0,,11.0
2019-09-11,실적,0.6,0.8,0.2,10,SPY우위,SPY,,2,1,0,False,0.0423,0.1,해당없음,0.0,0.54,0.0,0.0,0.0,0.06,0.0,0.0,0.0,0.2,0.0,0.0,1.0,6.0,9.0,8.0,7.0,2.0,3.0,5.0,4.0,10.0,,11.0
2019-09-12,실적,0.6,0.8,0.2,10,SPY우위,SPY,,2,1,0,False,0.0212,0.1,해당없음,0.0,0.54,0.0,0.0,0.0,0.06,0.0,0.0,0.0,0.2,0.0,0.0,1.0,6.0,10.0,8.0,7.0,2.0,3.0,5.0,4.0,9.0,,11.0
2019-09-13,실적,0.6,0.8,0.2,10,폴백,,,2,1,0,False,0.0053,0.1,해당없음,0.0,0.54,0.0,0.0,0.0,0.06,0.0,0.0,0.0,0.2,0.0,0.0,2.0,6.0,10.0,8.0,7.0,1.0,3.0,5.0,4.0,9.0,,11.0
2019-09-16,실적,0.6,0.8,0.2,10,폴백,,,2,1,0,False,0.037,0.1,해당없음,0.0,0.54,0.0,0.0,0.0,0.06,0.0,0.0,0.0,0.2,0.0,0.0,2.0,7.0,10.0,8.0,6.0,1.0,4.0,5.0,3.0,9.0,,11.0
2019-09-17,실적,0.6,0.8,0.2,10,폴백,,,2,1,0,False,0.0714,0.1,해당없음,0.0,0.54,0.0,0.0,0.0,0.06,0.0,0.0,0.0,0.2,0.0,0.0,2.0,7.0,10.0,8.0,6.0,1.0,4.0,5.0,3.0,9.0,,11.0
2019-09-18,실적,0.61,0.8068,0.1932,10,리더,XLF,,2,2,0,False,0.1032,0.1,통과,0.0,0.5522,0.0,0.0,0.0,0.0614,0.0,0.0,0.0,0.1932,0.0,0.0,2.0,7.0,10.0,9.0,5.0,1.0,4.0,6.0,3.0,8.0,,11.0
2019-09-19,실적,0.62,0.811,0.189,10,리더,XLF,,2,2,0,False,0.1376,0.1,통과,0.0,0.5599,0.0,0.0,0.0,0.0622,0.0,0.0,0.0,0.189,0.0,0.0,2.0,8.0,7.0,10.0,5.0,1.0,4.0,9.0,3.0,6.0,,11.0
2019-09-20,실적,0.61,0.8072,0.1928,10,리더,XLF,,2,2,0,False,0.1772,0.1,통과,0.0,0.553,0.0,0.0,0.0,0.0614,0.0,0.0,0.0,0.1928,0.0,0.0,2.0,8.0,5.0,9.0,7.0,1.0,4.0,10.0,3.0,6.0,,11.0
2019-09-23,실적,0.9,0.9515,0.0485,10,리더,XLF,,2,2,0,False,0.1878,0.1,통과,0.0,0.8128,0.0,0.0,0.0,0.0903,0.0,0.0,0.0,0.0485,0.0,0.0,3.0,9.0,5.0,8.0,7.0,1.0,4.0,11.0,2.0,6.0,,10.0
2019-09-24,실적,0.89,0.9456,0.0544,10,리더,XLF,,2,2,0,False,0.1825,0.1,통과,0.0,0.8021,0.0,0.0,0.0,0.0891,0.0,0.0,0.0,0.0544,0.0,0.0,3.0,10.0,5.0,8.0,7.0,1.0,4.0,11.0,2.0,6.0,,9.0
2019-09-25,실적,0.9,0.9513,0.0487,10,리더,XLF,,2,2,0,False,0.1931,0.1,통과,0.0,0.8123,0.0,0.0,0.0,0.0903,0.0,0.0,0.0,0.0487,0.0,0.0,3.0,10.0,4.0,9.0,7.0,1.0,6.0,11.0,2.0,5.0,,8.0
2019-09-26,실적,0.91,0.9552,0.0448,10,리더,XLF,,2,2,0,False,0.2116,0.1,통과,0.0,0.8194,0.0,0.0,0.0,0.091,0.0,0.0,0.0,0.0448,0.0,0.0,3.0,10.0,4.0,9.0,6.0,1.0,8.0,11.0,2.0,5.0,,7.0
2019-09-27,실적,0.0,0.0,1.0,10,현금,XLF,,2,2,0,False,0.2275,0.1,통과,0.0,0.0,0.0,0.0,0.0,0.0,0.0,0.0,0.0,0.0,0.0,0.0,3.0,10.0,4.0,9.0,7.0,1.0,8.0,11.0,2.0,5.0,,6.0
2019-09-30,실적,0.0,0.0,1.0,10,현금,XLF,,2,2,0,False,0.2381,0.1,통과,0.0,0.0,0.0,0.0,0.0,0.0,0.0,0.0,0.0,0.0,0.0,0.0,5.0,10.0,3.0,8.0,7.0,1.0,9.0,11.0,2.0,4.0,,6.0
2019-10-01,실적,0.88,0.9421,0.0579,10,리더,XLF,,2,2,0,False,0.2513,0.1,통과,0.0,0.7958,0.0,0.0,0.0,0.0884,0.0,0.0,0.0,0.0579,0.0,0.0,5.0,10.0,3.0,8.0,7.0,1.0,9.0,11.0,2.0,4.0,,6.0
2019-10-02,실적,0.79,0.8931,0.1069,10,리더,XLF,,2,2,0,False,0.2619,0.1,통과,0.0,0.7075,0.0,0.0,0.0,0.0786,0.0,0.0,0.0,0.1069,0.0,0.0,6.0,10.0,3.0,8.0,7.0,1.0,9.0,11.0,2.0,4.0,,5.0
2019-10-03,실적,0.84,0.9199,0.0801,10,리더,XLF,,2,2,0,False,0.246,0.1,통과,0.0,0.7558,0.0,0.0,0.0,0.084,0.0,0.0,0.0,0.0801,0.0,0.0,6.0,11.0,2.0,8.0,7.0,1.0,9.0,10.0,3.0,4.0,,5.0
2019-10-04,실적,1.0,1.0,0.0,10,리더,XLF,,2,2,0,False,0.2302,0.1,통과,0.0,0.9,0.0,0.0,0.0,0.1,0.0,0.0,0.0,0.0,0.0,0.0,7.0,11.0,2.0,8.0,6.0,1.0,9.0,10.0,3.0,4.0,,5.0
2019-10-07,실적,1.0,1.0,0.0,10,리더,XLF,,2,2,0,False,0.2169,0.1,통과,0.0,0.9,0.0,0.0,0.0,0.1,0.0,0.0,0.0,0.0,0.0,0.0,7.0,11.0,2.0,8.0,6.0,1.0,10.0,9.0,3.0,5.0,,4.0
2019-10-08,실적,1.0,1.0,0.0,10,리더,XLF,,2,2,0,False,0.2037,0.1,통과,0.0,0.9,0.0,0.0,0.0,0.1,0.0,0.0,0.0,0.0,0.0,0.0,7.0,11.0,2.0,8.0,6.0,1.0,10.0,9.0,4.0,5.0,,3.0
2019-10-09,실적,1.0,1.0,0.0,10,리더,XLF,,2,2,0,False,0.1825,0.1,통과,0.0,0.9,0.0,0.0,0.0,0.1,0.0,0.0,0.0,0.0,0.0,0.0,7.0,11.0,3.0,8.0,5.0,1.0,10.0,9.0,4.0,6.0,,2.0
2019-10-10,실적,1.0,1.0,0.0,10,리더,XLF,,2,2,0,False,0.1323,0.1,통과,0.0,0.9,0.0,0.0,0.0,0.1,0.0,0.0,0.0,0.0,0.0,0.0,7.0,11.0,3.0,8.0,5.0,1.0,10.0,9.0,4.0,6.0,,2.0
2019-10-11,실적,1.0,1.0,0.0,10,리더,XLF,,2,2,0,False,0.1032,0.1,통과,0.0,0.9,0.0,0.0,0.0,0.1,0.0,0.0,0.0,0.0,0.0,0.0,6.0,11.0,3.0,8.0,5.0,1.0,10.0,9.0,4.0,7.0,,2.0
2019-10-14,실적,1.0,1.0,0.0,10,리더,XLF,,2,2,0,False,0.1402,0.1,통과,0.0,0.9,0.0,0.0,0.0,0.1,0.0,0.0,0.0,0.0,0.0,0.0,6.0,11.0,3.0,8.0,5.0,1.0,10.0,9.0,4.0,7.0,,2.0
2019-10-15,실적,1.0,1.0,0.0,10,리더,XLF,,2,2,0,False,0.1746,0.1,통과,0.0,0.9,0.0,0.0,0.0,0.1,0.0,0.0,0.0,0.0,0.0,0.0,6.0,11.0,4.0,8.0,5.0,1.0,10.0,9.0,3.0,7.0,,2.0
2019-10-16,실적,1.0,1.0,0.0,10,리더,XLF,,2,2,0,False,0.2037,0.1,통과,0.0,0.9,0.0,0.0,0.0,0.1,0.0,0.0,0.0,0.0,0.0,0.0,6.0,11.0,4.0,8.0,5.0,1.0,10.0,9.0,3.0,7.0,,2.0
2019-10-17,실적,1.0,1.0,0.0,10,리더,XLF,,2,2,0,False,0.2116,0.1,통과,0.0,0.9,0.0,0.0,0.0,0.1,0.0,0.0,0.0,0.0,0.0,0.0,6.0,11.0,5.0,8.0,4.0,1.0,10.0,9.0,2.0,7.0,,3.0
2019-10-18,실적,1.0,1.0,0.0,10,리더,XLF,,2,2,0,False,0.1984,0.1,통과,0.0,0.9,0.0,0.0,0.0,0.1,0.0,0.0,0.0,0.0,0.0,0.0,6.0,11.0,5.0,7.0,4.0,1.0,10.0,9.0,2.0,8.0,,3.0
2019-10-21,실적,1.0,1.0,0.0,10,리더,XLF,,2,2,0,False,0.1905,0.1,통과,0.0,0.9,0.0,0.0,0.0,0.1,0.0,0.0,0.0,0.0,0.0,0.0,5.0,11.0,6.0,7.0,4.0,1.0,10.0,9.0,2.0,8.0,,3.0
2019-10-22,실적,1.0,1.0,0.0,10,리더,XLF,,2,2,0,False,0.1958,0.1,통과,0.0,0.9,0.0,0.0,0.0,0.1,0.0,0.0,0.0,0.0,0.0,0.0,5.0,11.0,6.0,9.0,4.0,1.0,10.0,7.0,2.0,8.0,,3.0
2019-10-23,실적,1.0,1.0,0.0,10,리더,XLF,,2,2,0,False,0.1931,0.1,통과,0.0,0.9,0.0,0.0,0.0,0.1,0.0,0.0,0.0,0.0,0.0,0.0,5.0,11.0,6.0,8.0,4.0,1.0,10.0,7.0,2.0,9.0,,3.0
2019-10-24,실적,1.0,1.0,0.0,10,리더,XLF,,2,2,0,False,0.1878,0.1,통과,0.0,0.9,0.0,0.0,0.0,0.1,0.0,0.0,0.0,0.0,0.0,0.0,5.0,11.0,6.0,8.0,4.0,1.0,10.0,7.0,2.0,9.0,,3.0
2019-10-25,실적,1.0,1.0,0.0,10,리더,XLF,,2,2,0,False,0.1799,0.1,통과,0.0,0.9,0.0,0.0,0.0,0.1,0.0,0.0,0.0,0.0,0.0,0.0,5.0,11.0,6.0,8.0,4.0,1.0,9.0,7.0,2.0,10.0,,3.0
2019-10-28,실적,1.0,1.0,0.0,10,리더,XLF,,2,2,0,False,0.172,0.1,통과,0.0,0.9,0.0,0.0,0.0,0.1,0.0,0.0,0.0,0.0,0.0,0.0,5.0,11.0,6.0,7.0,4.0,1.0,9.0,8.0,2.0,10.0,,3.0
2019-10-29,실적,1.0,1.0,0.0,10,리더,XLF,,2,2,0,False,0.1693,0.1,통과,0.0,0.9,0.0,0.0,0.0,0.1,0.0,0.0,0.0,0.0,0.0,0.0,5.0,11.0,6.0,7.0,4.0,1.0,9.0,8.0,2.0,10.0,,3.0
2019-10-30,실적,0.79,0.8936,0.1064,10,리더,XLF,,2,2,0,False,0.1667,0.1,통과,0.0,0.7085,0.0,0.0,0.0,0.0787,0.0,0.0,0.0,0.1064,0.0,0.0,5.0,11.0,6.0,7.0,4.0,1.0,9.0,8.0,2.0,10.0,,3.0
2019-10-31,실적,0.79,0.8951,0.1049,10,리더,XLF,,2,2,0,False,0.1667,0.1,통과,0.0,0.7111,0.0,0.0,0.0,0.079,0.0,0.0,0.0,0.1049,0.0,0.0,5.0,10.0,7.0,6.0,3.0,1.0,9.0,8.0,2.0,11.0,,4.0
2019-11-01,실적,0.83,0.9149,0.0851,10,리더,XLF,,2,2,0,False,0.1788,0.1,통과,0.0,0.7468,0.0,0.0,0.0,0.083,0.0,0.0,0.0,0.0851,0.0,0.0,5.0,10.0,7.0,6.0,3.0,1.0,9.0,8.0,2.0,11.0,,4.0
2019-11-04,실적,0.85,0.9258,0.0742,10,리더,XLF,,2,2,0,False,0.1968,0.1,통과,0.0,0.7664,0.0,0.0,0.0,0.0852,0.0,0.0,0.0,0.0742,0.0,0.0,5.0,10.0,6.0,7.0,3.0,1.0,9.0,8.0,2.0,11.0,,4.0
2019-11-05,실적,1.0,1.0,0.0,10,리더,XLF,,2,2,0,False,0.2042,0.1,통과,0.0,0.9,0.0,0.0,0.0,0.1,0.0,0.0,0.0,0.0,0.0,0.0,5.0,10.0,6.0,7.0,3.0,1.0,9.0,8.0,2.0,11.0,,4.0
2019-11-06,실적,1.0,1.0,0.0,10,리더,XLF,,2,2,0,False,0.2143,0.1,통과,0.0,0.9,0.0,0.0,0.0,0.1,0.0,0.0,0.0,0.0,0.0,0.0,5.0,10.0,6.0,7.0,3.0,1.0,9.0,8.0,2.0,11.0,,4.0
2019-11-07,실적,1.0,1.0,0.0,10,리더,XLF,,2,2,0,False,0.222,0.1,통과,0.0,0.9,0.0,0.0,0.0,0.1,0.0,0.0,0.0,0.0,0.0,0.0,5.0,10.0,6.0,7.0,4.0,1.0,9.0,8.0,2.0,11.0,,3.0
2019-11-08,실적,1.0,1.0,0.0,10,폴백,,,2,1,0,True,0.2362,0.1,해당없음,0.0,0.9,0.0,0.0,0.0,0.1,0.0,0.0,0.0,0.0,0.0,0.0,5.0,10.0,6.0,7.0,4.0,1.0,8.0,9.0,2.0,11.0,,3.0
2019-11-11,실적,1.0,1.0,0.0,10,폴백,,,2,1,0,False,0.2328,0.1,해당없음,0.0,0.9,0.0,0.0,0.0,0.1,0.0,0.0,0.0,0.0,0.0,0.0,5.0,10.0,6.0,7.0,4.0,1.0,8.0,9.0,2.0,11.0,,3.0
2019-11-12,실적,1.0,1.0,0.0,10,폴백,,,2,1,0,False,0.2159,0.1,해당없음,0.0,0.9,0.0,0.0,0.0,0.1,0.0,0.0,0.0,0.0,0.0,0.0,6.0,10.0,5.0,7.0,4.0,1.0,9.0,8.0,3.0,11.0,,2.0
2019-11-13,실적,1.0,1.0,0.0,10,폴백,,,2,1,0,False,0.1844,0.1,해당없음,0.0,0.9,0.0,0.0,0.0,0.1,0.0,0.0,0.0,0.0,0.0,0.0,6.0,10.0,5.0,7.0,4.0,1.0,9.0,8.0,3.0,11.0,,2.0
2019-11-14,실적,1.0,1.0,0.0,10,폴백,,,2,1,0,False,0.1582,0.1,해당없음,0.0,0.9,0.0,0.0,0.0,0.1,0.0,0.0,0.0,0.0,0.0,0.0,6.0,10.0,5.0,7.0,4.0,1.0,9.0,8.0,3.0,11.0,,2.0
2019-11-15,실적,1.0,1.0,0.0,10,폴백,,,2,1,0,False,0.1161,0.1,해당없음,0.0,0.9,0.0,0.0,0.0,0.1,0.0,0.0,0.0,0.0,0.0,0.0,7.0,10.0,5.0,6.0,4.0,1.0,9.0,8.0,3.0,11.0,,2.0
2019-11-18,실적,1.0,1.0,0.0,10,폴백,,,2,1,0,False,0.0952,0.1,해당없음,0.0,0.9,0.0,0.0,0.0,0.1,0.0,0.0,0.0,0.0,0.0,0.0,7.0,10.0,5.0,6.0,4.0,1.0,9.0,8.0,3.0,11.0,,2.0
2019-11-19,실적,1.0,1.0,0.0,10,폴백,,,2,1,0,False,0.0849,0.1,해당없음,0.0,0.9,0.0,0.0,0.0,0.1,0.0,0.0,0.0,0.0,0.0,0.0,8.0,10.0,5.0,6.0,4.0,1.0,9.0,7.0,3.0,11.0,,2.0
2019-11-20,실적,1.0,1.0,0.0,10,폴백,,,2,1,0,False,0.0746,0.1,해당없음,0.0,0.9,0.0,0.0,0.0,0.1,0.0,0.0,0.0,0.0,0.0,0.0,8.0,10.0,5.0,6.0,4.0,1.0,9.0,7.0,3.0,11.0,,2.0
2019-11-21,실적,1.0,1.0,0.0,10,폴백,,,2,1,0,False,0.0595,0.1,해당없음,0.0,0.9,0.0,0.0,0.0,0.1,0.0,0.0,0.0,0.0,0.0,0.0,8.0,10.0,5.0,6.0,4.0,1.0,9.0,7.0,3.0,11.0,,2.0
2019-11-22,실적,1.0,1.0,0.0,10,폴백,,,2,1,0,False,0.0439,0.1,해당없음,0.0,0.9,0.0,0.0,0.0,0.1,0.0,0.0,0.0,0.0,0.0,0.0,8.0,10.0,4.0,6.0,5.0,1.0,9.0,7.0,3.0,11.0,,2.0
2019-11-25,실적,1.0,1.0,0.0,10,폴백,,,2,1,0,False,0.0312,0.1,해당없음,0.0,0.9,0.0,0.0,0.0,0.1,0.0,0.0,0.0,0.0,0.0,0.0,8.0,10.0,4.0,6.0,5.0,1.0,9.0,7.0,3.0,11.0,,2.0
2019-11-26,실적,1.0,1.0,0.0,10,폴백,,,2,1,0,False,0.0159,0.1,해당없음,0.0,0.9,0.0,0.0,0.0,0.1,0.0,0.0,0.0,0.0,0.0,0.0,8.0,10.0,4.0,6.0,7.0,1.0,9.0,5.0,3.0,11.0,,2.0
2019-11-27,실적,1.0,1.0,0.0,10,폴백,,,2,1,0,False,0.0087,0.1,해당없음,0.0,0.9,0.0,0.0,0.0,0.1,0.0,0.0,0.0,0.0,0.0,0.0,8.0,10.0,4.0,6.0,7.0,1.0,9.0,5.0,3.0,11.0,,2.0
2019-11-29,실적,1.0,1.0,0.0,10,폴백,,,2,1,0,False,0.0122,0.1,해당없음,0.0,0.9,0.0,0.0,0.0,0.0,0.0,0.0,0.0,0.0,0.0,0.1,9.0,10.0,6.0,5.0,7.0,2.0,8.0,4.0,3.0,11.0,,1.0
2019-12-02,실적,1.0,1.0,0.0,10,폴백,,,2,1,0,False,0.0384,0.1,해당없음,0.0,0.9,0.0,0.0,0.0,0.0,0.0,0.0,0.0,0.0,0.0,0.1,9.0,10.0,6.0,5.0,7.0,2.0,8.0,4.0,3.0,11.0,,1.0
2019-12-03,실적,1.0,1.0,0.0,10,폴백(여유부족),,,2,2,0,False,0.0696,0.1,미달,0.0,0.9,0.0,0.0,0.0,0.0,0.0,0.0,0.0,0.0,0.0,0.1,7.0,10.0,6.0,5.0,9.0,2.0,8.0,4.0,3.0,11.0,,1.0
2019-12-04,실적,1.0,1.0,0.0,10,폴백(여유부족),,,2,2,0,False,0.0799,0.1,미달,0.0,0.9,0.0,0.0,0.0,0.0,0.0,0.0,0.0,0.0,0.0,0.1,7.0,10.0,6.0,5.0,9.0,2.0,8.0,4.0,3.0,11.0,,1.0
2019-12-05,실적,1.0,1.0,0.0,10,폴백(여유부족),,,2,2,0,False,0.0799,0.1,미달,0.0,0.9,0.0,0.0,0.0,0.0,0.0,0.0,0.0,0.0,0.0,0.1,6.0,10.0,8.0,4.0,9.0,2.0,7.0,5.0,3.0,11.0,,1.0
2019-12-06,실적,1.0,1.0,0.0,10,폴백(여유부족),,,2,2,0,False,0.0823,0.1,미달,0.0,0.9,0.0,0.0,0.0,0.0,0.0,0.0,0.0,0.0,0.0,0.1,6.0,10.0,8.0,4.0,9.0,2.0,7.0,5.0,3.0,11.0,,1.0
2019-12-09,실적,1.0,1.0,0.0,10,폴백(여유부족),,,2,2,0,False,0.087,0.1,미달,0.0,0.9,0.0,0.0,0.0,0.0,0.0,0.0,0.0,0.0,0.0,0.1,6.0,10.0,8.0,4.0,9.0,2.0,7.0,5.0,3.0,11.0,,1.0
2019-12-10,실적,1.0,1.0,0.0,10,폴백(여유부족),,,2,2,0,False,0.0894,0.1,미달,0.0,0.9,0.0,0.0,0.0,0.0,0.0,0.0,0.0,0.0,0.0,0.1,6.0,10.0,8.0,4.0,9.0,2.0,7.0,5.0,3.0,11.0,,1.0
2019-12-11,실적,1.0,1.0,0.0,10,폴백(여유부족),,,2,2,0,False,0.0841,0.1,미달,0.0,0.9,0.0,0.0,0.0,0.0,0.0,0.0,0.0,0.0,0.0,0.1,6.0,8.0,10.0,4.0,9.0,2.0,7.0,5.0,3.0,11.0,,1.0
2019-12-12,실적,1.0,1.0,0.0,10,폴백(여유부족),,,2,2,0,False,0.0841,0.1,미달,0.0,0.9,0.0,0.0,0.0,0.0,0.0,0.0,0.0,0.0,0.0,0.1,6.0,8.0,10.0,4.0,9.0,2.0,7.0,5.0,3.0,11.0,,1.0
2019-12-13,실적,1.0,1.0,0.0,10,폴백(여유부족),,,2,2,0,False,0.0841,0.1,미달,0.0,0.9,0.0,0.0,0.0,0.0,0.0,0.0,0.0,0.0,0.0,0.1,6.0,8.0,10.0,4.0,9.0,2.0,7.0,5.0,3.0,11.0,,1.0
2019-12-16,실적,1.0,1.0,0.0,10,폴백,,,2,1,0,False,0.0466,0.1,해당없음,0.0,0.9,0.0,0.0,0.0,0.0,0.0,0.0,0.0,0.0,0.0,0.1,4.0,8.0,10.0,6.0,9.0,2.0,7.0,5.0,3.0,11.0,,1.0
2019-12-17,실적,1.0,1.0,0.0,10,폴백,,,2,1,0,False,0.0108,0.1,해당없음,0.0,0.9,0.0,0.0,0.0,0.0,0.0,0.0,0.0,0.0,0.0,0.1,4.0,8.0,10.0,6.0,9.0,2.0,7.0,5.0,3.0,11.0,,1.0
2019-12-18,실적,1.0,1.0,0.0,10,폴백,,,2,1,0,False,0.0177,0.1,해당없음,0.0,0.9,0.0,0.0,0.0,0.1,0.0,0.0,0.0,0.0,0.0,0.0,4.0,8.0,9.0,5.0,10.0,1.0,7.0,6.0,3.0,11.0,,2.0
2019-12-19,실적,1.0,1.0,0.0,10,폴백,,,2,1,0,False,0.0389,0.1,해당없음,0.0,0.9,0.0,0.0,0.0,0.1,0.0,0.0,0.0,0.0,0.0,0.0,4.0,8.0,9.0,5.0,10.0,1.0,7.0,6.0,3.0,11.0,,2.0
2019-12-20,실적,1.0,1.0,0.0,10,폴백,,,2,1,0,False,0.0646,0.1,해당없음,0.0,0.9,0.0,0.0,0.0,0.1,0.0,0.0,0.0,0.0,0.0,0.0,4.0,8.0,9.0,5.0,10.0,1.0,7.0,6.0,3.0,11.0,,2.0
2019-12-23,실적,1.0,1.0,0.0,10,폴백,,,2,1,0,False,0.0926,0.1,해당없음,0.0,0.9,0.0,0.0,0.0,0.1,0.0,0.0,0.0,0.0,0.0,0.0,4.0,8.0,9.0,5.0,10.0,1.0,7.0,6.0,3.0,11.0,,2.0
2019-12-24,실적,1.0,1.0,0.0,10,폴백,,,2,1,0,False,0.1111,0.1,해당없음,0.0,0.9,0.0,0.0,0.0,0.1,0.0,0.0,0.0,0.0,0.0,0.0,4.0,8.0,9.0,5.0,10.0,1.0,7.0,6.0,3.0,11.0,,2.0
2019-12-26,실적,1.0,1.0,0.0,10,폴백,,,2,1,0,False,0.1294,0.1,해당없음,0.0,0.9,0.0,0.0,0.0,0.1,0.0,0.0,0.0,0.0,0.0,0.0,4.0,9.0,8.0,5.0,10.0,1.0,7.0,6.0,3.0,11.0,,2.0
2019-12-27,실적,1.0,1.0,0.0,10,폴백,,,2,1,0,False,0.137,0.1,해당없음,0.0,0.9,0.0,0.0,0.0,0.1,0.0,0.0,0.0,0.0,0.0,0.0,4.0,9.0,6.0,5.0,10.0,1.0,8.0,7.0,3.0,11.0,,2.0
2019-12-30,실적,1.0,1.0,0.0,10,폴백,,,2,1,0,False,0.1471,0.1,해당없음,0.0,0.9,0.0,0.0,0.0,0.1,0.0,0.0,0.0,0.0,0.0,0.0,4.0,9.0,5.0,6.0,10.0,1.0,8.0,7.0,3.0,11.0,,2.0
2019-12-31,실적,1.0,1.0,0.0,10,폴백,,,2,1,0,False,0.1497,0.1,해당없음,0.0,0.9,0.0,0.0,0.0,0.1,0.0,0.0,0.0,0.0,0.0,0.0,4.0,9.0,5.0,6.0,10.0,1.0,8.0,7.0,3.0,11.0,,2.0
2020-01-02,실적,1.0,1.0,0.0,10,리더,XLF,,2,2,0,False,0.1899,0.1,통과,0.0,0.9,0.0,0.0,0.0,0.1,0.0,0.0,0.0,0.0,0.0,0.0,4.0,9.0,5.0,6.0,10.0,1.0,8.0,7.0,2.0,11.0,,3.0
2020-01-03,실적,1.0,1.0,0.0,10,리더,XLF,,2,2,0,False,0.1926,0.1,통과,0.0,0.9,0.0,0.0,0.0,0.1,0.0,0.0,0.0,0.0,0.0,0.0,4.0,9.0,5.0,6.0,10.0,1.0,8.0,7.0,2.0,11.0,,3.0
2020-01-06,실적,1.0,1.0,0.0,10,리더,XLF,,2,2,0,False,0.2024,0.1,통과,0.0,0.9,0.0,0.0,0.0,0.1,0.0,0.0,0.0,0.0,0.0,0.0,4.0,10.0,5.0,6.0,9.0,1.0,8.0,7.0,2.0,11.0,,3.0
2020-01-07,실적,1.0,1.0,0.0,10,리더,XLF,,2,2,0,False,0.2,0.1,통과,0.0,0.9,0.0,0.0,0.0,0.1,0.0,0.0,0.0,0.0,0.0,0.0,3.0,10.0,5.0,6.0,9.0,1.0,8.0,7.0,2.0,11.0,,4.0
2020-01-08,실적,1.0,1.0,0.0,10,리더,XLF,,2,2,0,False,0.1974,0.1,통과,0.0,0.9,0.0,0.0,0.0,0.1,0.0,0.0,0.0,0.0,0.0,0.0,3.0,10.0,5.0,7.0,9.0,1.0,8.0,6.0,2.0,11.0,,4.0
2020-01-09,실적,1.0,1.0,0.0,10,리더,XLF,,2,2,0,False,0.1968,0.1,통과,0.0,0.9,0.0,0.0,0.0,0.1,0.0,0.0,0.0,0.0,0.0,0.0,3.0,10.0,5.0,7.0,9.0,1.0,8.0,6.0,2.0,11.0,,4.0
2020-01-10,실적,0.69,0.6855,0.3145,10,리더,XLF,,2,2,0,False,0.1942,0.1,통과,0.0,0.6169,0.0,0.0,0.0,0.0685,0.0,0.0,0.0,0.0,0.0,0.0,3.0,10.0,4.0,6.0,9.0,1.0,8.0,5.0,2.0,11.0,,7.0
2020-01-13,실적,0.7,0.7037,0.2963,10,리더,XLF,,2,2,0,False,0.1788,0.1,통과,0.0,0.6333,0.0,0.0,0.0,0.0704,0.0,0.0,0.0,0.0,0.0,0.0,3.0,10.0,5.0,6.0,9.0,1.0,8.0,4.0,2.0,11.0,,7.0
2020-01-14,실적,0.69,0.6945,0.3055,10,리더,XLF,,2,2,0,False,0.1735,0.1,통과,0.0,0.625,0.0,0.0,0.0,0.0694,0.0,0.0,0.0,0.0,0.0,0.0,3.0,10.0,5.0,6.0,9.0,1.0,7.0,4.0,2.0,11.0,,8.0
2020-01-15,실적,0.72,0.7196,0.2804,10,리더,XLF,,2,2,0,False,0.1836,0.1,통과,0.0,0.6477,0.0,0.0,0.0,0.072,0.0,0.0,0.0,0.0,0.0,0.0,3.0,10.0,6.0,5.0,8.0,1.0,7.0,4.0,2.0,11.0,,9.0
2020-01-16,실적,0.68,0.6824,0.3176,10,리더,XLF,,2,2,0,False,0.1913,0.1,통과,0.0,0.6141,0.0,0.0,0.0,0.0682,0.0,0.0,0.0,0.0,0.0,0.0,3.0,10.0,6.0,5.0,8.0,1.0,7.0,4.0,2.0,11.0,,9.0
2020-01-17,실적,0.68,0.685,0.315,10,리더,XLF,,2,2,0,False,0.2013,0.1,통과,0.0,0.6165,0.0,0.0,0.0,0.0685,0.0,0.0,0.0,0.0,0.0,0.0,3.0,9.0,6.0,5.0,7.0,1.0,8.0,4.0,2.0,11.0,,10.0
2020-01-21,실적,0.68,0.6754,0.3246,10,리더,XLF,,2,2,0,False,0.204,0.1,통과,0.0,0.6078,0.0,0.0,0.0,0.0675,0.0,0.0,0.0,0.0,0.0,0.0,3.0,9.0,6.0,5.0,7.0,1.0,8.0,4.0,2.0,11.0,,10.0
2020-01-22,실적,0.68,0.679,0.321,10,리더,XLF,,2,2,0,False,0.2042,0.1,통과,0.0,0.6111,0.0,0.0,0.0,0.0679,0.0,0.0,0.0,0.0,0.0,0.0,3.0,6.0,7.0,5.0,8.0,1.0,9.0,4.0,2.0,11.0,,10.0
2020-01-23,실적,0.68,0.6788,0.3212,10,리더,XLF,,2,2,0,False,0.1974,0.1,통과,0.0,0.6109,0.0,0.0,0.0,0.0679,0.0,0.0,0.0,0.0,0.0,0.0,3.0,6.0,9.0,4.0,8.0,1.0,7.0,5.0,2.0,11.0,,10.0
2020-01-24,실적,0.6,0.6049,0.3951,10,리더,XLF,,2,2,0,False,0.1905,0.1,통과,0.0,0.5444,0.0,0.0,0.0,0.0605,0.0,0.0,0.0,0.0,0.0,0.0,3.0,6.0,9.0,4.0,8.0,1.0,7.0,5.0,2.0,11.0,,10.0
2020-01-27,실적,0.0,0.0,1.0,10,현금,XLF,,2,2,0,False,0.1757,0.1,통과,0.0,0.0,0.0,0.0,0.0,0.0,0.0,0.0,0.0,0.0,0.0,0.0,2.0,6.0,9.0,4.0,8.0,1.0,7.0,5.0,3.0,11.0,,10.0
2020-01-28,실적,0.0,0.0,1.0,10,현금,XLF,,2,2,0,False,0.1389,0.1,통과,0.0,0.0,0.0,0.0,0.0,0.0,0.0,0.0,0.0,0.0,0.0,0.0,2.0,6.0,9.0,5.0,8.0,1.0,7.0,4.0,3.0,11.0,,10.0
2020-01-29,실적,1.0,1.0,0.0,10,리더,XLF,,2,2,0,False,0.1071,0.1,통과,0.0,0.9,0.0,0.0,0.0,0.1,0.0,0.0,0.0,0.0,0.0,0.0,2.0,6.0,9.0,4.0,8.0,1.0,7.0,3.0,5.0,11.0,,10.0
2020-01-30,실적,1.0,1.0,0.0,10,리더,XLF,,2,2,0,False,0.0561,0.1,미달,0.0,0.9,0.0,0.0,0.0,0.1,0.0,0.0,0.0,0.0,0.0,0.0,2.0,6.0,9.0,4.0,8.0,1.0,7.0,3.0,5.0,11.0,,10.0
2020-01-31,실적,1.0,1.0,0.0,10,리더,XLF,,2,1,0,True,0.0124,0.1,해당없음,0.0,0.9,0.0,0.0,0.0,0.1,0.0,0.0,0.0,0.0,0.0,0.0,2.0,6.0,9.0,4.0,8.0,1.0,7.0,3.0,5.0,11.0,,10.0
2020-02-03,실적,1.0,1.0,0.0,10,SPY우위,SPY,,2,1,0,False,0.0243,0.1,해당없음,0.0,0.9,0.0,0.0,0.0,0.1,0.0,0.0,0.0,0.0,0.0,0.0,1.0,6.0,9.0,4.0,8.0,2.0,7.0,3.0,5.0,10.0,,11.0
2020-02-04,실적,1.0,1.0,0.0,10,SPY우위,SPY,,2,1,0,False,0.0532,0.1,해당없음,0.0,0.9,0.0,0.0,0.0,0.0,0.0,0.1,0.0,0.0,0.0,0.0,1.0,5.0,9.0,4.0,8.0,3.0,7.0,2.0,6.0,10.0,,11.0
2020-02-05,실적,1.0,1.0,0.0,10,SPY우위,SPY,,2,1,0,False,0.0725,0.1,해당없음,0.0,0.9,0.0,0.0,0.0,0.0,0.0,0.1,0.0,0.0,0.0,0.0,1.0,4.0,9.0,5.0,8.0,3.0,7.0,2.0,6.0,10.0,,11.0
2020-02-06,실적,1.0,1.0,0.0,10,SPY우위,SPY,,2,1,0,False,0.0992,0.1,해당없음,0.0,0.9,0.0,0.0,0.0,0.0,0.0,0.1,0.0,0.0,0.0,0.0,1.0,4.0,9.0,5.0,8.0,3.0,7.0,2.0,6.0,10.0,,11.0
2020-02-07,실적,0.37,0.366,0.634,10,SPY우위,SPY,,2,1,0,False,0.1209,0.1,해당없음,0.0,0.3294,0.0,0.0,0.0,0.0,0.0,0.0366,0.0,0.0,0.0,0.0,1.0,4.0,9.0,5.0,8.0,3.0,7.0,2.0,6.0,10.0,,11.0
2020-02-10,실적,0.36,0.3629,0.6371,10,SPY우위,SPY,,2,1,0,False,0.1323,0.1,해당없음,0.0,0.3266,0.0,0.0,0.0,0.0,0.0,0.0363,0.0,0.0,0.0,0.0,1.0,2.0,9.0,5.0,8.0,4.0,7.0,3.0,6.0,10.0,,11.0
2020-02-11,실적,0.37,0.367,0.633,10,SPY우위,SPY,,2,1,0,False,0.1267,0.1,해당없음,0.0,0.3303,0.0,0.0,0.0,0.0,0.0,0.0367,0.0,0.0,0.0,0.0,1.0,2.0,9.0,5.0,8.0,4.0,7.0,3.0,6.0,10.0,,11.0
2020-02-12,실적,0.36,0.3646,0.6354,10,SPY우위,SPY,,2,1,0,False,0.1138,0.1,해당없음,0.0,0.3282,0.0,0.0,0.0,0.0,0.0,0.0365,0.0,0.0,0.0,0.0,1.0,2.0,9.0,5.0,8.0,4.0,7.0,3.0,6.0,10.0,,11.0
2020-02-13,실적,0.36,0.3639,0.6361,10,SPY우위,SPY,,2,1,0,False,0.1106,0.1,해당없음,0.0,0.3275,0.0,0.0,0.0,0.0,0.0,0.0364,0.0,0.0,0.0,0.0,1.0,2.0,9.0,5.0,8.0,4.0,7.0,3.0,6.0,10.0,,11.0
2020-02-14,실적,0.0,0.0,1.0,10,현금,SPY,,2,1,0,False,0.1065,0.1,해당없음,0.0,0.0,0.0,0.0,0.0,0.0,0.0,0.0,0.0,0.0,0.0,0.0,1.0,2.0,9.0,5.0,8.0,4.0,7.0,3.0,6.0,10.0,,11.0
2020-02-18,실적,0.0,0.0,1.0,10,현금,SPY,,2,1,0,False,0.0938,0.1,해당없음,0.0,0.0,0.0,0.0,0.0,0.0,0.0,0.0,0.0,0.0,0.0,0.0,1.0,2.0,8.0,6.0,9.0,4.0,7.0,3.0,5.0,10.0,,11.0
2020-02-19,실적,0.0,0.0,1.0,10,현금,SPY,,2,1,0,False,0.0763,0.1,해당없음,0.0,0.0,0.0,0.0,0.0,0.0,0.0,0.0,0.0,0.0,0.0,0.0,1.0,2.0,8.0,6.0,9.0,4.0,7.0,3.0,5.0,10.0,,11.0
2020-02-20,실적,0.0,0.0,1.0,10,현금,SPY,,2,1,0,False,0.0763,0.1,해당없음,0.0,0.0,0.0,0.0,0.0,0.0,0.0,0.0,0.0,0.0,0.0,0.0,1.0,2.0,8.0,7.0,9.0,4.0,6.0,3.0,5.0,10.0,,11.0
2020-02-21,실적,0.35,0.3507,0.6493,10,SPY우위,SPY,,2,1,0,False,0.0739,0.1,해당없음,0.0,0.3156,0.0,0.0,0.0,0.0,0.0,0.0351,0.0,0.0,0.0,0.0,1.0,2.0,8.0,7.0,9.0,4.0,6.0,3.0,5.0,10.0,,11.0
2020-02-24,실적,0.0,0.0,1.0,10,현금,SPY,,2,1,0,False,0.0716,0.1,해당없음,0.0,0.0,0.0,0.0,0.0,0.0,0.0,0.0,0.0,0.0,0.0,0.0,1.0,2.0,8.0,7.0,9.0,4.0,6.0,3.0,5.0,10.0,,11.0
2020-02-25,실적,0.0,0.0,1.0,1,현금,SPY,,2,1,0,False,0.7209,1.0,해당없음,0.0,0.0,0.0,0.0,0.0,0.0,0.0,0.0,0.0,0.0,0.0,0.0,1.0,,,,2.0,,,,,,,
2020-02-26,실적,0.0,0.0,1.0,0,현금,SPY,,2,1,0,False,,1.0,해당없음,0.0,0.0,0.0,0.0,0.0,0.0,0.0,0.0,0.0,0.0,0.0,0.0,1.0,,,,,,,,,,,
2020-02-27,실적,0.0,0.0,1.0,0,현금,SPY,,2,1,0,False,,1.0,해당없음,0.0,0.0,0.0,0.0,0.0,0.0,0.0,0.0,0.0,0.0,0.0,0.0,1.0,,,,,,,,,,,
2020-02-28,실적,0.0,0.0,1.0,0,현금,SPY,,2,1,0,False,,1.0,해당없음,0.0,0.0,0.0,0.0,0.0,0.0,0.0,0.0,0.0,0.0,0.0,0.0,1.0,,,,,,,,,,,
2020-03-02,실적,0.0,0.0,1.0,0,현금,SPY,,2,1,0,False,,1.0,해당없음,0.0,0.0,0.0,0.0,0.0,0.0,0.0,0.0,0.0,0.0,0.0,0.0,1.0,,,,,,,,,,,
2020-03-03,실적,0.0,0.0,1.0,0,현금,SPY,,2,1,0,False,,1.0,해당없음,0.0,0.0,0.0,0.0,0.0,0.0,0.0,0.0,0.0,0.0,0.0,0.0,1.0,,,,,,,,,,,
2020-03-04,실적,0.0,0.0,1.0,0,현금,SPY,,2,1,0,False,,1.0,해당없음,0.0,0.0,0.0,0.0,0.0,0.0,0.0,0.0,0.0,0.0,0.0,0.0,1.0,,,,,,,,,,,
2020-03-05,실적,0.0,0.0,1.0,0,현금,SPY,,2,1,0,False,,1.0,해당없음,0.0,0.0,0.0,0.0,0.0,0.0,0.0,0.0,0.0,0.0,0.0,0.0,1.0,,,,,,,,,,,
2020-03-06,실적,0.0,0.0,1.0,0,현금,SPY,,2,1,0,False,,1.0,해당없음,0.0,0.0,0.0,0.0,0.0,0.0,0.0,0.0,0.0,0.0,0.0,0.0,1.0,,,,,,,,,,,
2020-03-09,실적,0.0,0.0,1.0,0,현금,SPY,,2,1,0,False,,1.0,해당없음,0.0,0.0,0.0,0.0,0.0,0.0,0.0,0.0,0.0,0.0,0.0,0.0,1.0,,,,,,,,,,,
2020-03-10,실적,0.0,0.0,1.0,0,현금,SPY,,2,1,0,False,,1.0,해당없음,0.0,0.0,0.0,0.0,0.0,0.0,0.0,0.0,0.0,0.0,0.0,0.0,1.0,,,,,,,,,,,
2020-03-11,실적,0.0,0.0,1.0,0,현금,SPY,,2,1,0,False,,1.0,해당없음,0.0,0.0,0.0,0.0,0.0,0.0,0.0,0.0,0.0,0.0,0.0,0.0,1.0,,,,,,,,,,,
2020-03-12,실적,0.0,0.0,1.0,0,현금,SPY,,2,1,0,False,,1.0,해당없음,0.0,0.0,0.0,0.0,0.0,0.0,0.0,0.0,0.0,0.0,0.0,0.0,1.0,,,,,,,,,,,
2020-03-13,실적,0.0,0.0,1.0,0,현금,SPY,,2,1,0,False,,1.0,해당없음,0.0,0.0,0.0,0.0,0.0,0.0,0.0,0.0,0.0,0.0,0.0,0.0,1.0,,,,,,,,,,,
2020-03-16,실적,0.0,0.0,1.0,0,현금,SPY,,2,1,0,False,,1.0,해당없음,0.0,0.0,0.0,0.0,0.0,0.0,0.0,0.0,0.0,0.0,0.0,0.0,1.0,,,,,,,,,,,
2020-03-17,실적,0.0,0.0,1.0,0,현금,SPY,,2,1,0,False,,1.0,해당없음,0.0,0.0,0.0,0.0,0.0,0.0,0.0,0.0,0.0,0.0,0.0,0.0,1.0,,,,,,,,,,,
2020-03-18,실적,0.0,0.0,1.0,0,현금,SPY,,2,1,0,False,,1.0,해당없음,0.0,0.0,0.0,0.0,0.0,0.0,0.0,0.0,0.0,0.0,0.0,0.0,1.0,,,,,,,,,,,
2020-03-19,실적,0.0,0.0,1.0,2,현금,SPY,,2,1,0,False,0.2839,0.5,해당없음,0.0,0.0,0.0,0.0,0.0,0.0,0.0,0.0,0.0,0.0,0.0,0.0,1.0,,,,3.0,,2.0,,,,,
2020-03-20,실적,0.0,0.0,1.0,2,현금,SPY,,2,1,0,False,0.2598,0.5,해당없음,0.0,0.0,0.0,0.0,0.0,0.0,0.0,0.0,0.0,0.0,0.0,0.0,1.0,,,,3.0,,2.0,,,,,
2020-03-23,실적,0.0,0.0,1.0,2,현금,SPY,,2,1,0,False,0.2553,0.5,해당없음,0.0,0.0,0.0,0.0,0.0,0.0,0.0,0.0,0.0,0.0,0.0,0.0,1.0,,,,3.0,,2.0,,,,,
2020-03-24,실적,0.0,0.0,1.0,1,현금,SPY,,2,1,0,False,0.2529,1.0,해당없음,0.0,0.0,0.0,0.0,0.0,0.0,0.0,0.0,0.0,0.0,0.0,0.0,1.0,,,,,,2.0,,,,,
2020-03-25,실적,0.0,0.0,1.0,0,현금,SPY,,2,1,0,False,,1.0,해당없음,0.0,0.0,0.0,0.0,0.0,0.0,0.0,0.0,0.0,0.0,0.0,0.0,1.0,,,,,,,,,,,
2020-03-26,실적,0.6,0.6,0.4,0,전섹터하락SPY,SPY,,2,1,0,False,,1.0,해당없음,0.6,0.0,0.0,0.0,0.0,0.0,0.0,0.0,0.0,0.0,0.0,0.0,1.0,,,,,,,,,,,
2020-03-27,실적,0.0,0.0,1.0,0,현금,SPY,,2,1,0,False,,1.0,해당없음,0.0,0.0,0.0,0.0,0.0,0.0,0.0,0.0,0.0,0.0,0.0,0.0,1.0,,,,,,,,,,,
2020-03-30,실적,0.6,0.6,0.4,0,전섹터하락SPY,SPY,,2,1,0,False,,1.0,해당없음,0.6,0.0,0.0,0.0,0.0,0.0,0.0,0.0,0.0,0.0,0.0,0.0,1.0,,,,,,,,,,,
2020-03-31,실적,1.0,1.0,0.0,10,SPY우위,SPY,,2,1,0,False,0.0052,0.1,해당없음,0.0,0.9,0.0,0.0,0.0,0.0,0.0,0.0,0.1,0.0,0.0,0.0,1.0,5.0,7.0,9.0,11.0,6.0,4.0,3.0,2.0,8.0,,10.0
2020-04-01,실적,1.0,1.0,0.0,10,폴백(여유부족),,,2,2,0,False,0.0097,0.1,미달,0.0,0.9,0.0,0.0,0.0,0.0,0.0,0.0,0.1,0.0,0.0,0.0,2.0,5.0,7.0,9.0,11.0,6.0,4.0,3.0,1.0,8.0,,10.0
2020-04-02,실적,1.0,1.0,0.0,10,폴백(여유부족),,,2,2,0,False,0.0292,0.1,미달,0.0,0.9,0.0,0.0,0.0,0.0,0.0,0.0,0.1,0.0,0.0,0.0,2.0,5.0,6.0,9.0,11.0,7.0,4.0,3.0,1.0,8.0,,10.0
2020-04-03,실적,1.0,1.0,0.0,10,폴백(여유부족),,,2,2,0,False,0.0476,0.1,미달,0.0,0.9,0.0,0.0,0.0,0.0,0.0,0.0,0.1,0.0,0.0,0.0,2.0,5.0,6.0,9.0,11.0,7.0,3.0,4.0,1.0,8.0,,10.0
2020-04-06,실적,1.0,1.0,0.0,10,폴백(여유부족),,,2,2,0,False,0.072,0.1,미달,0.0,0.9,0.0,0.0,0.0,0.0,0.0,0.0,0.1,0.0,0.0,0.0,2.0,4.0,6.0,9.0,11.0,7.0,3.0,5.0,1.0,8.0,,10.0
2020-04-07,실적,1.0,1.0,0.0,10,폴백(여유부족),,,2,2,0,False,0.0913,0.1,미달,0.0,0.9,0.0,0.0,0.0,0.0,0.0,0.0,0.1,0.0,0.0,0.0,2.0,4.0,7.0,9.0,11.0,6.0,3.0,5.0,1.0,8.0,,10.0
2020-04-08,실적,1.0,1.0,0.0,10,리더,XLB,,2,2,0,False,0.1032,0.1,통과,0.0,0.9,0.0,0.0,0.0,0.0,0.0,0.0,0.1,0.0,0.0,0.0,2.0,3.0,7.0,9.0,11.0,6.0,4.0,5.0,1.0,8.0,,10.0
2020-04-09,실적,1.0,1.0,0.0,10,리더,XLB,,2,2,0,False,0.1151,0.1,통과,0.0,0.9,0.0,0.0,0.0,0.0,0.0,0.0,0.1,0.0,0.0,0.0,2.0,3.0,7.0,9.0,11.0,5.0,4.0,6.0,1.0,8.0,,10.0
2020-04-13,실적,1.0,1.0,0.0,10,리더,XLB,,2,2,0,False,0.1246,0.1,통과,0.0,0.9,0.0,0.0,0.0,0.0,0.0,0.0,0.1,0.0,0.0,0.0,2.0,3.0,7.0,9.0,11.0,4.0,5.0,6.0,1.0,8.0,,10.0
2020-04-14,실적,1.0,1.0,0.0,10,리더,XLB,,2,2,0,False,0.1341,0.1,통과,0.0,0.9,0.0,0.0,0.0,0.0,0.0,0.0,0.1,0.0,0.0,0.0,2.0,3.0,7.0,9.0,10.0,4.0,5.0,6.0,1.0,8.0,,11.0
2020-04-15,실적,1.0,1.0,0.0,10,리더,XLB,,2,2,0,False,0.1437,0.1,통과,0.0,0.9,0.0,0.0,0.0,0.0,0.0,0.0,0.1,0.0,0.0,0.0,2.0,3.0,7.0,9.0,10.0,4.0,5.0,6.0,1.0,8.0,,11.0
2020-04-16,실적,1.0,1.0,0.0,10,리더,XLB,,2,2,0,False,0.1505,0.1,통과,0.0,0.9,0.0,0.0,0.0,0.0,0.0,0.0,0.1,0.0,0.0,0.0,2.0,3.0,7.0,9.0,10.0,4.0,6.0,5.0,1.0,8.0,,11.0
2020-04-17,실적,1.0,1.0,0.0,10,리더,XLB,,2,2,0,False,0.1603,0.1,통과,0.0,0.9,0.0,0.0,0.0,0.0,0.0,0.0,0.1,0.0,0.0,0.0,2.0,3.0,7.0,10.0,9.0,4.0,6.0,5.0,1.0,8.0,,11.0
2020-04-20,실적,1.0,1.0,0.0,10,리더,XLB,,2,2,0,False,0.168,0.1,통과,0.0,0.9,0.0,0.0,0.0,0.0,0.0,0.0,0.1,0.0,0.0,0.0,2.0,3.0,7.0,10.0,9.0,4.0,6.0,5.0,1.0,8.0,,11.0
2020-04-21,실적,0.0,0.0,1.0,10,현금,XLB,,2,2,0,False,0.1664,0.1,통과,0.0,0.0,0.0,0.0,0.0,0.0,0.0,0.0,0.0,0.0,0.0,0.0,3.0,2.0,7.0,10.0,9.0,4.0,6.0,5.0,1.0,8.0,,11.0
2020-04-22,실적,0.0,0.0,1.0,10,현금,XLB,,2,2,0,False,0.1471,0.1,통과,0.0,0.0,0.0,0.0,0.0,0.0,0.0,0.0,0.0,0.0,0.0,0.0,3.0,2.0,7.0,11.0,9.0,4.0,5.0,6.0,1.0,8.0,,10.0
2020-04-23,실적,0.0,0.0,1.0,10,현금,XLB,,2,2,0,False,0.1447,0.1,통과,0.0,0.0,0.0,0.0,0.0,0.0,0.0,0.0,0.0,0.0,0.0,0.0,3.0,2.0,8.0,11.0,9.0,4.0,5.0,6.0,1.0,7.0,,10.0
2020-04-24,실적,1.0,1.0,0.0,10,리더,XLB,,2,2,0,False,0.1423,0.1,통과,0.0,0.9,0.0,0.0,0.0,0.0,0.0,0.0,0.1,0.0,0.0,0.0,4.0,2.0,8.0,11.0,9.0,3.0,5.0,6.0,1.0,7.0,,10.0
2020-04-27,실적,1.0,1.0,0.0,10,리더,XLB,,2,2,0,False,0.1376,0.1,통과,0.0,0.9,0.0,0.0,0.0,0.0,0.0,0.0,0.1,0.0,0.0,0.0,4.0,2.0,8.0,11.0,9.0,3.0,5.0,6.0,1.0,7.0,,10.0
2020-04-28,실적,1.0,1.0,0.0,10,리더,XLB,,2,2,0,False,0.1352,0.1,통과,0.0,0.9,0.0,0.0,0.0,0.0,0.0,0.0,0.1,0.0,0.0,0.0,4.0,2.0,8.0,11.0,9.0,3.0,5.0,6.0,1.0,7.0,,10.0
2020-04-29,실적,1.0,1.0,0.0,10,리더,XLB,,2,2,0,False,0.1337,0.1,통과,0.0,0.9,0.0,0.0,0.0,0.0,0.0,0.0,0.1,0.0,0.0,0.0,4.0,2.0,9.0,11.0,8.0,3.0,5.0,6.0,1.0,7.0,,10.0
2020-04-30,실적,1.0,1.0,0.0,10,리더,XLB,,2,2,0,False,0.1313,0.1,통과,0.0,0.9,0.0,0.0,0.0,0.0,0.0,0.0,0.1,0.0,0.0,0.0,4.0,2.0,9.0,11.0,8.0,3.0,5.0,6.0,1.0,7.0,,10.0
2020-05-01,실적,1.0,1.0,0.0,10,리더,XLB,,2,2,0,False,0.1313,0.1,통과,0.0,0.9,0.0,0.0,0.0,0.0,0.0,0.0,0.1,0.0,0.0,0.0,4.0,2.0,10.0,11.0,8.0,3.0,5.0,6.0,1.0,7.0,,9.0
2020-05-04,실적,1.0,1.0,0.0,10,리더,XLB,,2,2,0,False,0.1313,0.1,통과,0.0,0.9,0.0,0.0,0.0,0.0,0.0,0.0,0.1,0.0,0.0,0.0,4.0,2.0,10.0,11.0,9.0,3.0,5.0,6.0,1.0,7.0,,8.0
2020-05-05,실적,1.0,1.0,0.0,10,리더,XLB,,2,2,0,False,0.1213,0.1,통과,0.0,0.9,0.0,0.0,0.0,0.0,0.0,0.0,0.1,0.0,0.0,0.0,4.0,2.0,10.0,11.0,9.0,3.0,5.0,6.0,1.0,7.0,,8.0
2020-05-06,실적,1.0,1.0,0.0,10,리더,XLB,,2,2,0,False,0.1213,0.1,통과,0.0,0.9,0.0,0.0,0.0,0.0,0.0,0.0,0.1,0.0,0.0,0.0,4.0,2.0,10.0,11.0,9.0,3.0,5.0,6.0,1.0,7.0,,8.0
2020-05-07,실적,1.0,1.0,0.0,10,리더,XLB,,2,2,0,False,0.1213,0.1,통과,0.0,0.9,0.0,0.0,0.0,0.0,0.0,0.0,0.1,0.0,0.0,0.0,4.0,2.0,10.0,11.0,9.0,3.0,5.0,6.0,1.0,7.0,,8.0
2020-05-08,실적,1.0,1.0,0.0,10,리더,XLB,,2,2,0,False,0.1189,0.1,통과,0.0,0.9,0.0,0.0,0.0,0.0,0.0,0.0,0.1,0.0,0.0,0.0,4.0,2.0,10.0,11.0,9.0,3.0,5.0,6.0,1.0,7.0,,8.0
2020-05-11,실적,1.0,1.0,0.0,10,리더,XLB,,2,2,0,False,0.1189,0.1,통과,0.0,0.9,0.0,0.0,0.0,0.0,0.0,0.0,0.1,0.0,0.0,0.0,4.0,2.0,10.0,11.0,9.0,3.0,5.0,6.0,1.0,7.0,,8.0
2020-05-12,실적,1.0,1.0,0.0,10,리더,XLB,,2,2,0,False,0.1213,0.1,통과,0.0,0.9,0.0,0.0,0.0,0.0,0.0,0.0,0.1,0.0,0.0,0.0,4.0,2.0,10.0,11.0,9.0,3.0,5.0,6.0,1.0,7.0,,8.0
2020-05-13,실적,1.0,1.0,0.0,10,리더,XLB,,2,2,0,False,0.1263,0.1,통과,0.0,0.9,0.0,0.0,0.0,0.0,0.0,0.0,0.1,0.0,0.0,0.0,4.0,2.0,9.0,11.0,10.0,3.0,5.0,6.0,1.0,7.0,,8.0
2020-05-14,실적,1.0,1.0,0.0,10,리더,XLB,,2,2,0,False,0.1313,0.1,통과,0.0,0.9,0.0,0.0,0.0,0.0,0.0,0.0,0.1,0.0,0.0,0.0,4.0,2.0,9.0,11.0,10.0,3.0,5.0,6.0,1.0,7.0,,8.0
2020-05-15,실적,1.0,1.0,0.0,10,리더,XLB,,2,2,0,False,0.1417,0.1,통과,0.0,0.9,0.0,0.0,0.0,0.0,0.0,0.0,0.1,0.0,0.0,0.0,4.0,2.0,9.0,11.0,10.0,3.0,5.0,6.0,1.0,8.0,,7.0
2020-05-18,실적,1.0,1.0,0.0,10,리더,XLB,,2,2,0,False,0.1517,0.1,통과,0.0,0.9,0.0,0.0,0.0,0.0,0.0,0.0,0.1,0.0,0.0,0.0,4.0,2.0,9.0,11.0,10.0,3.0,5.0,6.0,1.0,8.0,,7.0
2020-05-19,실적,1.0,1.0,0.0,10,리더,XLB,,2,2,0,False,0.157,0.1,통과,0.0,0.9,0.0,0.0,0.0,0.0,0.0,0.0,0.1,0.0,0.0,0.0,4.0,3.0,9.0,11.0,10.0,2.0,5.0,6.0,1.0,8.0,,7.0
2020-05-20,실적,1.0,1.0,0.0,10,리더,XLB,,2,2,0,False,0.152,0.1,통과,0.0,0.9,0.0,0.0,0.0,0.0,0.0,0.0,0.1,0.0,0.0,0.0,4.0,3.0,9.0,10.0,11.0,2.0,5.0,6.0,1.0,8.0,,7.0
2020-05-21,실적,1.0,1.0,0.0,10,리더,XLB,,2,2,0,False,0.147,0.1,통과,0.0,0.9,0.0,0.0,0.0,0.0,0.0,0.0,0.1,0.0,0.0,0.0,4.0,3.0,9.0,10.0,11.0,2.0,5.0,6.0,1.0,8.0,,7.0
2020-05-22,실적,1.0,1.0,0.0,10,리더,XLB,,2,2,0,False,0.1419,0.1,통과,0.0,0.9,0.0,0.0,0.0,0.0,0.0,0.0,0.1,0.0,0.0,0.0,4.0,3.0,9.0,10.0,11.0,2.0,5.0,6.0,1.0,8.0,,7.0
2020-05-26,실적,1.0,1.0,0.0,10,리더,XLB,,2,2,0,False,0.1393,0.1,통과,0.0,0.9,0.0,0.0,0.0,0.0,0.0,0.0,0.1,0.0,0.0,0.0,4.0,3.0,9.0,10.0,11.0,2.0,5.0,6.0,1.0,8.0,,7.0
2020-05-27,실적,1.0,1.0,0.0,10,리더,XLB,,2,2,0,False,0.1393,0.1,통과,0.0,0.9,0.0,0.0,0.0,0.0,0.0,0.0,0.1,0.0,0.0,0.0,4.0,3.0,9.0,10.0,11.0,2.0,6.0,5.0,1.0,8.0,,7.0
2020-05-28,실적,1.0,1.0,0.0,10,리더,XLB,,2,2,0,False,0.1393,0.1,통과,0.0,0.9,0.0,0.0,0.0,0.0,0.0,0.0,0.1,0.0,0.0,0.0,4.0,3.0,9.0,10.0,11.0,2.0,6.0,5.0,1.0,8.0,,7.0
2020-05-29,실적,1.0,1.0,0.0,10,리더,XLB,,2,2,0,False,0.1405,0.1,통과,0.0,0.9,0.0,0.0,0.0,0.0,0.0,0.0,0.1,0.0,0.0,0.0,5.0,3.0,9.0,10.0,11.0,2.0,6.0,4.0,1.0,8.0,,7.0
2020-06-01,실적,1.0,1.0,0.0,10,리더,XLB,,2,2,0,False,0.1579,0.1,통과,0.0,0.9,0.0,0.0,0.0,0.0,0.0,0.0,0.1,0.0,0.0,0.0,5.0,3.0,9.0,10.0,11.0,2.0,6.0,4.0,1.0,8.0,,7.0
2020-06-02,실적,1.0,1.0,0.0,10,리더,XLB,,2,2,0,False,0.1754,0.1,통과,0.0,0.9,0.0,0.0,0.0,0.0,0.0,0.0,0.1,0.0,0.0,0.0,5.0,3.0,9.0,10.0,11.0,2.0,6.0,4.0,1.0,8.0,,7.0
2020-06-03,실적,1.0,1.0,0.0,10,리더,XLB,,2,2,0,False,0.1902,0.1,통과,0.0,0.9,0.0,0.0,0.0,0.0,0.0,0.0,0.1,0.0,0.0,0.0,5.0,3.0,10.0,9.0,11.0,2.0,6.0,4.0,1.0,8.0,,7.0
2020-06-04,실적,1.0,1.0,0.0,10,리더,XLB,,2,2,0,False,0.1976,0.1,통과,0.0,0.9,0.0,0.0,0.0,0.0,0.0,0.0,0.1,0.0,0.0,0.0,6.0,4.0,10.0,9.0,11.0,2.0,5.0,3.0,1.0,8.0,,7.0
2020-06-05,실적,1.0,1.0,0.0,10,리더,XLB,,2,2,0,False,0.1995,0.1,통과,0.0,0.9,0.0,0.0,0.0,0.0,0.0,0.0,0.1,0.0,0.0,0.0,6.0,4.0,10.0,8.0,11.0,2.0,5.0,3.0,1.0,9.0,,7.0
2020-06-08,실적,1.0,1.0,0.0,10,리더,XLB,,2,2,0,False,0.1963,0.1,통과,0.0,0.9,0.0,0.0,0.0,0.0,0.0,0.0,0.1,0.0,0.0,0.0,6.0,4.0,10.0,8.0,11.0,2.0,5.0,3.0,1.0,9.0,,7.0
2020-06-09,실적,1.0,1.0,0.0,10,리더,XLB,,2,2,0,False,0.178,0.1,통과,0.0,0.9,0.0,0.0,0.0,0.0,0.0,0.0,0.1,0.0,0.0,0.0,6.0,4.0,10.0,8.0,11.0,3.0,5.0,2.0,1.0,9.0,,7.0
2020-06-10,실적,1.0,1.0,0.0,10,리더,XLB,,2,2,0,False,0.1529,0.1,통과,0.0,0.9,0.0,0.0,0.0,0.0,0.0,0.0,0.1,0.0,0.0,0.0,6.0,4.0,10.0,8.0,11.0,3.0,5.0,2.0,1.0,9.0,,7.0
2020-06-11,실적,1.0,1.0,0.0,10,리더,XLB,,2,2,0,False,0.1325,0.1,통과,0.0,0.9,0.0,0.0,0.0,0.0,0.0,0.0,0.1,0.0,0.0,0.0,6.0,4.0,10.0,8.0,11.0,3.0,5.0,2.0,1.0,9.0,,7.0
2020-06-12,실적,1.0,1.0,0.0,10,리더,XLB,,2,2,0,False,0.1074,0.1,통과,0.0,0.9,0.0,0.0,0.0,0.0,0.0,0.0,0.1,0.0,0.0,0.0,6.0,4.0,10.0,8.0,11.0,3.0,5.0,2.0,1.0,9.0,,7.0
2020-06-15,실적,1.0,1.0,0.0,10,리더,XLB,,2,2,0,False,0.0823,0.1,미달,0.0,0.9,0.0,0.0,0.0,0.0,0.0,0.0,0.1,0.0,0.0,0.0,6.0,5.0,10.0,7.0,11.0,3.0,4.0,2.0,1.0,9.0,,8.0
2020-06-16,실적,1.0,1.0,0.0,10,리더,XLB,,2,2,0,False,0.0624,0.1,미달,0.0,0.9,0.0,0.0,0.0,0.0,0.0,0.0,0.1,0.0,0.0,0.0,7.0,5.0,11.0,6.0,10.0,3.0,4.0,2.0,1.0,9.0,,8.0
2020-06-17,실적,1.0,1.0,0.0,10,리더,XLB,,2,2,0,False,0.0574,0.1,미달,0.0,0.9,0.0,0.0,0.0,0.0,0.0,0.0,0.1,0.0,0.0,0.0,8.0,5.0,11.0,6.0,9.0,3.0,4.0,2.0,1.0,10.0,,7.0
2020-06-18,실적,1.0,1.0,0.0,10,폴백,,,2,1,0,True,0.0524,0.1,해당없음,0.0,0.9,0.0,0.0,0.0,0.0,0.0,0.0,0.1,0.0,0.0,0.0,8.0,5.0,11.0,6.0,9.0,3.0,4.0,2.0,1.0,10.0,,7.0
2020-06-19,실적,1.0,1.0,0.0,10,폴백,,,2,1,0,False,0.0474,0.1,해당없음,0.0,0.9,0.0,0.0,0.0,0.0,0.0,0.0,0.1,0.0,0.0,0.0,8.0,5.0,11.0,6.0,9.0,3.0,4.0,2.0,1.0,10.0,,7.0
2020-06-22,실적,1.0,1.0,0.0,10,폴백,,,2,1,0,False,0.0423,0.1,해당없음,0.0,0.9,0.0,0.0,0.0,0.0,0.0,0.0,0.1,0.0,0.0,0.0,8.0,5.0,11.0,6.0,9.0,3.0,4.0,2.0,1.0,10.0,,7.0
2020-06-23,실적,1.0,1.0,0.0,10,폴백,,,2,1,0,False,0.0373,0.1,해당없음,0.0,0.9,0.0,0.0,0.0,0.0,0.0,0.0,0.1,0.0,0.0,0.0,8.0,6.0,11.0,5.0,9.0,3.0,4.0,2.0,1.0,10.0,,7.0
2020-06-24,실적,1.0,1.0,0.0,10,폴백,,,2,1,0,False,0.0347,0.1,해당없음,0.0,0.9,0.0,0.0,0.0,0.0,0.0,0.0,0.1,0.0,0.0,0.0,8.0,6.0,11.0,5.0,9.0,3.0,4.0,2.0,1.0,10.0,,7.0
2020-06-25,실적,1.0,1.0,0.0,10,폴백,,,2,1,0,False,0.0347,0.1,해당없음,0.0,0.9,0.0,0.0,0.0,0.0,0.0,0.0,0.1,0.0,0.0,0.0,8.0,6.0,11.0,5.0,9.0,3.0,4.0,2.0,1.0,10.0,,7.0
2020-06-26,실적,1.0,1.0,0.0,10,폴백,,,2,1,0,False,0.0347,0.1,해당없음,0.0,0.9,0.0,0.0,0.0,0.0,0.0,0.0,0.1,0.0,0.0,0.0,8.0,6.0,11.0,5.0,9.0,3.0,4.0,2.0,1.0,10.0,,7.0
2020-06-29,실적,1.0,1.0,0.0,10,폴백,,,2,1,0,False,0.0347,0.1,해당없음,0.0,0.9,0.0,0.0,0.0,0.0,0.0,0.0,0.1,0.0,0.0,0.0,8.0,6.0,11.0,5.0,9.0,3.0,4.0,2.0,1.0,10.0,,7.0
2020-06-30,실적,1.0,1.0,0.0,10,폴백,,,2,1,0,False,0.0347,0.1,해당없음,0.0,0.9,0.0,0.0,0.0,0.0,0.0,0.0,0.1,0.0,0.0,0.0,8.0,6.0,11.0,5.0,9.0,3.0,4.0,2.0,1.0,10.0,,7.0
2020-07-01,실적,1.0,1.0,0.0,10,폴백,,,2,1,0,False,0.037,0.1,해당없음,0.0,0.9,0.0,0.0,0.0,0.0,0.0,0.0,0.1,0.0,0.0,0.0,8.0,6.0,11.0,5.0,9.0,3.0,4.0,2.0,1.0,10.0,,7.0
2020-07-02,실적,1.0,1.0,0.0,10,폴백,,,2,1,0,False,0.0447,0.1,해당없음,0.0,0.9,0.0,0.0,0.0,0.0,0.0,0.0,0.1,0.0,0.0,0.0,8.0,6.0,11.0,5.0,9.0,3.0,4.0,2.0,1.0,10.0,,7.0
2020-07-06,실적,1.0,1.0,0.0,10,폴백,,,2,1,0,False,0.0455,0.1,해당없음,0.0,0.9,0.0,0.0,0.0,0.0,0.0,0.0,0.1,0.0,0.0,0.0,8.0,6.0,11.0,5.0,9.0,3.0,4.0,2.0,1.0,10.0,,7.0
2020-07-07,실적,1.0,1.0,0.0,10,폴백,,,2,1,0,False,0.0487,0.1,해당없음,0.0,0.9,0.0,0.0,0.0,0.0,0.0,0.0,0.1,0.0,0.0,0.0,8.0,6.0,11.0,5.0,9.0,3.0,4.0,2.0,1.0,10.0,,7.0
2020-07-08,실적,1.0,1.0,0.0,10,폴백,,,2,1,0,False,0.0492,0.1,해당없음,0.0,0.9,0.0,0.0,0.0,0.0,0.0,0.0,0.1,0.0,0.0,0.0,8.0,6.0,11.0,5.0,9.0,3.0,4.0,2.0,1.0,10.0,,7.0
2020-07-09,실적,1.0,1.0,0.0,10,폴백,,,2,1,0,False,0.045,0.1,해당없음,0.0,0.9,0.0,0.0,0.0,0.0,0.0,0.0,0.1,0.0,0.0,0.0,7.0,6.0,11.0,5.0,9.0,2.0,4.0,3.0,1.0,10.0,,8.0
2020-07-10,실적,1.0,1.0,0.0,10,폴백,,,2,1,0,False,0.0254,0.1,해당없음,0.0,0.9,0.0,0.0,0.0,0.0,0.0,0.0,0.1,0.0,0.0,0.0,6.0,7.0,11.0,5.0,10.0,2.0,4.0,3.0,1.0,9.0,,8.0
2020-07-13,실적,1.0,1.0,0.0,10,폴백,,,2,1,0,False,0.0135,0.1,해당없음,0.0,0.9,0.0,0.0,0.0,0.0,0.0,0.0,0.1,0.0,0.0,0.0,5.0,7.0,11.0,6.0,10.0,2.0,4.0,3.0,1.0,9.0,,8.0
2020-07-14,실적,1.0,1.0,0.0,10,폴백,,,2,1,0,False,0.0061,0.1,해당없음,0.0,0.9,0.0,0.0,0.0,0.1,0.0,0.0,0.0,0.0,0.0,0.0,5.0,7.0,11.0,8.0,10.0,1.0,4.0,3.0,2.0,9.0,,6.0
2020-07-15,실적,1.0,1.0,0.0,10,폴백,,,2,1,0,False,0.0257,0.1,해당없음,0.0,0.9,0.0,0.0,0.0,0.1,0.0,0.0,0.0,0.0,0.0,0.0,4.0,7.0,11.0,8.0,10.0,1.0,5.0,3.0,2.0,9.0,,6.0
2020-07-16,실적,1.0,1.0,0.0,10,폴백,,,2,1,0,False,0.0354,0.1,해당없음,0.0,0.9,0.0,0.0,0.0,0.1,0.0,0.0,0.0,0.0,0.0,0.0,4.0,7.0,11.0,8.0,10.0,1.0,6.0,3.0,2.0,9.0,,5.0
2020-07-17,실적,1.0,1.0,0.0,10,폴백,,,2,1,0,False,0.0476,0.1,해당없음,0.0,0.9,0.0,0.0,0.0,0.1,0.0,0.0,0.0,0.0,0.0,0.0,4.0,7.0,11.0,8.0,10.0,1.0,6.0,3.0,2.0,9.0,,5.0
2020-07-20,실적,1.0,1.0,0.0,10,폴백,,,2,1,0,False,0.0598,0.1,해당없음,0.0,0.9,0.0,0.0,0.0,0.1,0.0,0.0,0.0,0.0,0.0,0.0,4.0,7.0,11.0,8.0,10.0,1.0,6.0,3.0,2.0,9.0,,5.0
2020-07-21,실적,1.0,1.0,0.0,10,폴백,,,2,1,0,False,0.0696,0.1,해당없음,0.0,0.9,0.0,0.0,0.0,0.1,0.0,0.0,0.0,0.0,0.0,0.0,4.0,6.0,11.0,9.0,10.0,1.0,7.0,3.0,2.0,8.0,,5.0
2020-07-22,실적,1.0,1.0,0.0,10,폴백(여유부족),,,2,2,0,False,0.0817,0.1,미달,0.0,0.9,0.0,0.0,0.0,0.1,0.0,0.0,0.0,0.0,0.0,0.0,4.0,6.0,11.0,9.0,10.0,1.0,7.0,3.0,2.0,8.0,,5.0
2020-07-23,실적,1.0,1.0,0.0,10,폴백(여유부족),,,2,2,0,False,0.0939,0.1,미달,0.0,0.9,0.0,0.0,0.0,0.1,0.0,0.0,0.0,0.0,0.0,0.0,4.0,6.0,11.0,9.0,10.0,1.0,7.0,3.0,2.0,8.0,,5.0
2020-07-24,실적,1.0,1.0,0.0,10,리더,XLF,,2,2,0,False,0.1034,0.1,통과,0.0,0.9,0.0,0.0,0.0,0.1,0.0,0.0,0.0,0.0,0.0,0.0,3.0,6.0,11.0,9.0,10.0,1.0,7.0,4.0,2.0,8.0,,5.0
2020-07-27,실적,1.0,1.0,0.0,10,리더,XLF,,2,2,0,False,0.1156,0.1,통과,0.0,0.9,0.0,0.0,0.0,0.1,0.0,0.0,0.0,0.0,0.0,0.0,3.0,6.0,11.0,9.0,10.0,1.0,7.0,4.0,2.0,8.0,,5.0
2020-07-28,실적,1.0,1.0,0.0,10,리더,XLF,,2,2,0,False,0.1275,0.1,통과,0.0,0.9,0.0,0.0,0.0,0.1,0.0,0.0,0.0,0.0,0.0,0.0,3.0,6.0,11.0,9.0,10.0,1.0,7.0,5.0,2.0,8.0,,4.0
2020-07-29,실적,1.0,1.0,0.0,10,리더,XLF,,2,2,0,False,0.1167,0.1,통과,0.0,0.9,0.0,0.0,0.0,0.1,0.0,0.0,0.0,0.0,0.0,0.0,2.0,6.0,11.0,9.0,10.0,1.0,7.0,5.0,3.0,8.0,,4.0
2020-07-30,실적,1.0,1.0,0.0,10,리더,XLF,,2,2,0,False,0.0905,0.1,미달,0.0,0.9,0.0,0.0,0.0,0.1,0.0,0.0,0.0,0.0,0.0,0.0,2.0,6.0,11.0,9.0,10.0,1.0,7.0,5.0,3.0,8.0,,4.0
2020-07-31,실적,1.0,1.0,0.0,10,리더,XLF,,2,2,0,False,0.0857,0.1,미달,0.0,0.9,0.0,0.0,0.0,0.1,0.0,0.0,0.0,0.0,0.0,0.0,2.0,6.0,11.0,9.0,10.0,1.0,7.0,5.0,3.0,8.0,,4.0
2020-08-03,실적,1.0,1.0,0.0,10,리더,XLF,,2,2,0,False,0.0833,0.1,미달,0.0,0.9,0.0,0.0,0.0,0.1,0.0,0.0,0.0,0.0,0.0,0.0,2.0,6.0,11.0,9.0,10.0,1.0,8.0,5.0,4.0,7.0,,3.0
2020-08-04,실적,1.0,1.0,0.0,10,리더,XLF,,2,2,0,False,0.0976,0.1,미달,0.0,0.9,0.0,0.0,0.0,0.1,0.0,0.0,0.0,0.0,0.0,0.0,2.0,6.0,10.0,9.0,11.0,1.0,7.0,5.0,4.0,8.0,,3.0
2020-08-05,실적,1.0,1.0,0.0,10,리더,XLF,,2,2,0,False,0.1021,0.1,통과,0.0,0.9,0.0,0.0,0.0,0.1,0.0,0.0,0.0,0.0,0.0,0.0,2.0,8.0,10.0,9.0,11.0,1.0,6.0,5.0,4.0,7.0,,3.0
2020-08-06,실적,1.0,1.0,0.0,10,리더,XLF,,2,2,0,False,0.1114,0.1,통과,0.0,0.9,0.0,0.0,0.0,0.1,0.0,0.0,0.0,0.0,0.0,0.0,2.0,8.0,10.0,9.0,11.0,1.0,6.0,7.0,4.0,5.0,,3.0
2020-08-07,실적,1.0,1.0,0.0,10,리더,XLF,,2,2,0,False,0.1254,0.1,통과,0.0,0.9,0.0,0.0,0.0,0.1,0.0,0.0,0.0,0.0,0.0,0.0,2.0,8.0,10.0,9.0,11.0,1.0,5.0,7.0,4.0,6.0,,3.0
2020-08-10,실적,0.47,0.4727,0.5273,10,리더,XLF,,2,2,0,False,0.1418,0.1,통과,0.0,0.4254,0.0,0.0,0.0,0.0473,0.0,0.0,0.0,0.0,0.0,0.0,2.0,8.0,10.0,9.0,11.0,1.0,5.0,7.0,4.0,6.0,,3.0
2020-08-11,실적,0.47,0.4687,0.5313,10,리더,XLF,,2,2,0,False,0.1558,0.1,통과,0.0,0.4218,0.0,0.0,0.0,0.0469,0.0,0.0,0.0,0.0,0.0,0.0,2.0,8.0,9.0,10.0,11.0,1.0,6.0,7.0,4.0,5.0,,3.0
2020-08-12,실적,0.45,0.4459,0.5541,10,리더,XLF,,2,2,0,False,0.1556,0.1,통과,0.0,0.4013,0.0,0.0,0.0,0.0446,0.0,0.0,0.0,0.0,0.0,0.0,2.0,8.0,9.0,10.0,11.0,1.0,6.0,7.0,5.0,4.0,,3.0
2020-08-13,실적,0.45,0.4495,0.5505,10,리더,XLF,,2,2,0,False,0.1603,0.1,통과,0.0,0.4045,0.0,0.0,0.0,0.0449,0.0,0.0,0.0,0.0,0.0,0.0,2.0,9.0,8.0,10.0,11.0,1.0,5.0,7.0,6.0,4.0,,3.0
2020-08-14,실적,0.45,0.4482,0.5518,10,리더,XLF,,2,2,0,False,0.1579,0.1,통과,0.0,0.4033,0.0,0.0,0.0,0.0448,0.0,0.0,0.0,0.0,0.0,0.0,2.0,9.0,7.0,10.0,11.0,1.0,5.0,8.0,6.0,3.0,,4.0
2020-08-17,실적,0.46,0.4566,0.5434,10,리더,XLF,,2,2,0,False,0.155,0.1,통과,0.0,0.4109,0.0,0.0,0.0,0.0457,0.0,0.0,0.0,0.0,0.0,0.0,2.0,9.0,7.0,10.0,11.0,1.0,4.0,8.0,6.0,3.0,,5.0
2020-08-18,실적,0.46,0.4566,0.5434,10,리더,XLF,,2,2,0,False,0.1521,0.1,통과,0.0,0.4109,0.0,0.0,0.0,0.0457,0.0,0.0,0.0,0.0,0.0,0.0,2.0,9.0,7.0,10.0,11.0,1.0,4.0,8.0,6.0,3.0,,5.0
2020-08-19,실적,0.45,0.4512,0.5488,10,리더,XLF,,2,2,0,False,0.1444,0.1,통과,0.0,0.4061,0.0,0.0,0.0,0.0451,0.0,0.0,0.0,0.0,0.0,0.0,2.0,9.0,6.0,10.0,11.0,1.0,4.0,8.0,7.0,3.0,,5.0
2020-08-20,실적,0.51,0.5081,0.4919,10,리더,XLF,,2,2,0,False,0.1287,0.1,통과,0.0,0.4573,0.0,0.0,0.0,0.0508,0.0,0.0,0.0,0.0,0.0,0.0,3.0,10.0,5.0,9.0,11.0,1.0,4.0,8.0,7.0,2.0,,6.0
2020-08-21,실적,0.54,0.5394,0.4606,10,리더,XLF,,2,2,0,False,0.0835,0.1,미달,0.0,0.4854,0.0,0.0,0.0,0.0539,0.0,0.0,0.0,0.0,0.0,0.0,3.0,10.0,5.0,9.0,11.0,1.0,4.0,8.0,7.0,2.0,,6.0
2020-08-24,실적,0.53,0.5259,0.4741,10,리더,XLF,,2,2,0,False,0.0356,0.1,미달,0.0,0.4733,0.0,0.0,0.0,0.0526,0.0,0.0,0.0,0.0,0.0,0.0,3.0,10.0,5.0,9.0,11.0,1.0,4.0,8.0,7.0,2.0,,6.0
2020-08-25,실적,0.57,0.5661,0.4339,10,폴백,,,2,1,0,False,0.007,0.1,해당없음,0.0,0.5095,0.0,0.0,0.0,0.0,0.0,0.0,0.0,0.0566,0.0,0.0,3.0,10.0,4.0,9.0,11.0,2.0,5.0,7.0,8.0,1.0,,6.0
2020-08-26,실적,0.0,0.0,1.0,10,현금,,,2,2,0,False,0.047,0.1,미달,0.0,0.0,0.0,0.0,0.0,0.0,0.0,0.0,0.0,0.0,0.0,0.0,4.0,10.0,3.0,9.0,11.0,2.0,5.0,7.0,8.0,1.0,,6.0
2020-08-27,실적,0.0,0.0,1.0,10,현금,,,2,2,0,False,0.0821,0.1,미달,0.0,0.0,0.0,0.0,0.0,0.0,0.0,0.0,0.0,0.0,0.0,0.0,4.0,10.0,3.0,9.0,11.0,2.0,5.0,6.0,8.0,1.0,,7.0
2020-08-28,실적,0.0,0.0,1.0,10,현금,XLU,,2,2,0,False,0.1185,0.1,통과,0.0,0.0,0.0,0.0,0.0,0.0,0.0,0.0,0.0,0.0,0.0,0.0,4.0,10.0,3.0,9.0,11.0,2.0,5.0,6.0,8.0,1.0,,7.0
2020-08-31,실적,0.0,0.0,1.0,10,현금,XLU,,2,2,0,False,0.1413,0.1,통과,0.0,0.0,0.0,0.0,0.0,0.0,0.0,0.0,0.0,0.0,0.0,0.0,4.0,10.0,2.0,8.0,11.0,3.0,5.0,6.0,9.0,1.0,,7.0
2020-09-01,실적,0.0,0.0,1.0,10,현금,XLU,,2,2,0,False,0.0915,0.1,미달,0.0,0.0,0.0,0.0,0.0,0.0,0.0,0.0,0.0,0.0,0.0,0.0,4.0,10.0,2.0,9.0,11.0,3.0,5.0,6.0,8.0,1.0,,7.0
2020-09-02,실적,0.0,0.0,1.0,10,현금,XLU,,2,2,0,False,0.0442,0.1,미달,0.0,0.0,0.0,0.0,0.0,0.0,0.0,0.0,0.0,0.0,0.0,0.0,4.0,10.0,2.0,9.0,11.0,3.0,5.0,6.0,8.0,1.0,,7.0
2020-09-03,실적,0.0,0.0,1.0,10,현금,XLU,,2,1,0,True,0.004,0.1,해당없음,0.0,0.0,0.0,0.0,0.0,0.0,0.0,0.0,0.0,0.0,0.0,0.0,5.0,10.0,2.0,9.0,11.0,3.0,4.0,6.0,8.0,1.0,,7.0
2020-09-04,실적,0.6,0.8,0.2,10,리더,XLU,,2,1,0,False,0.0262,0.1,해당없음,0.0,0.54,0.06,0.0,0.2,0.0,0.0,0.0,0.0,0.0,0.0,0.0,5.0,10.0,1.0,9.0,11.0,3.0,4.0,6.0,8.0,2.0,,7.0
2020-09-08,실적,0.6,0.8,0.2,10,리더,XLU,,2,2,0,False,0.05,0.1,미달,0.0,0.54,0.06,0.0,0.2,0.0,0.0,0.0,0.0,0.0,0.0,0.0,5.0,10.0,1.0,9.0,11.0,2.0,4.0,6.0,8.0,3.0,,7.0
2020-09-09,실적,0.0,0.0,1.0,10,현금,XLU,,2,2,0,False,0.0476,0.1,미달,0.0,0.0,0.0,0.0,0.0,0.0,0.0,0.0,0.0,0.0,0.0,0.0,6.0,10.0,1.0,9.0,11.0,2.0,4.0,5.0,8.0,3.0,,7.0
2020-09-10,실적,0.0,0.0,1.0,10,현금,XLU,,2,2,0,False,0.0455,0.1,미달,0.0,0.0,0.0,0.0,0.0,0.0,0.0,0.0,0.0,0.0,0.0,0.0,6.0,10.0,1.0,9.0,11.0,2.0,5.0,4.0,8.0,3.0,,7.0
2020-09-11,실적,0.6,0.8,0.2,10,리더,XLU,,2,2,0,False,0.0455,0.1,미달,0.0,0.54,0.06,0.0,0.2,0.0,0.0,0.0,0.0,0.0,0.0,0.0,6.0,9.0,1.0,10.0,11.0,2.0,5.0,4.0,8.0,3.0,,7.0
2020-09-14,실적,0.0,0.0,1.0,10,현금,XLU,,2,2,0,False,0.0532,0.1,미달,0.0,0.0,0.0,0.0,0.0,0.0,0.0,0.0,0.0,0.0,0.0,0.0,6.0,9.0,1.0,10.0,11.0,2.0,5.0,4.0,8.0,3.0,,7.0
2020-09-15,실적,0.6,0.8,0.2,10,리더,XLU,,2,2,0,False,0.0611,0.1,미달,0.0,0.54,0.06,0.0,0.2,0.0,0.0,0.0,0.0,0.0,0.0,0.0,6.0,9.0,1.0,11.0,10.0,2.0,5.0,3.0,8.0,4.0,,7.0
2020-09-16,실적,0.6,0.8,0.2,10,리더,XLU,,2,2,0,False,0.0611,0.1,미달,0.0,0.54,0.06,0.0,0.2,0.0,0.0,0.0,0.0,0.0,0.0,0.0,7.0,10.0,1.0,11.0,9.0,2.0,5.0,3.0,8.0,4.0,,6.0
2020-09-17,실적,0.6,0.8,0.2,10,리더,XLU,,2,2,0,False,0.0611,0.1,미달,0.0,0.54,0.06,0.0,0.2,0.0,0.0,0.0,0.0,0.0,0.0,0.0,7.0,10.0,1.0,11.0,9.0,2.0,4.0,3.0,8.0,5.0,,6.0
2020-09-18,실적,0.6,0.8,0.2,10,리더,XLU,,2,2,0,False,0.0712,0.1,미달,0.0,0.54,0.06,0.0,0.2,0.0,0.0,0.0,0.0,0.0,0.0,0.0,7.0,10.0,1.0,11.0,9.0,2.0,4.0,3.0,8.0,5.0,,6.0
2020-09-21,실적,0.6,0.8,0.2,10,리더,XLU,,2,2,0,False,0.0706,0.1,미달,0.0,0.54,0.06,0.0,0.2,0.0,0.0,0.0,0.0,0.0,0.0,0.0,7.0,10.0,1.0,11.0,8.0,3.0,4.0,2.0,9.0,5.0,,6.0
2020-09-22,실적,0.6,0.8,0.2,10,리더,XLU,,2,2,0,False,0.0458,0.1,미달,0.0,0.54,0.06,0.0,0.2,0.0,0.0,0.0,0.0,0.0,0.0,0.0,7.0,10.0,1.0,11.0,8.0,3.0,4.0,2.0,9.0,5.0,,6.0
2020-09-23,실적,0.6,0.8,0.2,10,리더,XLU,,2,1,0,False,0.0209,0.1,해당없음,0.0,0.54,0.06,0.0,0.2,0.0,0.0,0.0,0.0,0.0,0.0,0.0,8.0,10.0,1.0,11.0,7.0,3.0,4.0,2.0,9.0,5.0,,6.0
2020-09-24,실적,0.6,0.8,0.2,10,리더,XLU,,2,1,0,False,0.004,0.1,해당없음,0.0,0.54,0.0,0.0,0.2,0.0,0.0,0.06,0.0,0.0,0.0,0.0,8.0,10.0,2.0,11.0,7.0,3.0,4.0,1.0,9.0,6.0,,5.0
2020-09-25,실적,1.0,1.0,0.0,10,리더,XLU,,2,2,0,False,0.0288,0.1,미달,0.0,0.9,0.0,0.0,0.0,0.0,0.0,0.1,0.0,0.0,0.0,0.0,9.0,10.0,2.0,11.0,7.0,3.0,4.0,1.0,8.0,6.0,,5.0
2020-09-28,실적,1.0,1.0,0.0,10,리더,XLU,,2,2,0,False,0.0537,0.1,미달,0.0,0.9,0.0,0.0,0.0,0.0,0.0,0.1,0.0,0.0,0.0,0.0,9.0,10.0,2.0,11.0,6.0,3.0,4.0,1.0,8.0,7.0,,5.0
2020-09-29,실적,1.0,1.0,0.0,10,폴백(여유부족),,,2,2,0,False,0.0786,0.1,미달,0.0,0.9,0.0,0.0,0.0,0.0,0.0,0.1,0.0,0.0,0.0,0.0,9.0,10.0,2.0,11.0,6.0,3.0,4.0,1.0,8.0,7.0,,5.0
2020-09-30,실적,1.0,1.0,0.0,10,리더,XLI,,2,2,0,False,0.1034,0.1,통과,0.0,0.9,0.0,0.0,0.0,0.0,0.0,0.1,0.0,0.0,0.0,0.0,9.0,10.0,2.0,11.0,6.0,3.0,4.0,1.0,7.0,8.0,,5.0
2020-10-01,실적,1.0,1.0,0.0,10,리더,XLI,,2,2,0,False,0.1082,0.1,통과,0.0,0.9,0.0,0.0,0.0,0.0,0.0,0.1,0.0,0.0,0.0,0.0,9.0,10.0,2.0,11.0,6.0,3.0,4.0,1.0,7.0,8.0,,5.0
2020-10-02,실적,1.0,1.0,0.0,10,리더,XLI,,2,2,0,False,0.0955,0.1,미달,0.0,0.9,0.0,0.0,0.0,0.0,0.0,0.1,0.0,0.0,0.0,0.0,9.0,10.0,2.0,11.0,5.0,3.0,4.0,1.0,7.0,8.0,,6.0
2020-10-05,실적,1.0,1.0,0.0,10,리더,XLI,,2,2,0,False,0.078,0.1,미달,0.0,0.9,0.0,0.0,0.0,0.0,0.0,0.1,0.0,0.0,0.0,0.0,9.0,10.0,2.0,11.0,5.0,3.0,4.0,1.0,7.0,8.0,,6.0
2020-10-06,실적,1.0,1.0,0.0,10,리더,XLI,,2,2,0,False,0.0804,0.1,미달,0.0,0.9,0.0,0.0,0.0,0.0,0.0,0.1,0.0,0.0,0.0,0.0,9.0,10.0,2.0,11.0,5.0,3.0,4.0,1.0,7.0,8.0,,6.0
2020-10-07,실적,1.0,1.0,0.0,10,리더,XLI,,2,2,0,False,0.0878,0.1,미달,0.0,0.9,0.0,0.0,0.0,0.0,0.0,0.1,0.0,0.0,0.0,0.0,9.0,10.0,2.0,11.0,5.0,3.0,4.0,1.0,7.0,8.0,,6.0
2020-10-08,실적,1.0,1.0,0.0,10,리더,XLI,,2,2,0,False,0.0926,0.1,미달,0.0,0.9,0.0,0.0,0.0,0.0,0.0,0.1,0.0,0.0,0.0,0.0,9.0,10.0,2.0,11.0,5.0,4.0,3.0,1.0,7.0,8.0,,6.0
2020-10-09,실적,0.26,0.2551,0.7449,10,리더,XLI,,2,2,0,False,0.0923,0.1,미달,0.0,0.2296,0.0,0.0,0.0,0.0,0.0,0.0255,0.0,0.0,0.0,0.0,9.0,10.0,2.0,11.0,5.0,4.0,3.0,1.0,7.0,8.0,,6.0
2020-10-12,실적,0.25,0.2519,0.7481,10,리더,XLI,,2,2,0,False,0.0921,0.1,미달,0.0,0.2267,0.0,0.0,0.0,0.0,0.0,0.0252,0.0,0.0,0.0,0.0,10.0,9.0,2.0,11.0,5.0,4.0,3.0,1.0,7.0,8.0,,6.0
2020-10-13,실적,0.0,0.0,1.0,10,현금,XLI,,2,2,0,False,0.077,0.1,미달,0.0,0.0,0.0,0.0,0.0,0.0,0.0,0.0,0.0,0.0,0.0,0.0,10.0,9.0,2.0,11.0,4.0,5.0,3.0,1.0,7.0,8.0,,6.0
2020-10-14,실적,0.0,0.0,1.0,10,현금,XLI,,2,2,0,False,0.0619,0.1,미달,0.0,0.0,0.0,0.0,0.0,0.0,0.0,0.0,0.0,0.0,0.0,0.0,10.0,8.0,2.0,11.0,4.0,5.0,3.0,1.0,7.0,9.0,,6.0
2020-10-15,실적,0.0,0.0,1.0,10,현금,XLI,,2,2,0,False,0.0442,0.1,미달,0.0,0.0,0.0,0.0,0.0,0.0,0.0,0.0,0.0,0.0,0.0,0.0,9.0,8.0,2.0,11.0,4.0,6.0,3.0,1.0,7.0,10.0,,5.0
2020-10-16,실적,0.0,0.0,1.0,10,현금,XLI,,2,2,0,False,0.0265,0.1,미달,0.0,0.0,0.0,0.0,0.0,0.0,0.0,0.0,0.0,0.0,0.0,0.0,9.0,8.0,2.0,11.0,4.0,6.0,3.0,1.0,7.0,10.0,,5.0
2020-10-19,실적,0.0,0.0,1.0,10,현금,XLI,,2,1,0,True,0.009,0.1,해당없음,0.0,0.0,0.0,0.0,0.0,0.0,0.0,0.0,0.0,0.0,0.0,0.0,9.0,7.0,3.0,11.0,5.0,6.0,2.0,1.0,8.0,10.0,,4.0
2020-10-20,실적,0.26,0.2574,0.7426,10,리더,XLI,,2,2,0,False,0.0336,0.1,미달,0.0,0.2317,0.0,0.0,0.0,0.0,0.0257,0.0,0.0,0.0,0.0,0.0,9.0,7.0,3.0,10.0,5.0,6.0,1.0,2.0,8.0,11.0,,4.0
2020-10-21,실적,0.29,0.2935,0.7065,10,리더,XLI,,2,2,0,False,0.0595,0.1,미달,0.0,0.2641,0.0,0.0,0.0,0.0,0.0293,0.0,0.0,0.0,0.0,0.0,9.0,7.0,2.0,10.0,5.0,6.0,1.0,3.0,8.0,11.0,,4.0
2020-10-22,실적,0.29,0.2931,0.7069,10,리더,XLI,,2,2,0,False,0.082,0.1,미달,0.0,0.2638,0.0,0.0,0.0,0.0,0.0293,0.0,0.0,0.0,0.0,0.0,9.0,7.0,2.0,10.0,5.0,6.0,1.0,3.0,8.0,11.0,,4.0
2020-10-23,실적,0.31,0.3059,0.6941,10,리더,XLI,,2,2,0,False,0.0995,0.1,미달,0.0,0.2753,0.0,0.0,0.0,0.0,0.0306,0.0,0.0,0.0,0.0,0.0,9.0,7.0,2.0,10.0,5.0,6.0,1.0,3.0,8.0,11.0,,4.0
2020-10-26,실적,0.0,0.0,1.0,10,현금,XLI,,2,2,0,False,0.1193,0.1,통과,0.0,0.0,0.0,0.0,0.0,0.0,0.0,0.0,0.0,0.0,0.0,0.0,10.0,7.0,2.0,9.0,5.0,6.0,1.0,3.0,8.0,11.0,,4.0
2020-10-27,실적,0.0,0.0,1.0,10,현금,XLI,,2,2,0,False,0.1444,0.1,통과,0.0,0.0,0.0,0.0,0.0,0.0,0.0,0.0,0.0,0.0,0.0,0.0,10.0,7.0,2.0,9.0,5.0,6.0,1.0,3.0,8.0,11.0,,4.0
2020-10-28,실적,1.0,1.0,0.0,10,리더,XLI,,2,2,0,False,0.1669,0.1,통과,0.0,0.9,0.0,0.0,0.0,0.0,0.1,0.0,0.0,0.0,0.0,0.0,10.0,7.0,2.0,9.0,5.0,6.0,1.0,4.0,8.0,11.0,,3.0
2020-10-29,실적,1.0,1.0,0.0,10,리더,XLE,,2,2,0,False,0.1944,0.1,통과,0.0,0.9,0.0,0.0,0.0,0.0,0.1,0.0,0.0,0.0,0.0,0.0,10.0,7.0,2.0,9.0,5.0,6.0,1.0,4.0,8.0,11.0,,3.0
2020-10-30,실적,1.0,1.0,0.0,10,리더,XLE,,2,2,0,False,0.1947,0.1,통과,0.0,0.9,0.0,0.0,0.0,0.0,0.1,0.0,0.0,0.0,0.0,0.0,10.0,7.0,2.0,9.0,4.0,6.0,1.0,5.0,8.0,11.0,,3.0
2020-11-02,실적,1.0,1.0,0.0,10,리더,XLE,,2,2,0,False,0.2098,0.1,통과,0.0,0.9,0.0,0.0,0.0,0.0,0.1,0.0,0.0,0.0,0.0,0.0,10.0,7.0,2.0,9.0,4.0,6.0,1.0,5.0,8.0,11.0,,3.0
2020-11-03,실적,1.0,1.0,0.0,10,리더,XLE,,2,2,0,False,0.2034,0.1,통과,0.0,0.9,0.0,0.0,0.0,0.0,0.1,0.0,0.0,0.0,0.0,0.0,11.0,7.0,3.0,9.0,4.0,6.0,1.0,5.0,8.0,10.0,,2.0
2020-11-04,실적,1.0,1.0,0.0,10,리더,XLE,,2,2,0,False,0.1907,0.1,통과,0.0,0.9,0.0,0.0,0.0,0.0,0.1,0.0,0.0,0.0,0.0,0.0,11.0,7.0,3.0,9.0,4.0,6.0,1.0,5.0,8.0,10.0,,2.0
2020-11-05,실적,0.6,0.8,0.2,10,리더,XLE,,2,2,0,False,0.1831,0.1,통과,0.0,0.54,0.0,0.0,0.2,0.0,0.06,0.0,0.0,0.0,0.0,0.0,11.0,6.0,3.0,9.0,4.0,7.0,1.0,5.0,8.0,10.0,,2.0
2020-11-06,실적,0.6,0.8,0.2,10,리더,XLE,,2,2,0,False,0.1728,0.1,통과,0.0,0.54,0.0,0.0,0.2,0.0,0.06,0.0,0.0,0.0,0.0,0.0,11.0,6.0,3.0,10.0,4.0,7.0,1.0,5.0,8.0,9.0,,2.0
2020-11-09,실적,0.6,0.8,0.2,10,리더,XLE,,2,2,0,False,0.1624,0.1,통과,0.0,0.54,0.0,0.0,0.2,0.0,0.06,0.0,0.0,0.0,0.0,0.0,11.0,6.0,3.0,10.0,4.0,7.0,1.0,5.0,9.0,8.0,,2.0
2020-11-10,실적,0.6,0.8,0.2,10,리더,XLE,,2,2,0,False,0.1648,0.1,통과,0.0,0.54,0.0,0.0,0.2,0.0,0.06,0.0,0.0,0.0,0.0,0.0,11.0,6.0,3.0,10.0,4.0,7.0,1.0,5.0,9.0,8.0,,2.0
2020-11-11,실적,0.0,0.0,1.0,10,현금,XLE,,2,2,0,False,0.1698,0.1,통과,0.0,0.0,0.0,0.0,0.0,0.0,0.0,0.0,0.0,0.0,0.0,0.0,11.0,6.0,3.0,10.0,4.0,7.0,1.0,5.0,9.0,8.0,,2.0
2020-11-12,실적,0.0,0.0,1.0,10,현금,XLE,,2,2,0,False,0.1775,0.1,통과,0.0,0.0,0.0,0.0,0.0,0.0,0.0,0.0,0.0,0.0,0.0,0.0,11.0,7.0,4.0,10.0,3.0,6.0,1.0,5.0,9.0,8.0,,2.0
2020-11-13,실적,0.0,0.0,1.0,10,현금,XLE,,2,2,0,False,0.1955,0.1,통과,0.0,0.0,0.0,0.0,0.0,0.0,0.0,0.0,0.0,0.0,0.0,0.0,11.0,6.0,4.0,10.0,3.0,5.0,1.0,7.0,9.0,8.0,,2.0
2020-11-16,실적,0.0,0.0,1.0,10,현금,XLE,,2,2,0,False,0.2185,0.1,통과,0.0,0.0,0.0,0.0,0.0,0.0,0.0,0.0,0.0,0.0,0.0,0.0,11.0,7.0,4.0,10.0,3.0,6.0,1.0,8.0,9.0,5.0,,2.0
2020-11-17,실적,0.0,0.0,1.0,10,현금,XLE,,2,2,0,False,0.2362,0.1,통과,0.0,0.0,0.0,0.0,0.0,0.0,0.0,0.0,0.0,0.0,0.0,0.0,11.0,7.0,4.0,10.0,3.0,6.0,1.0,8.0,9.0,5.0,,2.0
2020-11-18,실적,0.0,0.0,1.0,10,현금,XLE,,2,2,0,False,0.2513,0.1,통과,0.0,0.0,0.0,0.0,0.0,0.0,0.0,0.0,0.0,0.0,0.0,0.0,11.0,7.0,4.0,10.0,3.0,6.0,1.0,8.0,9.0,5.0,,2.0
2020-11-19,실적,0.0,0.0,1.0,10,현금,XLE,,2,2,0,False,0.2611,0.1,통과,0.0,0.0,0.0,0.0,0.0,0.0,0.0,0.0,0.0,0.0,0.0,0.0,11.0,7.0,4.0,9.0,2.0,6.0,1.0,8.0,10.0,5.0,,3.0
2020-11-20,실적,0.0,0.0,1.0,10,현금,XLE,,2,2,0,False,0.2561,0.1,통과,0.0,0.0,0.0,0.0,0.0,0.0,0.0,0.0,0.0,0.0,0.0,0.0,11.0,7.0,4.0,9.0,2.0,6.0,1.0,8.0,10.0,5.0,,3.0
2020-11-23,실적,0.0,0.0,1.0,10,현금,XLE,,2,2,0,False,0.2537,0.1,통과,0.0,0.0,0.0,0.0,0.0,0.0,0.0,0.0,0.0,0.0,0.0,0.0,10.0,7.0,5.0,9.0,2.0,6.0,1.0,8.0,11.0,4.0,,3.0
2020-11-24,실적,0.0,0.0,1.0,10,현금,XLE,,2,2,0,False,0.2513,0.1,통과,0.0,0.0,0.0,0.0,0.0,0.0,0.0,0.0,0.0,0.0,0.0,0.0,10.0,7.0,5.0,9.0,2.0,6.0,1.0,8.0,11.0,3.0,,4.0
2020-11-25,실적,0.0,0.0,1.0,10,현금,XLE,,2,2,0,False,0.2463,0.1,통과,0.0,0.0,0.0,0.0,0.0,0.0,0.0,0.0,0.0,0.0,0.0,0.0,9.0,7.0,5.0,8.0,2.0,6.0,1.0,10.0,11.0,3.0,,4.0
2020-11-27,실적,0.0,0.0,1.0,10,현금,XLE,,2,2,0,False,0.2283,0.1,통과,0.0,0.0,0.0,0.0,0.0,0.0,0.0,0.0,0.0,0.0,0.0,0.0,8.0,7.0,5.0,9.0,3.0,6.0,1.0,11.0,10.0,2.0,,4.0
2020-11-30,실적,0.0,0.0,1.0,10,현금,XLE,,2,2,0,False,0.1857,0.1,통과,0.0,0.0,0.0,0.0,0.0,0.0,0.0,0.0,0.0,0.0,0.0,0.0,8.0,7.0,4.0,9.0,3.0,6.0,1.0,11.0,10.0,2.0,,5.0
2020-12-01,실적,0.0,0.0,1.0,10,현금,XLE,,2,2,0,False,0.1532,0.1,통과,0.0,0.0,0.0,0.0,0.0,0.0,0.0,0.0,0.0,0.0,0.0,0.0,8.0,7.0,4.0,9.0,3.0,6.0,1.0,11.0,10.0,2.0,,5.0
2020-12-02,실적,0.0,0.0,1.0,10,현금,XLE,,2,2,0,False,0.1606,0.1,통과,0.0,0.0,0.0,0.0,0.0,0.0,0.0,0.0,0.0,0.0,0.0,0.0,8.0,7.0,4.0,9.0,3.0,6.0,1.0,11.0,10.0,2.0,,5.0
2020-12-03,실적,0.0,0.0,1.0,10,현금,XLE,,2,2,0,False,0.1656,0.1,통과,0.0,0.0,0.0,0.0,0.0,0.0,0.0,0.0,0.0,0.0,0.0,0.0,8.0,7.0,4.0,9.0,3.0,6.0,1.0,11.0,10.0,2.0,,5.0
2020-12-04,실적,0.0,0.0,1.0,10,현금,XLE,,2,2,0,False,0.1656,0.1,통과,0.0,0.0,0.0,0.0,0.0,0.0,0.0,0.0,0.0,0.0,0.0,0.0,8.0,7.0,4.0,9.0,3.0,6.0,1.0,11.0,10.0,2.0,,5.0
2020-12-07,실적,0.0,0.0,1.0,10,현금,XLE,,2,2,0,False,0.1656,0.1,통과,0.0,0.0,0.0,0.0,0.0,0.0,0.0,0.0,0.0,0.0,0.0,0.0,8.0,7.0,4.0,9.0,3.0,6.0,1.0,11.0,10.0,2.0,,5.0
2020-12-08,실적,0.0,0.0,1.0,10,현금,XLE,,2,2,0,False,0.1704,0.1,통과,0.0,0.0,0.0,0.0,0.0,0.0,0.0,0.0,0.0,0.0,0.0,0.0,8.0,7.0,4.0,9.0,3.0,5.0,1.0,11.0,10.0,2.0,,6.0
2020-12-09,실적,0.0,0.0,1.0,10,현금,XLE,,2,2,0,False,0.1659,0.1,통과,0.0,0.0,0.0,0.0,0.0,0.0,0.0,0.0,0.0,0.0,0.0,0.0,8.0,7.0,4.0,10.0,2.0,5.0,1.0,11.0,9.0,3.0,,6.0
2020-12-10,실적,0.0,0.0,1.0,10,현금,XLE,,2,2,0,False,0.1608,0.1,통과,0.0,0.0,0.0,0.0,0.0,0.0,0.0,0.0,0.0,0.0,0.0,0.0,8.0,7.0,4.0,9.0,2.0,5.0,1.0,11.0,10.0,3.0,,6.0
2020-12-11,실적,0.0,0.0,1.0,10,현금,XLE,,2,2,0,False,0.1558,0.1,통과,0.0,0.0,0.0,0.0,0.0,0.0,0.0,0.0,0.0,0.0,0.0,0.0,8.0,7.0,4.0,10.0,2.0,5.0,1.0,11.0,9.0,3.0,,6.0
2020-12-14,실적,0.0,0.0,1.0,10,현금,XLE,,2,2,0,False,0.1508,0.1,통과,0.0,0.0,0.0,0.0,0.0,0.0,0.0,0.0,0.0,0.0,0.0,0.0,8.0,7.0,4.0,9.0,2.0,5.0,1.0,11.0,10.0,3.0,,6.0
2020-12-15,실적,0.0,0.0,1.0,10,현금,XLE,,2,2,0,False,0.1508,0.1,통과,0.0,0.0,0.0,0.0,0.0,0.0,0.0,0.0,0.0,0.0,0.0,0.0,8.0,7.0,4.0,9.0,2.0,5.0,1.0,11.0,10.0,3.0,,6.0
2020-12-16,실적,0.0,0.0,1.0,10,현금,XLE,,2,2,0,False,0.1508,0.1,통과,0.0,0.0,0.0,0.0,0.0,0.0,0.0,0.0,0.0,0.0,0.0,0.0,7.0,8.0,4.0,10.0,2.0,5.0,1.0,11.0,9.0,3.0,,6.0
2020-12-17,실적,0.55,0.55,0.45,10,리더,XLE,,2,2,0,False,0.1458,0.1,통과,0.0,0.495,0.0,0.0,0.0,0.0,0.055,0.0,0.0,0.0,0.0,0.0,7.0,8.0,4.0,10.0,2.0,5.0,1.0,11.0,9.0,3.0,,6.0
2020-12-18,실적,0.55,0.55,0.45,10,리더,XLE,,2,2,0,False,0.1407,0.1,통과,0.0,0.495,0.0,0.0,0.0,0.0,0.055,0.0,0.0,0.0,0.0,0.0,7.0,8.0,4.0,10.0,2.0,5.0,1.0,11.0,9.0,3.0,,6.0
2020-12-21,실적,0.55,0.55,0.45,10,리더,XLE,,2,2,0,False,0.1357,0.1,통과,0.0,0.495,0.0,0.0,0.0,0.0,0.055,0.0,0.0,0.0,0.0,0.0,7.0,8.0,4.0,10.0,2.0,5.0,1.0,11.0,9.0,3.0,,6.0
2020-12-22,실적,0.55,0.55,0.45,10,리더,XLE,,2,2,0,False,0.1307,0.1,통과,0.0,0.495,0.0,0.0,0.0,0.0,0.055,0.0,0.0,0.0,0.0,0.0,7.0,8.0,4.0,10.0,2.0,5.0,1.0,11.0,9.0,3.0,,6.0
2020-12-23,실적,0.55,0.55,0.45,10,리더,XLE,,2,2,0,False,0.1257,0.1,통과,0.0,0.495,0.0,0.0,0.0,0.0,0.055,0.0,0.0,0.0,0.0,0.0,7.0,8.0,4.0,10.0,2.0,6.0,1.0,11.0,9.0,3.0,,5.0
2020-12-24,실적,0.55,0.55,0.45,10,리더,XLE,,2,2,0,False,0.1206,0.1,통과,0.0,0.495,0.0,0.0,0.0,0.0,0.055,0.0,0.0,0.0,0.0,0.0,7.0,8.0,5.0,10.0,2.0,6.0,1.0,11.0,9.0,3.0,,4.0
2020-12-28,실적,0.55,0.55,0.45,10,리더,XLE,,2,2,0,False,0.1156,0.1,통과,0.0,0.495,0.0,0.0,0.0,0.0,0.055,0.0,0.0,0.0,0.0,0.0,7.0,8.0,5.0,10.0,2.0,6.0,1.0,11.0,9.0,3.0,,4.0
2020-12-29,실적,0.55,0.55,0.45,10,리더,XLE,,2,2,0,False,0.1106,0.1,통과,0.0,0.495,0.0,0.0,0.0,0.0,0.055,0.0,0.0,0.0,0.0,0.0,7.0,8.0,5.0,10.0,2.0,6.0,1.0,11.0,9.0,3.0,,4.0
2020-12-30,실적,0.55,0.55,0.45,10,리더,XLE,,2,2,0,False,0.1056,0.1,통과,0.0,0.495,0.0,0.0,0.0,0.0,0.055,0.0,0.0,0.0,0.0,0.0,7.0,8.0,6.0,10.0,2.0,5.0,1.0,11.0,9.0,3.0,,4.0
2020-12-31,실적,0.55,0.55,0.45,10,리더,XLE,,2,2,0,False,0.1056,0.1,통과,0.0,0.495,0.0,0.0,0.0,0.0,0.055,0.0,0.0,0.0,0.0,0.0,7.0,8.0,6.0,10.0,2.0,5.0,1.0,11.0,9.0,3.0,,4.0
2021-01-04,실적,0.55,0.55,0.45,11,폴백,,,2,1,0,True,0.0998,0.0909,해당없음,0.0,0.495,0.0,0.0,0.0,0.0,0.055,0.0,0.0,0.0,0.0,0.0,8.0,9.0,7.0,11.0,2.0,6.0,1.0,12.0,10.0,4.0,3.0,5.0
2021-01-05,실적,0.55,0.55,0.45,11,폴백,,,2,1,0,False,0.0941,0.0909,해당없음,0.0,0.495,0.0,0.0,0.0,0.0,0.055,0.0,0.0,0.0,0.0,0.0,8.0,9.0,6.0,11.0,2.0,7.0,1.0,12.0,10.0,4.0,3.0,5.0
2021-01-06,실적,0.55,0.55,0.45,11,폴백,,,2,1,0,False,0.0905,0.0909,해당없음,0.0,0.495,0.0,0.0,0.0,0.0,0.055,0.0,0.0,0.0,0.0,0.0,8.0,9.0,6.0,11.0,2.0,7.0,1.0,12.0,10.0,4.0,3.0,5.0
2021-01-07,실적,0.55,0.55,0.45,11,폴백,,,2,1,0,False,0.0901,0.0909,해당없음,0.0,0.495,0.0,0.0,0.0,0.0,0.055,0.0,0.0,0.0,0.0,0.0,8.0,9.0,6.0,11.0,2.0,7.0,1.0,12.0,10.0,4.0,3.0,5.0
2021-01-08,실적,0.55,0.55,0.45,11,폴백,,,2,1,0,False,0.0887,0.0909,해당없음,0.0,0.495,0.0,0.0,0.0,0.0,0.055,0.0,0.0,0.0,0.0,0.0,8.0,9.0,6.0,11.0,2.0,7.0,1.0,12.0,10.0,4.0,3.0,5.0
2021-01-11,실적,0.55,0.55,0.45,11,폴백,,,2,1,0,False,0.0873,0.0909,해당없음,0.0,0.495,0.0,0.0,0.0,0.0,0.055,0.0,0.0,0.0,0.0,0.0,7.0,9.0,6.0,11.0,2.0,8.0,1.0,12.0,10.0,4.0,3.0,5.0
2021-01-12,실적,0.55,0.55,0.45,11,폴백,,,2,1,0,False,0.087,0.0909,해당없음,0.0,0.495,0.0,0.0,0.0,0.0,0.055,0.0,0.0,0.0,0.0,0.0,7.0,9.0,6.0,11.0,2.0,8.0,1.0,12.0,10.0,4.0,3.0,5.0
2021-01-13,실적,0.55,0.55,0.45,11,폴백,,,2,1,0,False,0.0855,0.0909,해당없음,0.0,0.495,0.0,0.0,0.0,0.0,0.055,0.0,0.0,0.0,0.0,0.0,7.0,8.0,6.0,11.0,2.0,9.0,1.0,12.0,10.0,4.0,3.0,5.0
2021-01-14,실적,0.55,0.55,0.45,11,폴백,,,2,1,0,False,0.0768,0.0909,해당없음,0.0,0.495,0.0,0.0,0.0,0.0,0.055,0.0,0.0,0.0,0.0,0.0,7.0,8.0,6.0,11.0,3.0,9.0,1.0,12.0,10.0,4.0,2.0,5.0
2021-01-15,실적,0.55,0.55,0.45,11,폴백,,,2,1,0,False,0.0574,0.0909,해당없음,0.0,0.495,0.0,0.0,0.0,0.0,0.055,0.0,0.0,0.0,0.0,0.0,7.0,8.0,6.0,11.0,3.0,9.0,1.0,12.0,10.0,4.0,2.0,5.0
2021-01-19,실적,0.55,0.55,0.45,11,폴백,,,2,1,0,False,0.0379,0.0909,해당없음,0.0,0.495,0.0,0.0,0.0,0.0,0.055,0.0,0.0,0.0,0.0,0.0,6.0,8.0,7.0,11.0,3.0,10.0,1.0,12.0,9.0,4.0,2.0,5.0
2021-01-20,실적,0.55,0.55,0.45,11,폴백,,,2,1,0,False,0.0152,0.0909,해당없음,0.0,0.495,0.0,0.0,0.0,0.0,0.055,0.0,0.0,0.0,0.0,0.0,6.0,7.0,8.0,10.0,3.0,11.0,1.0,12.0,9.0,4.0,2.0,5.0
2021-01-21,실적,0.55,0.55,0.45,11,폴백,,,2,0,0,False,0.0065,0.0909,해당없음,0.0,0.495,0.0,0.0,0.0,0.0,0.0,0.0,0.0,0.0,0.055,0.0,6.0,5.0,7.0,10.0,3.0,11.0,2.0,12.0,9.0,4.0,1.0,8.0
2021-01-22,실적,0.55,0.55,0.45,11,폴백,,,2,0,0,False,0.0281,0.0909,해당없음,0.0,0.495,0.0,0.0,0.0,0.0,0.0,0.0,0.0,0.0,0.055,0.0,6.0,4.0,7.0,10.0,3.0,11.0,2.0,12.0,9.0,5.0,1.0,8.0
2021-01-25,실적,0.55,0.55,0.45,11,폴백,,,2,0,0,False,0.0558,0.0909,해당없음,0.0,0.495,0.0,0.0,0.0,0.0,0.0,0.0,0.0,0.0,0.055,0.0,5.0,4.0,7.0,9.0,3.0,11.0,2.0,12.0,10.0,6.0,1.0,8.0
2021-01-26,실적,0.55,0.55,0.45,11,폴백,,,2,0,0,False,0.085,0.0909,해당없음,0.0,0.495,0.0,0.0,0.0,0.0,0.0,0.0,0.0,0.0,0.055,0.0,5.0,3.0,7.0,8.0,4.0,12.0,2.0,11.0,9.0,6.0,1.0,10.0
2021-01-27,실적,0.55,0.55,0.45,11,폴백,,,2,0,0,False,0.0972,0.0909,해당없음,0.0,0.495,0.0,0.0,0.0,0.0,0.0,0.0,0.0,0.0,0.055,0.0,4.0,2.0,7.0,8.0,5.0,12.0,3.0,11.0,9.0,6.0,1.0,10.0
2021-01-28,실적,0.6,0.8,0.2,11,폴백,,,2,0,0,False,0.0797,0.0909,해당없음,0.0,0.54,0.0,0.0,0.2,0.0,0.0,0.0,0.0,0.0,0.06,0.0,4.0,2.0,8.0,6.0,5.0,12.0,3.0,11.0,9.0,7.0,1.0,10.0
2021-01-29,실적,0.0,0.0,1.0,11,현금,,,2,0,0,False,0.0617,0.0909,해당없음,0.0,0.0,0.0,0.0,0.0,0.0,0.0,0.0,0.0,0.0,0.0,0.0,3.0,2.0,7.0,5.0,6.0,12.0,4.0,11.0,9.0,8.0,1.0,10.0
2021-02-01,실적,0.0,0.0,1.0,11,현금,,,2,0,0,False,0.0467,0.0909,해당없음,0.0,0.0,0.0,0.0,0.0,0.0,0.0,0.0,0.0,0.0,0.0,0.0,3.0,2.0,7.0,5.0,6.0,12.0,4.0,11.0,9.0,8.0,1.0,10.0
2021-02-02,실적,0.0,0.0,1.0,11,현금,,,2,0,0,False,0.0311,0.0909,해당없음,0.0,0.0,0.0,0.0,0.0,0.0,0.0,0.0,0.0,0.0,0.0,0.0,3.0,2.0,6.0,4.0,8.0,12.0,5.0,10.0,7.0,9.0,1.0,11.0
2021-02-03,실적,0.0,0.0,1.0,11,현금,,,2,0,0,False,0.0386,0.0909,해당없음,0.0,0.0,0.0,0.0,0.0,0.0,0.0,0.0,0.0,0.0,0.0,0.0,3.0,2.0,6.0,4.0,7.0,12.0,5.0,10.0,8.0,9.0,1.0,11.0
2021-02-04,실적,0.0,0.0,1.0,11,현금,,,2,0,0,False,0.0504,0.0909,해당없음,0.0,0.0,0.0,0.0,0.0,0.0,0.0,0.0,0.0,0.0,0.0,0.0,3.0,2.0,7.0,4.0,6.0,12.0,5.0,10.0,8.0,9.0,1.0,11.0
2021-02-05,실적,0.0,0.0,1.0,11,현금,,,2,0,0,False,0.0627,0.0909,해당없음,0.0,0.0,0.0,0.0,0.0,0.0,0.0,0.0,0.0,0.0,0.0,0.0,3.0,2.0,7.0,4.0,6.0,11.0,5.0,10.0,8.0,9.0,1.0,12.0
2021-02-08,실적,0.0,0.0,1.0,11,현금,,,2,0,0,False,0.0706,0.0909,해당없음,0.0,0.0,0.0,0.0,0.0,0.0,0.0,0.0,0.0,0.0,0.0,0.0,4.0,2.0,7.0,3.0,6.0,11.0,5.0,10.0,8.0,9.0,1.0,12.0
2021-02-09,실적,0.0,0.0,1.0,11,현금,,,2,0,0,False,0.078,0.0909,해당없음,0.0,0.0,0.0,0.0,0.0,0.0,0.0,0.0,0.0,0.0,0.0,0.0,4.0,2.0,8.0,3.0,6.0,11.0,5.0,10.0,7.0,9.0,1.0,12.0
2021-02-10,실적,0.0,0.0,1.0,11,현금,,,2,0,0,False,0.0903,0.0909,해당없음,0.0,0.0,0.0,0.0,0.0,0.0,0.0,0.0,0.0,0.0,0.0,0.0,4.0,2.0,7.0,3.0,6.0,11.0,5.0,10.0,8.0,9.0,1.0,12.0
2021-02-11,실적,0.0,0.0,1.0,11,현금,,,2,0,0,False,0.0993,0.0909,해당없음,0.0,0.0,0.0,0.0,0.0,0.0,0.0,0.0,0.0,0.0,0.0,0.0,4.0,2.0,7.0,3.0,6.0,11.0,5.0,9.0,8.0,10.0,1.0,12.0
2021-02-12,실적,0.0,0.0,1.0,11,현금,,,2,0,0,False,0.1089,0.0909,해당없음,0.0,0.0,0.0,0.0,0.0,0.0,0.0,0.0,0.0,0.0,0.0,0.0,4.0,2.0,7.0,3.0,6.0,10.0,5.0,9.0,8.0,11.0,1.0,12.0
2021-02-16,실적,0.0,0.0,1.0,11,현금,,,2,0,0,False,0.1108,0.0909,해당없음,0.0,0.0,0.0,0.0,0.0,0.0,0.0,0.0,0.0,0.0,0.0,0.0,4.0,3.0,7.0,2.0,6.0,9.0,5.0,10.0,8.0,11.0,1.0,12.0
2021-02-17,실적,0.0,0.0,1.0,11,현금,,,2,0,0,False,0.1103,0.0909,해당없음,0.0,0.0,0.0,0.0,0.0,0.0,0.0,0.0,0.0,0.0,0.0,0.0,4.0,3.0,7.0,2.0,6.0,9.0,5.0,10.0,8.0,11.0,1.0,12.0
2021-02-18,실적,0.0,0.0,1.0,11,현금,,,2,0,0,False,0.1124,0.0909,해당없음,0.0,0.0,0.0,0.0,0.0,0.0,0.0,0.0,0.0,0.0,0.0,0.0,4.0,3.0,6.0,2.0,7.0,9.0,5.0,10.0,8.0,11.0,1.0,12.0
2021-02-19,실적,0.0,0.0,1.0,11,현금,,,2,0,0,False,0.1195,0.0909,해당없음,0.0,0.0,0.0,0.0,0.0,0.0,0.0,0.0,0.0,0.0,0.0,0.0,4.0,3.0,7.0,2.0,9.0,6.0,5.0,10.0,8.0,11.0,1.0,12.0
2021-02-22,실적,0.0,0.0,1.0,11,현금,,,2,0,0,False,0.1249,0.0909,해당없음,0.0,0.0,0.0,0.0,0.0,0.0,0.0,0.0,0.0,0.0,0.0,0.0,4.0,3.0,7.0,2.0,9.0,6.0,5.0,10.0,8.0,11.0,1.0,12.0
2021-02-23,실적,0.0,0.0,1.0,11,현금,,,2,0,0,False,0.1282,0.0909,해당없음,0.0,0.0,0.0,0.0,0.0,0.0,0.0,0.0,0.0,0.0,0.0,0.0,5.0,3.0,7.0,2.0,9.0,6.0,4.0,10.0,8.0,11.0,1.0,12.0
2021-02-24,실적,0.0,0.0,1.0,11,현금,,,2,0,0,False,0.1266,0.0909,해당없음,0.0,0.0,0.0,0.0,0.0,0.0,0.0,0.0,0.0,0.0,0.0,0.0,5.0,3.0,7.0,2.0,9.0,6.0,4.0,10.0,8.0,11.0,1.0,12.0
2021-02-25,실적,0.0,0.0,1.0,11,현금,,,2,0,0,False,0.1358,0.0909,해당없음,0.0,0.0,0.0,0.0,0.0,0.0,0.0,0.0,0.0,0.0,0.0,0.0,5.0,6.0,7.0,2.0,9.0,4.0,3.0,10.0,8.0,11.0,1.0,12.0
2021-02-26,실적,0.0,0.0,1.0,11,현금,,,2,0,0,False,0.1316,0.0909,해당없음,0.0,0.0,0.0,0.0,0.0,0.0,0.0,0.0,0.0,0.0,0.0,0.0,5.0,6.0,7.0,2.0,9.0,3.0,4.0,10.0,8.0,11.0,1.0,12.0
2021-03-01,실적,0.0,0.0,1.0,11,현금,,,2,0,0,False,0.13,0.0909,해당없음,0.0,0.0,0.0,0.0,0.0,0.0,0.0,0.0,0.0,0.0,0.0,0.0,5.0,6.0,7.0,2.0,10.0,3.0,4.0,9.0,8.0,11.0,1.0,12.0
2021-03-02,실적,0.0,0.0,1.0,11,현금,,,2,0,0,False,0.1192,0.0909,해당없음,0.0,0.0,0.0,0.0,0.0,0.0,0.0,0.0,0.0,0.0,0.0,0.0,5.0,6.0,7.0,3.0,10.0,2.0,4.0,9.0,8.0,11.0,1.0,12.0
2021-03-03,실적,0.0,0.0,1.0,11,현금,,,2,0,0,False,0.1233,0.0909,해당없음,0.0,0.0,0.0,0.0,0.0,0.0,0.0,0.0,0.0,0.0,0.0,0.0,5.0,6.0,8.0,2.0,10.0,3.0,4.0,9.0,7.0,11.0,1.0,12.0
2021-03-04,실적,0.3,0.3036,0.6964,11,폴백,,,2,0,0,False,0.1384,0.0909,해당없음,0.0,0.2732,0.0,0.0,0.0,0.0,0.0,0.0,0.0,0.0,0.0304,0.0,5.0,6.0,7.0,2.0,10.0,3.0,4.0,9.0,8.0,11.0,1.0,12.0
2021-03-05,실적,0.0,0.0,1.0,11,현금,,,2,0,0,False,0.1536,0.0909,해당없음,0.0,0.0,0.0,0.0,0.0,0.0,0.0,0.0,0.0,0.0,0.0,0.0,5.0,6.0,7.0,2.0,11.0,3.0,4.0,9.0,8.0,10.0,1.0,12.0
2021-03-08,실적,0.29,0.2884,0.7116,11,폴백,,,2,0,0,False,0.1644,0.0909,해당없음,0.0,0.2596,0.0,0.0,0.0,0.0,0.0,0.0,0.0,0.0,0.0288,0.0,5.0,7.0,6.0,2.0,11.0,3.0,4.0,9.0,8.0,10.0,1.0,12.0
2021-03-09,실적,0.6,0.8,0.2,11,폴백,,,2,0,0,False,0.1714,0.0909,해당없음,0.0,0.54,0.0,0.0,0.2,0.0,0.0,0.0,0.0,0.0,0.06,0.0,5.0,7.0,6.0,2.0,11.0,4.0,3.0,9.0,8.0,10.0,1.0,12.0
2021-03-10,실적,0.6,0.8,0.2,11,폴백,,,2,0,0,False,0.1742,0.0909,해당없음,0.0,0.54,0.0,0.0,0.2,0.0,0.0,0.0,0.0,0.0,0.06,0.0,5.0,8.0,6.0,3.0,11.0,4.0,2.0,9.0,7.0,10.0,1.0,12.0
2021-03-11,실적,0.6,0.8,0.2,11,폴백,,,2,0,0,False,0.1829,0.0909,해당없음,0.0,0.54,0.0,0.0,0.2,0.0,0.0,0.0,0.0,0.0,0.06,0.0,5.0,8.0,6.0,3.0,11.0,4.0,2.0,9.0,7.0,10.0,1.0,12.0
2021-03-12,실적,0.0,0.0,1.0,11,현금,,,2,0,0,False,0.1807,0.0909,해당없음,0.0,0.0,0.0,0.0,0.0,0.0,0.0,0.0,0.0,0.0,0.0,0.0,5.0,8.0,6.0,3.0,11.0,4.0,2.0,9.0,7.0,10.0,1.0,12.0
2021-03-15,실적,0.0,0.0,1.0,11,현금,,,2,0,0,False,0.1829,0.0909,해당없음,0.0,0.0,0.0,0.0,0.0,0.0,0.0,0.0,0.0,0.0,0.0,0.0,5.0,8.0,6.0,3.0,12.0,4.0,2.0,9.0,7.0,10.0,1.0,11.0
2021-03-16,실적,0.0,0.0,1.0,11,현금,,,2,0,0,False,0.1807,0.0909,해당없음,0.0,0.0,0.0,0.0,0.0,0.0,0.0,0.0,0.0,0.0,0.0,0.0,5.0,8.0,6.0,3.0,12.0,4.0,2.0,9.0,7.0,10.0,1.0,11.0
2021-03-17,실적,0.0,0.0,1.0,11,현금,,,2,0,0,False,0.1797,0.0909,해당없음,0.0,0.0,0.0,0.0,0.0,0.0,0.0,0.0,0.0,0.0,0.0,0.0,5.0,8.0,6.0,3.0,12.0,4.0,2.0,9.0,7.0,10.0,1.0,11.0
2021-03-18,실적,0.0,0.0,1.0,11,현금,,,2,1,0,False,0.171,0.0909,해당없음,0.0,0.0,0.0,0.0,0.0,0.0,0.0,0.0,0.0,0.0,0.0,0.0,5.0,8.0,6.0,3.0,12.0,4.0,2.0,9.0,7.0,10.0,1.0,11.0
2021-03-19,실적,0.6,0.8,0.2,11,폴백,,,2,1,0,False,0.158,0.0909,해당없음,0.0,0.54,0.0,0.0,0.2,0.0,0.0,0.0,0.0,0.0,0.06,0.0,5.0,8.0,6.0,3.0,12.0,4.0,2.0,9.0,7.0,10.0,1.0,11.0
2021-03-22,실적,0.6,0.8,0.2,11,폴백,,,2,1,0,False,0.1461,0.0909,해당없음,0.0,0.54,0.0,0.0,0.2,0.0,0.0,0.0,0.0,0.0,0.06,0.0,5.0,8.0,6.0,3.0,12.0,4.0,2.0,9.0,7.0,10.0,1.0,11.0
2021-03-23,실적,0.6,0.8,0.2,11,폴백,,,2,1,0,False,0.1245,0.0909,해당없음,0.0,0.54,0.0,0.0,0.2,0.0,0.0,0.0,0.0,0.0,0.06,0.0,5.0,8.0,6.0,3.0,12.0,4.0,2.0,9.0,7.0,10.0,1.0,11.0
2021-03-24,실적,0.6,0.8,0.2,11,폴백,,,2,1,0,False,0.1115,0.0909,해당없음,0.0,0.54,0.0,0.0,0.2,0.0,0.0,0.0,0.0,0.0,0.06,0.0,5.0,8.0,6.0,3.0,12.0,4.0,2.0,9.0,7.0,10.0,1.0,11.0
2021-03-25,실적,0.6,0.8,0.2,11,폴백,,,2,1,0,False,0.0963,0.0909,해당없음,0.0,0.54,0.0,0.0,0.2,0.0,0.0,0.0,0.0,0.0,0.06,0.0,6.0,9.0,5.0,3.0,12.0,4.0,2.0,8.0,7.0,10.0,1.0,11.0
2021-03-26,실적,0.28,0.2838,0.7162,11,폴백,,,2,1,0,False,0.0768,0.0909,해당없음,0.0,0.2554,0.0,0.0,0.0,0.0,0.0,0.0,0.0,0.0,0.0284,0.0,6.0,9.0,5.0,3.0,12.0,4.0,2.0,8.0,7.0,10.0,1.0,11.0
2021-03-29,실적,0.32,0.3215,0.6785,11,폴백,,,2,1,0,False,0.0617,0.0909,해당없음,0.0,0.2894,0.0,0.0,0.0,0.0,0.0,0.0,0.0,0.0,0.0322,0.0,6.0,9.0,5.0,3.0,12.0,4.0,2.0,8.0,7.0,10.0,1.0,11.0
2021-03-30,실적,0.0,0.0,1.0,11,현금,,,2,1,0,False,0.0487,0.0909,해당없음,0.0,0.0,0.0,0.0,0.0,0.0,0.0,0.0,0.0,0.0,0.0,0.0,7.0,10.0,5.0,3.0,12.0,4.0,2.0,8.0,6.0,9.0,1.0,11.0
2021-03-31,실적,0.0,0.0,1.0,11,현금,,,2,1,0,False,0.0357,0.0909,해당없음,0.0,0.0,0.0,0.0,0.0,0.0,0.0,0.0,0.0,0.0,0.0,0.0,8.0,10.0,5.0,3.0,12.0,4.0,2.0,7.0,6.0,9.0,1.0,11.0
2021-04-01,실적,0.0,0.0,1.0,11,현금,,,2,1,0,False,0.0119,0.0909,해당없음,0.0,0.0,0.0,0.0,0.0,0.0,0.0,0.0,0.0,0.0,0.0,0.0,8.0,10.0,5.0,3.0,12.0,4.0,2.0,7.0,6.0,9.0,1.0,11.0
2021-04-05,실적,0.0,0.0,1.0,11,현금,,,2,1,0,False,0.0141,0.0909,해당없음,0.0,0.0,0.0,0.0,0.0,0.0,0.0,0.0,0.0,0.0,0.0,0.0,8.0,11.0,5.0,4.0,12.0,3.0,1.0,7.0,6.0,10.0,2.0,9.0
2021-04-06,실적,0.0,0.0,1.0,11,현금,,,2,1,0,False,0.0357,0.0909,해당없음,0.0,0.0,0.0,0.0,0.0,0.0,0.0,0.0,0.0,0.0,0.0,0.0,8.0,10.0,6.0,4.0,12.0,3.0,1.0,7.0,5.0,11.0,2.0,9.0
2021-04-07,실적,0.0,0.0,1.0,11,현금,,,2,1,0,False,0.0617,0.0909,해당없음,0.0,0.0,0.0,0.0,0.0,0.0,0.0,0.0,0.0,0.0,0.0,0.0,8.0,10.0,6.0,4.0,12.0,3.0,1.0,7.0,5.0,11.0,2.0,9.0
2021-04-08,실적,0.0,0.0,1.0,11,현금,,,2,2,0,False,0.066,0.0909,미달,0.0,0.0,0.0,0.0,0.0,0.0,0.0,0.0,0.0,0.0,0.0,0.0,8.0,10.0,6.0,4.0,12.0,3.0,1.0,7.0,5.0,11.0,2.0,9.0
2021-04-09,실적,0.0,0.0,1.0,11,현금,,,2,2,0,False,0.0671,0.0909,미달,0.0,0.0,0.0,0.0,0.0,0.0,0.0,0.0,0.0,0.0,0.0,0.0,8.0,10.0,7.0,5.0,12.0,3.0,1.0,6.0,4.0,11.0,2.0,9.0
2021-04-12,실적,0.0,0.0,1.0,11,현금,,,2,2,0,False,0.0833,0.0909,미달,0.0,0.0,0.0,0.0,0.0,0.0,0.0,0.0,0.0,0.0,0.0,0.0,8.0,10.0,7.0,6.0,12.0,3.0,1.0,5.0,4.0,11.0,2.0,9.0
2021-04-13,실적,0.0,0.0,1.0,11,현금,,,2,2,0,False,0.0898,0.0909,미달,0.0,0.0,0.0,0.0,0.0,0.0,0.0,0.0,0.0,0.0,0.0,0.0,8.0,10.0,6.0,7.0,12.0,3.0,1.0,5.0,4.0,11.0,2.0,9.0
2021-04-14,실적,0.0,0.0,1.0,11,현금,XLE,,2,2,0,False,0.1028,0.0909,통과,0.0,0.0,0.0,0.0,0.0,0.0,0.0,0.0,0.0,0.0,0.0,0.0,9.0,10.0,6.0,7.0,12.0,3.0,1.0,4.0,5.0,11.0,2.0,8.0
2021-04-15,실적,0.0,0.0,1.0,11,현금,XLE,,2,2,0,False,0.1201,0.0909,통과,0.0,0.0,0.0,0.0,0.0,0.0,0.0,0.0,0.0,0.0,0.0,0.0,9.0,10.0,6.0,7.0,12.0,3.0,1.0,4.0,5.0,11.0,2.0,8.0
2021-04-16,실적,0.0,0.0,1.0,11,현금,XLE,,2,2,0,False,0.1385,0.0909,통과,0.0,0.0,0.0,0.0,0.0,0.0,0.0,0.0,0.0,0.0,0.0,0.0,9.0,10.0,6.0,7.0,12.0,3.0,1.0,5.0,4.0,11.0,2.0,8.0
2021-04-19,실적,0.0,0.0,1.0,11,현금,XLE,,2,2,0,False,0.1342,0.0909,통과,0.0,0.0,0.0,0.0,0.0,0.0,0.0,0.0,0.0,0.0,0.0,0.0,9.0,10.0,6.0,7.0,12.0,3.0,1.0,5.0,4.0,11.0,2.0,8.0
2021-04-20,실적,0.0,0.0,1.0,11,현금,XLE,,2,2,0,False,0.1212,0.0909,통과,0.0,0.0,0.0,0.0,0.0,0.0,0.0,0.0,0.0,0.0,0.0,0.0,9.0,10.0,6.0,7.0,12.0,3.0,1.0,5.0,4.0,11.0,2.0,8.0
2021-04-21,실적,0.0,0.0,1.0,11,현금,XLE,,2,2,0,False,0.1093,0.0909,통과,0.0,0.0,0.0,0.0,0.0,0.0,0.0,0.0,0.0,0.0,0.0,0.0,9.0,10.0,6.0,8.0,12.0,3.0,1.0,5.0,4.0,11.0,2.0,7.0
2021-04-22,실적,0.0,0.0,1.0,11,현금,XLE,,2,2,0,False,0.0855,0.0909,미달,0.0,0.0,0.0,0.0,0.0,0.0,0.0,0.0,0.0,0.0,0.0,0.0,9.0,10.0,6.0,8.0,12.0,3.0,1.0,5.0,4.0,11.0,2.0,7.0
2021-04-23,실적,0.0,0.0,1.0,11,현금,XLE,,2,2,0,False,0.0812,0.0909,미달,0.0,0.0,0.0,0.0,0.0,0.0,0.0,0.0,0.0,0.0,0.0,0.0,8.0,10.0,6.0,9.0,12.0,3.0,1.0,5.0,4.0,11.0,2.0,7.0
2021-04-26,실적,0.0,0.0,1.0,11,현금,XLE,,2,1,0,True,0.0768,0.0909,해당없음,0.0,0.0,0.0,0.0,0.0,0.0,0.0,0.0,0.0,0.0,0.0,0.0,7.0,10.0,6.0,9.0,12.0,3.0,1.0,5.0,4.0,11.0,2.0,8.0
2021-04-27,실적,0.0,0.0,1.0,11,현금,XLE,,2,1,0,True,0.079,0.0909,해당없음,0.0,0.0,0.0,0.0,0.0,0.0,0.0,0.0,0.0,0.0,0.0,0.0,7.0,10.0,6.0,9.0,12.0,3.0,1.0,5.0,4.0,11.0,2.0,8.0
2021-04-28,실적,0.0,0.0,1.0,11,현금,XLE,,2,1,0,True,0.0725,0.0909,해당없음,0.0,0.0,0.0,0.0,0.0,0.0,0.0,0.0,0.0,0.0,0.0,0.0,7.0,10.0,6.0,9.0,11.0,3.0,1.0,5.0,4.0,12.0,2.0,8.0
2021-04-29,실적,0.0,0.0,1.0,11,현금,XLE,,2,1,0,True,0.0649,0.0909,해당없음,0.0,0.0,0.0,0.0,0.0,0.0,0.0,0.0,0.0,0.0,0.0,0.0,7.0,10.0,6.0,9.0,11.0,3.0,1.0,4.0,5.0,12.0,2.0,8.0
2021-04-30,실적,0.0,0.0,1.0,11,현금,XLE,,2,1,0,True,0.0541,0.0909,해당없음,0.0,0.0,0.0,0.0,0.0,0.0,0.0,0.0,0.0,0.0,0.0,0.0,7.0,10.0,6.0,9.0,11.0,3.0,1.0,4.0,5.0,12.0,2.0,8.0
2021-05-03,실적,0.0,0.0,1.0,11,현금,XLE,,2,1,0,True,0.0455,0.0909,해당없음,0.0,0.0,0.0,0.0,0.0,0.0,0.0,0.0,0.0,0.0,0.0,0.0,7.0,10.0,6.0,9.0,11.0,3.0,1.0,4.0,5.0,12.0,2.0,8.0
2021-05-04,실적,0.0,0.0,1.0,11,현금,XLE,,2,1,0,True,0.0346,0.0909,해당없음,0.0,0.0,0.0,0.0,0.0,0.0,0.0,0.0,0.0,0.0,0.0,0.0,7.0,10.0,6.0,9.0,11.0,3.0,1.0,4.0,5.0,12.0,2.0,8.0
2021-05-05,실적,0.55,0.55,0.45,11,리더,XLE,,2,1,0,True,0.0292,0.0909,해당없음,0.0,0.495,0.0,0.0,0.0,0.0,0.055,0.0,0.0,0.0,0.0,0.0,7.0,10.0,6.0,9.0,11.0,3.0,1.0,4.0,5.0,12.0,2.0,8.0
2021-05-06,실적,0.55,0.55,0.45,11,리더,XLE,,2,1,0,True,0.0101,0.0909,해당없음,0.0,0.495,0.0,0.0,0.0,0.0,0.055,0.0,0.0,0.0,0.0,0.0,6.0,10.0,7.0,9.0,11.0,2.0,1.0,4.0,5.0,12.0,3.0,8.0
2021-05-07,실적,0.55,0.55,0.45,11,리더,XLE,,2,0,0,False,0.004,0.0909,해당없음,0.0,0.495,0.0,0.0,0.0,0.055,0.0,0.0,0.0,0.0,0.0,0.0,6.0,10.0,7.0,9.0,11.0,1.0,2.0,4.0,5.0,12.0,3.0,8.0
2021-05-10,실적,0.55,0.55,0.45,11,리더,XLE,,2,0,0,False,0.0191,0.0909,해당없음,0.0,0.495,0.0,0.0,0.0,0.055,0.0,0.0,0.0,0.0,0.0,0.0,6.0,10.0,7.0,9.0,11.0,1.0,2.0,4.0,5.0,12.0,3.0,8.0
2021-05-11,실적,0.55,0.55,0.45,11,리더,XLE,,2,0,0,False,0.0429,0.0909,해당없음,0.0,0.495,0.0,0.0,0.0,0.055,0.0,0.0,0.0,0.0,0.0,0.0,6.0,10.0,7.0,8.0,11.0,1.0,2.0,3.0,5.0,12.0,4.0,9.0
2021-05-12,실적,0.55,0.55,0.45,11,리더,XLE,,2,0,0,False,0.0565,0.0909,해당없음,0.0,0.495,0.0,0.0,0.0,0.055,0.0,0.0,0.0,0.0,0.0,0.0,6.0,10.0,7.0,8.0,11.0,1.0,2.0,3.0,5.0,12.0,4.0,9.0
2021-05-13,실적,0.55,0.55,0.45,11,폴백,,,2,0,0,False,0.0741,0.0909,해당없음,0.0,0.495,0.0,0.0,0.0,0.055,0.0,0.0,0.0,0.0,0.0,0.0,6.0,10.0,7.0,8.0,11.0,1.0,3.0,2.0,5.0,12.0,4.0,9.0
2021-05-14,실적,0.55,0.55,0.45,11,폴백,,,2,0,0,False,0.0645,0.0909,해당없음,0.0,0.495,0.0,0.0,0.0,0.055,0.0,0.0,0.0,0.0,0.0,0.0,6.0,10.0,7.0,8.0,11.0,1.0,3.0,2.0,5.0,12.0,4.0,9.0
2021-05-17,실적,0.55,0.55,0.45,11,폴백,,,2,0,0,False,0.059,0.0909,해당없음,0.0,0.495,0.0,0.0,0.0,0.055,0.0,0.0,0.0,0.0,0.0,0.0,6.0,10.0,7.0,8.0,11.0,1.0,3.0,2.0,5.0,12.0,4.0,9.0
2021-05-18,실적,0.55,0.55,0.45,11,폴백,,,2,0,0,False,0.0542,0.0909,해당없음,0.0,0.495,0.0,0.0,0.0,0.055,0.0,0.0,0.0,0.0,0.0,0.0,6.0,10.0,7.0,8.0,11.0,1.0,3.0,2.0,5.0,12.0,4.0,9.0
2021-05-19,실적,0.55,0.55,0.45,11,폴백,,,2,0,0,False,0.0575,0.0909,해당없음,0.0,0.495,0.0,0.0,0.0,0.055,0.0,0.0,0.0,0.0,0.0,0.0,6.0,10.0,7.0,8.0,11.0,1.0,3.0,2.0,5.0,12.0,4.0,9.0
2021-05-20,실적,0.55,0.55,0.45,11,폴백,,,2,0,0,False,0.0602,0.0909,해당없음,0.0,0.495,0.0,0.0,0.0,0.055,0.0,0.0,0.0,0.0,0.0,0.0,6.0,10.0,7.0,8.0,12.0,1.0,3.0,2.0,5.0,11.0,4.0,9.0
2021-05-21,실적,0.55,0.55,0.45,11,폴백,,,2,0,0,False,0.063,0.0909,해당없음,0.0,0.495,0.0,0.0,0.0,0.055,0.0,0.0,0.0,0.0,0.0,0.0,6.0,10.0,7.0,8.0,12.0,1.0,3.0,2.0,5.0,11.0,4.0,9.0
2021-05-24,실적,0.55,0.55,0.45,11,폴백,,,2,0,0,False,0.0572,0.0909,해당없음,0.0,0.495,0.0,0.0,0.0,0.055,0.0,0.0,0.0,0.0,0.0,0.0,6.0,10.0,7.0,8.0,12.0,1.0,3.0,2.0,5.0,11.0,4.0,9.0
2021-05-25,실적,0.55,0.55,0.45,11,폴백,,,2,0,0,False,0.0574,0.0909,해당없음,0.0,0.495,0.0,0.0,0.0,0.055,0.0,0.0,0.0,0.0,0.0,0.0,6.0,10.0,7.0,8.0,12.0,1.0,3.0,2.0,5.0,11.0,4.0,9.0
2021-05-26,실적,0.55,0.55,0.45,11,폴백,,,2,0,0,False,0.0564,0.0909,해당없음,0.0,0.495,0.0,0.0,0.0,0.055,0.0,0.0,0.0,0.0,0.0,0.0,6.0,10.0,7.0,8.0,12.0,1.0,4.0,2.0,5.0,11.0,3.0,9.0
2021-05-27,실적,0.55,0.55,0.45,11,폴백,,,2,0,0,False,0.064,0.0909,해당없음,0.0,0.495,0.0,0.0,0.0,0.055,0.0,0.0,0.0,0.0,0.0,0.0,6.0,10.0,7.0,8.0,12.0,1.0,4.0,2.0,5.0,11.0,3.0,9.0
2021-05-28,실적,0.55,0.55,0.45,11,폴백,,,2,1,0,False,0.0737,0.0909,해당없음,0.0,0.495,0.0,0.0,0.0,0.055,0.0,0.0,0.0,0.0,0.0,0.0,6.0,10.0,7.0,8.0,12.0,1.0,4.0,2.0,5.0,11.0,3.0,9.0
2021-06-01,실적,0.55,0.55,0.45,11,폴백,,,2,1,0,False,0.0718,0.0909,해당없음,0.0,0.495,0.0,0.0,0.0,0.055,0.0,0.0,0.0,0.0,0.0,0.0,6.0,10.0,7.0,8.0,12.0,1.0,4.0,2.0,5.0,11.0,3.0,9.0
2021-06-02,실적,0.55,0.55,0.45,11,폴백,,,2,1,0,False,0.0699,0.0909,해당없음,0.0,0.495,0.0,0.0,0.0,0.055,0.0,0.0,0.0,0.0,0.0,0.0,6.0,10.0,7.0,8.0,12.0,1.0,4.0,2.0,5.0,11.0,3.0,9.0
2021-06-03,실적,0.55,0.55,0.45,11,폴백,,,2,1,0,False,0.0669,0.0909,해당없음,0.0,0.495,0.0,0.0,0.0,0.055,0.0,0.0,0.0,0.0,0.0,0.0,6.0,10.0,7.0,8.0,12.0,1.0,4.0,2.0,5.0,11.0,3.0,9.0
2021-06-04,실적,0.55,0.55,0.45,11,폴백,,,2,1,0,False,0.0643,0.0909,해당없음,0.0,0.495,0.0,0.0,0.0,0.055,0.0,0.0,0.0,0.0,0.0,0.0,6.0,10.0,7.0,8.0,12.0,1.0,4.0,2.0,5.0,11.0,3.0,9.0
2021-06-07,실적,0.55,0.55,0.45,11,폴백,,,2,1,0,False,0.057,0.0909,해당없음,0.0,0.495,0.0,0.0,0.0,0.055,0.0,0.0,0.0,0.0,0.0,0.0,6.0,10.0,7.0,8.0,12.0,1.0,4.0,2.0,5.0,11.0,3.0,9.0
2021-06-08,실적,0.55,0.55,0.45,11,폴백,,,2,1,0,False,0.054,0.0909,해당없음,0.0,0.495,0.0,0.0,0.0,0.055,0.0,0.0,0.0,0.0,0.0,0.0,6.0,9.0,7.0,8.0,12.0,1.0,4.0,2.0,5.0,11.0,3.0,10.0
2021-06-09,실적,0.55,0.55,0.45,11,폴백,,,2,1,0,False,0.0504,0.0909,해당없음,0.0,0.495,0.0,0.0,0.0,0.055,0.0,0.0,0.0,0.0,0.0,0.0,6.0,9.0,7.0,8.0,12.0,1.0,5.0,2.0,4.0,11.0,3.0,10.0
2021-06-10,실적,0.55,0.55,0.45,11,폴백,,,2,1,0,False,0.0424,0.0909,해당없음,0.0,0.495,0.0,0.0,0.0,0.055,0.0,0.0,0.0,0.0,0.0,0.0,6.0,9.0,7.0,8.0,12.0,1.0,5.0,2.0,4.0,10.0,3.0,11.0
2021-06-11,실적,0.55,0.55,0.45,11,폴백,,,2,1,0,False,0.0368,0.0909,해당없음,0.0,0.495,0.0,0.0,0.0,0.055,0.0,0.0,0.0,0.0,0.0,0.0,6.0,8.0,7.0,9.0,12.0,1.0,5.0,2.0,3.0,10.0,4.0,11.0
2021-06-14,실적,0.55,0.55,0.45,11,폴백,,,2,1,0,False,0.0242,0.0909,해당없음,0.0,0.495,0.0,0.0,0.0,0.055,0.0,0.0,0.0,0.0,0.0,0.0,6.0,8.0,7.0,9.0,12.0,1.0,5.0,2.0,3.0,10.0,4.0,11.0
2021-06-15,실적,0.55,0.55,0.45,11,폴백,,,2,1,0,False,0.0179,0.0909,해당없음,0.0,0.495,0.0,0.0,0.0,0.055,0.0,0.0,0.0,0.0,0.0,0.0,6.0,8.0,7.0,9.0,12.0,1.0,4.0,2.0,3.0,10.0,5.0,11.0
2021-06-16,실적,0.55,0.55,0.45,11,폴백,,,2,1,0,False,0.009,0.0909,해당없음,0.0,0.495,0.0,0.0,0.0,0.055,0.0,0.0,0.0,0.0,0.0,0.0,6.0,8.0,7.0,10.0,12.0,1.0,4.0,2.0,3.0,9.0,5.0,11.0
2021-06-17,실적,0.55,0.55,0.45,11,폴백,,,2,1,0,False,0.0043,0.0909,해당없음,0.0,0.495,0.0,0.0,0.0,0.055,0.0,0.0,0.0,0.0,0.0,0.0,6.0,8.0,7.0,10.0,12.0,1.0,4.0,2.0,3.0,9.0,5.0,11.0
2021-06-18,실적,0.63,0.6293,0.3707,11,폴백,,,2,0,0,False,0.0041,0.0909,해당없음,0.0,0.5664,0.0,0.0,0.0,0.0,0.0,0.0629,0.0,0.0,0.0,0.0,6.0,9.0,7.0,10.0,12.0,2.0,4.0,1.0,3.0,8.0,5.0,11.0
2021-06-21,실적,0.53,0.531,0.469,11,폴백,,,2,0,0,False,0.0037,0.0909,해당없음,0.0,0.4779,0.0,0.0,0.0,0.0,0.0,0.0531,0.0,0.0,0.0,0.0,6.0,9.0,7.0,10.0,11.0,3.0,4.0,1.0,2.0,8.0,5.0,12.0
2021-06-22,실적,0.56,0.5608,0.4392,11,폴백,,,2,0,0,False,0.0005,0.0909,해당없음,0.0,0.5047,0.0,0.0,0.0,0.0,0.0,0.0561,0.0,0.0,0.0,0.0,6.0,9.0,7.0,10.0,11.0,3.0,4.0,1.0,2.0,8.0,5.0,12.0
2021-06-23,실적,0.56,0.5631,0.4369,11,폴백,,,2,0,0,False,0.0022,0.0909,해당없음,0.0,0.5068,0.0,0.0,0.0,0.0,0.0,0.0,0.0563,0.0,0.0,0.0,6.0,9.0,7.0,10.0,11.0,3.0,4.0,2.0,1.0,8.0,5.0,12.0
2021-06-24,실적,0.55,0.5515,0.4485,11,폴백,,,2,0,0,False,0.0037,0.0909,해당없음,0.0,0.4964,0.0,0.0,0.0,0.0,0.0,0.0,0.0552,0.0,0.0,0.0,6.0,9.0,7.0,10.0,11.0,3.0,4.0,2.0,1.0,8.0,5.0,12.0
2021-06-25,실적,0.0,0.0,1.0,11,현금,,,2,0,0,False,0.0042,0.0909,해당없음,0.0,0.0,0.0,0.0,0.0,0.0,0.0,0.0,0.0,0.0,0.0,0.0,6.0,9.0,8.0,10.0,11.0,3.0,4.0,2.0,1.0,7.0,5.0,12.0
2021-06-28,실적,0.0,0.0,1.0,11,현금,,,2,0,0,False,0.0053,0.0909,해당없음,0.0,0.0,0.0,0.0,0.0,0.0,0.0,0.0,0.0,0.0,0.0,0.0,6.0,9.0,8.0,10.0,11.0,4.0,3.0,2.0,1.0,7.0,5.0,12.0
2021-06-29,실적,0.0,0.0,1.0,11,현금,,,2,0,0,False,0.0053,0.0909,해당없음,0.0,0.0,0.0,0.0,0.0,0.0,0.0,0.0,0.0,0.0,0.0,0.0,6.0,9.0,8.0,10.0,11.0,4.0,3.0,2.0,1.0,7.0,5.0,12.0
2021-06-30,실적,0.0,0.0,1.0,11,현금,,,2,0,0,False,0.0053,0.0909,해당없음,0.0,0.0,0.0,0.0,0.0,0.0,0.0,0.0,0.0,0.0,0.0,0.0,6.0,9.0,8.0,10.0,11.0,4.0,3.0,2.0,1.0,7.0,5.0,12.0
2021-07-01,실적,0.0,0.0,1.0,11,현금,,,2,0,0,False,0.0028,0.0909,해당없음,0.0,0.0,0.0,0.0,0.0,0.0,0.0,0.0,0.0,0.0,0.0,0.0,6.0,9.0,8.0,10.0,12.0,4.0,2.0,3.0,1.0,7.0,5.0,11.0
2021-07-02,실적,0.0,0.0,1.0,11,현금,,,2,1,0,False,0.0146,0.0909,해당없음,0.0,0.0,0.0,0.0,0.0,0.0,0.0,0.0,0.0,0.0,0.0,0.0,6.0,9.0,8.0,11.0,12.0,4.0,1.0,2.0,3.0,7.0,5.0,10.0
2021-07-06,실적,0.0,0.0,1.0,11,현금,,,2,1,0,False,0.0267,0.0909,해당없음,0.0,0.0,0.0,0.0,0.0,0.0,0.0,0.0,0.0,0.0,0.0,0.0,6.0,10.0,8.0,11.0,12.0,4.0,1.0,2.0,3.0,7.0,5.0,9.0
2021-07-07,실적,0.0,0.0,1.0,11,현금,,,2,1,0,False,0.0423,0.0909,해당없음,0.0,0.0,0.0,0.0,0.0,0.0,0.0,0.0,0.0,0.0,0.0,0.0,6.0,10.0,8.0,12.0,11.0,3.0,1.0,2.0,4.0,7.0,5.0,9.0
2021-07-08,실적,0.0,0.0,1.0,11,현금,,,2,1,0,False,0.0523,0.0909,해당없음,0.0,0.0,0.0,0.0,0.0,0.0,0.0,0.0,0.0,0.0,0.0,0.0,6.0,10.0,8.0,12.0,11.0,2.0,1.0,3.0,4.0,7.0,5.0,9.0
2021-07-09,실적,0.0,0.0,1.0,11,현금,,,2,1,0,False,0.058,0.0909,해당없음,0.0,0.0,0.0,0.0,0.0,0.0,0.0,0.0,0.0,0.0,0.0,0.0,6.0,10.0,9.0,12.0,11.0,2.0,1.0,3.0,4.0,7.0,5.0,8.0
2021-07-12,실적,0.0,0.0,1.0,11,현금,,,2,1,0,False,0.0702,0.0909,해당없음,0.0,0.0,0.0,0.0,0.0,0.0,0.0,0.0,0.0,0.0,0.0,0.0,6.0,10.0,9.0,12.0,11.0,2.0,1.0,3.0,4.0,7.0,5.0,8.0
2021-07-13,실적,0.0,0.0,1.0,11,현금,,,2,1,0,False,0.0744,0.0909,해당없음,0.0,0.0,0.0,0.0,0.0,0.0,0.0,0.0,0.0,0.0,0.0,0.0,6.0,10.0,9.0,12.0,11.0,2.0,1.0,3.0,4.0,7.0,5.0,8.0
2021-07-14,실적,0.0,0.0,1.0,11,현금,,,2,1,0,False,0.0822,0.0909,해당없음,0.0,0.0,0.0,0.0,0.0,0.0,0.0,0.0,0.0,0.0,0.0,0.0,6.0,10.0,9.0,12.0,11.0,2.0,1.0,3.0,4.0,7.0,5.0,8.0
2021-07-15,실적,0.0,0.0,1.0,11,현금,,,2,1,0,False,0.0902,0.0909,해당없음,0.0,0.0,0.0,0.0,0.0,0.0,0.0,0.0,0.0,0.0,0.0,0.0,6.0,10.0,9.0,12.0,11.0,2.0,1.0,3.0,4.0,8.0,5.0,7.0
2021-07-16,실적,0.0,0.0,1.0,11,현금,,,2,1,0,False,0.0913,0.0909,해당없음,0.0,0.0,0.0,0.0,0.0,0.0,0.0,0.0,0.0,0.0,0.0,0.0,6.0,10.0,9.0,12.0,11.0,2.0,1.0,3.0,4.0,8.0,5.0,7.0
2021-07-19,실적,0.0,0.0,1.0,11,현금,,,2,1,0,False,0.0922,0.0909,해당없음,0.0,0.0,0.0,0.0,0.0,0.0,0.0,0.0,0.0,0.0,0.0,0.0,6.0,10.0,9.0,12.0,11.0,2.0,1.0,3.0,4.0,8.0,5.0,7.0
2021-07-20,실적,0.79,0.8929,0.1071,11,폴백,,,2,1,0,False,0.0931,0.0909,해당없음,0.0,0.7072,0.0,0.0,0.1071,0.0,0.0786,0.0,0.0,0.0,0.0,0.0,7.0,10.0,9.0,12.0,11.0,2.0,1.0,3.0,4.0,8.0,5.0,6.0
2021-07-21,실적,0.77,0.8863,0.1137,11,폴백,,,2,1,0,False,0.0931,0.0909,해당없음,0.0,0.6953,0.0,0.0,0.1137,0.0,0.0773,0.0,0.0,0.0,0.0,0.0,7.0,10.0,9.0,12.0,11.0,2.0,1.0,3.0,4.0,8.0,5.0,6.0
2021-07-22,실적,0.78,0.8877,0.1123,11,폴백,,,2,1,0,False,0.0986,0.0909,해당없음,0.0,0.6979,0.0,0.0,0.1123,0.0,0.0775,0.0,0.0,0.0,0.0,0.0,7.0,10.0,9.0,12.0,11.0,2.0,1.0,3.0,4.0,8.0,6.0,5.0
2021-07-23,실적,0.44,0.443,0.557,11,폴백,,,2,1,0,False,0.1018,0.0909,해당없음,0.0,0.3987,0.0,0.0,0.0,0.0,0.0443,0.0,0.0,0.0,0.0,0.0,7.0,10.0,9.0,12.0,11.0,2.0,1.0,3.0,5.0,8.0,6.0,4.0
2021-07-26,실적,0.0,0.0,1.0,11,현금,,,2,1,0,False,0.1073,0.0909,해당없음,0.0,0.0,0.0,0.0,0.0,0.0,0.0,0.0,0.0,0.0,0.0,0.0,7.0,10.0,9.0,12.0,11.0,2.0,1.0,3.0,5.0,8.0,6.0,4.0
2021-07-27,실적,0.0,0.0,1.0,11,현금,,,2,1,0,False,0.1103,0.0909,해당없음,0.0,0.0,0.0,0.0,0.0,0.0,0.0,0.0,0.0,0.0,0.0,0.0,7.0,10.0,9.0,12.0,11.0,2.0,1.0,3.0,5.0,8.0,6.0,4.0
2021-07-28,실적,0.0,0.0,1.0,11,현금,,,2,1,0,False,0.1158,0.0909,해당없음,0.0,0.0,0.0,0.0,0.0,0.0,0.0,0.0,0.0,0.0,0.0,0.0,7.0,10.0,9.0,12.0,11.0,2.0,1.0,3.0,5.0,8.0,6.0,4.0
2021-07-29,실적,0.0,0.0,1.0,11,현금,,,2,1,0,False,0.1236,0.0909,해당없음,0.0,0.0,0.0,0.0,0.0,0.0,0.0,0.0,0.0,0.0,0.0,0.0,7.0,10.0,9.0,12.0,11.0,2.0,1.0,3.0,5.0,8.0,6.0,4.0
2021-07-30,실적,0.0,0.0,1.0,11,현금,,,2,1,0,False,0.1312,0.0909,해당없음,0.0,0.0,0.0,0.0,0.0,0.0,0.0,0.0,0.0,0.0,0.0,0.0,8.0,10.0,9.0,12.0,11.0,2.0,1.0,3.0,5.0,7.0,6.0,4.0
2021-08-02,실적,0.0,0.0,1.0,11,현금,,,2,1,0,False,0.1474,0.0909,해당없음,0.0,0.0,0.0,0.0,0.0,0.0,0.0,0.0,0.0,0.0,0.0,0.0,7.0,10.0,9.0,12.0,11.0,2.0,1.0,3.0,5.0,8.0,6.0,4.0
2021-08-03,실적,0.0,0.0,1.0,11,현금,,,2,1,0,False,0.1636,0.0909,해당없음,0.0,0.0,0.0,0.0,0.0,0.0,0.0,0.0,0.0,0.0,0.0,0.0,7.0,10.0,9.0,12.0,11.0,2.0,1.0,3.0,5.0,8.0,6.0,4.0
2021-08-04,실적,0.0,0.0,1.0,11,현금,,,2,1,0,False,0.1732,0.0909,해당없음,0.0,0.0,0.0,0.0,0.0,0.0,0.0,0.0,0.0,0.0,0.0,0.0,7.0,10.0,9.0,12.0,11.0,2.0,1.0,3.0,5.0,8.0,6.0,4.0
2021-08-05,실적,0.0,0.0,1.0,11,현금,,,2,1,0,False,0.1792,0.0909,해당없음,0.0,0.0,0.0,0.0,0.0,0.0,0.0,0.0,0.0,0.0,0.0,0.0,7.0,10.0,9.0,12.0,11.0,2.0,1.0,3.0,5.0,8.0,6.0,4.0
2021-08-06,실적,0.0,0.0,1.0,11,현금,,,2,1,0,False,0.1805,0.0909,해당없음,0.0,0.0,0.0,0.0,0.0,0.0,0.0,0.0,0.0,0.0,0.0,0.0,7.0,10.0,9.0,12.0,11.0,2.0,1.0,3.0,5.0,8.0,6.0,4.0
2021-08-09,실적,0.0,0.0,1.0,11,현금,,,2,1,0,False,0.181,0.0909,해당없음,0.0,0.0,0.0,0.0,0.0,0.0,0.0,0.0,0.0,0.0,0.0,0.0,7.0,10.0,8.0,12.0,11.0,2.0,1.0,3.0,5.0,9.0,6.0,4.0
2021-08-10,실적,0.0,0.0,1.0,11,현금,,,2,1,0,False,0.1751,0.0909,해당없음,0.0,0.0,0.0,0.0,0.0,0.0,0.0,0.0,0.0,0.0,0.0,0.0,7.0,10.0,8.0,12.0,11.0,2.0,1.0,3.0,5.0,9.0,6.0,4.0
2021-08-11,실적,0.0,0.0,1.0,11,현금,,,2,1,0,False,0.1688,0.0909,해당없음,0.0,0.0,0.0,0.0,0.0,0.0,0.0,0.0,0.0,0.0,0.0,0.0,7.0,10.0,8.0,12.0,11.0,2.0,1.0,3.0,5.0,9.0,6.0,4.0
2021-08-12,실적,0.0,0.0,1.0,11,현금,,,2,1,0,False,0.1602,0.0909,해당없음,0.0,0.0,0.0,0.0,0.0,0.0,0.0,0.0,0.0,0.0,0.0,0.0,7.0,10.0,8.0,12.0,11.0,2.0,1.0,3.0,5.0,9.0,6.0,4.0
2021-08-13,실적,0.0,0.0,1.0,11,현금,,,2,1,0,False,0.1468,0.0909,해당없음,0.0,0.0,0.0,0.0,0.0,0.0,0.0,0.0,0.0,0.0,0.0,0.0,8.0,10.0,7.0,12.0,11.0,2.0,1.0,3.0,5.0,9.0,6.0,4.0
2021-08-16,실적,0.0,0.0,1.0,11,현금,,,2,1,0,False,0.1327,0.0909,해당없음,0.0,0.0,0.0,0.0,0.0,0.0,0.0,0.0,0.0,0.0,0.0,0.0,8.0,9.0,7.0,12.0,11.0,2.0,1.0,3.0,5.0,10.0,6.0,4.0
2021-08-17,실적,0.0,0.0,1.0,11,현금,,,2,1,0,False,0.1268,0.0909,해당없음,0.0,0.0,0.0,0.0,0.0,0.0,0.0,0.0,0.0,0.0,0.0,0.0,8.0,9.0,7.0,12.0,11.0,2.0,1.0,4.0,5.0,10.0,6.0,3.0
2021-08-18,실적,0.0,0.0,1.0,11,현금,,,2,1,0,False,0.1234,0.0909,해당없음,0.0,0.0,0.0,0.0,0.0,0.0,0.0,0.0,0.0,0.0,0.0,0.0,8.0,9.0,6.0,12.0,11.0,2.0,1.0,4.0,5.0,10.0,7.0,3.0
2021-08-19,실적,0.61,0.6095,0.3905,11,폴백,,,2,1,0,False,0.1149,0.0909,해당없음,0.0,0.5486,0.0,0.0,0.0,0.0,0.061,0.0,0.0,0.0,0.0,0.0,8.0,9.0,6.0,12.0,11.0,3.0,1.0,4.0,5.0,10.0,7.0,2.0
2021-08-20,실적,0.64,0.6359,0.3641,11,폴백,,,2,1,0,False,0.0998,0.0909,해당없음,0.0,0.5723,0.0,0.0,0.0,0.0,0.0636,0.0,0.0,0.0,0.0,0.0,8.0,9.0,6.0,12.0,11.0,3.0,1.0,4.0,5.0,10.0,7.0,2.0
2021-08-23,실적,0.6,0.5954,0.4046,11,폴백,,,2,1,0,False,0.0827,0.0909,해당없음,0.0,0.5358,0.0,0.0,0.0,0.0,0.0595,0.0,0.0,0.0,0.0,0.0,8.0,9.0,6.0,12.0,11.0,3.0,1.0,4.0,5.0,10.0,7.0,2.0
2021-08-24,실적,0.61,0.6126,0.3874,11,폴백,,,2,1,0,False,0.0667,0.0909,해당없음,0.0,0.5514,0.0,0.0,0.0,0.0,0.0613,0.0,0.0,0.0,0.0,0.0,8.0,9.0,6.0,12.0,10.0,3.0,1.0,4.0,5.0,11.0,7.0,2.0
2021-08-25,실적,0.61,0.6134,0.3866,11,폴백,,,2,1,0,False,0.0517,0.0909,해당없음,0.0,0.552,0.0,0.0,0.0,0.0,0.0613,0.0,0.0,0.0,0.0,0.0,8.0,9.0,6.0,12.0,10.0,3.0,1.0,4.0,5.0,11.0,7.0,2.0
2021-08-26,실적,0.59,0.5922,0.4078,11,폴백,,,2,1,0,False,0.0396,0.0909,해당없음,0.0,0.533,0.0,0.0,0.0,0.0,0.0592,0.0,0.0,0.0,0.0,0.0,8.0,9.0,6.0,12.0,10.0,3.0,1.0,4.0,5.0,11.0,7.0,2.0
2021-08-27,실적,0.58,0.5766,0.4234,11,폴백,,,2,1,0,False,0.0303,0.0909,해당없음,0.0,0.5189,0.0,0.0,0.0,0.0,0.0577,0.0,0.0,0.0,0.0,0.0,8.0,9.0,6.0,12.0,10.0,3.0,1.0,4.0,5.0,11.0,7.0,2.0
2021-08-30,실적,0.0,0.0,1.0,11,현금,,,2,1,0,False,0.018,0.0909,해당없음,0.0,0.0,0.0,0.0,0.0,0.0,0.0,0.0,0.0,0.0,0.0,0.0,8.0,9.0,5.0,12.0,10.0,3.0,1.0,4.0,6.0,11.0,7.0,2.0
2021-08-31,실적,0.0,0.0,1.0,11,현금,,,2,1,0,False,0.008,0.0909,해당없음,0.0,0.0,0.0,0.0,0.0,0.0,0.0,0.0,0.0,0.0,0.0,0.0,8.0,9.0,5.0,12.0,10.0,3.0,1.0,4.0,6.0,11.0,7.0,2.0
2021-09-01,실적,0.0,0.0,1.0,11,현금,,,2,0,0,False,0.0165,0.0909,해당없음,0.0,0.0,0.0,0.0,0.0,0.0,0.0,0.0,0.0,0.0,0.0,0.0,8.0,9.0,4.0,12.0,10.0,3.0,2.0,5.0,6.0,11.0,7.0,1.0
2021-09-02,실적,0.0,0.0,1.0,11,현금,,,2,0,0,False,0.0342,0.0909,해당없음,0.0,0.0,0.0,0.0,0.0,0.0,0.0,0.0,0.0,0.0,0.0,0.0,8.0,9.0,4.0,12.0,10.0,3.0,2.0,5.0,6.0,11.0,7.0,1.0
2021-09-03,실적,0.0,0.0,1.0,11,현금,,,2,0,0,False,0.0543,0.0909,해당없음,0.0,0.0,0.0,0.0,0.0,0.0,0.0,0.0,0.0,0.0,0.0,0.0,8.0,9.0,4.0,12.0,10.0,3.0,2.0,5.0,6.0,11.0,7.0,1.0
2021-09-07,실적,0.0,0.0,1.0,11,현금,,,2,0,0,False,0.0725,0.0909,해당없음,0.0,0.0,0.0,0.0,0.0,0.0,0.0,0.0,0.0,0.0,0.0,0.0,8.0,9.0,4.0,12.0,10.0,2.0,3.0,5.0,6.0,11.0,7.0,1.0
2021-09-08,실적,0.62,0.6205,0.3795,11,폴백,,,2,0,0,False,0.0801,0.0909,해당없음,0.0,0.5585,0.0,0.0,0.0,0.0,0.0,0.0,0.0,0.0,0.0,0.0621,8.0,9.0,4.0,12.0,10.0,2.0,3.0,5.0,6.0,11.0,7.0,1.0
2021-09-09,실적,0.61,0.6065,0.3935,11,폴백,,,2,0,0,False,0.081,0.0909,해당없음,0.0,0.5458,0.0,0.0,0.0,0.0,0.0,0.0,0.0,0.0,0.0,0.0606,8.0,9.0,4.0,12.0,10.0,2.0,3.0,5.0,6.0,11.0,7.0,1.0
2021-09-10,실적,0.57,0.5731,0.4269,11,폴백,,,2,0,0,False,0.0842,0.0909,해당없음,0.0,0.5158,0.0,0.0,0.0,0.0,0.0,0.0,0.0,0.0,0.0,0.0573,8.0,9.0,4.0,12.0,10.0,2.0,3.0,5.0,6.0,11.0,7.0,1.0
2021-09-13,실적,0.57,0.5715,0.4285,11,폴백,,,2,0,0,False,0.0818,0.0909,해당없음,0.0,0.5144,0.0,0.0,0.0,0.0,0.0,0.0,0.0,0.0,0.0,0.0572,8.0,9.0,4.0,12.0,11.0,2.0,3.0,5.0,6.0,10.0,7.0,1.0
2021-09-14,실적,0.56,0.5607,0.4393,11,폴백,,,2,0,0,False,0.0892,0.0909,해당없음,0.0,0.5047,0.0,0.0,0.0,0.0,0.0,0.0,0.0,0.0,0.0,0.0561,8.0,9.0,4.0,12.0,11.0,2.0,3.0,5.0,6.0,10.0,7.0,1.0
2021-09-15,실적,1.0,1.0,0.0,11,폴백,,,2,0,0,False,0.0894,0.0909,해당없음,0.0,0.9,0.0,0.0,0.0,0.0,0.0,0.0,0.0,0.0,0.0,0.1,8.0,9.0,4.0,12.0,11.0,2.0,3.0,5.0,6.0,10.0,7.0,1.0
2021-09-16,실적,1.0,1.0,0.0,11,폴백,,,2,0,0,False,0.0838,0.0909,해당없음,0.0,0.9,0.0,0.0,0.0,0.0,0.0,0.0,0.0,0.0,0.0,0.1,8.0,9.0,4.0,12.0,11.0,2.0,3.0,5.0,6.0,10.0,7.0,1.0
2021-09-17,실적,1.0,1.0,0.0,11,폴백,,,2,0,0,False,0.0766,0.0909,해당없음,0.0,0.9,0.0,0.0,0.0,0.0,0.0,0.0,0.0,0.0,0.0,0.1,8.0,9.0,4.0,12.0,10.0,2.0,3.0,5.0,7.0,11.0,6.0,1.0
2021-09-20,실적,1.0,1.0,0.0,11,폴백,,,2,0,0,False,0.0742,0.0909,해당없음,0.0,0.9,0.0,0.0,0.0,0.0,0.0,0.0,0.0,0.0,0.0,0.1,7.0,9.0,4.0,12.0,10.0,2.0,3.0,5.0,8.0,11.0,6.0,1.0
2021-09-21,실적,1.0,1.0,0.0,11,폴백,,,2,0,0,False,0.0766,0.0909,해당없음,0.0,0.9,0.0,0.0,0.0,0.0,0.0,0.0,0.0,0.0,0.0,0.1,6.0,9.0,4.0,12.0,11.0,2.0,3.0,5.0,8.0,10.0,7.0,1.0
2021-09-22,실적,1.0,1.0,0.0,11,폴백,,,2,0,0,False,0.079,0.0909,해당없음,0.0,0.9,0.0,0.0,0.0,0.0,0.0,0.0,0.0,0.0,0.0,0.1,6.0,8.0,4.0,12.0,11.0,2.0,3.0,5.0,9.0,10.0,7.0,1.0
2021-09-23,실적,1.0,1.0,0.0,11,폴백,,,2,0,0,False,0.0816,0.0909,해당없음,0.0,0.9,0.0,0.0,0.0,0.0,0.0,0.0,0.0,0.0,0.0,0.1,5.0,8.0,4.0,12.0,11.0,2.0,3.0,6.0,9.0,10.0,7.0,1.0
2021-09-24,실적,1.0,1.0,0.0,11,폴백,,,2,1,0,False,0.0794,0.0909,해당없음,0.0,0.9,0.0,0.0,0.0,0.0,0.0,0.0,0.0,0.0,0.0,0.1,5.0,8.0,4.0,12.0,11.0,2.0,3.0,6.0,9.0,10.0,7.0,1.0
2021-09-27,실적,1.0,1.0,0.0,11,폴백,,,2,1,0,False,0.0751,0.0909,해당없음,0.0,0.9,0.0,0.0,0.0,0.0,0.0,0.0,0.0,0.0,0.0,0.1,5.0,8.0,4.0,12.0,11.0,2.0,3.0,7.0,9.0,10.0,6.0,1.0
2021-09-28,실적,1.0,1.0,0.0,11,폴백,,,2,1,0,False,0.0885,0.0909,해당없음,0.0,0.9,0.0,0.0,0.0,0.0,0.0,0.0,0.0,0.0,0.0,0.1,5.0,8.0,4.0,12.0,11.0,2.0,3.0,7.0,9.0,10.0,6.0,1.0
2021-09-29,실적,1.0,1.0,0.0,11,폴백,,,2,1,0,False,0.0998,0.0909,해당없음,0.0,0.9,0.0,0.0,0.0,0.0,0.0,0.0,0.0,0.0,0.0,0.1,5.0,7.0,4.0,12.0,11.0,2.0,3.0,8.0,9.0,10.0,6.0,1.0
2021-09-30,실적,1.0,1.0,0.0,11,폴백,,,2,1,0,False,0.1097,0.0909,해당없음,0.0,0.9,0.0,0.0,0.0,0.0,0.0,0.0,0.0,0.0,0.0,0.1,5.0,7.0,4.0,12.0,11.0,2.0,3.0,8.0,9.0,10.0,6.0,1.0
2021-10-01,실적,1.0,1.0,0.0,11,폴백,,,2,1,0,False,0.1054,0.0909,해당없음,0.0,0.9,0.0,0.0,0.0,0.0,0.0,0.0,0.0,0.0,0.0,0.1,5.0,7.0,4.0,12.0,11.0,2.0,3.0,8.0,9.0,10.0,6.0,1.0
2021-10-04,실적,1.0,1.0,0.0,11,폴백,,,2,1,0,False,0.1011,0.0909,해당없음,0.0,0.9,0.0,0.0,0.0,0.0,0.0,0.0,0.0,0.0,0.0,0.1,5.0,7.0,4.0,12.0,11.0,2.0,3.0,8.0,9.0,10.0,6.0,1.0
2021-10-05,실적,1.0,1.0,0.0,11,폴백,,,2,1,0,False,0.0944,0.0909,해당없음,0.0,0.9,0.0,0.0,0.0,0.0,0.0,0.0,0.0,0.0,0.0,0.1,5.0,7.0,4.0,12.0,11.0,2.0,3.0,8.0,9.0,10.0,6.0,1.0
2021-10-06,실적,1.0,1.0,0.0,11,폴백,,,2,1,0,False,0.09,0.0909,해당없음,0.0,0.9,0.0,0.0,0.0,0.0,0.0,0.0,0.0,0.0,0.0,0.1,5.0,7.0,4.0,12.0,11.0,2.0,3.0,8.0,9.0,10.0,6.0,1.0
2021-10-07,실적,1.0,1.0,0.0,11,폴백,,,2,1,0,False,0.0877,0.0909,해당없음,0.0,0.9,0.0,0.0,0.0,0.0,0.0,0.0,0.0,0.0,0.0,0.1,5.0,7.0,4.0,12.0,11.0,2.0,3.0,8.0,10.0,9.0,6.0,1.0
2021-10-08,실적,1.0,1.0,0.0,11,폴백,,,2,1,0,False,0.0864,0.0909,해당없음,0.0,0.9,0.0,0.0,0.0,0.0,0.0,0.0,0.0,0.0,0.0,0.1,5.0,7.0,4.0,12.0,11.0,2.0,3.0,8.0,10.0,9.0,6.0,1.0
2021-10-11,실적,1.0,1.0,0.0,11,폴백,,,2,1,0,False,0.0851,0.0909,해당없음,0.0,0.9,0.0,0.0,0.0,0.0,0.0,0.0,0.0,0.0,0.0,0.1,5.0,7.0,4.0,12.0,10.0,2.0,3.0,8.0,11.0,9.0,6.0,1.0
2021-10-12,실적,1.0,1.0,0.0,11,폴백,,,2,1,0,False,0.0848,0.0909,해당없음,0.0,0.9,0.0,0.0,0.0,0.0,0.0,0.0,0.0,0.0,0.0,0.1,5.0,7.0,4.0,12.0,10.0,2.0,3.0,8.0,11.0,9.0,6.0,1.0
2021-10-13,실적,1.0,1.0,0.0,11,폴백,,,2,1,0,False,0.0846,0.0909,해당없음,0.0,0.9,0.0,0.0,0.0,0.0,0.0,0.0,0.0,0.0,0.0,0.1,5.0,6.0,4.0,12.0,10.0,2.0,3.0,8.0,11.0,9.0,7.0,1.0
2021-10-14,실적,1.0,1.0,0.0,11,폴백,,,2,1,0,False,0.0844,0.0909,해당없음,0.0,0.9,0.0,0.0,0.0,0.0,0.0,0.0,0.0,0.0,0.0,0.1,5.0,6.0,4.0,12.0,10.0,2.0,3.0,8.0,11.0,9.0,7.0,1.0
2021-10-15,실적,1.0,1.0,0.0,11,폴백,,,2,1,0,False,0.0853,0.0909,해당없음,0.0,0.9,0.0,0.0,0.0,0.0,0.0,0.0,0.0,0.0,0.0,0.1,5.0,6.0,4.0,12.0,9.0,2.0,3.0,8.0,11.0,10.0,7.0,1.0
2021-10-18,실적,1.0,1.0,0.0,11,폴백,,,2,1,0,False,0.0829,0.0909,해당없음,0.0,0.9,0.0,0.0,0.0,0.0,0.0,0.0,0.0,0.0,0.0,0.1,5.0,6.0,4.0,12.0,9.0,2.0,3.0,8.0,11.0,10.0,7.0,1.0
2021-10-19,실적,1.0,1.0,0.0,11,폴백,,,2,1,0,False,0.0794,0.0909,해당없음,0.0,0.9,0.0,0.0,0.0,0.0,0.0,0.0,0.0,0.0,0.0,0.1,5.0,6.0,4.0,12.0,9.0,2.0,3.0,8.0,11.0,10.0,7.0,1.0
2021-10-20,실적,1.0,1.0,0.0,11,폴백,,,2,1,0,False,0.0747,0.0909,해당없음,0.0,0.9,0.0,0.0,0.0,0.0,0.0,0.0,0.0,0.0,0.0,0.1,5.0,6.0,4.0,12.0,9.0,2.0,3.0,8.0,10.0,11.0,7.0,1.0
2021-10-21,실적,1.0,1.0,0.0,11,폴백,,,2,1,0,False,0.0675,0.0909,해당없음,0.0,0.9,0.0,0.0,0.0,0.0,0.0,0.0,0.0,0.0,0.0,0.1,5.0,6.0,4.0,12.0,9.0,3.0,2.0,8.0,10.0,11.0,7.0,1.0
2021-10-22,실적,1.0,1.0,0.0,11,폴백,,,2,1,0,False,0.0626,0.0909,해당없음,0.0,0.9,0.0,0.0,0.0,0.0,0.0,0.0,0.0,0.0,0.0,0.1,5.0,6.0,4.0,12.0,9.0,3.0,2.0,8.0,11.0,10.0,7.0,1.0
2021-10-25,실적,1.0,1.0,0.0,11,폴백,,,2,1,0,False,0.0587,0.0909,해당없음,0.0,0.9,0.0,0.0,0.0,0.0,0.0,0.0,0.0,0.0,0.0,0.1,5.0,6.0,4.0,12.0,8.0,3.0,2.0,9.0,11.0,10.0,7.0,1.0
2021-10-26,실적,1.0,1.0,0.0,11,폴백,,,2,1,0,False,0.0569,0.0909,해당없음,0.0,0.9,0.0,0.0,0.0,0.0,0.0,0.0,0.0,0.0,0.0,0.1,5.0,6.0,4.0,12.0,8.0,3.0,2.0,9.0,10.0,11.0,7.0,1.0
2021-10-27,실적,1.0,1.0,0.0,11,폴백,,,2,1,0,False,0.058,0.0909,해당없음,0.0,0.9,0.0,0.0,0.0,0.0,0.0,0.0,0.0,0.0,0.0,0.1,5.0,6.0,4.0,12.0,8.0,3.0,2.0,9.0,10.0,11.0,7.0,1.0
2021-10-28,실적,1.0,1.0,0.0,11,폴백,,,2,1,0,False,0.0537,0.0909,해당없음,0.0,0.9,0.0,0.0,0.0,0.0,0.0,0.0,0.0,0.0,0.0,0.1,5.0,6.0,4.0,12.0,8.0,3.0,2.0,9.0,10.0,11.0,7.0,1.0
2021-10-29,실적,1.0,1.0,0.0,11,폴백,,,2,1,0,False,0.0519,0.0909,해당없음,0.0,0.9,0.0,0.0,0.0,0.0,0.0,0.0,0.0,0.0,0.0,0.1,5.0,6.0,4.0,12.0,8.0,3.0,2.0,9.0,10.0,11.0,7.0,1.0
2021-11-01,실적,0.94,0.9693,0.0307,11,폴백,,,2,1,0,False,0.0437,0.0909,해당없음,0.0,0.8447,0.0,0.0,0.0307,0.0,0.0,0.0,0.0,0.0,0.0,0.0939,5.0,6.0,4.0,12.0,8.0,3.0,2.0,9.0,10.0,11.0,7.0,1.0
2021-11-02,실적,0.98,0.9894,0.0106,11,폴백,,,2,1,0,False,0.0377,0.0909,해당없음,0.0,0.8809,0.0,0.0,0.0106,0.0,0.0,0.0,0.0,0.0,0.0,0.0979,5.0,6.0,4.0,11.0,8.0,3.0,2.0,9.0,10.0,12.0,7.0,1.0
2021-11-03,실적,0.97,0.9863,0.0137,11,폴백,,,2,1,0,False,0.0236,0.0909,해당없음,0.0,0.8753,0.0,0.0,0.0137,0.0,0.0,0.0,0.0,0.0,0.0,0.0973,5.0,6.0,4.0,11.0,8.0,3.0,2.0,9.0,10.0,12.0,7.0,1.0
2021-11-04,실적,1.0,0.9984,0.0016,11,폴백,,,2,1,0,False,0.0186,0.0909,해당없음,0.0,0.8971,0.0,0.0,0.0016,0.0,0.0,0.0,0.0,0.0,0.0,0.0997,5.0,6.0,4.0,10.0,8.0,3.0,2.0,9.0,11.0,12.0,7.0,1.0
2021-11-05,실적,1.0,1.0,0.0,11,폴백,,,2,1,0,False,0.016,0.0909,해당없음,0.0,0.9,0.0,0.0,0.0,0.0,0.0,0.0,0.0,0.0,0.0,0.1,5.0,6.0,4.0,10.0,8.0,3.0,2.0,9.0,11.0,12.0,7.0,1.0
2021-11-08,실적,1.0,1.0,0.0,11,폴백,,,2,1,0,False,0.0145,0.0909,해당없음,0.0,0.9,0.0,0.0,0.0,0.0,0.0,0.0,0.0,0.0,0.0,0.1,5.0,6.0,4.0,10.0,8.0,3.0,2.0,9.0,11.0,12.0,7.0,1.0
2021-11-09,실적,1.0,1.0,0.0,11,폴백,,,2,1,0,False,0.0119,0.0909,해당없음,0.0,0.9,0.0,0.0,0.0,0.0,0.0,0.0,0.0,0.0,0.0,0.1,5.0,6.0,4.0,10.0,8.0,3.0,2.0,9.0,11.0,12.0,7.0,1.0
2021-11-10,실적,0.99,0.9947,0.0053,11,폴백,,,2,0,0,False,0.0082,0.0909,해당없음,0.0,0.8905,0.0,0.0,0.0053,0.0,0.0,0.0,0.0,0.0,0.0,0.0989,6.0,5.0,4.0,9.0,8.0,3.0,2.0,10.0,11.0,12.0,7.0,1.0
2021-11-11,실적,0.72,0.7244,0.2756,11,폴백,,,2,0,0,False,0.0056,0.0909,해당없음,0.0,0.652,0.0,0.0,0.0,0.0,0.0,0.0,0.0,0.0,0.0,0.0724,6.0,5.0,4.0,9.0,8.0,3.0,2.0,10.0,11.0,12.0,7.0,1.0
2021-11-12,실적,0.73,0.7252,0.2748,11,폴백,,,2,0,0,False,0.003,0.0909,해당없음,0.0,0.6527,0.0,0.0,0.0,0.0,0.0,0.0,0.0,0.0,0.0,0.0725,6.0,5.0,4.0,8.0,9.0,3.0,2.0,10.0,11.0,12.0,7.0,1.0
2021-11-15,실적,0.72,0.7218,0.2782,11,폴백,,,2,1,0,False,0.0043,0.0909,해당없음,0.0,0.6496,0.0,0.0,0.0,0.0,0.0722,0.0,0.0,0.0,0.0,0.0,6.0,5.0,4.0,8.0,9.0,3.0,1.0,10.0,11.0,12.0,7.0,2.0
2021-11-16,실적,0.75,0.7519,0.2481,11,폴백,,,2,1,0,False,0.008,0.0909,해당없음,0.0,0.6767,0.0,0.0,0.0,0.0,0.0752,0.0,0.0,0.0,0.0,0.0,6.0,5.0,4.0,8.0,9.0,3.0,1.0,10.0,11.0,12.0,7.0,2.0
2021-11-17,실적,0.74,0.7359,0.2641,11,폴백,,,2,1,0,False,0.0165,0.0909,해당없음,0.0,0.6623,0.0,0.0,0.0,0.0,0.0736,0.0,0.0,0.0,0.0,0.0,6.0,5.0,4.0,8.0,9.0,3.0,1.0,10.0,11.0,12.0,7.0,2.0
2021-11-18,실적,0.73,0.7338,0.2662,11,폴백,,,2,1,0,False,0.0238,0.0909,해당없음,0.0,0.6604,0.0,0.0,0.0,0.0,0.0734,0.0,0.0,0.0,0.0,0.0,6.0,5.0,4.0,8.0,9.0,3.0,1.0,10.0,11.0,12.0,7.0,2.0
2021-11-19,실적,0.73,0.7287,0.2713,11,폴백,,,2,1,0,False,0.0312,0.0909,해당없음,0.0,0.6559,0.0,0.0,0.0,0.0,0.0729,0.0,0.0,0.0,0.0,0.0,6.0,5.0,4.0,8.0,9.0,3.0,1.0,10.0,11.0,12.0,7.0,2.0
2021-11-22,실적,0.72,0.7246,0.2754,10,폴백,,,2,1,0,False,0.0385,0.1,해당없음,0.0,0.6522,0.0,0.0,0.0,0.0,0.0725,0.0,0.0,0.0,0.0,0.0,6.0,5.0,4.0,7.0,8.0,3.0,1.0,9.0,10.0,11.0,,2.0
2021-11-23,실적,0.72,0.7248,0.2752,10,폴백,,,2,1,0,False,0.0411,0.1,해당없음,0.0,0.6523,0.0,0.0,0.0,0.0,0.0725,0.0,0.0,0.0,0.0,0.0,6.0,5.0,4.0,7.0,8.0,3.0,1.0,9.0,10.0,11.0,,2.0
2021-11-24,실적,1.0,1.0,0.0,10,폴백,,,2,1,0,False,0.0485,0.1,해당없음,0.0,0.9,0.0,0.0,0.0,0.0,0.1,0.0,0.0,0.0,0.0,0.0,6.0,5.0,4.0,7.0,8.0,3.0,1.0,10.0,11.0,9.0,,2.0
2021-11-26,실적,0.83,0.9132,0.0868,10,폴백,,,2,1,0,False,0.0485,0.1,해당없음,0.0,0.7438,0.0,0.0,0.0868,0.0,0.0826,0.0,0.0,0.0,0.0,0.0,6.0,5.0,4.0,7.0,8.0,3.0,1.0,11.0,10.0,9.0,,2.0
2021-11-29,실적,0.76,0.8806,0.1194,10,폴백,,,2,1,0,False,0.0489,0.1,해당없음,0.0,0.6851,0.0,0.0,0.1194,0.0,0.0761,0.0,0.0,0.0,0.0,0.0,6.0,5.0,4.0,7.0,8.0,3.0,1.0,11.0,10.0,9.0,,2.0
2021-11-30,실적,0.0,0.0,1.0,10,현금,,,2,1,0,False,0.0468,0.1,해당없음,0.0,0.0,0.0,0.0,0.0,0.0,0.0,0.0,0.0,0.0,0.0,0.0,6.0,5.0,4.0,7.0,9.0,3.0,1.0,11.0,10.0,8.0,,2.0
2021-12-01,실적,0.0,0.0,1.0,10,현금,,,2,1,0,False,0.0409,0.1,해당없음,0.0,0.0,0.0,0.0,0.0,0.0,0.0,0.0,0.0,0.0,0.0,0.0,6.0,5.0,4.0,7.0,9.0,3.0,1.0,11.0,10.0,8.0,,2.0
2021-12-02,실적,0.0,0.0,1.0,10,현금,,,2,1,0,False,0.0307,0.1,해당없음,0.0,0.0,0.0,0.0,0.0,0.0,0.0,0.0,0.0,0.0,0.0,0.0,5.0,6.0,4.0,7.0,9.0,3.0,1.0,11.0,10.0,8.0,,2.0
2021-12-03,실적,0.0,0.0,1.0,10,현금,,,2,1,0,False,0.0171,0.1,해당없음,0.0,0.0,0.0,0.0,0.0,0.0,0.0,0.0,0.0,0.0,0.0,0.0,5.0,6.0,4.0,7.0,9.0,3.0,1.0,11.0,10.0,8.0,,2.0
2021-12-06,실적,0.0,0.0,1.0,10,현금,,,2,1,0,False,0.0102,0.1,해당없음,0.0,0.0,0.0,0.0,0.0,0.0,0.0,0.0,0.0,0.0,0.0,0.0,5.0,6.0,4.0,7.0,9.0,3.0,1.0,11.0,10.0,8.0,,2.0
2021-12-07,실적,0.6,0.8,0.2,10,폴백,,,2,1,0,False,0.0128,0.1,해당없음,0.0,0.54,0.0,0.0,0.2,0.0,0.06,0.0,0.0,0.0,0.0,0.0,5.0,6.0,4.0,7.0,9.0,3.0,1.0,11.0,10.0,8.0,,2.0
2021-12-08,실적,0.6,0.8,0.2,10,폴백,,,2,1,0,False,0.0132,0.1,해당없음,0.0,0.54,0.0,0.0,0.2,0.0,0.06,0.0,0.0,0.0,0.0,0.0,6.0,5.0,4.0,7.0,9.0,3.0,1.0,11.0,10.0,8.0,,2.0
2021-12-09,실적,0.6,0.8,0.2,10,폴백,,,2,1,0,False,0.0158,0.1,해당없음,0.0,0.54,0.0,0.0,0.2,0.0,0.06,0.0,0.0,0.0,0.0,0.0,6.0,5.0,4.0,7.0,9.0,3.0,1.0,11.0,10.0,8.0,,2.0
2021-12-10,실적,0.6,0.8,0.2,10,폴백,,,2,1,0,False,0.0152,0.1,해당없음,0.0,0.54,0.0,0.0,0.2,0.0,0.06,0.0,0.0,0.0,0.0,0.0,6.0,5.0,4.0,7.0,9.0,3.0,1.0,11.0,10.0,8.0,,2.0
2021-12-13,실적,0.6,0.8,0.2,10,폴백,,,2,1,0,False,0.0091,0.1,해당없음,0.0,0.54,0.0,0.0,0.2,0.0,0.06,0.0,0.0,0.0,0.0,0.0,6.0,5.0,4.0,7.0,9.0,3.0,1.0,11.0,10.0,8.0,,2.0
2021-12-14,실적,0.6,0.8,0.2,10,폴백,,,2,1,0,False,0.0041,0.1,해당없음,0.0,0.54,0.0,0.0,0.2,0.0,0.06,0.0,0.0,0.0,0.0,0.0,6.0,5.0,4.0,7.0,9.0,3.0,1.0,11.0,10.0,8.0,,2.0
2021-12-15,실적,0.6,0.8,0.2,10,폴백(여유부족),,,2,2,0,False,0.0056,0.1,미달,0.0,0.54,0.0,0.0,0.2,0.0,0.0,0.0,0.0,0.0,0.0,0.06,7.0,5.0,4.0,6.0,9.0,3.0,2.0,11.0,10.0,8.0,,1.0
2021-12-16,실적,0.6,0.8,0.2,10,폴백,,,2,1,0,False,0.0106,0.1,해당없음,0.0,0.54,0.0,0.0,0.2,0.0,0.0,0.0,0.0,0.0,0.0,0.06,7.0,6.0,4.0,5.0,9.0,3.0,2.0,11.0,10.0,8.0,,1.0
2021-12-17,실적,0.6,0.8,0.2,10,폴백,,,2,1,0,False,0.0214,0.1,해당없음,0.0,0.54,0.0,0.0,0.2,0.0,0.0,0.0,0.0,0.0,0.0,0.06,7.0,5.0,6.0,4.0,9.0,3.0,2.0,11.0,10.0,8.0,,1.0
2021-12-20,실적,0.6,0.8,0.2,10,폴백,,,2,1,0,False,0.0266,0.1,해당없음,0.0,0.54,0.0,0.0,0.2,0.0,0.0,0.0,0.0,0.0,0.0,0.06,7.0,5.0,6.0,4.0,9.0,3.0,2.0,11.0,10.0,8.0,,1.0
2021-12-21,실적,0.6,0.8,0.2,10,폴백,,,2,1,0,False,0.0329,0.1,해당없음,0.0,0.54,0.0,0.0,0.2,0.0,0.0,0.0,0.0,0.0,0.0,0.06,7.0,5.0,6.0,4.0,9.0,3.0,2.0,11.0,10.0,8.0,,1.0
2021-12-22,실적,1.0,1.0,0.0,10,폴백,,,2,1,0,False,0.0381,0.1,해당없음,0.0,0.9,0.0,0.0,0.0,0.0,0.0,0.0,0.0,0.0,0.0,0.1,7.0,5.0,6.0,4.0,9.0,3.0,2.0,11.0,10.0,8.0,,1.0
2021-12-23,실적,1.0,1.0,0.0,10,폴백,,,2,1,0,False,0.0396,0.1,해당없음,0.0,0.9,0.0,0.0,0.0,0.0,0.0,0.0,0.0,0.0,0.0,0.1,7.0,5.0,6.0,4.0,9.0,3.0,2.0,11.0,10.0,8.0,,1.0
2021-12-27,실적,1.0,1.0,0.0,10,폴백,,,2,1,0,False,0.0448,0.1,해당없음,0.0,0.9,0.0,0.0,0.0,0.0,0.0,0.0,0.0,0.0,0.0,0.1,7.0,5.0,6.0,4.0,9.0,3.0,2.0,11.0,10.0,8.0,,1.0
2021-12-28,실적,1.0,1.0,0.0,10,폴백,,,2,1,0,False,0.0394,0.1,해당없음,0.0,0.9,0.0,0.0,0.0,0.0,0.0,0.0,0.0,0.0,0.0,0.1,6.0,5.0,7.0,4.0,9.0,3.0,2.0,11.0,10.0,8.0,,1.0
2021-12-29,실적,1.0,1.0,0.0,10,폴백,,,2,1,0,False,0.0377,0.1,해당없음,0.0,0.9,0.0,0.0,0.0,0.0,0.0,0.0,0.0,0.0,0.0,0.1,6.0,5.0,7.0,4.0,9.0,3.0,2.0,11.0,10.0,8.0,,1.0
2021-12-30,실적,1.0,1.0,0.0,10,폴백,,,2,1,0,False,0.0344,0.1,해당없음,0.0,0.9,0.0,0.0,0.0,0.0,0.0,0.0,0.0,0.0,0.0,0.1,6.0,5.0,7.0,4.0,9.0,3.0,2.0,11.0,10.0,8.0,,1.0
2021-12-31,실적,1.0,1.0,0.0,10,폴백,,,2,1,0,False,0.037,0.1,해당없음,0.0,0.9,0.0,0.0,0.0,0.0,0.0,0.0,0.0,0.0,0.0,0.1,6.0,5.0,7.0,4.0,9.0,3.0,2.0,11.0,10.0,8.0,,1.0
2022-01-03,실적,1.0,1.0,0.0,10,폴백(여유부족),,,1,1,0,False,0.0411,0.1,미달,0.0,0.9,0.0,0.0,0.0,0.0,0.0,0.0,0.0,0.0,0.0,0.1,6.0,5.0,7.0,4.0,9.0,3.0,2.0,11.0,10.0,8.0,,1.0
2022-01-04,실적,0.6,0.8,0.2,10,폴백(여유부족),,,1,1,0,False,0.0344,0.1,미달,0.0,0.54,0.0,0.0,0.2,0.0,0.0,0.0,0.0,0.0,0.0,0.06,6.0,5.0,7.0,4.0,10.0,3.0,2.0,11.0,8.0,9.0,,1.0
2022-01-05,실적,0.6,0.8,0.2,10,폴백(여유부족),,,1,1,0,False,0.0234,0.1,미달,0.0,0.54,0.0,0.0,0.2,0.0,0.0,0.0,0.0,0.0,0.0,0.06,6.0,5.0,7.0,4.0,8.0,3.0,2.0,11.0,9.0,10.0,,1.0
2022-01-06,실적,0.6,0.8,0.2,10,폴백(여유부족),,,1,1,0,False,0.0214,0.1,미달,0.0,0.54,0.0,0.0,0.2,0.0,0.0,0.0,0.0,0.0,0.0,0.06,6.0,5.0,7.0,4.0,8.0,3.0,2.0,11.0,10.0,9.0,,1.0
2022-01-07,실적,0.6,0.8,0.2,10,폴백(여유부족),,,1,1,0,False,0.0108,0.1,미달,0.0,0.54,0.0,0.0,0.2,0.0,0.0,0.0,0.0,0.0,0.0,0.06,6.0,5.0,7.0,4.0,8.0,3.0,2.0,11.0,10.0,9.0,,1.0
2022-01-10,실적,0.6,0.8,0.2,10,폴백(여유부족),,,1,1,0,False,0.0089,0.1,미달,0.0,0.54,0.0,0.0,0.2,0.0,0.0,0.0,0.0,0.0,0.0,0.06,6.0,5.0,7.0,4.0,8.0,3.0,2.0,11.0,10.0,9.0,,1.0
2022-01-11,실적,0.6,0.8,0.2,10,폴백(여유부족),,,1,1,0,False,0.0004,0.1,미달,0.0,0.54,0.0,0.0,0.2,0.0,0.0,0.0,0.0,0.0,0.0,0.06,6.0,4.0,7.0,5.0,8.0,3.0,2.0,11.0,10.0,9.0,,1.0
2022-01-12,실적,0.6,0.8,0.2,10,폴백,,,1,0,0,False,0.0145,0.1,해당없음,0.0,0.54,0.0,0.0,0.2,0.0,0.06,0.0,0.0,0.0,0.0,0.0,6.0,4.0,7.0,5.0,8.0,3.0,1.0,11.0,10.0,9.0,,2.0
2022-01-13,실적,0.6,0.8,0.2,10,폴백,,,1,0,0,False,0.0154,0.1,해당없음,0.0,0.54,0.0,0.0,0.2,0.0,0.06,0.0,0.0,0.0,0.0,0.0,6.0,4.0,7.0,5.0,8.0,3.0,1.0,11.0,10.0,9.0,,2.0
2022-01-14,실적,0.6,0.8,0.2,10,폴백,,,1,0,0,False,0.0249,0.1,해당없음,0.0,0.54,0.0,0.0,0.2,0.0,0.06,0.0,0.0,0.0,0.0,0.0,6.0,3.0,7.0,5.0,8.0,4.0,1.0,11.0,10.0,9.0,,2.0
2022-01-18,실적,0.0,0.0,1.0,10,현금,,,1,0,0,False,0.0333,0.1,해당없음,0.0,0.0,0.0,0.0,0.0,0.0,0.0,0.0,0.0,0.0,0.0,0.0,6.0,3.0,7.0,5.0,8.0,4.0,1.0,11.0,10.0,9.0,,2.0
2022-01-19,실적,0.0,0.0,1.0,10,현금,,,1,0,0,False,0.0418,0.1,해당없음,0.0,0.0,0.0,0.0,0.0,0.0,0.0,0.0,0.0,0.0,0.0,0.0,6.0,3.0,7.0,5.0,8.0,4.0,1.0,11.0,9.0,10.0,,2.0
2022-01-20,실적,0.0,0.0,1.0,10,현금,,,1,0,0,False,0.0468,0.1,해당없음,0.0,0.0,0.0,0.0,0.0,0.0,0.0,0.0,0.0,0.0,0.0,0.0,6.0,3.0,8.0,5.0,7.0,4.0,1.0,11.0,9.0,10.0,,2.0
2022-01-21,실적,0.0,0.0,1.0,10,현금,,,1,0,0,False,0.0528,0.1,해당없음,0.0,0.0,0.0,0.0,0.0,0.0,0.0,0.0,0.0,0.0,0.0,0.0,6.0,3.0,8.0,5.0,7.0,4.0,1.0,11.0,9.0,10.0,,2.0
2022-01-24,실적,0.0,0.0,1.0,10,현금,,,1,0,0,False,0.0578,0.1,해당없음,0.0,0.0,0.0,0.0,0.0,0.0,0.0,0.0,0.0,0.0,0.0,0.0,6.0,3.0,8.0,5.0,7.0,4.0,1.0,11.0,9.0,10.0,,2.0
2022-01-25,실적,0.0,0.0,1.0,10,현금,,,1,1,0,False,0.0682,0.1,미달,0.0,0.0,0.0,0.0,0.0,0.0,0.0,0.0,0.0,0.0,0.0,0.0,5.0,3.0,8.0,6.0,7.0,4.0,1.0,11.0,9.0,10.0,,2.0
2022-01-26,실적,0.0,0.0,1.0,9,현금,,,1,1,0,False,0.0753,0.1111,미달,0.0,0.0,0.0,0.0,0.0,0.0,0.0,0.0,0.0,0.0,0.0,0.0,5.0,3.0,7.0,,6.0,4.0,1.0,10.0,8.0,9.0,,2.0
2022-01-27,실적,0.0,0.0,1.0,9,현금,,,1,1,0,False,0.0814,0.1111,미달,0.0,0.0,0.0,0.0,0.0,0.0,0.0,0.0,0.0,0.0,0.0,0.0,5.0,3.0,8.0,,6.0,4.0,1.0,10.0,7.0,9.0,,2.0
2022-01-28,실적,0.0,0.0,1.0,8,현금,,,1,1,0,False,0.0864,0.125,미달,0.0,0.0,0.0,0.0,0.0,0.0,0.0,0.0,0.0,0.0,0.0,0.0,5.0,3.0,8.0,,6.0,4.0,1.0,,7.0,9.0,,2.0
2022-01-31,실적,1.0,1.0,0.0,8,폴백(여유부족),,,1,1,0,False,0.0968,0.125,미달,0.0,0.9,0.0,0.0,0.0,0.0,0.1,0.0,0.0,0.0,0.0,0.0,5.0,4.0,8.0,,6.0,3.0,1.0,,7.0,9.0,,2.0
2022-02-01,실적,1.0,1.0,0.0,8,폴백(여유부족),,,1,1,0,False,0.1061,0.125,미달,0.0,0.9,0.0,0.0,0.0,0.0,0.1,0.0,0.0,0.0,0.0,0.0,6.0,4.0,8.0,,5.0,3.0,1.0,,7.0,9.0,,2.0
2022-02-02,실적,1.0,1.0,0.0,9,리더,XLE,,1,1,0,False,0.1234,0.1111,통과,0.0,0.9,0.0,0.0,0.0,0.0,0.1,0.0,0.0,0.0,0.0,0.0,6.0,4.0,8.0,,5.0,3.0,1.0,10.0,7.0,9.0,,2.0
2022-02-03,실적,1.0,1.0,0.0,10,리더,XLE,,1,1,0,False,0.1277,0.1,통과,0.0,0.9,0.0,0.0,0.0,0.0,0.1,0.0,0.0,0.0,0.0,0.0,6.0,4.0,9.0,8.0,5.0,3.0,1.0,11.0,7.0,10.0,,2.0
2022-02-04,실적,1.0,1.0,0.0,10,리더,XLE,,1,1,0,False,0.1299,0.1,통과,0.0,0.9,0.0,0.0,0.0,0.0,0.1,0.0,0.0,0.0,0.0,0.0,6.0,4.0,9.0,8.0,5.0,3.0,1.0,11.0,7.0,10.0,,2.0
2022-02-07,실적,1.0,1.0,0.0,10,리더,XLE,,1,1,0,False,0.1342,0.1,통과,0.0,0.9,0.0,0.0,0.0,0.0,0.1,0.0,0.0,0.0,0.0,0.0,6.0,4.0,8.0,9.0,5.0,3.0,1.0,11.0,7.0,10.0,,2.0
2022-02-08,실적,1.0,1.0,0.0,10,리더,XLE,,1,1,0,False,0.1342,0.1,통과,0.0,0.9,0.0,0.0,0.0,0.0,0.1,0.0,0.0,0.0,0.0,0.0,6.0,4.0,8.0,9.0,5.0,3.0,1.0,11.0,7.0,10.0,,2.0
2022-02-09,실적,1.0,1.0,0.0,10,리더,XLE,,1,1,0,False,0.132,0.1,통과,0.0,0.9,0.0,0.0,0.0,0.0,0.1,0.0,0.0,0.0,0.0,0.0,6.0,4.0,8.0,9.0,5.0,2.0,1.0,11.0,7.0,10.0,,3.0
2022-02-10,실적,1.0,1.0,0.0,10,리더,XLE,,1,1,0,False,0.1234,0.1,통과,0.0,0.9,0.0,0.0,0.0,0.0,0.1,0.0,0.0,0.0,0.0,0.0,6.0,4.0,8.0,9.0,5.0,2.0,1.0,11.0,7.0,10.0,,3.0
2022-02-11,실적,1.0,1.0,0.0,10,리더,XLE,,1,1,0,False,0.1147,0.1,통과,0.0,0.9,0.0,0.0,0.0,0.0,0.1,0.0,0.0,0.0,0.0,0.0,6.0,5.0,8.0,10.0,4.0,2.0,1.0,11.0,7.0,9.0,,3.0
2022-02-14,실적,0.0,0.0,1.0,9,현금,XLE,,1,1,0,False,0.1169,0.1111,통과,0.0,0.0,0.0,0.0,0.0,0.0,0.0,0.0,0.0,0.0,0.0,0.0,6.0,5.0,8.0,10.0,4.0,2.0,1.0,,7.0,9.0,,3.0
2022-02-15,실적,0.0,0.0,1.0,9,현금,XLE,,1,1,0,False,0.1126,0.1111,통과,0.0,0.0,0.0,0.0,0.0,0.0,0.0,0.0,0.0,0.0,0.0,0.0,6.0,5.0,8.0,10.0,4.0,2.0,1.0,,7.0,9.0,,3.0
2022-02-16,실적,0.0,0.0,1.0,9,현금,XLE,,1,1,0,False,0.1234,0.1111,통과,0.0,0.0,0.0,0.0,0.0,0.0,0.0,0.0,0.0,0.0,0.0,0.0,6.0,5.0,8.0,10.0,4.0,2.0,1.0,,7.0,9.0,,3.0
2022-02-17,실적,0.0,0.0,1.0,9,현금,XLE,,1,1,0,False,0.119,0.1111,통과,0.0,0.0,0.0,0.0,0.0,0.0,0.0,0.0,0.0,0.0,0.0,0.0,7.0,5.0,8.0,10.0,4.0,2.0,1.0,,6.0,9.0,,3.0
2022-02-18,실적,0.0,0.0,1.0,9,현금,XLE,,1,1,0,False,0.119,0.1111,통과,0.0,0.0,0.0,0.0,0.0,0.0,0.0,0.0,0.0,0.0,0.0,0.0,7.0,5.0,8.0,10.0,4.0,2.0,1.0,,6.0,9.0,,3.0
2022-02-22,실적,0.0,0.0,1.0,9,현금,XLE,,1,1,0,False,0.1234,0.1111,통과,0.0,0.0,0.0,0.0,0.0,0.0,0.0,0.0,0.0,0.0,0.0,0.0,7.0,5.0,8.0,10.0,4.0,2.0,1.0,,6.0,9.0,,3.0
2022-02-23,실적,0.0,0.0,1.0,8,현금,XLE,,1,1,0,False,0.132,0.125,통과,0.0,0.0,0.0,0.0,0.0,0.0,0.0,0.0,0.0,0.0,0.0,0.0,7.0,5.0,8.0,,4.0,2.0,1.0,,6.0,9.0,,3.0
2022-02-24,실적,0.0,0.0,1.0,8,현금,XLE,,1,1,0,False,0.1407,0.125,통과,0.0,0.0,0.0,0.0,0.0,0.0,0.0,0.0,0.0,0.0,0.0,0.0,7.0,5.0,8.0,,4.0,2.0,1.0,,6.0,9.0,,3.0
2022-02-25,실적,0.0,0.0,1.0,8,현금,XLE,,1,1,0,False,0.1472,0.125,통과,0.0,0.0,0.0,0.0,0.0,0.0,0.0,0.0,0.0,0.0,0.0,0.0,7.0,5.0,9.0,,4.0,2.0,1.0,,6.0,8.0,,3.0
2022-02-28,실적,0.0,0.0,1.0,10,현금,XLE,,1,1,0,False,0.158,0.1,통과,0.0,0.0,0.0,0.0,0.0,0.0,0.0,0.0,0.0,0.0,0.0,0.0,7.0,5.0,9.0,10.0,4.0,2.0,1.0,11.0,6.0,8.0,,3.0
2022-03-01,실적,0.0,0.0,1.0,10,현금,XLE,,1,1,0,False,0.1667,0.1,통과,0.0,0.0,0.0,0.0,0.0,0.0,0.0,0.0,0.0,0.0,0.0,0.0,7.0,5.0,9.0,10.0,3.0,2.0,1.0,11.0,6.0,8.0,,4.0
2022-03-02,실적,0.0,0.0,1.0,10,현금,XLE,,1,1,0,False,0.1861,0.1,통과,0.0,0.0,0.0,0.0,0.0,0.0,0.0,0.0,0.0,0.0,0.0,0.0,7.0,5.0,9.0,10.0,2.0,3.0,1.0,11.0,6.0,8.0,,4.0
2022-03-03,실적,0.0,0.0,1.0,10,현금,XLE,,1,1,0,False,0.1775,0.1,통과,0.0,0.0,0.0,0.0,0.0,0.0,0.0,0.0,0.0,0.0,0.0,0.0,7.0,5.0,9.0,10.0,2.0,4.0,1.0,11.0,6.0,8.0,,3.0
2022-03-04,실적,0.0,0.0,1.0,10,현금,XLE,,1,1,0,False,0.1688,0.1,통과,0.0,0.0,0.0,0.0,0.0,0.0,0.0,0.0,0.0,0.0,0.0,0.0,8.0,5.0,9.0,10.0,2.0,4.0,1.0,11.0,6.0,7.0,,3.0
2022-03-07,실적,0.0,0.0,1.0,9,현금,XLE,,1,1,0,False,0.1645,0.1111,통과,0.0,0.0,0.0,0.0,0.0,0.0,0.0,0.0,0.0,0.0,0.0,0.0,7.0,5.0,9.0,,2.0,4.0,1.0,10.0,8.0,6.0,,3.0
2022-03-08,실적,0.0,0.0,1.0,9,현금,XLE,,1,1,0,False,0.1623,0.1111,통과,0.0,0.0,0.0,0.0,0.0,0.0,0.0,0.0,0.0,0.0,0.0,0.0,7.0,5.0,9.0,,2.0,4.0,1.0,10.0,8.0,6.0,,3.0
2022-03-09,실적,0.0,0.0,1.0,9,현금,XLE,,1,1,0,False,0.1537,0.1111,통과,0.0,0.0,0.0,0.0,0.0,0.0,0.0,0.0,0.0,0.0,0.0,0.0,7.0,6.0,9.0,,2.0,4.0,1.0,10.0,8.0,5.0,,3.0
2022-03-10,실적,0.0,0.0,1.0,10,현금,XLE,,1,1,0,False,0.1515,0.1,통과,0.0,0.0,0.0,0.0,0.0,0.0,0.0,0.0,0.0,0.0,0.0,0.0,7.0,6.0,8.0,10.0,2.0,4.0,1.0,11.0,9.0,5.0,,3.0
2022-03-11,실적,0.0,0.0,1.0,10,현금,XLE,,1,1,0,False,0.1472,0.1,통과,0.0,0.0,0.0,0.0,0.0,0.0,0.0,0.0,0.0,0.0,0.0,0.0,8.0,6.0,7.0,10.0,2.0,4.0,1.0,11.0,9.0,5.0,,3.0
2022-03-14,실적,0.0,0.0,1.0,10,현금,XLE,,1,1,0,False,0.1385,0.1,통과,0.0,0.0,0.0,0.0,0.0,0.0,0.0,0.0,0.0,0.0,0.0,0.0,8.0,6.0,7.0,10.0,2.0,4.0,1.0,11.0,9.0,5.0,,3.0
2022-03-15,실적,0.0,0.0,1.0,10,현금,XLE,,1,1,0,False,0.132,0.1,통과,0.0,0.0,0.0,0.0,0.0,0.0,0.0,0.0,0.0,0.0,0.0,0.0,8.0,6.0,7.0,10.0,2.0,4.0,1.0,11.0,9.0,5.0,,3.0
2022-03-16,실적,0.0,0.0,1.0,10,현금,XLE,,1,1,0,False,0.1299,0.1,통과,0.0,0.0,0.0,0.0,0.0,0.0,0.0,0.0,0.0,0.0,0.0,0.0,8.0,6.0,7.0,10.0,2.0,4.0,1.0,11.0,9.0,5.0,,3.0
2022-03-17,실적,0.6,0.8,0.2,10,리더,XLE,,1,1,0,False,0.1212,0.1,통과,0.0,0.54,0.0,0.0,0.2,0.0,0.06,0.0,0.0,0.0,0.0,0.0,8.0,7.0,6.0,10.0,2.0,4.0,1.0,11.0,9.0,5.0,,3.0
2022-03-18,실적,0.6,0.8,0.2,10,리더,XLE,,1,1,0,False,0.1126,0.1,통과,0.0,0.54,0.0,0.0,0.2,0.0,0.06,0.0,0.0,0.0,0.0,0.0,8.0,7.0,6.0,10.0,2.0,4.0,1.0,11.0,9.0,5.0,,3.0
2022-03-21,실적,0.6,0.8,0.2,10,리더,XLE,,1,1,0,False,0.1169,0.1,통과,0.0,0.54,0.0,0.0,0.2,0.0,0.06,0.0,0.0,0.0,0.0,0.0,8.0,7.0,6.0,10.0,2.0,4.0,1.0,11.0,9.0,5.0,,3.0
2022-03-22,실적,0.6,0.8,0.2,10,리더,XLE,,1,1,0,False,0.1212,0.1,통과,0.0,0.54,0.0,0.0,0.2,0.0,0.06,0.0,0.0,0.0,0.0,0.0,8.0,7.0,6.0,10.0,2.0,4.0,1.0,11.0,9.0,5.0,,3.0
2022-03-23,실적,0.6,0.8,0.2,10,리더,XLE,,1,1,0,False,0.1234,0.1,통과,0.0,0.54,0.0,0.0,0.2,0.0,0.06,0.0,0.0,0.0,0.0,0.0,8.0,7.0,6.0,10.0,2.0,4.0,1.0,11.0,9.0,5.0,,3.0
2022-03-24,실적,0.6,0.8,0.2,10,리더,XLE,,1,1,0,False,0.1255,0.1,통과,0.0,0.54,0.0,0.0,0.2,0.0,0.06,0.0,0.0,0.0,0.0,0.0,8.0,7.0,6.0,10.0,2.0,4.0,1.0,11.0,9.0,5.0,,3.0
2022-03-25,실적,0.6,0.8,0.2,10,리더,XLE,,1,1,0,False,0.1277,0.1,통과,0.0,0.54,0.0,0.0,0.2,0.0,0.06,0.0,0.0,0.0,0.0,0.0,8.0,7.0,6.0,10.0,2.0,4.0,1.0,11.0,9.0,5.0,,3.0
2022-03-28,실적,0.6,0.8,0.2,10,리더,XLE,,1,1,0,False,0.1299,0.1,통과,0.0,0.54,0.0,0.0,0.2,0.0,0.06,0.0,0.0,0.0,0.0,0.0,8.0,7.0,6.0,10.0,2.0,4.0,1.0,11.0,9.0,5.0,,3.0
2022-03-29,실적,0.6,0.8,0.2,10,리더,XLE,,1,1,0,False,0.1407,0.1,통과,0.0,0.54,0.0,0.0,0.2,0.0,0.06,0.0,0.0,0.0,0.0,0.0,8.0,7.0,6.0,10.0,2.0,4.0,1.0,11.0,9.0,5.0,,3.0
2022-03-30,실적,0.6,0.8,0.2,10,리더,XLE,,1,1,0,False,0.145,0.1,통과,0.0,0.54,0.0,0.0,0.2,0.0,0.06,0.0,0.0,0.0,0.0,0.0,8.0,7.0,5.0,10.0,2.0,4.0,1.0,11.0,9.0,6.0,,3.0
2022-03-31,실적,0.6,0.8,0.2,10,리더,XLE,,1,1,0,False,0.1494,0.1,통과,0.0,0.54,0.0,0.0,0.2,0.0,0.06,0.0,0.0,0.0,0.0,0.0,9.0,7.0,5.0,10.0,2.0,4.0,1.0,11.0,8.0,6.0,,3.0
2022-04-01,실적,0.0,0.0,1.0,10,현금,XLE,,1,1,0,False,0.1537,0.1,통과,0.0,0.0,0.0,0.0,0.0,0.0,0.0,0.0,0.0,0.0,0.0,0.0,9.0,7.0,4.0,10.0,2.0,5.0,1.0,11.0,8.0,6.0,,3.0
2022-04-04,실적,0.0,0.0,1.0,10,현금,XLE,,1,1,0,False,0.158,0.1,통과,0.0,0.0,0.0,0.0,0.0,0.0,0.0,0.0,0.0,0.0,0.0,0.0,9.0,7.0,4.0,11.0,3.0,5.0,1.0,10.0,8.0,6.0,,2.0
2022-04-05,실적,0.0,0.0,1.0,10,현금,XLE,,1,1,0,False,0.1602,0.1,통과,0.0,0.0,0.0,0.0,0.0,0.0,0.0,0.0,0.0,0.0,0.0,0.0,9.0,7.0,4.0,11.0,3.0,5.0,1.0,10.0,8.0,6.0,,2.0
2022-04-06,실적,0.0,0.0,1.0,6,현금,XLE,,1,1,0,False,0.1602,0.1667,미달,0.0,0.0,0.0,0.0,0.0,0.0,0.0,0.0,0.0,0.0,0.0,0.0,7.0,5.0,3.0,,,,1.0,,6.0,4.0,,2.0
2022-04-07,실적,0.0,0.0,1.0,4,현금,,,1,1,0,False,0.0455,0.25,미달,0.0,0.0,0.0,0.0,0.0,0.0,0.0,0.0,0.0,0.0,0.0,0.0,5.0,3.0,1.0,,,,,,4.0,2.0,,
2022-04-08,실적,0.0,0.0,1.0,4,현금,,,1,1,0,False,0.0433,0.25,미달,0.0,0.0,0.0,0.0,0.0,0.0,0.0,0.0,0.0,0.0,0.0,0.0,5.0,3.0,1.0,,,,,,4.0,2.0,,
2022-04-11,실적,0.0,0.0,1.0,4,현금,,,1,1,0,False,0.0281,0.25,미달,0.0,0.0,0.0,0.0,0.0,0.0,0.0,0.0,0.0,0.0,0.0,0.0,5.0,3.0,1.0,,,,,,4.0,2.0,,
2022-04-12,실적,0.0,0.0,1.0,4,현금,,,1,1,0,False,0.0152,0.25,미달,0.0,0.0,0.0,0.0,0.0,0.0,0.0,0.0,0.0,0.0,0.0,0.0,5.0,3.0,1.0,,,,,,4.0,2.0,,
2022-04-13,실적,0.0,0.0,1.0,4,현금,,,1,1,0,False,0.0108,0.25,미달,0.0,0.0,0.0,0.0,0.0,0.0,0.0,0.0,0.0,0.0,0.0,0.0,5.0,3.0,1.0,,,,,,4.0,2.0,,
2022-04-14,실적,0.0,0.0,1.0,4,현금,,,1,1,0,False,0.0108,0.25,미달,0.0,0.0,0.0,0.0,0.0,0.0,0.0,0.0,0.0,0.0,0.0,0.0,5.0,3.0,1.0,,,,,,4.0,2.0,,
2022-04-18,실적,0.0,0.0,1.0,4,현금,,,1,1,0,False,0.0152,0.25,미달,0.0,0.0,0.0,0.0,0.0,0.0,0.0,0.0,0.0,0.0,0.0,0.0,5.0,3.0,1.0,,,,,,4.0,2.0,,
2022-04-19,실적,0.0,0.0,1.0,4,현금,,,1,1,0,False,0.0238,0.25,미달,0.0,0.0,0.0,0.0,0.0,0.0,0.0,0.0,0.0,0.0,0.0,0.0,5.0,3.0,1.0,,,,,,4.0,2.0,,
2022-04-20,실적,0.0,0.0,1.0,4,현금,,,1,1,0,False,0.0346,0.25,미달,0.0,0.0,0.0,0.0,0.0,0.0,0.0,0.0,0.0,0.0,0.0,0.0,5.0,3.0,1.0,,,,,,4.0,2.0,,
2022-04-21,실적,0.0,0.0,1.0,8,현금,,,1,1,0,False,0.0087,0.125,미달,0.0,0.0,0.0,0.0,0.0,0.0,0.0,0.0,0.0,0.0,0.0,0.0,6.0,5.0,1.0,9.0,2.0,4.0,,8.0,7.0,3.0,,
2022-04-22,실적,0.0,0.0,1.0,8,현금,,,1,1,0,False,0.0173,0.125,미달,0.0,0.0,0.0,0.0,0.0,0.0,0.0,0.0,0.0,0.0,0.0,0.0,6.0,5.0,1.0,9.0,2.0,4.0,,8.0,7.0,3.0,,
2022-04-25,실적,0.0,0.0,1.0,8,현금,,,1,1,0,False,0.0065,0.125,미달,0.0,0.0,0.0,0.0,0.0,0.0,0.0,0.0,0.0,0.0,0.0,0.0,6.0,5.0,1.0,9.0,3.0,4.0,,8.0,7.0,2.0,,
2022-04-26,실적,0.0,0.0,1.0,4,현금,,,1,1,0,False,0.0108,0.25,미달,0.0,0.0,0.0,0.0,0.0,0.0,0.0,0.0,0.0,0.0,0.0,0.0,3.0,4.0,2.0,,,,,,5.0,1.0,,
2022-04-27,실적,0.0,0.0,1.0,4,현금,,,1,1,0,False,0.0281,0.25,미달,0.0,0.0,0.0,0.0,0.0,0.0,0.0,0.0,0.0,0.0,0.0,0.0,3.0,4.0,2.0,,,,,,5.0,1.0,,
2022-04-28,실적,0.0,0.0,1.0,4,현금,,,1,1,0,False,0.0303,0.25,미달,0.0,0.0,0.0,0.0,0.0,0.0,0.0,0.0,0.0,0.0,0.0,0.0,3.0,5.0,2.0,,,,,,4.0,1.0,,
2022-04-29,실적,0.0,0.0,1.0,4,현금,,,1,1,0,False,0.0455,0.25,미달,0.0,0.0,0.0,0.0,0.0,0.0,0.0,0.0,0.0,0.0,0.0,0.0,3.0,5.0,2.0,,,,,,4.0,1.0,,
2022-05-02,실적,0.0,0.0,1.0,4,현금,,,1,1,0,False,0.0671,0.25,미달,0.0,0.0,0.0,0.0,0.0,0.0,0.0,0.0,0.0,0.0,0.0,0.0,3.0,5.0,2.0,,,,,,4.0,1.0,,
2022-05-03,실적,0.0,0.0,1.0,4,현금,,,1,1,0,False,0.0844,0.25,미달,0.0,0.0,0.0,0.0,0.0,0.0,0.0,0.0,0.0,0.0,0.0,0.0,3.0,5.0,2.0,,,,,,4.0,1.0,,
2022-05-04,실적,0.0,0.0,1.0,4,현금,,,1,1,0,False,0.0996,0.25,미달,0.0,0.0,0.0,0.0,0.0,0.0,0.0,0.0,0.0,0.0,0.0,0.0,3.0,5.0,2.0,,,,,,4.0,1.0,,
2022-05-05,실적,0.0,0.0,1.0,4,현금,,,1,1,0,False,0.0996,0.25,미달,0.0,0.0,0.0,0.0,0.0,0.0,0.0,0.0,0.0,0.0,0.0,0.0,3.0,5.0,2.0,,,,,,4.0,1.0,,
2022-05-06,실적,0.0,0.0,1.0,4,현금,,,1,1,0,False,0.1061,0.25,미달,0.0,0.0,0.0,0.0,0.0,0.0,0.0,0.0,0.0,0.0,0.0,0.0,3.0,5.0,2.0,,,,,,4.0,1.0,,
2022-05-09,실적,0.0,0.0,1.0,4,현금,,,1,1,0,False,0.1082,0.25,미달,0.0,0.0,0.0,0.0,0.0,0.0,0.0,0.0,0.0,0.0,0.0,0.0,3.0,5.0,2.0,,,,,,4.0,1.0,,
2022-05-10,실적,0.0,0.0,1.0,4,현금,,,1,1,0,False,0.1082,0.25,미달,0.0,0.0,0.0,0.0,0.0,0.0,0.0,0.0,0.0,0.0,0.0,0.0,3.0,4.0,2.0,,,,,,5.0,1.0,,
2022-05-11,실적,0.0,0.0,1.0,4,현금,,,1,1,0,False,0.1147,0.25,미달,0.0,0.0,0.0,0.0,0.0,0.0,0.0,0.0,0.0,0.0,0.0,0.0,3.0,4.0,2.0,,,,,,5.0,1.0,,
2022-05-12,실적,0.0,0.0,1.0,4,현금,,,1,1,0,False,0.1277,0.25,미달,0.0,0.0,0.0,0.0,0.0,0.0,0.0,0.0,0.0,0.0,0.0,0.0,3.0,4.0,2.0,,,,,,5.0,1.0,,
2022-05-13,실적,0.0,0.0,1.0,4,현금,,,1,1,0,False,0.1407,0.25,미달,0.0,0.0,0.0,0.0,0.0,0.0,0.0,0.0,0.0,0.0,0.0,0.0,3.0,4.0,2.0,,,,,,5.0,1.0,,
2022-05-16,실적,0.0,0.0,1.0,4,현금,,,1,1,0,False,0.158,0.25,미달,0.0,0.0,0.0,0.0,0.0,0.0,0.0,0.0,0.0,0.0,0.0,0.0,4.0,3.0,2.0,,,,,,5.0,1.0,,
2022-05-17,실적,0.0,0.0,1.0,4,현금,,,1,1,0,False,0.1797,0.25,미달,0.0,0.0,0.0,0.0,0.0,0.0,0.0,0.0,0.0,0.0,0.0,0.0,4.0,3.0,2.0,,,,,,5.0,1.0,,
2022-05-18,실적,0.0,0.0,1.0,4,현금,,,1,1,0,False,0.2056,0.25,미달,0.0,0.0,0.0,0.0,0.0,0.0,0.0,0.0,0.0,0.0,0.0,0.0,4.0,3.0,2.0,,,,,,5.0,1.0,,
2022-05-19,실적,0.0,0.0,1.0,4,현금,,,1,1,0,False,0.2229,0.25,미달,0.0,0.0,0.0,0.0,0.0,0.0,0.0,0.0,0.0,0.0,0.0,0.0,4.0,3.0,2.0,,,,,,5.0,1.0,,
2022-05-20,실적,0.0,0.0,1.0,4,현금,,,1,1,0,False,0.2468,0.25,미달,0.0,0.0,0.0,0.0,0.0,0.0,0.0,0.0,0.0,0.0,0.0,0.0,4.0,3.0,2.0,,,,,,5.0,1.0,,
2022-05-23,실적,0.0,0.0,1.0,4,현금,XLU,,1,1,0,False,0.2511,0.25,통과,0.0,0.0,0.0,0.0,0.0,0.0,0.0,0.0,0.0,0.0,0.0,0.0,4.0,3.0,2.0,,,,,,5.0,1.0,,
2022-05-24,실적,0.0,0.0,1.0,4,현금,XLU,,1,1,0,False,0.2511,0.25,통과,0.0,0.0,0.0,0.0,0.0,0.0,0.0,0.0,0.0,0.0,0.0,0.0,4.0,3.0,2.0,,,,,,5.0,1.0,,
2022-05-25,실적,0.0,0.0,1.0,4,현금,XLU,,1,1,0,False,0.2511,0.25,통과,0.0,0.0,0.0,0.0,0.0,0.0,0.0,0.0,0.0,0.0,0.0,0.0,4.0,3.0,2.0,,,,,,5.0,1.0,,
2022-05-26,실적,0.0,0.0,1.0,4,현금,XLU,,1,1,0,False,0.2511,0.25,통과,0.0,0.0,0.0,0.0,0.0,0.0,0.0,0.0,0.0,0.0,0.0,0.0,5.0,3.0,2.0,,,,,,4.0,1.0,,
2022-05-27,실적,0.0,0.0,1.0,4,현금,XLU,,1,1,0,False,0.2554,0.25,통과,0.0,0.0,0.0,0.0,0.0,0.0,0.0,0.0,0.0,0.0,0.0,0.0,5.0,3.0,2.0,,,,,,4.0,1.0,,
2022-05-31,실적,0.0,0.0,1.0,4,현금,XLU,,1,1,0,False,0.2597,0.25,통과,0.0,0.0,0.0,0.0,0.0,0.0,0.0,0.0,0.0,0.0,0.0,0.0,5.0,3.0,2.0,,,,,,4.0,1.0,,
2022-06-01,실적,0.0,0.0,1.0,4,현금,XLU,,1,1,0,False,0.2554,0.25,통과,0.0,0.0,0.0,0.0,0.0,0.0,0.0,0.0,0.0,0.0,0.0,0.0,5.0,3.0,2.0,,,,,,4.0,1.0,,
2022-06-02,실적,0.6,0.6,0.4,4,리더,XLU,,1,1,0,False,0.2511,0.25,통과,0.0,0.54,0.0,0.0,0.0,0.0,0.0,0.0,0.0,0.06,0.0,0.0,5.0,3.0,2.0,,,,,,4.0,1.0,,
2022-06-03,실적,0.6,0.6,0.4,4,리더,XLU,,1,1,0,False,0.2446,0.25,미달,0.0,0.54,0.0,0.0,0.0,0.0,0.0,0.0,0.0,0.06,0.0,0.0,5.0,3.0,2.0,,,,,,4.0,1.0,,
2022-06-06,실적,0.6,0.6,0.4,4,리더,XLU,,1,1,0,False,0.2424,0.25,미달,0.0,0.54,0.0,0.0,0.0,0.0,0.0,0.0,0.0,0.06,0.0,0.0,5.0,3.0,2.0,,,,,,4.0,1.0,,
2022-06-07,실적,0.0,0.0,1.0,4,현금,XLU,,1,1,0,False,0.2403,0.25,미달,0.0,0.0,0.0,0.0,0.0,0.0,0.0,0.0,0.0,0.0,0.0,0.0,5.0,3.0,2.0,,,,,,4.0,1.0,,
2022-06-08,실적,0.0,0.0,1.0,4,현금,XLU,,1,1,0,False,0.2403,0.25,미달,0.0,0.0,0.0,0.0,0.0,0.0,0.0,0.0,0.0,0.0,0.0,0.0,5.0,4.0,2.0,,,,,,3.0,1.0,,
2022-06-09,실적,0.0,0.0,1.0,4,현금,XLU,,1,1,0,False,0.2403,0.25,미달,0.0,0.0,0.0,0.0,0.0,0.0,0.0,0.0,0.0,0.0,0.0,0.0,5.0,4.0,2.0,,,,,,3.0,1.0,,
2022-06-10,실적,0.0,0.0,1.0,4,현금,XLU,,1,1,0,False,0.2359,0.25,미달,0.0,0.0,0.0,0.0,0.0,0.0,0.0,0.0,0.0,0.0,0.0,0.0,5.0,4.0,2.0,,,,,,3.0,1.0,,
2022-06-13,실적,0.0,0.0,1.0,4,현금,XLU,,1,1,0,False,0.2316,0.25,미달,0.0,0.0,0.0,0.0,0.0,0.0,0.0,0.0,0.0,0.0,0.0,0.0,5.0,4.0,2.0,,,,,,3.0,1.0,,
2022-06-14,실적,0.0,0.0,1.0,4,현금,XLU,,1,1,0,False,0.2273,0.25,미달,0.0,0.0,0.0,0.0,0.0,0.0,0.0,0.0,0.0,0.0,0.0,0.0,5.0,4.0,2.0,,,,,,3.0,1.0,,
2022-06-15,실적,0.0,0.0,1.0,4,현금,XLU,,1,1,0,False,0.2229,0.25,미달,0.0,0.0,0.0,0.0,0.0,0.0,0.0,0.0,0.0,0.0,0.0,0.0,5.0,4.0,2.0,,,,,,3.0,1.0,,
2022-06-16,실적,0.0,0.0,1.0,4,현금,XLU,,1,1,0,False,0.2186,0.25,미달,0.0,0.0,0.0,0.0,0.0,0.0,0.0,0.0,0.0,0.0,0.0,0.0,5.0,4.0,2.0,,,,,,3.0,1.0,,
2022-06-17,실적,0.0,0.0,1.0,4,현금,XLU,,1,1,0,False,0.2143,0.25,미달,0.0,0.0,0.0,0.0,0.0,0.0,0.0,0.0,0.0,0.0,0.0,0.0,5.0,4.0,2.0,,,,,,3.0,1.0,,
2022-06-21,실적,0.0,0.0,1.0,4,현금,XLU,,1,1,0,False,0.2056,0.25,미달,0.0,0.0,0.0,0.0,0.0,0.0,0.0,0.0,0.0,0.0,0.0,0.0,5.0,4.0,2.0,,,,,,3.0,1.0,,
2022-06-22,실적,0.0,0.0,1.0,4,현금,XLU,,1,1,0,False,0.197,0.25,미달,0.0,0.0,0.0,0.0,0.0,0.0,0.0,0.0,0.0,0.0,0.0,0.0,5.0,4.0,2.0,,,,,,3.0,1.0,,
2022-06-23,실적,0.0,0.0,1.0,4,현금,XLU,,1,1,0,False,0.1926,0.25,미달,0.0,0.0,0.0,0.0,0.0,0.0,0.0,0.0,0.0,0.0,0.0,0.0,5.0,4.0,2.0,,,,,,3.0,1.0,,
2022-06-24,실적,0.0,0.0,1.0,4,현금,XLU,,1,1,0,False,0.1883,0.25,미달,0.0,0.0,0.0,0.0,0.0,0.0,0.0,0.0,0.0,0.0,0.0,0.0,4.0,5.0,2.0,,,,,,3.0,1.0,,
2022-06-27,실적,0.0,0.0,1.0,4,현금,XLU,,1,1,0,False,0.184,0.25,미달,0.0,0.0,0.0,0.0,0.0,0.0,0.0,0.0,0.0,0.0,0.0,0.0,4.0,5.0,2.0,,,,,,3.0,1.0,,
2022-06-28,실적,0.0,0.0,1.0,4,현금,XLU,,1,1,0,False,0.1797,0.25,미달,0.0,0.0,0.0,0.0,0.0,0.0,0.0,0.0,0.0,0.0,0.0,0.0,4.0,5.0,2.0,,,,,,3.0,1.0,,
2022-06-29,실적,0.0,0.0,1.0,4,현금,XLU,,1,1,0,False,0.1797,0.25,미달,0.0,0.0,0.0,0.0,0.0,0.0,0.0,0.0,0.0,0.0,0.0,0.0,4.0,5.0,2.0,,,,,,3.0,1.0,,
2022-06-30,실적,0.0,0.0,1.0,4,현금,XLU,,1,1,0,False,0.1775,0.25,미달,0.0,0.0,0.0,0.0,0.0,0.0,0.0,0.0,0.0,0.0,0.0,0.0,4.0,5.0,2.0,,,,,,3.0,1.0,,
2022-07-01,실적,0.0,0.0,1.0,4,현금,XLU,,1,1,0,False,0.1797,0.25,미달,0.0,0.0,0.0,0.0,0.0,0.0,0.0,0.0,0.0,0.0,0.0,0.0,4.0,5.0,2.0,,,,,,3.0,1.0,,
2022-07-05,실적,0.0,0.0,1.0,4,현금,XLU,,1,1,0,False,0.1797,0.25,미달,0.0,0.0,0.0,0.0,0.0,0.0,0.0,0.0,0.0,0.0,0.0,0.0,4.0,5.0,2.0,,,,,,3.0,1.0,,
2022-07-06,실적,0.0,0.0,1.0,4,현금,XLU,,1,1,0,False,0.184,0.25,미달,0.0,0.0,0.0,0.0,0.0,0.0,0.0,0.0,0.0,0.0,0.0,0.0,4.0,5.0,2.0,,,,,,3.0,1.0,,
2022-07-07,실적,0.0,0.0,1.0,4,현금,XLU,,1,1,0,False,0.1883,0.25,미달,0.0,0.0,0.0,0.0,0.0,0.0,0.0,0.0,0.0,0.0,0.0,0.0,4.0,5.0,2.0,,,,,,3.0,1.0,,
2022-07-08,실적,0.0,0.0,1.0,4,현금,XLU,,1,1,0,False,0.1883,0.25,미달,0.0,0.0,0.0,0.0,0.0,0.0,0.0,0.0,0.0,0.0,0.0,0.0,4.0,5.0,2.0,,,,,,3.0,1.0,,
2022-07-11,실적,0.0,0.0,1.0,4,현금,XLU,,1,1,0,False,0.1883,0.25,미달,0.0,0.0,0.0,0.0,0.0,0.0,0.0,0.0,0.0,0.0,0.0,0.0,4.0,5.0,2.0,,,,,,3.0,1.0,,
2022-07-12,실적,1.0,1.0,0.0,4,리더,XLU,,1,1,0,False,0.1883,0.25,미달,0.0,0.9,0.0,0.0,0.0,0.0,0.0,0.0,0.0,0.1,0.0,0.0,4.0,5.0,2.0,,,,,,3.0,1.0,,
2022-07-13,실적,1.0,1.0,0.0,4,리더,XLU,,1,1,0,False,0.1905,0.25,미달,0.0,0.9,0.0,0.0,0.0,0.0,0.0,0.0,0.0,0.1,0.0,0.0,4.0,5.0,2.0,,,,,,3.0,1.0,,
2022-07-14,실적,1.0,1.0,0.0,4,리더,XLU,,1,1,0,False,0.1905,0.25,미달,0.0,0.9,0.0,0.0,0.0,0.0,0.0,0.0,0.0,0.1,0.0,0.0,4.0,5.0,2.0,,,,,,3.0,1.0,,
2022-07-15,실적,0.0,0.0,1.0,4,현금,XLU,,1,1,0,False,0.1905,0.25,미달,0.0,0.0,0.0,0.0,0.0,0.0,0.0,0.0,0.0,0.0,0.0,0.0,4.0,5.0,2.0,,,,,,3.0,1.0,,
2022-07-18,실적,1.0,1.0,0.0,4,리더,XLU,,1,1,0,False,0.1905,0.25,미달,0.0,0.9,0.0,0.0,0.0,0.0,0.0,0.0,0.0,0.1,0.0,0.0,4.0,5.0,2.0,,,,,,3.0,1.0,,
2022-07-19,실적,0.6,0.6,0.4,4,리더,XLU,,1,1,0,False,0.1905,0.25,미달,0.0,0.54,0.0,0.0,0.0,0.0,0.0,0.0,0.0,0.06,0.0,0.0,4.0,5.0,2.0,,,,,,3.0,1.0,,
2022-07-20,실적,0.6,0.6,0.4,4,리더,XLU,,1,1,0,False,0.1905,0.25,미달,0.0,0.54,0.0,0.0,0.0,0.0,0.0,0.0,0.0,0.06,0.0,0.0,4.0,5.0,2.0,,,,,,3.0,1.0,,
2022-07-21,실적,0.6,0.6,0.4,4,리더,XLU,,1,1,0,False,0.1948,0.25,미달,0.0,0.54,0.0,0.0,0.0,0.0,0.0,0.0,0.0,0.06,0.0,0.0,4.0,5.0,2.0,,,,,,3.0,1.0,,
2022-07-22,실적,0.0,0.0,1.0,4,현금,XLU,,1,1,0,False,0.1991,0.25,미달,0.0,0.0,0.0,0.0,0.0,0.0,0.0,0.0,0.0,0.0,0.0,0.0,4.0,5.0,2.0,,,,,,3.0,1.0,,
2022-07-25,실적,0.0,0.0,1.0,4,현금,XLU,,1,1,0,False,0.1991,0.25,미달,0.0,0.0,0.0,0.0,0.0,0.0,0.0,0.0,0.0,0.0,0.0,0.0,4.0,5.0,2.0,,,,,,3.0,1.0,,
2022-07-26,실적,0.0,0.0,1.0,4,현금,XLU,,1,1,0,False,0.1991,0.25,미달,0.0,0.0,0.0,0.0,0.0,0.0,0.0,0.0,0.0,0.0,0.0,0.0,4.0,5.0,2.0,,,,,,3.0,1.0,,
2022-07-27,실적,0.6,0.6,0.4,4,리더,XLU,,1,1,0,False,0.1991,0.25,미달,0.0,0.54,0.0,0.0,0.0,0.0,0.0,0.0,0.0,0.06,0.0,0.0,4.0,5.0,2.0,,,,,,3.0,1.0,,
2022-07-28,실적,0.6,0.6,0.4,4,리더,XLU,,1,1,0,False,0.1991,0.25,미달,0.0,0.54,0.0,0.0,0.0,0.0,0.0,0.0,0.0,0.06,0.0,0.0,4.0,5.0,2.0,,,,,,3.0,1.0,,
2022-07-29,실적,0.6,0.6,0.4,4,리더,XLU,,1,1,0,False,0.1948,0.25,미달,0.0,0.54,0.0,0.0,0.0,0.0,0.0,0.0,0.0,0.06,0.0,0.0,4.0,5.0,2.0,,,,,,3.0,1.0,,
2022-08-01,실적,0.6,0.6,0.4,4,리더,XLU,,1,1,0,False,0.1948,0.25,미달,0.0,0.54,0.0,0.0,0.0,0.0,0.0,0.0,0.0,0.06,0.0,0.0,4.0,5.0,2.0,,,,,,3.0,1.0,,
2022-08-02,실적,0.0,0.0,1.0,4,현금,XLU,,1,1,0,False,0.1926,0.25,미달,0.0,0.0,0.0,0.0,0.0,0.0,0.0,0.0,0.0,0.0,0.0,0.0,4.0,5.0,2.0,,,,,,3.0,1.0,,
2022-08-03,실적,0.6,0.6,0.4,4,리더,XLU,,1,1,0,False,0.1926,0.25,미달,0.0,0.54,0.0,0.0,0.0,0.0,0.0,0.0,0.0,0.06,0.0,0.0,4.0,5.0,2.0,,,,,,3.0,1.0,,
2022-08-04,실적,0.0,0.0,1.0,4,현금,XLU,,1,1,0,False,0.1883,0.25,미달,0.0,0.0,0.0,0.0,0.0,0.0,0.0,0.0,0.0,0.0,0.0,0.0,4.0,5.0,2.0,,,,,,3.0,1.0,,
2022-08-05,실적,0.0,0.0,1.0,4,현금,XLU,,1,1,0,False,0.184,0.25,미달,0.0,0.0,0.0,0.0,0.0,0.0,0.0,0.0,0.0,0.0,0.0,0.0,4.0,5.0,2.0,,,,,,3.0,1.0,,
2022-08-08,실적,0.0,0.0,1.0,4,현금,XLU,,1,1,0,False,0.184,0.25,미달,0.0,0.0,0.0,0.0,0.0,0.0,0.0,0.0,0.0,0.0,0.0,0.0,4.0,5.0,2.0,,,,,,3.0,1.0,,
2022-08-09,실적,0.6,0.6,0.4,4,리더,XLU,,1,1,0,False,0.184,0.25,미달,0.0,0.54,0.0,0.0,0.0,0.0,0.0,0.0,0.0,0.06,0.0,0.0,4.0,5.0,2.0,,,,,,3.0,1.0,,
2022-08-10,실적,0.6,0.6,0.4,4,리더,XLU,,1,1,0,False,0.184,0.25,미달,0.0,0.54,0.0,0.0,0.0,0.0,0.0,0.0,0.0,0.06,0.0,0.0,4.0,5.0,2.0,,,,,,3.0,1.0,,
2022-08-11,실적,0.6,0.6,0.4,4,리더,XLU,,1,1,0,False,0.1818,0.25,미달,0.0,0.54,0.0,0.0,0.0,0.0,0.0,0.0,0.0,0.06,0.0,0.0,4.0,5.0,2.0,,,,,,3.0,1.0,,
2022-08-12,실적,0.6,0.6,0.4,4,리더,XLU,,1,1,0,False,0.1818,0.25,미달,0.0,0.54,0.0,0.0,0.0,0.0,0.0,0.0,0.0,0.06,0.0,0.0,4.0,5.0,2.0,,,,,,3.0,1.0,,
2022-08-15,실적,0.6,0.6,0.4,4,리더,XLU,,1,1,0,False,0.1818,0.25,미달,0.0,0.54,0.0,0.0,0.0,0.0,0.0,0.0,0.0,0.06,0.0,0.0,4.0,5.0,2.0,,,,,,3.0,1.0,,
2022-08-16,실적,0.6,0.6,0.4,4,리더,XLU,,1,1,0,False,0.1818,0.25,미달,0.0,0.54,0.0,0.0,0.0,0.0,0.0,0.0,0.0,0.06,0.0,0.0,4.0,5.0,2.0,,,,,,3.0,1.0,,
2022-08-17,실적,0.0,0.0,1.0,4,현금,XLU,,1,1,0,False,0.1818,0.25,미달,0.0,0.0,0.0,0.0,0.0,0.0,0.0,0.0,0.0,0.0,0.0,0.0,4.0,5.0,2.0,,,,,,3.0,1.0,,
2022-08-18,실적,0.0,0.0,1.0,4,현금,XLU,,1,1,0,False,0.1818,0.25,미달,0.0,0.0,0.0,0.0,0.0,0.0,0.0,0.0,0.0,0.0,0.0,0.0,4.0,5.0,2.0,,,,,,3.0,1.0,,
2022-08-19,실적,0.0,0.0,1.0,4,현금,XLU,,1,1,0,False,0.1818,0.25,미달,0.0,0.0,0.0,0.0,0.0,0.0,0.0,0.0,0.0,0.0,0.0,0.0,4.0,5.0,2.0,,,,,,3.0,1.0,,
2022-08-22,실적,0.0,0.0,1.0,4,현금,XLU,,1,1,0,False,0.1818,0.25,미달,0.0,0.0,0.0,0.0,0.0,0.0,0.0,0.0,0.0,0.0,0.0,0.0,4.0,5.0,2.0,,,,,,3.0,1.0,,
2022-08-23,실적,0.0,0.0,1.0,4,현금,XLU,,1,1,0,False,0.1818,0.25,미달,0.0,0.0,0.0,0.0,0.0,0.0,0.0,0.0,0.0,0.0,0.0,0.0,4.0,5.0,2.0,,,,,,3.0,1.0,,
2022-08-24,실적,0.0,0.0,1.0,4,현금,XLU,,1,1,0,False,0.1818,0.25,미달,0.0,0.0,0.0,0.0,0.0,0.0,0.0,0.0,0.0,0.0,0.0,0.0,4.0,5.0,2.0,,,,,,3.0,1.0,,
2022-08-25,실적,0.0,0.0,1.0,4,현금,XLU,,1,1,0,False,0.1818,0.25,미달,0.0,0.0,0.0,0.0,0.0,0.0,0.0,0.0,0.0,0.0,0.0,0.0,4.0,5.0,2.0,,,,,,3.0,1.0,,
2022-08-26,실적,0.0,0.0,1.0,4,현금,XLU,,1,1,0,False,0.1818,0.25,미달,0.0,0.0,0.0,0.0,0.0,0.0,0.0,0.0,0.0,0.0,0.0,0.0,4.0,5.0,2.0,,,,,,3.0,1.0,,
2022-08-29,실적,0.0,0.0,1.0,4,현금,XLU,,1,1,0,False,0.1818,0.25,미달,0.0,0.0,0.0,0.0,0.0,0.0,0.0,0.0,0.0,0.0,0.0,0.0,4.0,5.0,2.0,,,,,,3.0,1.0,,
2022-08-30,실적,0.0,0.0,1.0,4,현금,XLU,,1,1,0,False,0.1818,0.25,미달,0.0,0.0,0.0,0.0,0.0,0.0,0.0,0.0,0.0,0.0,0.0,0.0,4.0,5.0,2.0,,,,,,3.0,1.0,,
2022-08-31,실적,0.0,0.0,1.0,4,현금,XLU,,1,1,0,False,0.1818,0.25,미달,0.0,0.0,0.0,0.0,0.0,0.0,0.0,0.0,0.0,0.0,0.0,0.0,3.0,5.0,2.0,,,,,,4.0,1.0,,
2022-09-01,실적,0.0,0.0,1.0,4,현금,XLU,,1,1,0,False,0.1818,0.25,미달,0.0,0.0,0.0,0.0,0.0,0.0,0.0,0.0,0.0,0.0,0.0,0.0,3.0,5.0,2.0,,,,,,4.0,1.0,,
2022-09-02,실적,0.0,0.0,1.0,4,현금,XLU,,1,1,0,False,0.1818,0.25,미달,0.0,0.0,0.0,0.0,0.0,0.0,0.0,0.0,0.0,0.0,0.0,0.0,3.0,5.0,2.0,,,,,,4.0,1.0,,
2022-09-06,실적,0.0,0.0,1.0,4,현금,XLU,,1,1,0,False,0.1818,0.25,미달,0.0,0.0,0.0,0.0,0.0,0.0,0.0,0.0,0.0,0.0,0.0,0.0,3.0,5.0,2.0,,,,,,4.0,1.0,,
2022-09-07,실적,0.0,0.0,1.0,4,현금,XLU,,1,1,0,False,0.1818,0.25,미달,0.0,0.0,0.0,0.0,0.0,0.0,0.0,0.0,0.0,0.0,0.0,0.0,3.0,5.0,2.0,,,,,,4.0,1.0,,
2022-09-08,실적,0.0,0.0,1.0,4,현금,XLU,,1,1,0,False,0.1818,0.25,미달,0.0,0.0,0.0,0.0,0.0,0.0,0.0,0.0,0.0,0.0,0.0,0.0,3.0,5.0,2.0,,,,,,4.0,1.0,,
2022-09-09,실적,0.0,0.0,1.0,4,현금,XLU,,1,1,0,False,0.1818,0.25,미달,0.0,0.0,0.0,0.0,0.0,0.0,0.0,0.0,0.0,0.0,0.0,0.0,3.0,5.0,2.0,,,,,,4.0,1.0,,
2022-09-12,실적,0.0,0.0,1.0,4,현금,XLU,,1,1,0,False,0.1818,0.25,미달,0.0,0.0,0.0,0.0,0.0,0.0,0.0,0.0,0.0,0.0,0.0,0.0,3.0,5.0,2.0,,,,,,4.0,1.0,,
2022-09-13,실적,0.0,0.0,1.0,4,현금,XLU,,1,1,0,False,0.1818,0.25,미달,0.0,0.0,0.0,0.0,0.0,0.0,0.0,0.0,0.0,0.0,0.0,0.0,3.0,5.0,2.0,,,,,,4.0,1.0,,
2022-09-14,실적,0.0,0.0,1.0,4,현금,XLU,,1,1,0,False,0.1818,0.25,미달,0.0,0.0,0.0,0.0,0.0,0.0,0.0,0.0,0.0,0.0,0.0,0.0,4.0,5.0,2.0,,,,,,3.0,1.0,,
2022-09-15,실적,0.0,0.0,1.0,4,현금,XLU,,1,1,0,False,0.1818,0.25,미달,0.0,0.0,0.0,0.0,0.0,0.0,0.0,0.0,0.0,0.0,0.0,0.0,4.0,5.0,2.0,,,,,,3.0,1.0,,
2022-09-16,실적,0.0,0.0,1.0,4,현금,XLU,,1,1,0,False,0.1818,0.25,미달,0.0,0.0,0.0,0.0,0.0,0.0,0.0,0.0,0.0,0.0,0.0,0.0,4.0,5.0,2.0,,,,,,3.0,1.0,,
2022-09-19,실적,0.0,0.0,1.0,4,현금,XLU,,1,1,0,False,0.1861,0.25,미달,0.0,0.0,0.0,0.0,0.0,0.0,0.0,0.0,0.0,0.0,0.0,0.0,4.0,5.0,2.0,,,,,,3.0,1.0,,
2022-09-20,실적,0.0,0.0,1.0,4,현금,XLU,,1,1,0,False,0.1861,0.25,미달,0.0,0.0,0.0,0.0,0.0,0.0,0.0,0.0,0.0,0.0,0.0,0.0,4.0,5.0,2.0,,,,,,3.0,1.0,,
2022-09-21,실적,0.0,0.0,1.0,4,현금,XLU,,1,1,0,False,0.1861,0.25,미달,0.0,0.0,0.0,0.0,0.0,0.0,0.0,0.0,0.0,0.0,0.0,0.0,4.0,5.0,2.0,,,,,,3.0,1.0,,
2022-09-22,실적,0.0,0.0,1.0,4,현금,XLU,,1,1,0,False,0.1861,0.25,미달,0.0,0.0,0.0,0.0,0.0,0.0,0.0,0.0,0.0,0.0,0.0,0.0,4.0,5.0,2.0,,,,,,3.0,1.0,,
2022-09-23,실적,0.0,0.0,1.0,4,현금,XLU,,1,1,0,False,0.1883,0.25,미달,0.0,0.0,0.0,0.0,0.0,0.0,0.0,0.0,0.0,0.0,0.0,0.0,4.0,5.0,2.0,,,,,,3.0,1.0,,
2022-09-26,실적,0.0,0.0,1.0,4,현금,XLU,,1,1,0,False,0.1926,0.25,미달,0.0,0.0,0.0,0.0,0.0,0.0,0.0,0.0,0.0,0.0,0.0,0.0,4.0,5.0,2.0,,,,,,3.0,1.0,,
2022-09-27,실적,0.0,0.0,1.0,4,현금,XLU,,1,1,0,False,0.1926,0.25,미달,0.0,0.0,0.0,0.0,0.0,0.0,0.0,0.0,0.0,0.0,0.0,0.0,4.0,5.0,2.0,,,,,,3.0,1.0,,
2022-09-28,실적,0.0,0.0,1.0,4,현금,XLU,,1,1,0,False,0.1926,0.25,미달,0.0,0.0,0.0,0.0,0.0,0.0,0.0,0.0,0.0,0.0,0.0,0.0,4.0,5.0,2.0,,,,,,3.0,1.0,,
2022-09-29,실적,0.0,0.0,1.0,4,현금,XLU,,1,1,0,False,0.1926,0.25,미달,0.0,0.0,0.0,0.0,0.0,0.0,0.0,0.0,0.0,0.0,0.0,0.0,4.0,5.0,2.0,,,,,,3.0,1.0,,
2022-09-30,실적,0.0,0.0,1.0,4,현금,XLU,,1,1,0,False,0.1926,0.25,미달,0.0,0.0,0.0,0.0,0.0,0.0,0.0,0.0,0.0,0.0,0.0,0.0,4.0,5.0,2.0,,,,,,3.0,1.0,,
2022-10-03,실적,0.0,0.0,1.0,4,현금,XLU,,1,1,0,False,0.1926,0.25,미달,0.0,0.0,0.0,0.0,0.0,0.0,0.0,0.0,0.0,0.0,0.0,0.0,4.0,5.0,2.0,,,,,,3.0,1.0,,
2022-10-04,실적,0.0,0.0,1.0,4,현금,XLU,,1,1,0,False,0.1926,0.25,미달,0.0,0.0,0.0,0.0,0.0,0.0,0.0,0.0,0.0,0.0,0.0,0.0,4.0,5.0,2.0,,,,,,3.0,1.0,,
2022-10-05,실적,0.0,0.0,1.0,4,현금,XLU,,1,1,0,False,0.1926,0.25,미달,0.0,0.0,0.0,0.0,0.0,0.0,0.0,0.0,0.0,0.0,0.0,0.0,4.0,5.0,2.0,,,,,,3.0,1.0,,
2022-10-06,실적,0.0,0.0,1.0,4,현금,XLU,,1,1,0,False,0.1905,0.25,미달,0.0,0.0,0.0,0.0,0.0,0.0,0.0,0.0,0.0,0.0,0.0,0.0,4.0,5.0,2.0,,,,,,3.0,1.0,,
2022-10-07,실적,0.0,0.0,1.0,4,현금,XLU,,1,1,0,False,0.1883,0.25,미달,0.0,0.0,0.0,0.0,0.0,0.0,0.0,0.0,0.0,0.0,0.0,0.0,4.0,5.0,2.0,,,,,,3.0,1.0,,
2022-10-10,실적,0.0,0.0,1.0,4,현금,XLU,,1,1,0,False,0.1883,0.25,미달,0.0,0.0,0.0,0.0,0.0,0.0,0.0,0.0,0.0,0.0,0.0,0.0,4.0,5.0,2.0,,,,,,3.0,1.0,,
2022-10-11,실적,0.0,0.0,1.0,4,현금,XLU,,1,1,0,False,0.1861,0.25,미달,0.0,0.0,0.0,0.0,0.0,0.0,0.0,0.0,0.0,0.0,0.0,0.0,4.0,5.0,2.0,,,,,,3.0,1.0,,
2022-10-12,실적,0.0,0.0,1.0,4,현금,XLU,,1,1,0,False,0.1732,0.25,미달,0.0,0.0,0.0,0.0,0.0,0.0,0.0,0.0,0.0,0.0,0.0,0.0,4.0,5.0,2.0,,,,,,3.0,1.0,,
2022-10-13,실적,0.0,0.0,1.0,4,현금,XLU,,1,1,0,False,0.1602,0.25,미달,0.0,0.0,0.0,0.0,0.0,0.0,0.0,0.0,0.0,0.0,0.0,0.0,4.0,5.0,2.0,,,,,,3.0,1.0,,
2022-10-14,실적,0.0,0.0,1.0,4,현금,XLU,,1,1,0,False,0.1429,0.25,미달,0.0,0.0,0.0,0.0,0.0,0.0,0.0,0.0,0.0,0.0,0.0,0.0,4.0,5.0,2.0,,,,,,3.0,1.0,,
2022-10-17,실적,0.0,0.0,1.0,4,현금,XLU,,1,1,0,False,0.1299,0.25,미달,0.0,0.0,0.0,0.0,0.0,0.0,0.0,0.0,0.0,0.0,0.0,0.0,4.0,5.0,2.0,,,,,,3.0,1.0,,
2022-10-18,실적,1.0,1.0,0.0,4,리더,XLU,,1,1,0,False,0.1126,0.25,미달,0.0,0.9,0.0,0.0,0.0,0.0,0.0,0.0,0.0,0.1,0.0,0.0,4.0,5.0,2.0,,,,,,3.0,1.0,,
2022-10-19,실적,1.0,1.0,0.0,4,리더,XLU,,1,1,0,False,0.0974,0.25,미달,0.0,0.9,0.0,0.0,0.0,0.0,0.0,0.0,0.0,0.1,0.0,0.0,4.0,5.0,2.0,,,,,,3.0,1.0,,
2022-10-20,실적,1.0,1.0,0.0,4,리더,XLU,,1,1,0,False,0.0823,0.25,미달,0.0,0.9,0.0,0.0,0.0,0.0,0.0,0.0,0.0,0.1,0.0,0.0,4.0,5.0,2.0,,,,,,3.0,1.0,,
2022-10-21,실적,1.0,1.0,0.0,4,리더,XLU,,1,1,0,False,0.0671,0.25,미달,0.0,0.9,0.0,0.0,0.0,0.0,0.0,0.0,0.0,0.1,0.0,0.0,4.0,5.0,2.0,,,,,,3.0,1.0,,
2022-10-24,실적,1.0,1.0,0.0,4,리더,XLU,,1,1,0,False,0.0476,0.25,미달,0.0,0.9,0.0,0.0,0.0,0.0,0.0,0.0,0.0,0.1,0.0,0.0,4.0,5.0,2.0,,,,,,3.0,1.0,,
2022-10-25,실적,0.6,0.6,0.4,4,리더,XLU,,1,1,0,False,0.0303,0.25,미달,0.0,0.54,0.0,0.0,0.0,0.0,0.0,0.0,0.0,0.06,0.0,0.0,4.0,5.0,2.0,,,,,,3.0,1.0,,
2022-10-26,실적,1.0,1.0,0.0,4,리더,XLU,,1,1,0,False,0.0173,0.25,미달,0.0,0.9,0.0,0.0,0.0,0.0,0.0,0.0,0.0,0.1,0.0,0.0,4.0,5.0,2.0,,,,,,3.0,1.0,,
2022-10-27,실적,1.0,1.0,0.0,4,리더,XLU,,1,1,0,False,0.0043,0.25,미달,0.0,0.9,0.0,0.0,0.0,0.0,0.0,0.0,0.0,0.1,0.0,0.0,4.0,5.0,2.0,,,,,,3.0,1.0,,
2022-10-28,실적,0.6,0.6,0.4,4,폴백(여유부족),,,1,1,0,False,0.0,0.25,미달,0.0,0.54,0.06,0.0,0.0,0.0,0.0,0.0,0.0,0.0,0.0,0.0,4.0,5.0,1.0,,,,,,3.0,2.0,,
2022-10-31,실적,0.6,0.6,0.4,4,폴백(여유부족),,,1,1,0,False,0.013,0.25,미달,0.0,0.54,0.06,0.0,0.0,0.0,0.0,0.0,0.0,0.0,0.0,0.0,4.0,5.0,1.0,,,,,,3.0,2.0,,
2022-11-01,실적,0.0,0.0,1.0,4,현금,,,1,1,0,False,0.026,0.25,미달,0.0,0.0,0.0,0.0,0.0,0.0,0.0,0.0,0.0,0.0,0.0,0.0,4.0,5.0,1.0,,,,,,3.0,2.0,,
2022-11-02,실적,1.0,1.0,0.0,4,폴백(여유부족),,,1,1,0,False,0.0303,0.25,미달,0.0,0.9,0.1,0.0,0.0,0.0,0.0,0.0,0.0,0.0,0.0,0.0,4.0,5.0,1.0,,,,,,3.0,2.0,,
2022-11-03,실적,1.0,1.0,0.0,4,폴백(여유부족),,,1,1,0,False,0.039,0.25,미달,0.0,0.9,0.1,0.0,0.0,0.0,0.0,0.0,0.0,0.0,0.0,0.0,4.0,5.0,1.0,,,,,,3.0,2.0,,
2022-11-04,실적,1.0,1.0,0.0,4,폴백(여유부족),,,1,1,0,False,0.0498,0.25,미달,0.0,0.9,0.1,0.0,0.0,0.0,0.0,0.0,0.0,0.0,0.0,0.0,4.0,5.0,1.0,,,,,,3.0,2.0,,
2022-11-07,실적,1.0,1.0,0.0,4,폴백(여유부족),,,1,1,0,False,0.0606,0.25,미달,0.0,0.9,0.1,0.0,0.0,0.0,0.0,0.0,0.0,0.0,0.0,0.0,4.0,5.0,1.0,,,,,,3.0,2.0,,
2022-11-08,실적,1.0,1.0,0.0,4,폴백(여유부족),,,1,1,0,False,0.0779,0.25,미달,0.0,0.9,0.1,0.0,0.0,0.0,0.0,0.0,0.0,0.0,0.0,0.0,4.0,5.0,1.0,,,,,,3.0,2.0,,
2022-11-09,실적,1.0,1.0,0.0,4,폴백(여유부족),,,1,1,0,False,0.0909,0.25,미달,0.0,0.9,0.1,0.0,0.0,0.0,0.0,0.0,0.0,0.0,0.0,0.0,4.0,5.0,1.0,,,,,,3.0,2.0,,
2022-11-10,실적,0.6,0.6,0.4,4,폴백(여유부족),,,1,1,0,False,0.0952,0.25,미달,0.0,0.54,0.06,0.0,0.0,0.0,0.0,0.0,0.0,0.0,0.0,0.0,4.0,5.0,1.0,,,,,,3.0,2.0,,
2022-11-11,실적,0.6,0.6,0.4,4,폴백(여유부족),,,1,1,0,False,0.0974,0.25,미달,0.0,0.54,0.06,0.0,0.0,0.0,0.0,0.0,0.0,0.0,0.0,0.0,4.0,5.0,1.0,,,,,,3.0,2.0,,
2022-11-14,실적,0.0,0.0,1.0,4,현금,,,1,1,0,False,0.0996,0.25,미달,0.0,0.0,0.0,0.0,0.0,0.0,0.0,0.0,0.0,0.0,0.0,0.0,4.0,5.0,1.0,,,,,,3.0,2.0,,
2022-11-15,실적,0.0,0.0,1.0,4,현금,,,1,1,0,False,0.1017,0.25,미달,0.0,0.0,0.0,0.0,0.0,0.0,0.0,0.0,0.0,0.0,0.0,0.0,4.0,5.0,1.0,,,,,,3.0,2.0,,
2022-11-16,실적,0.6,0.6,0.4,4,폴백(여유부족),,,1,1,0,False,0.1126,0.25,미달,0.0,0.54,0.06,0.0,0.0,0.0,0.0,0.0,0.0,0.0,0.0,0.0,4.0,5.0,1.0,,,,,,3.0,2.0,,
2022-11-17,실적,0.6,0.6,0.4,4,폴백(여유부족),,,1,1,0,False,0.1126,0.25,미달,0.0,0.54,0.06,0.0,0.0,0.0,0.0,0.0,0.0,0.0,0.0,0.0,3.0,5.0,1.0,,,,,,4.0,2.0,,
2022-11-18,실적,0.6,0.6,0.4,4,폴백(여유부족),,,1,1,0,False,0.119,0.25,미달,0.0,0.54,0.06,0.0,0.0,0.0,0.0,0.0,0.0,0.0,0.0,0.0,3.0,5.0,1.0,,,,,,4.0,2.0,,
2022-11-21,실적,0.0,0.0,1.0,4,현금,,,1,1,0,False,0.1212,0.25,미달,0.0,0.0,0.0,0.0,0.0,0.0,0.0,0.0,0.0,0.0,0.0,0.0,4.0,5.0,1.0,,,,,,3.0,2.0,,
2022-11-22,실적,0.6,0.6,0.4,4,폴백(여유부족),,,1,1,0,False,0.1277,0.25,미달,0.0,0.54,0.06,0.0,0.0,0.0,0.0,0.0,0.0,0.0,0.0,0.0,4.0,5.0,1.0,,,,,,3.0,2.0,,
2022-11-23,실적,0.6,0.6,0.4,4,폴백(여유부족),,,1,1,0,False,0.1385,0.25,미달,0.0,0.54,0.06,0.0,0.0,0.0,0.0,0.0,0.0,0.0,0.0,0.0,4.0,5.0,1.0,,,,,,3.0,2.0,,
2022-11-25,실적,0.0,0.0,1.0,4,현금,,,1,1,0,False,0.1472,0.25,미달,0.0,0.0,0.0,0.0,0.0,0.0,0.0,0.0,0.0,0.0,0.0,0.0,4.0,5.0,1.0,,,,,,3.0,2.0,,
2022-11-28,실적,0.0,0.0,1.0,4,현금,,,1,1,0,False,0.1515,0.25,미달,0.0,0.0,0.0,0.0,0.0,0.0,0.0,0.0,0.0,0.0,0.0,0.0,4.0,5.0,1.0,,,,,,3.0,2.0,,
2022-11-29,실적,0.0,0.0,1.0,4,현금,,,1,1,0,False,0.1667,0.25,미달,0.0,0.0,0.0,0.0,0.0,0.0,0.0,0.0,0.0,0.0,0.0,0.0,4.0,5.0,1.0,,,,,,3.0,2.0,,
2022-11-30,실적,0.6,0.6,0.4,4,폴백(여유부족),,,1,1,0,False,0.171,0.25,미달,0.0,0.54,0.06,0.0,0.0,0.0,0.0,0.0,0.0,0.0,0.0,0.0,4.0,5.0,1.0,,,,,,3.0,2.0,,
2022-12-01,실적,0.0,0.0,1.0,4,현금,,,1,1,0,False,0.1753,0.25,미달,0.0,0.0,0.0,0.0,0.0,0.0,0.0,0.0,0.0,0.0,0.0,0.0,4.0,5.0,1.0,,,,,,3.0,2.0,,
2022-12-02,실적,0.0,0.0,1.0,4,현금,,,1,1,0,False,0.1926,0.25,미달,0.0,0.0,0.0,0.0,0.0,0.0,0.0,0.0,0.0,0.0,0.0,0.0,4.0,5.0,1.0,,,,,,3.0,2.0,,
2022-12-05,실적,0.0,0.0,1.0,4,현금,,,1,1,0,False,0.2013,0.25,미달,0.0,0.0,0.0,0.0,0.0,0.0,0.0,0.0,0.0,0.0,0.0,0.0,4.0,5.0,1.0,,,,,,3.0,2.0,,
2022-12-06,실적,0.0,0.0,1.0,4,현금,,,1,1,0,False,0.21,0.25,미달,0.0,0.0,0.0,0.0,0.0,0.0,0.0,0.0,0.0,0.0,0.0,0.0,4.0,5.0,1.0,,,,,,3.0,2.0,,
2022-12-07,실적,0.0,0.0,1.0,4,현금,,,1,1,0,False,0.2208,0.25,미달,0.0,0.0,0.0,0.0,0.0,0.0,0.0,0.0,0.0,0.0,0.0,0.0,4.0,5.0,1.0,,,,,,3.0,2.0,,
2022-12-08,실적,0.0,0.0,1.0,4,현금,,,1,1,0,False,0.2294,0.25,미달,0.0,0.0,0.0,0.0,0.0,0.0,0.0,0.0,0.0,0.0,0.0,0.0,3.0,5.0,1.0,,,,,,4.0,2.0,,
2022-12-09,실적,0.0,0.0,1.0,4,현금,,,1,1,0,False,0.2403,0.25,미달,0.0,0.0,0.0,0.0,0.0,0.0,0.0,0.0,0.0,0.0,0.0,0.0,4.0,5.0,1.0,,,,,,3.0,2.0,,
2022-12-12,실적,0.0,0.0,1.0,10,현금,,,1,1,0,False,0.0606,0.1,미달,0.0,0.0,0.0,0.0,0.0,0.0,0.0,0.0,0.0,0.0,0.0,0.0,8.0,9.0,2.0,,3.0,6.0,1.0,4.0,7.0,5.0,11.0,10.0
2022-12-13,실적,0.0,0.0,1.0,11,현금,,,1,1,0,False,0.0476,0.0909,미달,0.0,0.0,0.0,0.0,0.0,0.0,0.0,0.0,0.0,0.0,0.0,0.0,7.0,9.0,2.0,11.0,3.0,6.0,1.0,4.0,8.0,5.0,12.0,10.0
2022-12-14,실적,0.0,0.0,1.0,11,현금,,,1,1,0,False,0.039,0.0909,미달,0.0,0.0,0.0,0.0,0.0,0.0,0.0,0.0,0.0,0.0,0.0,0.0,8.0,9.0,2.0,11.0,3.0,6.0,1.0,4.0,7.0,5.0,12.0,10.0
2022-12-15,실적,1.0,1.0,0.0,11,폴백(여유부족),,,1,1,0,False,0.0476,0.0909,미달,0.0,0.9,0.0,0.0,0.0,0.0,0.1,0.0,0.0,0.0,0.0,0.0,8.0,9.0,2.0,11.0,3.0,6.0,1.0,4.0,7.0,5.0,12.0,10.0
2022-12-16,실적,1.0,1.0,0.0,11,폴백(여유부족),,,1,1,0,False,0.0563,0.0909,미달,0.0,0.9,0.0,0.0,0.0,0.0,0.1,0.0,0.0,0.0,0.0,0.0,8.0,9.0,2.0,11.0,3.0,6.0,1.0,4.0,7.0,5.0,12.0,10.0
2022-12-19,실적,1.0,1.0,0.0,10,폴백(여유부족),,,1,1,0,False,0.0628,0.1,미달,0.0,0.9,0.0,0.0,0.0,0.0,0.1,0.0,0.0,0.0,0.0,0.0,8.0,9.0,2.0,,3.0,6.0,1.0,4.0,7.0,5.0,11.0,10.0
2022-12-20,실적,0.0,0.0,1.0,10,현금,,,1,1,0,False,0.0714,0.1,미달,0.0,0.0,0.0,0.0,0.0,0.0,0.0,0.0,0.0,0.0,0.0,0.0,8.0,9.0,2.0,,3.0,6.0,1.0,4.0,7.0,5.0,11.0,10.0
2022-12-21,실적,0.0,0.0,1.0,10,현금,,,1,1,0,False,0.0779,0.1,미달,0.0,0.0,0.0,0.0,0.0,0.0,0.0,0.0,0.0,0.0,0.0,0.0,8.0,9.0,2.0,,3.0,6.0,1.0,4.0,7.0,5.0,11.0,10.0
2022-12-22,실적,0.0,0.0,1.0,10,현금,,,1,1,0,False,0.0887,0.1,미달,0.0,0.0,0.0,0.0,0.0,0.0,0.0,0.0,0.0,0.0,0.0,0.0,8.0,9.0,2.0,,3.0,6.0,1.0,4.0,7.0,5.0,11.0,10.0
2022-12-23,실적,0.0,0.0,1.0,10,현금,,,1,1,0,False,0.0996,0.1,미달,0.0,0.0,0.0,0.0,0.0,0.0,0.0,0.0,0.0,0.0,0.0,0.0,8.0,9.0,2.0,,4.0,6.0,1.0,3.0,7.0,5.0,11.0,10.0
2022-12-27,실적,0.0,0.0,1.0,10,현금,XLE,,1,1,0,False,0.1147,0.1,통과,0.0,0.0,0.0,0.0,0.0,0.0,0.0,0.0,0.0,0.0,0.0,0.0,8.0,9.0,2.0,,4.0,6.0,1.0,3.0,7.0,5.0,11.0,10.0
2022-12-28,실적,0.0,0.0,1.0,10,현금,XLE,,1,1,0,False,0.1212,0.1,통과,0.0,0.0,0.0,0.0,0.0,0.0,0.0,0.0,0.0,0.0,0.0,0.0,8.0,9.0,2.0,,4.0,6.0,1.0,3.0,7.0,5.0,11.0,10.0
2022-12-29,실적,0.0,0.0,1.0,10,현금,XLE,,1,1,0,False,0.1126,0.1,통과,0.0,0.0,0.0,0.0,0.0,0.0,0.0,0.0,0.0,0.0,0.0,0.0,8.0,9.0,3.0,,4.0,6.0,1.0,2.0,7.0,5.0,11.0,10.0
2022-12-30,실적,0.0,0.0,1.0,10,현금,XLE,,1,1,0,False,0.1039,0.1,통과,0.0,0.0,0.0,0.0,0.0,0.0,0.0,0.0,0.0,0.0,0.0,0.0,8.0,9.0,3.0,,4.0,6.0,1.0,2.0,7.0,5.0,11.0,10.0
2023-01-03,실적,0.0,0.0,1.0,10,현금,XLE,,2,1,0,True,0.1234,0.1,해당없음,0.0,0.0,0.0,0.0,0.0,0.0,0.0,0.0,0.0,0.0,0.0,0.0,8.0,9.0,3.0,,5.0,6.0,1.0,2.0,7.0,4.0,11.0,10.0
2023-01-04,실적,0.0,0.0,1.0,11,현금,XLE,,2,1,0,True,0.1429,0.0909,해당없음,0.0,0.0,0.0,0.0,0.0,0.0,0.0,0.0,0.0,0.0,0.0,0.0,8.0,9.0,4.0,11.0,5.0,6.0,1.0,2.0,7.0,3.0,12.0,10.0
2023-01-05,실적,0.0,0.0,1.0,11,현금,XLE,,2,1,0,True,0.158,0.0909,해당없음,0.0,0.0,0.0,0.0,0.0,0.0,0.0,0.0,0.0,0.0,0.0,0.0,8.0,9.0,4.0,11.0,5.0,6.0,1.0,2.0,7.0,3.0,12.0,10.0
2023-01-06,실적,0.0,0.0,1.0,11,현금,XLE,,2,1,0,True,0.1617,0.0909,해당없음,0.0,0.0,0.0,0.0,0.0,0.0,0.0,0.0,0.0,0.0,0.0,0.0,8.0,9.0,4.0,11.0,5.0,6.0,1.0,3.0,7.0,2.0,12.0,10.0
2023-01-09,실적,1.0,1.0,0.0,11,리더,XLE,,2,1,0,True,0.1667,0.0909,해당없음,0.0,0.9,0.0,0.0,0.0,0.0,0.1,0.0,0.0,0.0,0.0,0.0,8.0,9.0,4.0,11.0,5.0,6.0,1.0,3.0,7.0,2.0,12.0,10.0
2023-01-10,실적,1.0,1.0,0.0,11,리더,XLE,,2,1,0,True,0.1742,0.0909,해당없음,0.0,0.9,0.0,0.0,0.0,0.0,0.1,0.0,0.0,0.0,0.0,0.0,8.0,9.0,4.0,11.0,5.0,6.0,1.0,3.0,7.0,2.0,12.0,10.0
2023-01-11,실적,1.0,1.0,0.0,11,리더,XLE,,2,1,0,True,0.1842,0.0909,해당없음,0.0,0.9,0.0,0.0,0.0,0.0,0.1,0.0,0.0,0.0,0.0,0.0,8.0,9.0,4.0,11.0,5.0,6.0,1.0,3.0,7.0,2.0,12.0,10.0
2023-01-12,실적,1.0,1.0,0.0,11,리더,XLE,,2,1,0,True,0.2143,0.0909,해당없음,0.0,0.9,0.0,0.0,0.0,0.0,0.1,0.0,0.0,0.0,0.0,0.0,8.0,9.0,4.0,11.0,5.0,6.0,1.0,3.0,7.0,2.0,12.0,10.0
2023-01-13,실적,1.0,1.0,0.0,11,리더,XLE,,2,1,0,True,0.2422,0.0909,해당없음,0.0,0.9,0.0,0.0,0.0,0.0,0.1,0.0,0.0,0.0,0.0,0.0,8.0,10.0,4.0,11.0,5.0,6.0,1.0,3.0,7.0,2.0,12.0,9.0
2023-01-17,실적,1.0,1.0,0.0,11,리더,XLE,,2,1,0,True,0.2524,0.0909,해당없음,0.0,0.9,0.0,0.0,0.0,0.0,0.1,0.0,0.0,0.0,0.0,0.0,8.0,10.0,4.0,12.0,5.0,6.0,1.0,3.0,7.0,2.0,11.0,9.0
2023-01-18,실적,1.0,1.0,0.0,11,리더,XLE,,2,1,0,True,0.2626,0.0909,해당없음,0.0,0.9,0.0,0.0,0.0,0.0,0.1,0.0,0.0,0.0,0.0,0.0,9.0,10.0,3.0,12.0,4.0,7.0,1.0,5.0,6.0,2.0,11.0,8.0
2023-01-19,실적,1.0,1.0,0.0,11,리더,XLE,,2,1,0,True,0.2703,0.0909,해당없음,0.0,0.9,0.0,0.0,0.0,0.0,0.1,0.0,0.0,0.0,0.0,0.0,9.0,10.0,3.0,12.0,4.0,7.0,1.0,5.0,6.0,2.0,11.0,8.0
2023-01-20,실적,1.0,1.0,0.0,11,리더,XLE,,2,1,0,True,0.2805,0.0909,해당없음,0.0,0.9,0.0,0.0,0.0,0.0,0.1,0.0,0.0,0.0,0.0,0.0,10.0,9.0,3.0,12.0,4.0,7.0,1.0,5.0,6.0,2.0,11.0,8.0
2023-01-23,실적,1.0,1.0,0.0,11,리더,XLE,,2,1,0,True,0.2885,0.0909,해당없음,0.0,0.9,0.0,0.0,0.0,0.0,0.1,0.0,0.0,0.0,0.0,0.0,10.0,9.0,3.0,12.0,4.0,7.0,1.0,6.0,5.0,2.0,11.0,8.0
2023-01-24,실적,1.0,1.0,0.0,11,리더,XLE,,2,1,0,True,0.2965,0.0909,해당없음,0.0,0.9,0.0,0.0,0.0,0.0,0.1,0.0,0.0,0.0,0.0,0.0,10.0,9.0,3.0,12.0,4.0,7.0,1.0,6.0,5.0,2.0,11.0,8.0
2023-01-25,실적,1.0,1.0,0.0,11,리더,XLE,,2,1,0,True,0.3045,0.0909,해당없음,0.0,0.9,0.0,0.0,0.0,0.0,0.1,0.0,0.0,0.0,0.0,0.0,10.0,9.0,3.0,12.0,4.0,7.0,1.0,8.0,5.0,2.0,11.0,6.0
2023-01-26,실적,1.0,1.0,0.0,11,리더,XLE,,2,1,0,True,0.3147,0.0909,해당없음,0.0,0.9,0.0,0.0,0.0,0.0,0.1,0.0,0.0,0.0,0.0,0.0,10.0,9.0,3.0,12.0,5.0,7.0,1.0,8.0,4.0,2.0,11.0,6.0
2023-01-27,실적,1.0,1.0,0.0,11,폴백,,,2,1,0,True,0.3225,0.0909,해당없음,0.0,0.9,0.0,0.0,0.0,0.0,0.1,0.0,0.0,0.0,0.0,0.0,10.0,8.0,3.0,12.0,5.0,7.0,1.0,9.0,4.0,2.0,11.0,6.0
2023-01-30,실적,1.0,1.0,0.0,11,폴백,,,2,1,0,False,0.3262,0.0909,해당없음,0.0,0.9,0.0,0.0,0.0,0.0,0.1,0.0,0.0,0.0,0.0,0.0,10.0,8.0,2.0,12.0,6.0,7.0,1.0,9.0,4.0,3.0,11.0,5.0
2023-01-31,실적,1.0,1.0,0.0,11,폴백,,,2,1,0,False,0.316,0.0909,해당없음,0.0,0.9,0.0,0.0,0.0,0.0,0.1,0.0,0.0,0.0,0.0,0.0,9.0,8.0,2.0,12.0,6.0,7.0,1.0,10.0,4.0,3.0,11.0,5.0
2023-02-01,실적,1.0,1.0,0.0,11,폴백,,,2,1,0,False,0.3061,0.0909,해당없음,0.0,0.9,0.0,0.0,0.0,0.0,0.1,0.0,0.0,0.0,0.0,0.0,9.0,8.0,2.0,12.0,6.0,7.0,1.0,10.0,5.0,3.0,11.0,4.0
2023-02-02,실적,1.0,1.0,0.0,11,폴백,,,2,1,0,False,0.3039,0.0909,해당없음,0.0,0.9,0.0,0.0,0.0,0.0,0.1,0.0,0.0,0.0,0.0,0.0,9.0,8.0,2.0,12.0,6.0,7.0,1.0,10.0,5.0,3.0,11.0,4.0
2023-02-03,실적,1.0,1.0,0.0,11,폴백,,,2,1,0,False,0.297,0.0909,해당없음,0.0,0.9,0.0,0.0,0.0,0.0,0.1,0.0,0.0,0.0,0.0,0.0,10.0,8.0,2.0,12.0,6.0,7.0,1.0,9.0,5.0,3.0,11.0,4.0
2023-02-06,실적,1.0,1.0,0.0,11,폴백,,,2,1,0,False,0.2898,0.0909,해당없음,0.0,0.9,0.0,0.0,0.0,0.0,0.1,0.0,0.0,0.0,0.0,0.0,10.0,8.0,2.0,12.0,6.0,7.0,1.0,9.0,5.0,4.0,11.0,3.0
2023-02-07,실적,1.0,1.0,0.0,11,폴백,,,2,1,0,False,0.2911,0.0909,해당없음,0.0,0.9,0.0,0.0,0.0,0.0,0.1,0.0,0.0,0.0,0.0,0.0,10.0,9.0,3.0,12.0,6.0,7.0,1.0,8.0,5.0,4.0,11.0,2.0
2023-02-08,실적,1.0,1.0,0.0,11,폴백,,,2,1,0,False,0.2777,0.0909,해당없음,0.0,0.9,0.0,0.0,0.0,0.0,0.1,0.0,0.0,0.0,0.0,0.0,10.0,9.0,4.0,12.0,6.0,8.0,1.0,7.0,5.0,2.0,11.0,3.0
2023-02-09,실적,1.0,1.0,0.0,11,폴백,,,2,1,0,False,0.2565,0.0909,해당없음,0.0,0.9,0.0,0.0,0.0,0.0,0.1,0.0,0.0,0.0,0.0,0.0,10.0,9.0,4.0,12.0,7.0,8.0,1.0,6.0,5.0,2.0,11.0,3.0
2023-02-10,실적,1.0,1.0,0.0,11,폴백,,,2,1,0,False,0.2351,0.0909,해당없음,0.0,0.9,0.0,0.0,0.0,0.0,0.1,0.0,0.0,0.0,0.0,0.0,11.0,9.0,4.0,12.0,7.0,8.0,1.0,6.0,5.0,2.0,10.0,3.0
2023-02-13,실적,1.0,1.0,0.0,11,폴백,,,2,1,0,False,0.2065,0.0909,해당없음,0.0,0.9,0.0,0.0,0.0,0.0,0.1,0.0,0.0,0.0,0.0,0.0,10.0,11.0,4.0,12.0,7.0,8.0,1.0,6.0,5.0,2.0,9.0,3.0
2023-02-14,실적,1.0,1.0,0.0,11,폴백,,,2,1,0,False,0.1779,0.0909,해당없음,0.0,0.9,0.0,0.0,0.0,0.0,0.1,0.0,0.0,0.0,0.0,0.0,10.0,11.0,4.0,12.0,7.0,8.0,1.0,5.0,6.0,2.0,9.0,3.0
2023-02-15,실적,1.0,1.0,0.0,11,폴백,,,2,1,0,False,0.1589,0.0909,해당없음,0.0,0.9,0.0,0.0,0.0,0.0,0.1,0.0,0.0,0.0,0.0,0.0,10.0,11.0,4.0,12.0,7.0,8.0,1.0,5.0,6.0,2.0,9.0,3.0
2023-02-16,실적,1.0,1.0,0.0,11,폴백,,,2,1,0,False,0.1398,0.0909,해당없음,0.0,0.9,0.0,0.0,0.0,0.0,0.1,0.0,0.0,0.0,0.0,0.0,10.0,11.0,4.0,12.0,7.0,8.0,1.0,5.0,6.0,2.0,9.0,3.0
2023-02-17,실적,1.0,1.0,0.0,11,폴백,,,2,1,0,False,0.1232,0.0909,해당없음,0.0,0.9,0.0,0.0,0.0,0.0,0.1,0.0,0.0,0.0,0.0,0.0,10.0,11.0,4.0,12.0,6.0,7.0,1.0,5.0,8.0,2.0,9.0,3.0
2023-02-21,실적,1.0,1.0,0.0,11,폴백,,,2,1,0,False,0.1041,0.0909,해당없음,0.0,0.9,0.0,0.0,0.0,0.0,0.1,0.0,0.0,0.0,0.0,0.0,10.0,11.0,4.0,12.0,6.0,7.0,1.0,5.0,8.0,2.0,9.0,3.0
2023-02-22,실적,1.0,1.0,0.0,11,폴백,,,2,1,0,False,0.0829,0.0909,해당없음,0.0,0.9,0.0,0.0,0.0,0.0,0.1,0.0,0.0,0.0,0.0,0.0,10.0,11.0,5.0,12.0,6.0,7.0,1.0,4.0,8.0,2.0,9.0,3.0
2023-02-23,실적,1.0,1.0,0.0,11,폴백,,,2,1,0,False,0.0617,0.0909,해당없음,0.0,0.9,0.0,0.0,0.0,0.0,0.1,0.0,0.0,0.0,0.0,0.0,9.0,11.0,5.0,12.0,6.0,7.0,1.0,4.0,8.0,2.0,10.0,3.0
2023-02-24,실적,1.0,1.0,0.0,11,폴백,,,2,1,0,False,0.0405,0.0909,해당없음,0.0,0.9,0.0,0.0,0.0,0.0,0.1,0.0,0.0,0.0,0.0,0.0,9.0,11.0,5.0,12.0,6.0,7.0,1.0,4.0,8.0,2.0,10.0,3.0
2023-02-27,실적,1.0,1.0,0.0,11,폴백,,,2,1,0,False,0.0214,0.0909,해당없음,0.0,0.9,0.0,0.0,0.0,0.0,0.1,0.0,0.0,0.0,0.0,0.0,9.0,11.0,5.0,12.0,6.0,7.0,1.0,4.0,8.0,2.0,10.0,3.0
2023-02-28,실적,1.0,1.0,0.0,11,폴백,,,2,1,0,False,0.0048,0.0909,해당없음,0.0,0.9,0.0,0.0,0.0,0.0,0.1,0.0,0.0,0.0,0.0,0.0,9.0,11.0,5.0,12.0,6.0,7.0,1.0,3.0,8.0,2.0,10.0,4.0
2023-03-01,실적,1.0,1.0,0.0,11,폴백,,,2,0,0,False,0.0119,0.0909,해당없음,0.0,0.9,0.0,0.0,0.0,0.0,0.0,0.0,0.0,0.1,0.0,0.0,9.0,11.0,5.0,12.0,6.0,7.0,2.0,3.0,8.0,1.0,10.0,4.0
2023-03-02,실적,0.0,0.0,1.0,11,현금,,,2,0,0,False,0.024,0.0909,해당없음,0.0,0.0,0.0,0.0,0.0,0.0,0.0,0.0,0.0,0.0,0.0,0.0,9.0,11.0,5.0,12.0,6.0,7.0,2.0,3.0,8.0,1.0,10.0,4.0
2023-03-03,실적,0.0,0.0,1.0,11,현금,,,2,0,0,False,0.0288,0.0909,해당없음,0.0,0.0,0.0,0.0,0.0,0.0,0.0,0.0,0.0,0.0,0.0,0.0,9.0,11.0,5.0,12.0,6.0,7.0,2.0,3.0,8.0,1.0,10.0,4.0
2023-03-06,실적,0.0,0.0,1.0,11,현금,,,2,0,0,False,0.0221,0.0909,해당없음,0.0,0.0,0.0,0.0,0.0,0.0,0.0,0.0,0.0,0.0,0.0,0.0,9.0,11.0,5.0,12.0,6.0,7.0,2.0,3.0,8.0,1.0,10.0,4.0
2023-03-07,실적,0.0,0.0,1.0,11,현금,,,2,0,0,False,0.0089,0.0909,해당없음,0.0,0.0,0.0,0.0,0.0,0.0,0.0,0.0,0.0,0.0,0.0,0.0,9.0,11.0,6.0,12.0,5.0,7.0,2.0,3.0,8.0,1.0,10.0,4.0
2023-03-08,실적,0.0,0.0,1.0,11,현금,,,2,1,0,False,0.0041,0.0909,해당없음,0.0,0.0,0.0,0.0,0.0,0.0,0.0,0.0,0.0,0.0,0.0,0.0,9.0,11.0,6.0,12.0,5.0,7.0,1.0,3.0,8.0,2.0,10.0,4.0
2023-03-09,실적,0.0,0.0,1.0,11,현금,,,2,1,0,False,0.024,0.0909,해당없음,0.0,0.0,0.0,0.0,0.0,0.0,0.0,0.0,0.0,0.0,0.0,0.0,9.0,11.0,7.0,12.0,5.0,6.0,1.0,3.0,8.0,2.0,10.0,4.0
2023-03-10,실적,0.0,0.0,1.0,11,현금,,,2,1,0,False,0.0444,0.0909,해당없음,0.0,0.0,0.0,0.0,0.0,0.0,0.0,0.0,0.0,0.0,0.0,0.0,9.0,11.0,7.0,12.0,5.0,6.0,1.0,3.0,8.0,2.0,10.0,4.0
2023-03-13,실적,0.0,0.0,1.0,11,현금,,,2,1,0,False,0.069,0.0909,해당없음,0.0,0.0,0.0,0.0,0.0,0.0,0.0,0.0,0.0,0.0,0.0,0.0,9.0,11.0,7.0,12.0,5.0,6.0,1.0,3.0,8.0,2.0,10.0,4.0
2023-03-14,실적,1.0,1.0,0.0,11,폴백,,,2,1,0,False,0.0894,0.0909,해당없음,0.0,0.9,0.0,0.0,0.0,0.0,0.1,0.0,0.0,0.0,0.0,0.0,9.0,11.0,7.0,12.0,5.0,6.0,1.0,3.0,8.0,2.0,10.0,4.0
2023-03-15,실적,1.0,1.0,0.0,11,폴백,,,2,1,0,False,0.1165,0.0909,해당없음,0.0,0.9,0.0,0.0,0.0,0.0,0.1,0.0,0.0,0.0,0.0,0.0,9.0,11.0,7.0,12.0,5.0,6.0,1.0,3.0,8.0,2.0,10.0,4.0
2023-03-16,실적,1.0,1.0,0.0,11,폴백,,,2,1,0,False,0.1459,0.0909,해당없음,0.0,0.9,0.0,0.0,0.0,0.0,0.1,0.0,0.0,0.0,0.0,0.0,9.0,11.0,7.0,12.0,5.0,6.0,1.0,3.0,8.0,2.0,10.0,4.0
2023-03-17,실적,1.0,1.0,0.0,11,폴백,,,2,1,0,False,0.1593,0.0909,해당없음,0.0,0.9,0.0,0.0,0.0,0.0,0.1,0.0,0.0,0.0,0.0,0.0,9.0,11.0,8.0,12.0,5.0,6.0,1.0,3.0,7.0,2.0,10.0,4.0
2023-03-20,실적,1.0,1.0,0.0,11,폴백,,,2,1,0,False,0.1753,0.0909,해당없음,0.0,0.9,0.0,0.0,0.0,0.0,0.1,0.0,0.0,0.0,0.0,0.0,9.0,11.0,8.0,12.0,5.0,6.0,1.0,3.0,7.0,2.0,10.0,4.0
2023-03-21,실적,1.0,1.0,0.0,11,폴백,,,2,1,0,False,0.1844,0.0909,해당없음,0.0,0.9,0.0,0.0,0.0,0.0,0.1,0.0,0.0,0.0,0.0,0.0,9.0,11.0,8.0,12.0,5.0,6.0,1.0,3.0,7.0,2.0,10.0,4.0
2023-03-22,실적,1.0,1.0,0.0,11,폴백,,,2,1,0,False,0.1935,0.0909,해당없음,0.0,0.9,0.0,0.0,0.0,0.0,0.1,0.0,0.0,0.0,0.0,0.0,9.0,11.0,8.0,12.0,5.0,6.0,1.0,3.0,7.0,2.0,10.0,4.0
2023-03-23,실적,1.0,1.0,0.0,11,폴백,,,2,1,0,False,0.1978,0.0909,해당없음,0.0,0.9,0.0,0.0,0.0,0.0,0.1,0.0,0.0,0.0,0.0,0.0,9.0,11.0,8.0,12.0,6.0,5.0,1.0,3.0,7.0,2.0,10.0,4.0
2023-03-24,실적,1.0,1.0,0.0,11,폴백,,,2,1,0,False,0.2115,0.0909,해당없음,0.0,0.9,0.0,0.0,0.0,0.0,0.1,0.0,0.0,0.0,0.0,0.0,9.0,11.0,8.0,12.0,6.0,5.0,1.0,3.0,7.0,2.0,10.0,4.0
2023-03-27,실적,1.0,1.0,0.0,11,폴백,,,2,1,0,False,0.2251,0.0909,해당없음,0.0,0.9,0.0,0.0,0.0,0.0,0.1,0.0,0.0,0.0,0.0,0.0,9.0,11.0,8.0,12.0,7.0,4.0,1.0,3.0,5.0,2.0,10.0,6.0
2023-03-28,실적,1.0,1.0,0.0,11,폴백,,,2,1,0,False,0.2411,0.0909,해당없음,0.0,0.9,0.0,0.0,0.0,0.0,0.1,0.0,0.0,0.0,0.0,0.0,10.0,11.0,8.0,12.0,7.0,4.0,1.0,3.0,5.0,2.0,9.0,6.0
2023-03-29,실적,1.0,1.0,0.0,11,폴백,,,2,1,0,False,0.2615,0.0909,해당없음,0.0,0.9,0.0,0.0,0.0,0.0,0.1,0.0,0.0,0.0,0.0,0.0,10.0,11.0,8.0,12.0,6.0,4.0,1.0,3.0,5.0,2.0,9.0,7.0
2023-03-30,실적,1.0,1.0,0.0,11,리더,XLE,,2,2,0,False,0.2818,0.0909,통과,0.0,0.9,0.0,0.0,0.0,0.0,0.1,0.0,0.0,0.0,0.0,0.0,10.0,11.0,9.0,12.0,6.0,5.0,1.0,3.0,4.0,2.0,8.0,7.0
2023-03-31,실적,1.0,1.0,0.0,11,리더,XLE,,2,1,0,True,0.2952,0.0909,해당없음,0.0,0.9,0.0,0.0,0.0,0.0,0.1,0.0,0.0,0.0,0.0,0.0,11.0,10.0,9.0,12.0,6.0,4.0,1.0,3.0,5.0,2.0,8.0,7.0
2023-04-03,실적,1.0,1.0,0.0,11,리더,XLE,,2,1,0,True,0.3182,0.0909,해당없음,0.0,0.9,0.0,0.0,0.0,0.0,0.1,0.0,0.0,0.0,0.0,0.0,11.0,9.0,10.0,12.0,6.0,5.0,1.0,3.0,4.0,2.0,8.0,7.0
2023-04-04,실적,1.0,1.0,0.0,11,리더,XLE,,2,1,0,True,0.3303,0.0909,해당없음,0.0,0.9,0.0,0.0,0.0,0.0,0.1,0.0,0.0,0.0,0.0,0.0,11.0,9.0,10.0,12.0,6.0,5.0,1.0,2.0,4.0,3.0,7.0,8.0
2023-04-05,실적,1.0,1.0,0.0,11,리더,XLE,,2,1,0,True,0.3374,0.0909,해당없음,0.0,0.9,0.0,0.0,0.0,0.0,0.1,0.0,0.0,0.0,0.0,0.0,10.0,9.0,11.0,12.0,7.0,5.0,1.0,2.0,3.0,4.0,6.0,8.0
2023-04-06,실적,1.0,1.0,0.0,11,리더,XLE,,2,1,0,True,0.3446,0.0909,해당없음,0.0,0.9,0.0,0.0,0.0,0.0,0.1,0.0,0.0,0.0,0.0,0.0,10.0,8.0,11.0,12.0,7.0,5.0,1.0,2.0,3.0,4.0,6.0,9.0
2023-04-10,실적,1.0,1.0,0.0,11,리더,XLE,,2,1,0,True,0.34,0.0909,해당없음,0.0,0.9,0.0,0.0,0.0,0.0,0.1,0.0,0.0,0.0,0.0,0.0,10.0,7.0,11.0,12.0,8.0,5.0,1.0,3.0,2.0,4.0,6.0,9.0
2023-04-11,실적,1.0,1.0,0.0,11,리더,XLE,,2,1,0,True,0.34,0.0909,해당없음,0.0,0.9,0.0,0.0,0.0,0.0,0.1,0.0,0.0,0.0,0.0,0.0,10.0,7.0,11.0,12.0,8.0,4.0,1.0,3.0,2.0,5.0,6.0,9.0
2023-04-12,실적,1.0,1.0,0.0,11,리더,XLE,,2,1,0,True,0.3448,0.0909,해당없음,0.0,0.9,0.0,0.0,0.0,0.0,0.1,0.0,0.0,0.0,0.0,0.0,10.0,6.0,11.0,12.0,8.0,4.0,1.0,3.0,2.0,7.0,5.0,9.0
2023-04-13,실적,1.0,1.0,0.0,11,리더,XLE,,2,1,0,True,0.3541,0.0909,해당없음,0.0,0.9,0.0,0.0,0.0,0.0,0.1,0.0,0.0,0.0,0.0,0.0,10.0,4.0,11.0,12.0,8.0,6.0,1.0,2.0,3.0,7.0,5.0,9.0
2023-04-14,실적,1.0,1.0,0.0,11,리더,XLE,,2,1,0,True,0.3517,0.0909,해당없음,0.0,0.9,0.0,0.0,0.0,0.0,0.1,0.0,0.0,0.0,0.0,0.0,9.0,3.0,11.0,12.0,8.0,6.0,1.0,2.0,4.0,7.0,5.0,10.0
2023-04-17,실적,1.0,1.0,0.0,11,리더,XLE,,2,1,0,True,0.3517,0.0909,해당없음,0.0,0.9,0.0,0.0,0.0,0.0,0.1,0.0,0.0,0.0,0.0,0.0,9.0,3.0,11.0,12.0,8.0,6.0,1.0,2.0,5.0,7.0,4.0,10.0
2023-04-18,실적,0.69,0.8453,0.1547,11,리더,XLE,,2,1,0,True,0.3563,0.0909,해당없음,0.0,0.6216,0.0,0.0,0.1547,0.0,0.0691,0.0,0.0,0.0,0.0,0.0,9.0,3.0,11.0,12.0,8.0,6.0,1.0,2.0,5.0,7.0,4.0,10.0
2023-04-19,실적,0.0,0.0,1.0,11,현금,XLE,,2,1,0,True,0.3539,0.0909,해당없음,0.0,0.0,0.0,0.0,0.0,0.0,0.0,0.0,0.0,0.0,0.0,0.0,9.0,3.0,11.0,12.0,8.0,5.0,1.0,2.0,6.0,7.0,4.0,10.0
2023-04-20,실적,0.0,0.0,1.0,11,현금,XLE,,2,1,0,True,0.35,0.0909,해당없음,0.0,0.0,0.0,0.0,0.0,0.0,0.0,0.0,0.0,0.0,0.0,0.0,9.0,2.0,10.0,12.0,8.0,5.0,1.0,3.0,6.0,7.0,4.0,11.0
2023-04-21,실적,0.0,0.0,1.0,11,현금,XLE,,2,1,0,True,0.3323,0.0909,해당없음,0.0,0.0,0.0,0.0,0.0,0.0,0.0,0.0,0.0,0.0,0.0,0.0,8.0,2.0,10.0,12.0,9.0,5.0,1.0,3.0,6.0,7.0,4.0,11.0
2023-04-24,실적,0.0,0.0,1.0,11,현금,XLE,,2,1,0,True,0.3147,0.0909,해당없음,0.0,0.0,0.0,0.0,0.0,0.0,0.0,0.0,0.0,0.0,0.0,0.0,7.0,2.0,10.0,12.0,8.0,5.0,1.0,3.0,6.0,9.0,4.0,11.0
2023-04-25,실적,0.74,0.8677,0.1323,11,리더,XLE,,2,1,0,True,0.2996,0.0909,해당없음,0.0,0.6618,0.0,0.0,0.1323,0.0,0.0735,0.0,0.0,0.0,0.0,0.0,7.0,2.0,9.0,12.0,8.0,5.0,1.0,3.0,6.0,10.0,4.0,11.0
2023-04-26,실적,0.73,0.8645,0.1355,11,리더,XLE,,2,1,0,True,0.2913,0.0909,해당없음,0.0,0.656,0.0,0.0,0.1355,0.0,0.0729,0.0,0.0,0.0,0.0,0.0,7.0,2.0,9.0,12.0,8.0,5.0,1.0,4.0,6.0,10.0,3.0,11.0
2023-04-27,실적,0.0,0.0,1.0,11,현금,XLE,,2,1,0,True,0.2738,0.0909,해당없음,0.0,0.0,0.0,0.0,0.0,0.0,0.0,0.0,0.0,0.0,0.0,0.0,6.0,2.0,8.0,10.0,9.0,7.0,1.0,4.0,5.0,11.0,3.0,12.0
2023-04-28,실적,0.66,0.8324,0.1676,11,리더,XLE,,2,1,0,True,0.2584,0.0909,해당없음,0.0,0.5983,0.0,0.0,0.1676,0.0,0.0665,0.0,0.0,0.0,0.0,0.0,5.0,2.0,8.0,10.0,9.0,7.0,1.0,4.0,6.0,11.0,3.0,12.0
2023-05-01,실적,0.0,0.0,1.0,11,현금,,,2,1,0,True,0.2455,0.0909,해당없음,0.0,0.0,0.0,0.0,0.0,0.0,0.0,0.0,0.0,0.0,0.0,0.0,5.0,2.0,8.0,9.0,10.0,7.0,1.0,4.0,6.0,12.0,3.0,11.0
2023-05-02,실적,0.68,0.838,0.162,11,폴백,,,2,1,0,False,0.2301,0.0909,해당없음,0.0,0.6084,0.0,0.0,0.162,0.0,0.0676,0.0,0.0,0.0,0.0,0.0,5.0,2.0,8.0,9.0,10.0,7.0,1.0,4.0,6.0,12.0,3.0,11.0
2023-05-03,실적,0.67,0.8357,0.1643,11,폴백,,,2,1,0,False,0.2171,0.0909,해당없음,0.0,0.6042,0.0,0.0,0.1643,0.0,0.0671,0.0,0.0,0.0,0.0,0.0,5.0,2.0,7.0,9.0,10.0,8.0,1.0,4.0,6.0,12.0,3.0,11.0
2023-05-04,실적,0.66,0.8299,0.1701,11,폴백,,,2,1,0,False,0.1972,0.0909,해당없음,0.0,0.5937,0.0,0.0,0.1701,0.0,0.066,0.0,0.0,0.0,0.0,0.0,5.0,2.0,6.0,9.0,10.0,8.0,1.0,4.0,7.0,11.0,3.0,12.0
2023-05-05,실적,0.0,0.0,1.0,11,현금,,,2,1,0,False,0.1816,0.0909,해당없음,0.0,0.0,0.0,0.0,0.0,0.0,0.0,0.0,0.0,0.0,0.0,0.0,5.0,2.0,6.0,9.0,10.0,8.0,1.0,4.0,7.0,11.0,3.0,12.0
2023-05-08,실적,0.6,0.8,0.2,11,폴백,,,2,1,0,False,0.1665,0.0909,해당없음,0.0,0.54,0.0,0.0,0.2,0.0,0.06,0.0,0.0,0.0,0.0,0.0,5.0,2.0,6.0,8.0,10.0,9.0,1.0,4.0,7.0,11.0,3.0,12.0
2023-05-09,실적,0.6,0.8,0.2,11,폴백,,,2,1,0,False,0.1556,0.0909,해당없음,0.0,0.54,0.0,0.0,0.2,0.0,0.06,0.0,0.0,0.0,0.0,0.0,4.0,2.0,6.0,8.0,10.0,9.0,1.0,5.0,7.0,11.0,3.0,12.0
2023-05-10,실적,0.6,0.8,0.2,11,폴백,,,2,1,0,False,0.1422,0.0909,해당없음,0.0,0.54,0.0,0.0,0.2,0.0,0.06,0.0,0.0,0.0,0.0,0.0,4.0,2.0,6.0,7.0,10.0,9.0,1.0,5.0,8.0,11.0,3.0,12.0
2023-05-11,실적,0.62,0.8081,0.1919,11,폴백,,,2,1,0,False,0.1353,0.0909,해당없음,0.0,0.5546,0.0,0.0,0.1919,0.0,0.0616,0.0,0.0,0.0,0.0,0.0,4.0,2.0,6.0,7.0,10.0,9.0,1.0,5.0,8.0,11.0,3.0,12.0
2023-05-12,실적,0.62,0.8085,0.1915,11,폴백,,,2,1,0,False,0.126,0.0909,해당없음,0.0,0.5554,0.0,0.0,0.1915,0.0,0.0617,0.0,0.0,0.0,0.0,0.0,4.0,2.0,6.0,7.0,10.0,9.0,1.0,5.0,8.0,12.0,3.0,11.0
2023-05-15,실적,1.0,1.0,0.0,11,폴백,,,2,1,0,False,0.1143,0.0909,해당없음,0.0,0.9,0.0,0.0,0.0,0.0,0.1,0.0,0.0,0.0,0.0,0.0,4.0,2.0,6.0,7.0,10.0,9.0,1.0,5.0,8.0,12.0,3.0,11.0
2023-05-16,실적,1.0,1.0,0.0,11,폴백,,,2,1,0,False,0.1074,0.0909,해당없음,0.0,0.9,0.0,0.0,0.0,0.0,0.1,0.0,0.0,0.0,0.0,0.0,4.0,2.0,6.0,8.0,10.0,9.0,1.0,5.0,7.0,12.0,3.0,11.0
2023-05-17,실적,1.0,1.0,0.0,11,폴백,,,2,1,0,False,0.0937,0.0909,해당없음,0.0,0.9,0.0,0.0,0.0,0.0,0.1,0.0,0.0,0.0,0.0,0.0,4.0,2.0,5.0,8.0,11.0,9.0,1.0,6.0,7.0,12.0,3.0,10.0
2023-05-18,실적,0.6,0.8,0.2,11,폴백,,,2,1,0,False,0.0779,0.0909,해당없음,0.0,0.54,0.0,0.0,0.2,0.0,0.06,0.0,0.0,0.0,0.0,0.0,4.0,2.0,5.0,8.0,11.0,9.0,1.0,6.0,7.0,12.0,3.0,10.0
2023-05-19,실적,0.6,0.8,0.2,11,폴백,,,2,1,0,False,0.0645,0.0909,해당없음,0.0,0.54,0.0,0.0,0.2,0.0,0.06,0.0,0.0,0.0,0.0,0.0,4.0,2.0,5.0,8.0,10.0,9.0,1.0,6.0,7.0,12.0,3.0,11.0
2023-05-22,실적,0.6,0.8,0.2,11,폴백,,,2,1,0,False,0.0537,0.0909,해당없음,0.0,0.54,0.0,0.0,0.2,0.0,0.06,0.0,0.0,0.0,0.0,0.0,4.0,2.0,5.0,7.0,10.0,8.0,1.0,6.0,9.0,12.0,3.0,11.0
2023-05-23,실적,0.6,0.8,0.2,11,폴백,,,2,1,0,False,0.0496,0.0909,해당없음,0.0,0.54,0.0,0.0,0.2,0.0,0.06,0.0,0.0,0.0,0.0,0.0,4.0,2.0,5.0,7.0,10.0,8.0,1.0,6.0,9.0,12.0,3.0,11.0
2023-05-24,실적,0.6,0.8,0.2,11,폴백,,,2,1,0,False,0.0476,0.0909,해당없음,0.0,0.54,0.0,0.0,0.2,0.0,0.06,0.0,0.0,0.0,0.0,0.0,4.0,2.0,5.0,7.0,10.0,8.0,1.0,6.0,9.0,12.0,3.0,11.0
2023-05-25,실적,0.0,0.0,1.0,11,현금,,,2,1,0,False,0.0348,0.0909,해당없음,0.0,0.0,0.0,0.0,0.0,0.0,0.0,0.0,0.0,0.0,0.0,0.0,4.0,2.0,5.0,7.0,10.0,8.0,1.0,6.0,9.0,12.0,3.0,11.0
2023-05-26,실적,0.0,0.0,1.0,11,현금,,,2,0,0,False,0.0199,0.0909,해당없음,0.0,0.0,0.0,0.0,0.0,0.0,0.0,0.0,0.0,0.0,0.0,0.0,4.0,2.0,5.0,7.0,10.0,8.0,1.0,6.0,9.0,12.0,3.0,11.0
2023-05-30,실적,0.0,0.0,1.0,11,현금,,,2,0,0,False,0.0026,0.0909,해당없음,0.0,0.0,0.0,0.0,0.0,0.0,0.0,0.0,0.0,0.0,0.0,0.0,4.0,2.0,5.0,7.0,9.0,8.0,1.0,6.0,10.0,12.0,3.0,11.0
2023-05-31,실적,0.0,0.0,1.0,11,현금,,,2,1,0,False,0.0147,0.0909,해당없음,0.0,0.0,0.0,0.0,0.0,0.0,0.0,0.0,0.0,0.0,0.0,0.0,4.0,1.0,5.0,7.0,8.0,9.0,2.0,6.0,11.0,12.0,3.0,10.0
2023-06-01,실적,0.0,0.0,1.0,11,현금,,,2,1,0,False,0.032,0.0909,해당없음,0.0,0.0,0.0,0.0,0.0,0.0,0.0,0.0,0.0,0.0,0.0,0.0,4.0,1.0,5.0,7.0,8.0,9.0,2.0,6.0,11.0,12.0,3.0,10.0
2023-06-02,실적,0.0,0.0,1.0,11,현금,,,2,1,0,False,0.0537,0.0909,해당없음,0.0,0.0,0.0,0.0,0.0,0.0,0.0,0.0,0.0,0.0,0.0,0.0,4.0,1.0,5.0,6.0,8.0,9.0,2.0,7.0,11.0,12.0,3.0,10.0
2023-06-05,실적,0.0,0.0,1.0,11,현금,,,2,1,0,False,0.0641,0.0909,해당없음,0.0,0.0,0.0,0.0,0.0,0.0,0.0,0.0,0.0,0.0,0.0,0.0,4.0,1.0,5.0,6.0,8.0,10.0,2.0,7.0,11.0,12.0,3.0,9.0
2023-06-06,실적,0.0,0.0,1.0,11,현금,,,2,1,0,False,0.0874,0.0909,해당없음,0.0,0.0,0.0,0.0,0.0,0.0,0.0,0.0,0.0,0.0,0.0,0.0,4.0,1.0,5.0,7.0,6.0,10.0,2.0,8.0,12.0,11.0,3.0,9.0
2023-06-07,실적,0.0,0.0,1.0,11,현금,,,2,1,0,False,0.1091,0.0909,해당없음,0.0,0.0,0.0,0.0,0.0,0.0,0.0,0.0,0.0,0.0,0.0,0.0,4.0,1.0,5.0,7.0,6.0,10.0,2.0,8.0,12.0,11.0,3.0,9.0
2023-06-08,실적,0.0,0.0,1.0,11,현금,,,2,1,0,False,0.1258,0.0909,해당없음,0.0,0.0,0.0,0.0,0.0,0.0,0.0,0.0,0.0,0.0,0.0,0.0,4.0,1.0,6.0,7.0,5.0,10.0,2.0,8.0,12.0,11.0,3.0,9.0
2023-06-09,실적,0.0,0.0,1.0,11,현금,,,2,1,0,False,0.1446,0.0909,해당없음,0.0,0.0,0.0,0.0,0.0,0.0,0.0,0.0,0.0,0.0,0.0,0.0,4.0,1.0,6.0,8.0,5.0,10.0,2.0,7.0,12.0,11.0,3.0,9.0
2023-06-12,실적,0.0,0.0,1.0,11,현금,,,2,1,0,False,0.1355,0.0909,해당없음,0.0,0.0,0.0,0.0,0.0,0.0,0.0,0.0,0.0,0.0,0.0,0.0,4.0,1.0,6.0,7.0,5.0,10.0,3.0,8.0,12.0,11.0,2.0,9.0
2023-06-13,실적,0.0,0.0,1.0,11,현금,,,2,1,0,False,0.1305,0.0909,해당없음,0.0,0.0,0.0,0.0,0.0,0.0,0.0,0.0,0.0,0.0,0.0,0.0,4.0,1.0,6.0,8.0,5.0,10.0,3.0,7.0,12.0,11.0,2.0,9.0
2023-06-14,실적,0.0,0.0,1.0,11,현금,,,2,1,0,False,0.1165,0.0909,해당없음,0.0,0.0,0.0,0.0,0.0,0.0,0.0,0.0,0.0,0.0,0.0,0.0,4.0,1.0,6.0,8.0,5.0,11.0,3.0,7.0,12.0,10.0,2.0,9.0
2023-06-15,실적,0.0,0.0,1.0,11,현금,,,2,1,0,False,0.103,0.0909,해당없음,0.0,0.0,0.0,0.0,0.0,0.0,0.0,0.0,0.0,0.0,0.0,0.0,3.0,1.0,6.0,8.0,5.0,11.0,4.0,7.0,12.0,10.0,2.0,9.0
2023-06-16,실적,0.0,0.0,1.0,11,현금,,,2,1,0,False,0.0918,0.0909,해당없음,0.0,0.0,0.0,0.0,0.0,0.0,0.0,0.0,0.0,0.0,0.0,0.0,3.0,1.0,6.0,8.0,4.0,11.0,5.0,7.0,12.0,10.0,2.0,9.0
2023-06-20,실적,0.0,0.0,1.0,11,현금,,,2,1,0,False,0.0719,0.0909,해당없음,0.0,0.0,0.0,0.0,0.0,0.0,0.0,0.0,0.0,0.0,0.0,0.0,3.0,1.0,6.0,8.0,4.0,11.0,5.0,7.0,12.0,10.0,2.0,9.0
2023-06-21,실적,0.0,0.0,1.0,11,현금,,,2,1,0,False,0.0541,0.0909,해당없음,0.0,0.0,0.0,0.0,0.0,0.0,0.0,0.0,0.0,0.0,0.0,0.0,3.0,1.0,7.0,8.0,4.0,11.0,5.0,6.0,12.0,10.0,2.0,9.0
2023-06-22,실적,0.0,0.0,1.0,11,현금,,,2,1,0,False,0.0387,0.0909,해당없음,0.0,0.0,0.0,0.0,0.0,0.0,0.0,0.0,0.0,0.0,0.0,0.0,3.0,1.0,7.0,8.0,4.0,11.0,5.0,6.0,12.0,10.0,2.0,9.0
2023-06-23,실적,0.0,0.0,1.0,11,현금,,,2,1,0,False,0.0212,0.0909,해당없음,0.0,0.0,0.0,0.0,0.0,0.0,0.0,0.0,0.0,0.0,0.0,0.0,3.0,1.0,7.0,8.0,4.0,11.0,5.0,6.0,12.0,10.0,2.0,9.0
2023-06-26,실적,0.0,0.0,1.0,11,현금,,,2,1,0,False,0.0126,0.0909,해당없음,0.0,0.0,0.0,0.0,0.0,0.0,0.0,0.0,0.0,0.0,0.0,0.0,3.0,1.0,8.0,7.0,4.0,11.0,5.0,6.0,12.0,10.0,2.0,9.0
2023-06-27,실적,0.0,0.0,1.0,11,현금,,,2,1,0,False,0.0063,0.0909,해당없음,0.0,0.0,0.0,0.0,0.0,0.0,0.0,0.0,0.0,0.0,0.0,0.0,3.0,1.0,8.0,7.0,4.0,11.0,5.0,6.0,12.0,10.0,2.0,9.0
2023-06-28,실적,0.0,0.0,1.0,11,현금,,,2,1,0,False,0.0022,0.0909,해당없음,0.0,0.0,0.0,0.0,0.0,0.0,0.0,0.0,0.0,0.0,0.0,0.0,3.0,1.0,8.0,7.0,4.0,11.0,5.0,6.0,12.0,10.0,2.0,9.0
2023-06-29,실적,0.0,0.0,1.0,11,현금,,,2,1,0,False,0.0065,0.0909,해당없음,0.0,0.0,0.0,0.0,0.0,0.0,0.0,0.0,0.0,0.0,0.0,0.0,3.0,2.0,9.0,7.0,5.0,11.0,4.0,6.0,12.0,8.0,1.0,10.0
2023-06-30,실적,0.0,0.0,1.0,11,현금,,,2,1,0,False,0.0199,0.0909,해당없음,0.0,0.0,0.0,0.0,0.0,0.0,0.0,0.0,0.0,0.0,0.0,0.0,3.0,2.0,10.0,7.0,5.0,11.0,4.0,6.0,12.0,8.0,1.0,9.0
2023-07-03,실적,0.0,0.0,1.0,11,현금,,,2,1,0,False,0.0381,0.0909,해당없음,0.0,0.0,0.0,0.0,0.0,0.0,0.0,0.0,0.0,0.0,0.0,0.0,3.0,2.0,10.0,8.0,5.0,11.0,4.0,6.0,12.0,7.0,1.0,9.0
2023-07-05,실적,0.0,0.0,1.0,11,현금,,,2,1,0,False,0.0498,0.0909,해당없음,0.0,0.0,0.0,0.0,0.0,0.0,0.0,0.0,0.0,0.0,0.0,0.0,3.0,2.0,11.0,8.0,5.0,10.0,4.0,6.0,12.0,7.0,1.0,9.0
2023-07-06,실적,0.0,0.0,1.0,11,현금,,,2,1,0,False,0.0593,0.0909,해당없음,0.0,0.0,0.0,0.0,0.0,0.0,0.0,0.0,0.0,0.0,0.0,0.0,3.0,2.0,11.0,8.0,5.0,10.0,4.0,6.0,12.0,7.0,1.0,9.0
2023-07-07,실적,0.0,0.0,1.0,11,현금,,,2,1,0,False,0.0732,0.0909,해당없음,0.0,0.0,0.0,0.0,0.0,0.0,0.0,0.0,0.0,0.0,0.0,0.0,3.0,2.0,11.0,10.0,5.0,8.0,4.0,6.0,12.0,7.0,1.0,9.0
2023-07-10,실적,0.0,0.0,1.0,11,현금,,,2,1,0,False,0.087,0.0909,해당없음,0.0,0.0,0.0,0.0,0.0,0.0,0.0,0.0,0.0,0.0,0.0,0.0,3.0,2.0,11.0,10.0,5.0,8.0,4.0,6.0,12.0,7.0,1.0,9.0
2023-07-11,실적,0.0,0.0,1.0,11,현금,,,2,1,0,False,0.0937,0.0909,해당없음,0.0,0.0,0.0,0.0,0.0,0.0,0.0,0.0,0.0,0.0,0.0,0.0,4.0,2.0,11.0,10.0,6.0,8.0,3.0,5.0,12.0,7.0,1.0,9.0
2023-07-12,실적,0.0,0.0,1.0,11,현금,,,2,1,0,False,0.1052,0.0909,해당없음,0.0,0.0,0.0,0.0,0.0,0.0,0.0,0.0,0.0,0.0,0.0,0.0,4.0,2.0,11.0,10.0,6.0,7.0,3.0,5.0,12.0,8.0,1.0,9.0
2023-07-13,실적,0.0,0.0,1.0,11,현금,,,2,1,0,False,0.1071,0.0909,해당없음,0.0,0.0,0.0,0.0,0.0,0.0,0.0,0.0,0.0,0.0,0.0,0.0,4.0,2.0,11.0,10.0,8.0,6.0,3.0,5.0,12.0,7.0,1.0,9.0
2023-07-14,실적,0.0,0.0,1.0,11,현금,,,2,1,0,False,0.1115,0.0909,해당없음,0.0,0.0,0.0,0.0,0.0,0.0,0.0,0.0,0.0,0.0,0.0,0.0,4.0,2.0,11.0,8.0,9.0,6.0,3.0,5.0,12.0,7.0,1.0,10.0
2023-07-17,실적,0.0,0.0,1.0,11,현금,,,2,1,0,False,0.1043,0.0909,해당없음,0.0,0.0,0.0,0.0,0.0,0.0,0.0,0.0,0.0,0.0,0.0,0.0,4.0,2.0,11.0,8.0,10.0,6.0,3.0,5.0,12.0,7.0,1.0,9.0
2023-07-18,실적,0.0,0.0,1.0,11,현금,,,2,1,0,False,0.0868,0.0909,해당없음,0.0,0.0,0.0,0.0,0.0,0.0,0.0,0.0,0.0,0.0,0.0,0.0,4.0,3.0,11.0,8.0,10.0,7.0,2.0,5.0,12.0,6.0,1.0,9.0
2023-07-19,실적,0.0,0.0,1.0,11,현금,,,2,1,0,False,0.0716,0.0909,해당없음,0.0,0.0,0.0,0.0,0.0,0.0,0.0,0.0,0.0,0.0,0.0,0.0,4.0,3.0,10.0,8.0,11.0,7.0,2.0,5.0,12.0,6.0,1.0,9.0
2023-07-20,실적,0.0,0.0,1.0,11,현금,,,2,1,0,False,0.063,0.0909,해당없음,0.0,0.0,0.0,0.0,0.0,0.0,0.0,0.0,0.0,0.0,0.0,0.0,4.0,3.0,10.0,8.0,12.0,7.0,2.0,5.0,11.0,6.0,1.0,9.0
2023-07-21,실적,0.0,0.0,1.0,11,현금,,,2,1,0,False,0.0543,0.0909,해당없음,0.0,0.0,0.0,0.0,0.0,0.0,0.0,0.0,0.0,0.0,0.0,0.0,4.0,3.0,10.0,8.0,12.0,7.0,2.0,5.0,11.0,6.0,1.0,9.0
2023-07-24,실적,0.0,0.0,1.0,11,현금,,,2,1,0,False,0.0413,0.0909,해당없음,0.0,0.0,0.0,0.0,0.0,0.0,0.0,0.0,0.0,0.0,0.0,0.0,4.0,3.0,10.0,8.0,12.0,7.0,2.0,5.0,11.0,6.0,1.0,9.0
2023-07-25,실적,0.0,0.0,1.0,11,현금,,,2,1,0,False,0.0413,0.0909,해당없음,0.0,0.0,0.0,0.0,0.0,0.0,0.0,0.0,0.0,0.0,0.0,0.0,4.0,3.0,10.0,8.0,12.0,7.0,2.0,5.0,11.0,6.0,1.0,9.0
2023-07-26,실적,0.0,0.0,1.0,11,현금,,,2,1,0,False,0.0478,0.0909,해당없음,0.0,0.0,0.0,0.0,0.0,0.0,0.0,0.0,0.0,0.0,0.0,0.0,4.0,3.0,10.0,9.0,12.0,7.0,2.0,5.0,11.0,6.0,1.0,8.0
2023-07-27,실적,0.0,0.0,1.0,11,현금,,,2,1,0,False,0.0608,0.0909,해당없음,0.0,0.0,0.0,0.0,0.0,0.0,0.0,0.0,0.0,0.0,0.0,0.0,4.0,3.0,10.0,9.0,11.0,7.0,2.0,5.0,12.0,6.0,1.0,8.0
2023-07-28,실적,0.0,0.0,1.0,11,현금,,,2,1,0,False,0.0608,0.0909,해당없음,0.0,0.0,0.0,0.0,0.0,0.0,0.0,0.0,0.0,0.0,0.0,0.0,4.0,3.0,10.0,9.0,11.0,7.0,2.0,5.0,12.0,6.0,1.0,8.0
2023-07-31,실적,0.0,0.0,1.0,11,현금,,,2,1,0,False,0.0543,0.0909,해당없음,0.0,0.0,0.0,0.0,0.0,0.0,0.0,0.0,0.0,0.0,0.0,0.0,4.0,3.0,10.0,9.0,11.0,7.0,2.0,5.0,12.0,6.0,1.0,8.0
2023-08-01,실적,0.0,0.0,1.0,11,현금,,,2,1,0,False,0.0543,0.0909,해당없음,0.0,0.0,0.0,0.0,0.0,0.0,0.0,0.0,0.0,0.0,0.0,0.0,4.0,3.0,10.0,9.0,11.0,7.0,2.0,5.0,12.0,6.0,1.0,8.0
2023-08-02,실적,0.0,0.0,1.0,11,현금,,,2,1,0,False,0.05,0.0909,해당없음,0.0,0.0,0.0,0.0,0.0,0.0,0.0,0.0,0.0,0.0,0.0,0.0,4.0,3.0,10.0,9.0,11.0,7.0,2.0,5.0,12.0,6.0,1.0,8.0
2023-08-03,실적,0.0,0.0,1.0,11,현금,,,2,1,0,False,0.0522,0.0909,해당없음,0.0,0.0,0.0,0.0,0.0,0.0,0.0,0.0,0.0,0.0,0.0,0.0,4.0,3.0,11.0,9.0,10.0,8.0,2.0,5.0,12.0,6.0,1.0,7.0
2023-08-04,실적,0.0,0.0,1.0,11,현금,,,2,1,0,False,0.0608,0.0909,해당없음,0.0,0.0,0.0,0.0,0.0,0.0,0.0,0.0,0.0,0.0,0.0,0.0,4.0,3.0,11.0,9.0,10.0,8.0,2.0,5.0,12.0,6.0,1.0,7.0
2023-08-07,실적,0.0,0.0,1.0,11,현금,,,2,1,0,False,0.0608,0.0909,해당없음,0.0,0.0,0.0,0.0,0.0,0.0,0.0,0.0,0.0,0.0,0.0,0.0,4.0,3.0,12.0,9.0,10.0,8.0,2.0,5.0,11.0,6.0,1.0,7.0
2023-08-08,실적,0.0,0.0,1.0,11,현금,,,2,1,0,False,0.063,0.0909,해당없음,0.0,0.0,0.0,0.0,0.0,0.0,0.0,0.0,0.0,0.0,0.0,0.0,4.0,3.0,12.0,9.0,10.0,8.0,2.0,5.0,11.0,6.0,1.0,7.0
2023-08-09,실적,0.0,0.0,1.0,11,현금,,,2,1,0,False,0.0652,0.0909,해당없음,0.0,0.0,0.0,0.0,0.0,0.0,0.0,0.0,0.0,0.0,0.0,0.0,4.0,3.0,12.0,9.0,10.0,8.0,2.0,5.0,11.0,6.0,1.0,7.0
2023-08-10,실적,0.0,0.0,1.0,11,현금,,,2,1,0,False,0.074,0.0909,해당없음,0.0,0.0,0.0,0.0,0.0,0.0,0.0,0.0,0.0,0.0,0.0,0.0,4.0,3.0,12.0,9.0,10.0,8.0,2.0,5.0,11.0,6.0,1.0,7.0
2023-08-11,실적,0.0,0.0,1.0,11,현금,,,2,1,0,False,0.0829,0.0909,해당없음,0.0,0.0,0.0,0.0,0.0,0.0,0.0,0.0,0.0,0.0,0.0,0.0,4.0,3.0,12.0,9.0,10.0,8.0,2.0,5.0,11.0,6.0,1.0,7.0
2023-08-14,실적,0.0,0.0,1.0,11,현금,,,2,1,0,False,0.0918,0.0909,해당없음,0.0,0.0,0.0,0.0,0.0,0.0,0.0,0.0,0.0,0.0,0.0,0.0,4.0,3.0,12.0,10.0,9.0,8.0,2.0,5.0,11.0,6.0,1.0,7.0
2023-08-15,실적,0.0,0.0,1.0,11,현금,,,2,1,0,False,0.1006,0.0909,해당없음,0.0,0.0,0.0,0.0,0.0,0.0,0.0,0.0,0.0,0.0,0.0,0.0,4.0,3.0,12.0,11.0,9.0,8.0,2.0,5.0,10.0,6.0,1.0,7.0
2023-08-16,실적,0.0,0.0,1.0,11,현금,,,2,1,0,False,0.1095,0.0909,해당없음,0.0,0.0,0.0,0.0,0.0,0.0,0.0,0.0,0.0,0.0,0.0,0.0,4.0,3.0,12.0,11.0,8.0,9.0,2.0,5.0,10.0,7.0,1.0,6.0
2023-08-17,실적,0.0,0.0,1.0,11,현금,,,2,1,0,False,0.1162,0.0909,해당없음,0.0,0.0,0.0,0.0,0.0,0.0,0.0,0.0,0.0,0.0,0.0,0.0,4.0,3.0,12.0,11.0,8.0,10.0,2.0,5.0,9.0,7.0,1.0,6.0
2023-08-18,실적,0.0,0.0,1.0,11,현금,,,2,1,0,False,0.1143,0.0909,해당없음,0.0,0.0,0.0,0.0,0.0,0.0,0.0,0.0,0.0,0.0,0.0,0.0,4.0,3.0,12.0,11.0,8.0,10.0,2.0,5.0,9.0,7.0,1.0,6.0
2023-08-21,실적,0.0,0.0,1.0,11,현금,,,2,1,0,False,0.1253,0.0909,해당없음,0.0,0.0,0.0,0.0,0.0,0.0,0.0,0.0,0.0,0.0,0.0,0.0,4.0,3.0,12.0,11.0,8.0,10.0,2.0,5.0,9.0,7.0,1.0,6.0
2023-08-22,실적,0.0,0.0,1.0,11,현금,,,2,1,0,False,0.1342,0.0909,해당없음,0.0,0.0,0.0,0.0,0.0,0.0,0.0,0.0,0.0,0.0,0.0,0.0,4.0,3.0,12.0,11.0,8.0,10.0,2.0,5.0,9.0,7.0,1.0,6.0
2023-08-23,실적,0.0,0.0,1.0,11,현금,,,2,1,0,False,0.1387,0.0909,해당없음,0.0,0.0,0.0,0.0,0.0,0.0,0.0,0.0,0.0,0.0,0.0,0.0,4.0,3.0,12.0,11.0,9.0,10.0,2.0,5.0,8.0,7.0,1.0,6.0
2023-08-24,실적,0.0,0.0,1.0,11,현금,,,2,1,0,False,0.1476,0.0909,해당없음,0.0,0.0,0.0,0.0,0.0,0.0,0.0,0.0,0.0,0.0,0.0,0.0,5.0,3.0,12.0,11.0,9.0,10.0,2.0,4.0,8.0,7.0,1.0,6.0
2023-08-25,실적,0.0,0.0,1.0,11,현금,,,2,1,0,False,0.15,0.0909,해당없음,0.0,0.0,0.0,0.0,0.0,0.0,0.0,0.0,0.0,0.0,0.0,0.0,5.0,3.0,12.0,11.0,9.0,10.0,2.0,4.0,7.0,8.0,1.0,6.0
2023-08-28,실적,0.0,0.0,1.0,11,현금,,,2,1,0,False,0.1589,0.0909,해당없음,0.0,0.0,0.0,0.0,0.0,0.0,0.0,0.0,0.0,0.0,0.0,0.0,5.0,3.0,12.0,11.0,9.0,10.0,2.0,4.0,7.0,8.0,1.0,6.0
2023-08-29,실적,0.0,0.0,1.0,11,현금,,,2,1,0,False,0.1677,0.0909,해당없음,0.0,0.0,0.0,0.0,0.0,0.0,0.0,0.0,0.0,0.0,0.0,0.0,5.0,3.0,12.0,11.0,9.0,10.0,2.0,4.0,7.0,8.0,1.0,6.0
2023-08-30,실적,0.69,0.8433,0.1567,11,폴백,,,2,1,0,False,0.1723,0.0909,해당없음,0.0,0.6179,0.0,0.0,0.1567,0.0,0.0,0.0,0.0,0.0,0.0687,0.0,5.0,3.0,12.0,11.0,9.0,10.0,2.0,4.0,7.0,8.0,1.0,6.0
2023-08-31,실적,0.0,0.0,1.0,11,현금,,,2,1,0,False,0.179,0.0909,해당없음,0.0,0.0,0.0,0.0,0.0,0.0,0.0,0.0,0.0,0.0,0.0,0.0,5.0,3.0,12.0,11.0,9.0,10.0,2.0,4.0,7.0,8.0,1.0,6.0
2023-09-01,실적,0.7,0.8476,0.1524,11,폴백,,,2,1,0,False,0.1835,0.0909,해당없음,0.0,0.6258,0.0,0.0,0.1524,0.0,0.0,0.0,0.0,0.0,0.0695,0.0,5.0,3.0,12.0,11.0,9.0,10.0,2.0,4.0,7.0,8.0,1.0,6.0
2023-09-05,실적,0.0,0.0,1.0,11,현금,,,2,1,0,False,0.1859,0.0909,해당없음,0.0,0.0,0.0,0.0,0.0,0.0,0.0,0.0,0.0,0.0,0.0,0.0,5.0,3.0,12.0,11.0,9.0,10.0,2.0,4.0,7.0,8.0,1.0,6.0
2023-09-06,실적,0.0,0.0,1.0,11,현금,,,2,1,0,False,0.2013,0.0909,해당없음,0.0,0.0,0.0,0.0,0.0,0.0,0.0,0.0,0.0,0.0,0.0,0.0,5.0,3.0,12.0,11.0,8.0,10.0,2.0,4.0,7.0,9.0,1.0,6.0
2023-09-07,실적,0.0,0.0,1.0,11,현금,,,2,1,0,False,0.21,0.0909,해당없음,0.0,0.0,0.0,0.0,0.0,0.0,0.0,0.0,0.0,0.0,0.0,0.0,5.0,3.0,12.0,11.0,8.0,10.0,2.0,4.0,7.0,9.0,1.0,6.0
2023-09-08,실적,0.0,0.0,1.0,11,현금,,,2,1,0,False,0.2045,0.0909,해당없음,0.0,0.0,0.0,0.0,0.0,0.0,0.0,0.0,0.0,0.0,0.0,0.0,5.0,2.0,12.0,11.0,8.0,10.0,3.0,4.0,7.0,9.0,1.0,6.0
2023-09-11,실적,0.0,0.0,1.0,11,현금,,,2,1,0,False,0.1974,0.0909,해당없음,0.0,0.0,0.0,0.0,0.0,0.0,0.0,0.0,0.0,0.0,0.0,0.0,5.0,2.0,11.0,12.0,8.0,10.0,3.0,4.0,7.0,9.0,1.0,6.0
2023-09-12,실적,0.7,0.8504,0.1496,11,폴백,,,2,1,0,False,0.1903,0.0909,해당없음,0.0,0.6308,0.0,0.0,0.1496,0.0,0.0,0.0,0.0,0.0,0.0701,0.0,5.0,2.0,11.0,12.0,8.0,10.0,3.0,4.0,7.0,9.0,1.0,6.0
2023-09-13,실적,0.75,0.875,0.125,11,폴백,,,2,1,0,False,0.1879,0.0909,해당없음,0.0,0.6749,0.0,0.0,0.125,0.0,0.0,0.0,0.0,0.0,0.075,0.0,5.0,2.0,9.0,12.0,8.0,11.0,3.0,4.0,7.0,10.0,1.0,6.0
2023-09-14,실적,0.75,0.8762,0.1238,11,폴백,,,2,1,0,False,0.1855,0.0909,해당없음,0.0,0.6771,0.0,0.0,0.1238,0.0,0.0,0.0,0.0,0.0,0.0752,0.0,5.0,2.0,9.0,12.0,8.0,10.0,3.0,4.0,7.0,11.0,1.0,6.0
2023-09-15,실적,0.0,0.0,1.0,11,현금,,,2,1,0,False,0.1879,0.0909,해당없음,0.0,0.0,0.0,0.0,0.0,0.0,0.0,0.0,0.0,0.0,0.0,0.0,5.0,2.0,9.0,12.0,8.0,10.0,3.0,4.0,7.0,11.0,1.0,6.0
2023-09-18,실적,0.0,0.0,1.0,11,현금,,,2,1,0,False,0.1903,0.0909,해당없음,0.0,0.0,0.0,0.0,0.0,0.0,0.0,0.0,0.0,0.0,0.0,0.0,5.0,2.0,9.0,12.0,8.0,10.0,3.0,4.0,7.0,11.0,1.0,6.0
2023-09-19,실적,0.0,0.0,1.0,11,현금,,,2,1,0,False,0.1879,0.0909,해당없음,0.0,0.0,0.0,0.0,0.0,0.0,0.0,0.0,0.0,0.0,0.0,0.0,5.0,2.0,9.0,12.0,8.0,11.0,3.0,4.0,7.0,10.0,1.0,6.0
2023-09-20,실적,0.0,0.0,1.0,11,현금,,,2,1,0,False,0.1903,0.0909,해당없음,0.0,0.0,0.0,0.0,0.0,0.0,0.0,0.0,0.0,0.0,0.0,0.0,5.0,2.0,9.0,12.0,8.0,10.0,3.0,4.0,7.0,11.0,1.0,6.0
2023-09-21,실적,0.0,0.0,1.0,11,현금,,,2,1,0,False,0.1879,0.0909,해당없음,0.0,0.0,0.0,0.0,0.0,0.0,0.0,0.0,0.0,0.0,0.0,0.0,5.0,2.0,9.0,12.0,8.0,10.0,3.0,4.0,7.0,11.0,1.0,6.0
2023-09-22,실적,0.0,0.0,1.0,11,현금,,,2,1,0,False,0.1903,0.0909,해당없음,0.0,0.0,0.0,0.0,0.0,0.0,0.0,0.0,0.0,0.0,0.0,0.0,5.0,2.0,9.0,12.0,8.0,10.0,3.0,4.0,7.0,11.0,1.0,6.0
2023-09-25,실적,0.0,0.0,1.0,11,현금,,,2,1,0,False,0.195,0.0909,해당없음,0.0,0.0,0.0,0.0,0.0,0.0,0.0,0.0,0.0,0.0,0.0,0.0,5.0,2.0,8.0,12.0,9.0,10.0,3.0,4.0,7.0,11.0,1.0,6.0
2023-09-26,실적,0.0,0.0,1.0,11,현금,,,2,1,0,False,0.1918,0.0909,해당없음,0.0,0.0,0.0,0.0,0.0,0.0,0.0,0.0,0.0,0.0,0.0,0.0,5.0,3.0,8.0,12.0,9.0,10.0,2.0,4.0,7.0,11.0,1.0,6.0
2023-09-27,실적,0.0,0.0,1.0,11,현금,,,2,1,0,False,0.1829,0.0909,해당없음,0.0,0.0,0.0,0.0,0.0,0.0,0.0,0.0,0.0,0.0,0.0,0.0,5.0,3.0,7.0,12.0,9.0,11.0,2.0,4.0,8.0,10.0,1.0,6.0
2023-09-28,실적,0.0,0.0,1.0,11,현금,,,2,1,0,False,0.1786,0.0909,해당없음,0.0,0.0,0.0,0.0,0.0,0.0,0.0,0.0,0.0,0.0,0.0,0.0,5.0,3.0,7.0,12.0,9.0,11.0,2.0,4.0,8.0,10.0,1.0,6.0
2023-09-29,실적,0.0,0.0,1.0,11,현금,,,2,1,0,False,0.1721,0.0909,해당없음,0.0,0.0,0.0,0.0,0.0,0.0,0.0,0.0,0.0,0.0,0.0,0.0,5.0,3.0,7.0,12.0,9.0,11.0,2.0,4.0,8.0,10.0,1.0,6.0
2023-10-02,실적,0.0,0.0,1.0,11,현금,,,2,1,0,False,0.1606,0.0909,해당없음,0.0,0.0,0.0,0.0,0.0,0.0,0.0,0.0,0.0,0.0,0.0,0.0,5.0,3.0,7.0,12.0,9.0,11.0,2.0,4.0,8.0,10.0,1.0,6.0
2023-10-03,실적,0.0,0.0,1.0,11,현금,,,2,1,0,False,0.1468,0.0909,해당없음,0.0,0.0,0.0,0.0,0.0,0.0,0.0,0.0,0.0,0.0,0.0,0.0,5.0,3.0,7.0,12.0,9.0,11.0,2.0,4.0,8.0,10.0,1.0,6.0
2023-10-04,실적,0.0,0.0,1.0,11,현금,,,2,1,0,False,0.1418,0.0909,해당없음,0.0,0.0,0.0,0.0,0.0,0.0,0.0,0.0,0.0,0.0,0.0,0.0,5.0,3.0,7.0,12.0,9.0,11.0,2.0,4.0,8.0,10.0,1.0,6.0
2023-10-05,실적,0.0,0.0,1.0,11,현금,,,2,1,0,False,0.1325,0.0909,해당없음,0.0,0.0,0.0,0.0,0.0,0.0,0.0,0.0,0.0,0.0,0.0,0.0,5.0,3.0,7.0,12.0,8.0,11.0,2.0,4.0,9.0,10.0,1.0,6.0
2023-10-06,실적,0.0,0.0,1.0,11,현금,,,2,1,0,False,0.1346,0.0909,해당없음,0.0,0.0,0.0,0.0,0.0,0.0,0.0,0.0,0.0,0.0,0.0,0.0,5.0,3.0,7.0,12.0,8.0,11.0,2.0,4.0,9.0,10.0,1.0,6.0
2023-10-09,실적,0.0,0.0,1.0,11,현금,,,2,0,0,False,0.134,0.0909,해당없음,0.0,0.0,0.0,0.0,0.0,0.0,0.0,0.0,0.0,0.0,0.0,0.0,5.0,4.0,7.0,11.0,8.0,12.0,2.0,3.0,9.0,10.0,1.0,6.0
2023-10-10,실적,0.0,0.0,1.0,11,현금,,,2,0,0,False,0.1381,0.0909,해당없음,0.0,0.0,0.0,0.0,0.0,0.0,0.0,0.0,0.0,0.0,0.0,0.0,4.0,5.0,7.0,11.0,8.0,12.0,2.0,3.0,9.0,10.0,1.0,6.0
2023-10-11,실적,0.0,0.0,1.0,11,현금,,,2,0,0,False,0.1398,0.0909,해당없음,0.0,0.0,0.0,0.0,0.0,0.0,0.0,0.0,0.0,0.0,0.0,0.0,3.0,5.0,7.0,11.0,9.0,12.0,2.0,4.0,8.0,10.0,1.0,6.0
2023-10-12,실적,0.0,0.0,1.0,11,현금,,,2,0,0,False,0.1392,0.0909,해당없음,0.0,0.0,0.0,0.0,0.0,0.0,0.0,0.0,0.0,0.0,0.0,0.0,3.0,5.0,7.0,11.0,9.0,12.0,2.0,4.0,8.0,10.0,1.0,6.0
2023-10-13,실적,0.0,0.0,1.0,11,현금,,,2,0,0,False,0.1387,0.0909,해당없음,0.0,0.0,0.0,0.0,0.0,0.0,0.0,0.0,0.0,0.0,0.0,0.0,3.0,5.0,7.0,11.0,9.0,12.0,2.0,4.0,8.0,10.0,1.0,6.0
2023-10-16,실적,0.0,0.0,1.0,11,현금,,,2,0,0,False,0.1361,0.0909,해당없음,0.0,0.0,0.0,0.0,0.0,0.0,0.0,0.0,0.0,0.0,0.0,0.0,3.0,4.0,7.0,11.0,9.0,12.0,2.0,5.0,8.0,10.0,1.0,6.0
2023-10-17,실적,0.0,0.0,1.0,11,현금,,,2,0,0,False,0.1379,0.0909,해당없음,0.0,0.0,0.0,0.0,0.0,0.0,0.0,0.0,0.0,0.0,0.0,0.0,3.0,4.0,8.0,11.0,9.0,12.0,2.0,5.0,7.0,10.0,1.0,6.0
2023-10-18,실적,0.0,0.0,1.0,11,현금,,,2,0,0,False,0.1396,0.0909,해당없음,0.0,0.0,0.0,0.0,0.0,0.0,0.0,0.0,0.0,0.0,0.0,0.0,3.0,4.0,8.0,11.0,9.0,12.0,2.0,5.0,7.0,10.0,1.0,6.0
2023-10-19,실적,0.0,0.0,1.0,11,현금,,,2,0,0,False,0.1413,0.0909,해당없음,0.0,0.0,0.0,0.0,0.0,0.0,0.0,0.0,0.0,0.0,0.0,0.0,3.0,4.0,8.0,11.0,9.0,12.0,2.0,5.0,7.0,10.0,1.0,6.0
2023-10-20,실적,0.0,0.0,1.0,11,현금,,,2,0,0,False,0.1478,0.0909,해당없음,0.0,0.0,0.0,0.0,0.0,0.0,0.0,0.0,0.0,0.0,0.0,0.0,3.0,4.0,8.0,11.0,9.0,12.0,2.0,5.0,7.0,10.0,1.0,6.0
2023-10-23,실적,0.0,0.0,1.0,11,현금,,,2,0,0,False,0.1567,0.0909,해당없음,0.0,0.0,0.0,0.0,0.0,0.0,0.0,0.0,0.0,0.0,0.0,0.0,3.0,4.0,8.0,11.0,9.0,12.0,2.0,5.0,7.0,10.0,1.0,6.0
2023-10-24,실적,0.0,0.0,1.0,11,현금,,,2,0,0,False,0.1563,0.0909,해당없음,0.0,0.0,0.0,0.0,0.0,0.0,0.0,0.0,0.0,0.0,0.0,0.0,3.0,4.0,8.0,11.0,9.0,12.0,2.0,5.0,7.0,10.0,1.0,6.0
2023-10-25,실적,0.0,0.0,1.0,11,현금,,,2,0,0,False,0.1565,0.0909,해당없음,0.0,0.0,0.0,0.0,0.0,0.0,0.0,0.0,0.0,0.0,0.0,0.0,2.0,4.0,8.0,11.0,9.0,12.0,3.0,5.0,7.0,10.0,1.0,6.0
2023-10-26,실적,0.0,0.0,1.0,11,현금,,,2,0,0,False,0.1498,0.0909,해당없음,0.0,0.0,0.0,0.0,0.0,0.0,0.0,0.0,0.0,0.0,0.0,0.0,2.0,4.0,8.0,11.0,9.0,12.0,3.0,5.0,7.0,10.0,1.0,6.0
2023-10-27,실적,0.0,0.0,1.0,11,현금,,,2,0,0,False,0.1385,0.0909,해당없음,0.0,0.0,0.0,0.0,0.0,0.0,0.0,0.0,0.0,0.0,0.0,0.0,2.0,4.0,8.0,11.0,9.0,12.0,3.0,5.0,7.0,10.0,1.0,6.0
2023-10-30,실적,0.0,0.0,1.0,11,현금,,,2,0,0,False,0.1273,0.0909,해당없음,0.0,0.0,0.0,0.0,0.0,0.0,0.0,0.0,0.0,0.0,0.0,0.0,2.0,4.0,8.0,11.0,9.0,12.0,3.0,5.0,7.0,10.0,1.0,6.0
2023-10-31,실적,0.0,0.0,1.0,11,현금,,,2,0,0,False,0.1227,0.0909,해당없음,0.0,0.0,0.0,0.0,0.0,0.0,0.0,0.0,0.0,0.0,0.0,0.0,2.0,4.0,9.0,11.0,8.0,12.0,3.0,5.0,7.0,10.0,1.0,6.0
2023-11-01,실적,0.0,0.0,1.0,9,현금,SPY,,2,0,0,False,0.0541,0.1111,해당없음,0.0,0.0,0.0,0.0,0.0,0.0,0.0,0.0,0.0,0.0,0.0,0.0,1.0,3.0,5.0,9.0,6.0,10.0,2.0,4.0,7.0,8.0,,
2023-11-02,실적,0.0,0.0,1.0,9,현금,SPY,,2,0,0,False,0.0582,0.1111,해당없음,0.0,0.0,0.0,0.0,0.0,0.0,0.0,0.0,0.0,0.0,0.0,0.0,1.0,3.0,5.0,9.0,7.0,10.0,2.0,4.0,6.0,8.0,,
2023-11-03,실적,0.0,0.0,1.0,9,현금,SPY,,2,0,0,False,0.0623,0.1111,해당없음,0.0,0.0,0.0,0.0,0.0,0.0,0.0,0.0,0.0,0.0,0.0,0.0,1.0,3.0,5.0,9.0,7.0,10.0,2.0,4.0,6.0,8.0,,
2023-11-06,실적,0.0,0.0,1.0,9,현금,SPY,,2,0,0,False,0.0641,0.1111,해당없음,0.0,0.0,0.0,0.0,0.0,0.0,0.0,0.0,0.0,0.0,0.0,0.0,1.0,3.0,5.0,9.0,7.0,10.0,2.0,4.0,6.0,8.0,,
2023-11-07,실적,0.0,0.0,1.0,9,현금,SPY,,2,0,0,False,0.0639,0.1111,해당없음,0.0,0.0,0.0,0.0,0.0,0.0,0.0,0.0,0.0,0.0,0.0,0.0,1.0,3.0,5.0,7.0,9.0,10.0,2.0,4.0,6.0,8.0,,
2023-11-08,실적,0.0,0.0,1.0,9,현금,SPY,,2,0,0,False,0.0634,0.1111,해당없음,0.0,0.0,0.0,0.0,0.0,0.0,0.0,0.0,0.0,0.0,0.0,0.0,1.0,3.0,5.0,7.0,9.0,10.0,2.0,4.0,6.0,8.0,,
2023-11-09,실적,0.0,0.0,1.0,9,현금,SPY,,2,0,0,False,0.0632,0.1111,해당없음,0.0,0.0,0.0,0.0,0.0,0.0,0.0,0.0,0.0,0.0,0.0,0.0,1.0,3.0,5.0,6.0,9.0,10.0,2.0,4.0,7.0,8.0,,
2023-11-10,실적,0.0,0.0,1.0,9,현금,SPY,,2,0,0,False,0.0589,0.1111,해당없음,0.0,0.0,0.0,0.0,0.0,0.0,0.0,0.0,0.0,0.0,0.0,0.0,1.0,3.0,5.0,6.0,9.0,10.0,2.0,4.0,8.0,7.0,,
2023-11-13,실적,0.0,0.0,1.0,9,현금,SPY,,2,0,0,False,0.0524,0.1111,해당없음,0.0,0.0,0.0,0.0,0.0,0.0,0.0,0.0,0.0,0.0,0.0,0.0,1.0,3.0,5.0,6.0,9.0,10.0,2.0,4.0,8.0,7.0,,
2023-11-14,실적,0.0,0.0,1.0,9,현금,SPY,,2,0,0,False,0.055,0.1111,해당없음,0.0,0.0,0.0,0.0,0.0,0.0,0.0,0.0,0.0,0.0,0.0,0.0,1.0,3.0,5.0,6.0,9.0,10.0,2.0,4.0,8.0,7.0,,
2023-11-15,실적,0.0,0.0,1.0,9,현금,SPY,,2,0,0,False,0.0552,0.1111,해당없음,0.0,0.0,0.0,0.0,0.0,0.0,0.0,0.0,0.0,0.0,0.0,0.0,1.0,3.0,5.0,6.0,9.0,10.0,2.0,4.0,8.0,7.0,,
2023-11-16,실적,0.0,0.0,1.0,9,현금,SPY,,2,0,0,False,0.0511,0.1111,해당없음,0.0,0.0,0.0,0.0,0.0,0.0,0.0,0.0,0.0,0.0,0.0,0.0,1.0,3.0,5.0,6.0,9.0,10.0,2.0,4.0,8.0,7.0,,
2023-11-17,실적,0.0,0.0,1.0,9,현금,SPY,,2,0,0,False,0.0491,0.1111,해당없음,0.0,0.0,0.0,0.0,0.0,0.0,0.0,0.0,0.0,0.0,0.0,0.0,1.0,3.0,5.0,6.0,9.0,10.0,2.0,4.0,8.0,7.0,,
2023-11-20,실적,0.0,0.0,1.0,9,현금,SPY,,2,0,0,False,0.045,0.1111,해당없음,0.0,0.0,0.0,0.0,0.0,0.0,0.0,0.0,0.0,0.0,0.0,0.0,1.0,3.0,5.0,6.0,9.0,10.0,2.0,4.0,8.0,7.0,,
2023-11-21,실적,0.0,0.0,1.0,9,현금,SPY,,2,0,0,False,0.0409,0.1111,해당없음,0.0,0.0,0.0,0.0,0.0,0.0,0.0,0.0,0.0,0.0,0.0,0.0,1.0,3.0,5.0,6.0,9.0,10.0,2.0,4.0,8.0,7.0,,
2023-11-22,실적,0.0,0.0,1.0,9,현금,SPY,,2,0,0,False,0.0411,0.1111,해당없음,0.0,0.0,0.0,0.0,0.0,0.0,0.0,0.0,0.0,0.0,0.0,0.0,1.0,3.0,5.0,6.0,9.0,10.0,2.0,4.0,8.0,7.0,,
2023-11-24,실적,0.0,0.0,1.0,9,현금,SPY,,2,0,0,False,0.037,0.1111,해당없음,0.0,0.0,0.0,0.0,0.0,0.0,0.0,0.0,0.0,0.0,0.0,0.0,1.0,3.0,5.0,6.0,9.0,10.0,2.0,4.0,8.0,7.0,,
2023-11-27,실적,0.0,0.0,1.0,9,현금,SPY,,2,0,0,False,0.0416,0.1111,해당없음,0.0,0.0,0.0,0.0,0.0,0.0,0.0,0.0,0.0,0.0,0.0,0.0,1.0,3.0,5.0,6.0,9.0,10.0,2.0,4.0,8.0,7.0,,
2023-11-28,실적,0.0,0.0,1.0,9,현금,SPY,,2,0,0,False,0.0333,0.1111,해당없음,0.0,0.0,0.0,0.0,0.0,0.0,0.0,0.0,0.0,0.0,0.0,0.0,1.0,2.0,5.0,6.0,9.0,10.0,3.0,4.0,8.0,7.0,,
2023-11-29,실적,0.0,0.0,1.0,9,현금,SPY,,2,0,0,False,0.0195,0.1111,해당없음,0.0,0.0,0.0,0.0,0.0,0.0,0.0,0.0,0.0,0.0,0.0,0.0,1.0,2.0,6.0,5.0,9.0,10.0,3.0,4.0,8.0,7.0,,
2023-11-30,실적,0.75,0.8735,0.1265,11,리더,XLC,,2,2,0,False,0.2474,0.0909,통과,0.0,0.6723,0.0,0.0,0.1265,0.0,0.0,0.0,0.0,0.0,0.0747,0.0,2.0,3.0,7.0,6.0,12.0,11.0,4.0,5.0,10.0,9.0,1.0,8.0
2023-12-01,실적,0.0,0.0,1.0,11,현금,XLC,,2,2,0,False,0.2431,0.0909,통과,0.0,0.0,0.0,0.0,0.0,0.0,0.0,0.0,0.0,0.0,0.0,0.0,3.0,2.0,7.0,5.0,12.0,11.0,4.0,6.0,10.0,9.0,1.0,8.0
2023-12-04,실적,0.0,0.0,1.0,11,현금,XLC,,2,2,0,False,0.2335,0.0909,통과,0.0,0.0,0.0,0.0,0.0,0.0,0.0,0.0,0.0,0.0,0.0,0.0,3.0,2.0,7.0,5.0,12.0,10.0,4.0,6.0,11.0,9.0,1.0,8.0
2023-12-05,실적,0.0,0.0,1.0,11,현금,XLC,,2,2,0,False,0.224,0.0909,통과,0.0,0.0,0.0,0.0,0.0,0.0,0.0,0.0,0.0,0.0,0.0,0.0,3.0,2.0,7.0,5.0,12.0,9.0,4.0,6.0,11.0,10.0,1.0,8.0
2023-12-06,실적,0.0,0.0,1.0,11,현금,XLC,,2,2,0,False,0.2145,0.0909,통과,0.0,0.0,0.0,0.0,0.0,0.0,0.0,0.0,0.0,0.0,0.0,0.0,3.0,2.0,7.0,5.0,12.0,9.0,4.0,6.0,10.0,11.0,1.0,8.0
2023-12-07,실적,1.0,1.0,0.0,11,리더,XLC,,2,2,0,False,0.205,0.0909,통과,0.0,0.9,0.0,0.0,0.0,0.0,0.0,0.0,0.0,0.0,0.1,0.0,3.0,2.0,8.0,5.0,12.0,9.0,4.0,6.0,10.0,11.0,1.0,7.0
2023-12-08,실적,1.0,1.0,0.0,11,리더,XLC,,2,2,0,False,0.1955,0.0909,통과,0.0,0.9,0.0,0.0,0.0,0.0,0.0,0.0,0.0,0.0,0.1,0.0,3.0,2.0,8.0,5.0,12.0,9.0,4.0,6.0,10.0,11.0,1.0,7.0
2023-12-11,실적,1.0,1.0,0.0,11,리더,XLC,,2,2,0,False,0.1835,0.0909,통과,0.0,0.9,0.0,0.0,0.0,0.0,0.0,0.0,0.0,0.0,0.1,0.0,3.0,2.0,8.0,5.0,12.0,9.0,4.0,6.0,10.0,11.0,1.0,7.0
2023-12-12,실적,1.0,1.0,0.0,11,리더,XLC,,2,2,0,False,0.1693,0.0909,통과,0.0,0.9,0.0,0.0,0.0,0.0,0.0,0.0,0.0,0.0,0.1,0.0,3.0,2.0,8.0,5.0,12.0,9.0,4.0,6.0,10.0,11.0,1.0,7.0
2023-12-13,실적,1.0,1.0,0.0,11,리더,XLC,,2,2,0,False,0.155,0.0909,통과,0.0,0.9,0.0,0.0,0.0,0.0,0.0,0.0,0.0,0.0,0.1,0.0,3.0,2.0,8.0,5.0,12.0,9.0,4.0,6.0,10.0,11.0,1.0,7.0
2023-12-14,실적,1.0,1.0,0.0,11,리더,XLC,,2,2,0,False,0.1383,0.0909,통과,0.0,0.9,0.0,0.0,0.0,0.0,0.0,0.0,0.0,0.0,0.1,0.0,3.0,2.0,8.0,5.0,12.0,9.0,4.0,6.0,10.0,11.0,1.0,7.0
2023-12-15,실적,1.0,1.0,0.0,11,리더,XLC,,2,2,0,False,0.1312,0.0909,통과,0.0,0.9,0.0,0.0,0.0,0.0,0.0,0.0,0.0,0.0,0.1,0.0,3.0,2.0,8.0,4.0,12.0,9.0,5.0,6.0,10.0,11.0,1.0,7.0
2023-12-18,실적,1.0,1.0,0.0,11,리더,XLC,,2,2,0,False,0.1216,0.0909,통과,0.0,0.9,0.0,0.0,0.0,0.0,0.0,0.0,0.0,0.0,0.1,0.0,3.0,2.0,8.0,4.0,12.0,9.0,5.0,6.0,10.0,11.0,1.0,7.0
2023-12-19,실적,0.69,0.6923,0.3077,11,리더,XLC,,2,2,0,False,0.1121,0.0909,통과,0.0,0.6231,0.0,0.0,0.0,0.0,0.0,0.0,0.0,0.0,0.0692,0.0,3.0,2.0,8.0,4.0,12.0,9.0,5.0,6.0,10.0,11.0,1.0,7.0
2023-12-20,실적,0.54,0.5447,0.4553,11,리더,XLC,,2,2,0,False,0.105,0.0909,통과,0.0,0.4902,0.0,0.0,0.0,0.0,0.0,0.0,0.0,0.0,0.0545,0.0,3.0,2.0,8.0,4.0,11.0,9.0,5.0,6.0,10.0,12.0,1.0,7.0
2023-12-21,실적,0.52,0.523,0.477,11,리더,XLC,,2,2,0,False,0.0978,0.0909,통과,0.0,0.4707,0.0,0.0,0.0,0.0,0.0,0.0,0.0,0.0,0.0523,0.0,3.0,2.0,9.0,4.0,11.0,8.0,5.0,6.0,10.0,12.0,1.0,7.0
2023-12-22,실적,0.52,0.5239,0.4761,11,리더,XLC,,2,2,0,False,0.0907,0.0909,미달,0.0,0.4715,0.0,0.0,0.0,0.0,0.0,0.0,0.0,0.0,0.0524,0.0,4.0,2.0,9.0,3.0,11.0,8.0,5.0,6.0,10.0,12.0,1.0,7.0
2023-12-26,실적,0.53,0.5294,0.4706,11,리더,XLC,,2,2,0,False,0.0812,0.0909,미달,0.0,0.4764,0.0,0.0,0.0,0.0,0.0,0.0,0.0,0.0,0.0529,0.0,4.0,2.0,9.0,3.0,11.0,8.0,5.0,6.0,10.0,12.0,1.0,7.0
2023-12-27,실적,0.53,0.5301,0.4699,11,리더,XLC,,2,2,0,False,0.0673,0.0909,미달,0.0,0.4771,0.0,0.0,0.0,0.0,0.0,0.0,0.0,0.0,0.053,0.0,4.0,2.0,9.0,3.0,11.0,8.0,5.0,6.0,10.0,12.0,1.0,7.0
2023-12-28,실적,0.53,0.5325,0.4675,11,리더,XLC,,2,2,0,False,0.0535,0.0909,미달,0.0,0.4792,0.0,0.0,0.0,0.0,0.0,0.0,0.0,0.0,0.0532,0.0,4.0,2.0,9.0,3.0,11.0,8.0,5.0,6.0,10.0,12.0,1.0,7.0
2023-12-29,실적,0.52,0.5222,0.4778,11,리더,XLC,,2,2,0,False,0.0444,0.0909,미달,0.0,0.47,0.0,0.0,0.0,0.0,0.0,0.0,0.0,0.0,0.0522,0.0,4.0,2.0,9.0,3.0,11.0,8.0,5.0,7.0,10.0,12.0,1.0,6.0
2024-01-02,실적,0.51,0.5069,0.4931,11,리더,XLC,,2,2,0,False,0.0396,0.0909,미달,0.0,0.4562,0.0,0.0,0.0,0.0,0.0,0.0,0.0,0.0,0.0507,0.0,4.0,2.0,9.0,3.0,11.0,8.0,6.0,7.0,10.0,12.0,1.0,5.0
2024-01-03,실적,1.0,1.0,0.0,11,폴백,,,2,1,0,True,0.0325,0.0909,해당없음,0.0,0.9,0.0,0.0,0.0,0.0,0.0,0.0,0.0,0.0,0.1,0.0,4.0,2.0,9.0,3.0,11.0,8.0,6.0,7.0,10.0,12.0,1.0,5.0
2024-01-04,실적,1.0,1.0,0.0,11,폴백,,,2,1,0,False,0.0229,0.0909,해당없음,0.0,0.9,0.0,0.0,0.0,0.0,0.0,0.0,0.0,0.0,0.1,0.0,4.0,2.0,9.0,3.0,11.0,7.0,6.0,8.0,10.0,12.0,1.0,5.0
2024-01-05,실적,1.0,1.0,0.0,11,폴백,,,2,1,0,False,0.0134,0.0909,해당없음,0.0,0.9,0.0,0.0,0.0,0.0,0.0,0.0,0.0,0.0,0.1,0.0,4.0,2.0,9.0,3.0,11.0,6.0,7.0,8.0,10.0,12.0,1.0,5.0
2024-01-08,실적,1.0,1.0,0.0,11,폴백,,,2,1,0,False,0.0039,0.0909,해당없음,0.0,0.9,0.0,0.0,0.0,0.0,0.0,0.0,0.0,0.0,0.1,0.0,4.0,2.0,9.0,3.0,11.0,6.0,7.0,8.0,10.0,12.0,1.0,5.0
2024-01-09,실적,1.0,1.0,0.0,11,폴백,,,2,1,0,False,0.0032,0.0909,해당없음,0.0,0.9,0.0,0.0,0.0,0.0,0.0,0.0,0.0,0.0,0.1,0.0,4.0,1.0,9.0,3.0,11.0,6.0,7.0,8.0,10.0,12.0,2.0,5.0
2024-01-10,실적,1.0,1.0,0.0,11,폴백,,,2,1,0,False,0.0128,0.0909,해당없음,0.0,0.9,0.0,0.0,0.0,0.0,0.0,0.0,0.0,0.0,0.1,0.0,4.0,1.0,9.0,3.0,11.0,6.0,7.0,8.0,10.0,12.0,2.0,5.0
2024-01-11,실적,1.0,1.0,0.0,11,폴백,,,2,1,0,False,0.0199,0.0909,해당없음,0.0,0.9,0.0,0.0,0.0,0.0,0.0,0.0,0.0,0.0,0.1,0.0,4.0,1.0,8.0,3.0,11.0,6.0,7.0,9.0,10.0,12.0,2.0,5.0
2024-01-12,실적,1.0,1.0,0.0,11,폴백,,,2,1,0,False,0.0271,0.0909,해당없음,0.0,0.9,0.0,0.0,0.0,0.0,0.0,0.0,0.0,0.0,0.1,0.0,4.0,1.0,7.0,3.0,11.0,6.0,8.0,10.0,9.0,12.0,2.0,5.0
2024-01-16,실적,1.0,1.0,0.0,11,폴백,,,2,1,0,False,0.0342,0.0909,해당없음,0.0,0.9,0.0,0.0,0.0,0.0,0.0,0.0,0.0,0.0,0.1,0.0,4.0,1.0,7.0,3.0,11.0,6.0,9.0,10.0,8.0,12.0,2.0,5.0
2024-01-17,실적,1.0,1.0,0.0,11,폴백,,,2,1,0,False,0.0409,0.0909,해당없음,0.0,0.9,0.0,0.0,0.0,0.0,0.0,0.0,0.0,0.0,0.1,0.0,4.0,1.0,7.0,3.0,11.0,6.0,9.0,10.0,8.0,12.0,2.0,5.0
2024-01-18,실적,1.0,1.0,0.0,11,폴백,,,2,1,0,False,0.0476,0.0909,해당없음,0.0,0.9,0.0,0.0,0.0,0.0,0.0,0.0,0.0,0.0,0.1,0.0,4.0,1.0,7.0,3.0,11.0,6.0,9.0,10.0,8.0,12.0,2.0,5.0
2024-01-19,실적,1.0,1.0,0.0,11,폴백,,,2,1,0,False,0.0543,0.0909,해당없음,0.0,0.9,0.0,0.0,0.0,0.0,0.0,0.0,0.0,0.0,0.1,0.0,4.0,1.0,7.0,3.0,11.0,6.0,9.0,10.0,8.0,12.0,2.0,5.0
2024-01-22,실적,1.0,1.0,0.0,11,폴백,,,2,1,0,False,0.0567,0.0909,해당없음,0.0,0.9,0.0,0.0,0.0,0.0,0.0,0.0,0.0,0.0,0.1,0.0,4.0,1.0,7.0,3.0,11.0,6.0,9.0,10.0,8.0,12.0,2.0,5.0
2024-01-23,실적,1.0,1.0,0.0,11,폴백,,,2,1,0,False,0.0591,0.0909,해당없음,0.0,0.9,0.0,0.0,0.0,0.0,0.0,0.0,0.0,0.0,0.1,0.0,4.0,1.0,7.0,3.0,10.0,6.0,9.0,11.0,8.0,12.0,2.0,5.0
2024-01-24,실적,0.54,0.5369,0.4631,11,폴백,,,2,1,0,False,0.0615,0.0909,해당없음,0.0,0.4832,0.0,0.0,0.0,0.0,0.0,0.0,0.0,0.0,0.0537,0.0,4.0,1.0,7.0,3.0,9.0,6.0,10.0,11.0,8.0,12.0,2.0,5.0
2024-01-25,실적,0.53,0.5333,0.4667,11,폴백,,,2,1,0,False,0.0639,0.0909,해당없음,0.0,0.48,0.0,0.0,0.0,0.0,0.0,0.0,0.0,0.0,0.0533,0.0,4.0,1.0,7.0,3.0,9.0,6.0,10.0,11.0,8.0,12.0,2.0,5.0
2024-01-26,실적,0.53,0.5309,0.4691,11,폴백,,,2,1,0,False,0.0662,0.0909,해당없음,0.0,0.4778,0.0,0.0,0.0,0.0,0.0,0.0,0.0,0.0,0.0531,0.0,4.0,1.0,7.0,3.0,9.0,6.0,10.0,11.0,8.0,12.0,2.0,5.0
2024-01-29,실적,0.51,0.5145,0.4855,11,폴백,,,2,1,0,False,0.0619,0.0909,해당없음,0.0,0.4631,0.0,0.0,0.0,0.0,0.0,0.0,0.0,0.0,0.0515,0.0,4.0,1.0,7.0,3.0,9.0,6.0,10.0,11.0,8.0,12.0,2.0,5.0
2024-01-30,실적,0.52,0.5199,0.4801,11,폴백,,,2,1,0,False,0.06,0.0909,해당없음,0.0,0.4679,0.0,0.0,0.0,0.0,0.0,0.0,0.0,0.0,0.052,0.0,4.0,1.0,7.0,3.0,9.0,6.0,10.0,11.0,8.0,12.0,2.0,5.0
2024-01-31,실적,0.44,0.4416,0.5584,11,폴백,,,2,1,0,False,0.058,0.0909,해당없음,0.0,0.3974,0.0,0.0,0.0,0.0,0.0,0.0,0.0,0.0,0.0442,0.0,4.0,1.0,7.0,3.0,9.0,6.0,10.0,11.0,8.0,12.0,2.0,5.0
2024-02-01,실적,0.43,0.4335,0.5665,11,폴백,,,2,1,0,False,0.058,0.0909,해당없음,0.0,0.3902,0.0,0.0,0.0,0.0,0.0,0.0,0.0,0.0,0.0434,0.0,4.0,1.0,7.0,3.0,9.0,6.0,10.0,11.0,8.0,12.0,2.0,5.0
2024-02-02,실적,0.43,0.4267,0.5733,11,폴백,,,2,1,0,False,0.0511,0.0909,해당없음,0.0,0.384,0.0,0.0,0.0,0.0,0.0,0.0,0.0,0.0,0.0427,0.0,4.0,1.0,7.0,3.0,9.0,6.0,10.0,11.0,8.0,12.0,2.0,5.0
2024-02-05,실적,0.0,0.0,1.0,11,현금,,,2,1,0,False,0.0418,0.0909,해당없음,0.0,0.0,0.0,0.0,0.0,0.0,0.0,0.0,0.0,0.0,0.0,0.0,4.0,1.0,8.0,3.0,9.0,6.0,10.0,11.0,7.0,12.0,2.0,5.0
2024-02-06,실적,0.0,0.0,1.0,11,현금,,,2,1,0,False,0.0372,0.0909,해당없음,0.0,0.0,0.0,0.0,0.0,0.0,0.0,0.0,0.0,0.0,0.0,0.0,4.0,1.0,8.0,3.0,9.0,6.0,10.0,11.0,7.0,12.0,2.0,5.0
2024-02-07,실적,0.44,0.445,0.555,11,폴백,,,2,1,0,False,0.0327,0.0909,해당없음,0.0,0.4005,0.0,0.0,0.0,0.0,0.0,0.0,0.0,0.0,0.0445,0.0,4.0,1.0,8.0,3.0,9.0,6.0,10.0,11.0,7.0,12.0,2.0,5.0
2024-02-08,실적,0.0,0.0,1.0,11,현금,,,2,1,0,False,0.0329,0.0909,해당없음,0.0,0.0,0.0,0.0,0.0,0.0,0.0,0.0,0.0,0.0,0.0,0.0,4.0,1.0,8.0,3.0,9.0,6.0,10.0,11.0,7.0,12.0,2.0,5.0
2024-02-09,실적,0.0,0.0,1.0,11,현금,,,2,1,0,False,0.0258,0.0909,해당없음,0.0,0.0,0.0,0.0,0.0,0.0,0.0,0.0,0.0,0.0,0.0,0.0,4.0,1.0,8.0,3.0,10.0,6.0,9.0,11.0,7.0,12.0,2.0,5.0
2024-02-12,실적,0.0,0.0,1.0,11,현금,,,2,1,0,False,0.0141,0.0909,해당없음,0.0,0.0,0.0,0.0,0.0,0.0,0.0,0.0,0.0,0.0,0.0,0.0,4.0,1.0,8.0,3.0,10.0,6.0,9.0,11.0,7.0,12.0,2.0,5.0
2024-02-13,실적,0.0,0.0,1.0,11,현금,,,2,1,0,False,0.0002,0.0909,해당없음,0.0,0.0,0.0,0.0,0.0,0.0,0.0,0.0,0.0,0.0,0.0,0.0,4.0,1.0,8.0,3.0,11.0,6.0,9.0,10.0,7.0,12.0,2.0,5.0
2024-02-14,실적,0.0,0.0,1.0,11,현금,,,2,1,0,False,0.0136,0.0909,해당없음,0.0,0.0,0.0,0.0,0.0,0.0,0.0,0.0,0.0,0.0,0.0,0.0,4.0,2.0,8.0,3.0,11.0,6.0,9.0,10.0,7.0,12.0,1.0,5.0
2024-02-15,실적,0.0,0.0,1.0,11,현금,,,2,1,0,False,0.0294,0.0909,해당없음,0.0,0.0,0.0,0.0,0.0,0.0,0.0,0.0,0.0,0.0,0.0,0.0,4.0,2.0,8.0,3.0,11.0,6.0,9.0,10.0,7.0,12.0,1.0,5.0
2024-02-16,실적,0.0,0.0,1.0,11,현금,,,2,1,0,False,0.0452,0.0909,해당없음,0.0,0.0,0.0,0.0,0.0,0.0,0.0,0.0,0.0,0.0,0.0,0.0,4.0,2.0,8.0,3.0,11.0,6.0,9.0,10.0,7.0,12.0,1.0,5.0
2024-02-20,실적,0.0,0.0,1.0,11,현금,,,2,1,0,False,0.061,0.0909,해당없음,0.0,0.0,0.0,0.0,0.0,0.0,0.0,0.0,0.0,0.0,0.0,0.0,5.0,2.0,8.0,3.0,11.0,6.0,9.0,10.0,7.0,12.0,1.0,4.0
2024-02-21,실적,0.0,0.0,1.0,11,현금,,,2,1,0,False,0.0725,0.0909,해당없음,0.0,0.0,0.0,0.0,0.0,0.0,0.0,0.0,0.0,0.0,0.0,0.0,5.0,2.0,8.0,3.0,12.0,6.0,9.0,10.0,7.0,11.0,1.0,4.0
2024-02-22,실적,0.0,0.0,1.0,11,현금,,,2,1,0,False,0.084,0.0909,해당없음,0.0,0.0,0.0,0.0,0.0,0.0,0.0,0.0,0.0,0.0,0.0,0.0,5.0,2.0,8.0,3.0,12.0,6.0,9.0,10.0,7.0,11.0,1.0,4.0
2024-02-23,실적,0.0,0.0,1.0,11,현금,XLC,,2,2,0,False,0.0976,0.0909,통과,0.0,0.0,0.0,0.0,0.0,0.0,0.0,0.0,0.0,0.0,0.0,0.0,5.0,2.0,8.0,3.0,12.0,6.0,9.0,10.0,7.0,11.0,1.0,4.0
2024-02-26,실적,0.0,0.0,1.0,11,현금,XLC,,2,2,0,False,0.1113,0.0909,통과,0.0,0.0,0.0,0.0,0.0,0.0,0.0,0.0,0.0,0.0,0.0,0.0,6.0,2.0,9.0,3.0,12.0,5.0,8.0,10.0,7.0,11.0,1.0,4.0
2024-02-27,실적,0.0,0.0,1.0,11,현금,XLC,,2,2,0,False,0.1249,0.0909,통과,0.0,0.0,0.0,0.0,0.0,0.0,0.0,0.0,0.0,0.0,0.0,0.0,6.0,2.0,9.0,3.0,12.0,5.0,8.0,10.0,7.0,11.0,1.0,4.0
2024-02-28,실적,0.0,0.0,1.0,11,현금,XLC,,2,2,0,False,0.1407,0.0909,통과,0.0,0.0,0.0,0.0,0.0,0.0,0.0,0.0,0.0,0.0,0.0,0.0,6.0,2.0,10.0,3.0,12.0,5.0,8.0,9.0,7.0,11.0,1.0,4.0
2024-02-29,실적,0.0,0.0,1.0,11,현금,XLC,,2,2,0,False,0.1526,0.0909,통과,0.0,0.0,0.0,0.0,0.0,0.0,0.0,0.0,0.0,0.0,0.0,0.0,6.0,3.0,10.0,2.0,12.0,5.0,8.0,9.0,7.0,11.0,1.0,4.0
2024-03-01,실적,0.0,0.0,1.0,11,현금,XLC,,2,2,0,False,0.1647,0.0909,통과,0.0,0.0,0.0,0.0,0.0,0.0,0.0,0.0,0.0,0.0,0.0,0.0,6.0,3.0,11.0,2.0,12.0,5.0,8.0,9.0,7.0,10.0,1.0,4.0
2024-03-04,실적,0.0,0.0,1.0,11,현금,XLC,,2,2,0,False,0.1719,0.0909,통과,0.0,0.0,0.0,0.0,0.0,0.0,0.0,0.0,0.0,0.0,0.0,0.0,6.0,3.0,11.0,2.0,12.0,5.0,8.0,10.0,7.0,9.0,1.0,4.0
2024-03-05,실적,0.0,0.0,1.0,11,현금,XLC,,2,2,0,False,0.1788,0.0909,통과,0.0,0.0,0.0,0.0,0.0,0.0,0.0,0.0,0.0,0.0,0.0,0.0,6.0,3.0,11.0,2.0,12.0,5.0,8.0,10.0,7.0,9.0,1.0,4.0
2024-03-06,실적,0.0,0.0,1.0,11,현금,XLC,,2,2,0,False,0.1857,0.0909,통과,0.0,0.0,0.0,0.0,0.0,0.0,0.0,0.0,0.0,0.0,0.0,0.0,6.0,3.0,11.0,2.0,12.0,5.0,8.0,10.0,7.0,9.0,1.0,4.0
2024-03-07,실적,0.0,0.0,1.0,11,현금,XLC,,2,2,0,False,0.2022,0.0909,통과,0.0,0.0,0.0,0.0,0.0,0.0,0.0,0.0,0.0,0.0,0.0,0.0,6.0,3.0,10.0,2.0,12.0,5.0,8.0,11.0,7.0,9.0,1.0,4.0
2024-03-08,실적,0.0,0.0,1.0,11,현금,XLC,,2,2,0,False,0.205,0.0909,통과,0.0,0.0,0.0,0.0,0.0,0.0,0.0,0.0,0.0,0.0,0.0,0.0,6.0,4.0,10.0,3.0,12.0,5.0,8.0,11.0,7.0,9.0,1.0,2.0
2024-03-11,실적,0.0,0.0,1.0,11,현금,XLC,,2,2,0,False,0.2006,0.0909,통과,0.0,0.0,0.0,0.0,0.0,0.0,0.0,0.0,0.0,0.0,0.0,0.0,6.0,4.0,10.0,3.0,12.0,5.0,8.0,11.0,7.0,9.0,1.0,2.0
2024-03-12,실적,0.0,0.0,1.0,11,현금,XLC,,2,2,0,False,0.1916,0.0909,통과,0.0,0.0,0.0,0.0,0.0,0.0,0.0,0.0,0.0,0.0,0.0,0.0,6.0,4.0,10.0,3.0,12.0,5.0,8.0,11.0,7.0,9.0,1.0,2.0
2024-03-13,실적,0.0,0.0,1.0,11,현금,XLC,,2,2,0,False,0.1801,0.0909,통과,0.0,0.0,0.0,0.0,0.0,0.0,0.0,0.0,0.0,0.0,0.0,0.0,6.0,4.0,10.0,3.0,12.0,5.0,7.0,11.0,8.0,9.0,1.0,2.0
2024-03-14,실적,0.0,0.0,1.0,11,현금,XLC,,2,2,0,False,0.1753,0.0909,통과,0.0,0.0,0.0,0.0,0.0,0.0,0.0,0.0,0.0,0.0,0.0,0.0,6.0,4.0,10.0,3.0,12.0,5.0,7.0,11.0,8.0,9.0,1.0,2.0
2024-03-15,실적,0.55,0.55,0.45,11,리더,XLC,,2,2,0,False,0.1706,0.0909,통과,0.0,0.495,0.0,0.0,0.0,0.0,0.0,0.0,0.0,0.0,0.055,0.0,6.0,4.0,10.0,3.0,12.0,5.0,7.0,11.0,8.0,9.0,1.0,2.0
2024-03-18,실적,0.55,0.55,0.45,11,리더,XLC,,2,2,0,False,0.1636,0.0909,통과,0.0,0.495,0.0,0.0,0.0,0.0,0.0,0.0,0.0,0.0,0.055,0.0,6.0,4.0,10.0,3.0,12.0,5.0,7.0,11.0,8.0,9.0,1.0,2.0
2024-03-19,실적,0.55,0.55,0.45,11,리더,XLC,,2,2,0,False,0.1567,0.0909,통과,0.0,0.495,0.0,0.0,0.0,0.0,0.0,0.0,0.0,0.0,0.055,0.0,6.0,4.0,10.0,3.0,12.0,5.0,7.0,11.0,9.0,8.0,1.0,2.0
2024-03-20,실적,0.55,0.55,0.45,11,리더,XLC,,2,2,0,False,0.1474,0.0909,통과,0.0,0.495,0.0,0.0,0.0,0.0,0.0,0.0,0.0,0.0,0.055,0.0,6.0,4.0,10.0,3.0,12.0,5.0,7.0,11.0,9.0,8.0,1.0,2.0
2024-03-21,실적,0.55,0.55,0.45,11,리더,XLC,,2,2,0,False,0.1381,0.0909,통과,0.0,0.495,0.0,0.0,0.0,0.0,0.0,0.0,0.0,0.0,0.055,0.0,6.0,5.0,10.0,3.0,12.0,4.0,7.0,11.0,9.0,8.0,1.0,2.0
2024-03-22,실적,0.55,0.55,0.45,11,리더,XLC,,2,2,0,False,0.131,0.0909,통과,0.0,0.495,0.0,0.0,0.0,0.0,0.0,0.0,0.0,0.0,0.055,0.0,6.0,5.0,10.0,3.0,12.0,4.0,7.0,11.0,9.0,8.0,1.0,2.0
2024-03-25,실적,0.55,0.55,0.45,11,리더,XLC,,2,2,0,False,0.1331,0.0909,통과,0.0,0.495,0.0,0.0,0.0,0.0,0.0,0.0,0.0,0.0,0.055,0.0,6.0,5.0,10.0,3.0,12.0,4.0,7.0,11.0,9.0,8.0,1.0,2.0
2024-03-26,실적,0.55,0.55,0.45,11,리더,XLC,,2,2,0,False,0.1377,0.0909,통과,0.0,0.495,0.0,0.0,0.0,0.0,0.0,0.0,0.0,0.0,0.055,0.0,5.0,6.0,9.0,3.0,12.0,4.0,7.0,11.0,10.0,8.0,1.0,2.0
2024-03-27,실적,0.55,0.55,0.45,11,리더,XLC,,2,2,0,False,0.1422,0.0909,통과,0.0,0.495,0.0,0.0,0.0,0.0,0.0,0.0,0.0,0.0,0.055,0.0,5.0,6.0,9.0,3.0,12.0,4.0,7.0,11.0,10.0,8.0,1.0,2.0
2024-03-28,실적,0.55,0.55,0.45,11,리더,XLC,,2,2,0,False,0.1444,0.0909,통과,0.0,0.495,0.0,0.0,0.0,0.0,0.0,0.0,0.0,0.0,0.055,0.0,5.0,6.0,9.0,3.0,12.0,4.0,7.0,11.0,10.0,8.0,1.0,2.0
2024-04-01,실적,0.55,0.55,0.45,11,리더,XLC,,2,2,0,False,0.1468,0.0909,통과,0.0,0.495,0.0,0.0,0.0,0.0,0.0,0.0,0.0,0.0,0.055,0.0,5.0,6.0,9.0,3.0,12.0,4.0,7.0,11.0,10.0,8.0,1.0,2.0
2024-04-02,실적,0.55,0.55,0.45,11,리더,XLC,,2,2,0,False,0.1561,0.0909,통과,0.0,0.495,0.0,0.0,0.0,0.0,0.0,0.0,0.0,0.0,0.055,0.0,5.0,6.0,9.0,3.0,12.0,4.0,7.0,11.0,10.0,8.0,1.0,2.0
2024-04-03,실적,0.55,0.55,0.45,11,리더,XLC,,2,2,0,False,0.1654,0.0909,통과,0.0,0.495,0.0,0.0,0.0,0.0,0.0,0.0,0.0,0.0,0.055,0.0,4.0,6.0,9.0,3.0,12.0,5.0,7.0,11.0,10.0,8.0,1.0,2.0
2024-04-04,실적,0.55,0.55,0.45,11,리더,XLC,,2,2,0,False,0.1747,0.0909,통과,0.0,0.495,0.0,0.0,0.0,0.0,0.0,0.0,0.0,0.0,0.055,0.0,4.0,6.0,9.0,3.0,12.0,5.0,7.0,11.0,10.0,8.0,1.0,2.0
2024-04-05,실적,0.55,0.55,0.45,11,리더,XLC,,2,2,0,False,0.1816,0.0909,통과,0.0,0.495,0.0,0.0,0.0,0.0,0.0,0.0,0.0,0.0,0.055,0.0,4.0,6.0,9.0,3.0,12.0,5.0,7.0,11.0,10.0,8.0,1.0,2.0
2024-04-08,실적,0.55,0.55,0.45,11,리더,XLC,,2,2,0,False,0.1885,0.0909,통과,0.0,0.495,0.0,0.0,0.0,0.0,0.0,0.0,0.0,0.0,0.055,0.0,4.0,6.0,9.0,3.0,12.0,5.0,7.0,11.0,10.0,8.0,1.0,2.0
2024-04-09,실적,0.55,0.55,0.45,11,리더,XLC,,2,2,0,False,0.1883,0.0909,통과,0.0,0.495,0.0,0.0,0.0,0.0,0.0,0.0,0.0,0.0,0.055,0.0,4.0,6.0,9.0,2.0,12.0,5.0,7.0,11.0,10.0,8.0,1.0,3.0
2024-04-10,실적,0.55,0.55,0.45,11,리더,XLC,,2,2,0,False,0.1814,0.0909,통과,0.0,0.495,0.0,0.0,0.0,0.0,0.0,0.0,0.0,0.0,0.055,0.0,4.0,7.0,9.0,2.0,12.0,5.0,6.0,10.0,11.0,8.0,1.0,3.0
2024-04-11,실적,0.55,0.55,0.45,11,리더,XLC,,2,2,0,False,0.1745,0.0909,통과,0.0,0.495,0.0,0.0,0.0,0.0,0.0,0.0,0.0,0.0,0.055,0.0,4.0,7.0,9.0,2.0,12.0,5.0,6.0,10.0,11.0,8.0,1.0,3.0
2024-04-12,실적,0.44,0.4418,0.5582,11,리더,XLC,,2,2,0,False,0.1675,0.0909,통과,0.0,0.3977,0.0,0.0,0.0,0.0,0.0,0.0,0.0,0.0,0.0442,0.0,4.0,7.0,10.0,2.0,12.0,5.0,6.0,9.0,11.0,8.0,1.0,3.0
2024-04-15,실적,0.42,0.4191,0.5809,11,리더,XLC,,2,2,0,False,0.1675,0.0909,통과,0.0,0.3771,0.0,0.0,0.0,0.0,0.0,0.0,0.0,0.0,0.0419,0.0,5.0,7.0,10.0,2.0,12.0,4.0,6.0,9.0,11.0,8.0,1.0,3.0
2024-04-16,실적,0.43,0.4279,0.5721,11,리더,XLC,,2,2,0,False,0.1652,0.0909,통과,0.0,0.3851,0.0,0.0,0.0,0.0,0.0,0.0,0.0,0.0,0.0428,0.0,5.0,7.0,10.0,2.0,12.0,4.0,6.0,9.0,11.0,8.0,1.0,3.0
2024-04-17,실적,0.73,0.8672,0.1328,11,리더,XLC,,2,2,0,False,0.1647,0.0909,통과,0.0,0.661,0.0,0.0,0.1328,0.0,0.0,0.0,0.0,0.0,0.0734,0.0,5.0,7.0,11.0,2.0,12.0,4.0,6.0,9.0,10.0,8.0,1.0,3.0
2024-04-18,실적,0.78,0.892,0.108,11,리더,XLC,,2,2,0,False,0.1621,0.0909,통과,0.0,0.7057,0.0,0.0,0.108,0.0,0.0,0.0,0.0,0.0,0.0784,0.0,5.0,7.0,11.0,2.0,12.0,4.0,6.0,9.0,10.0,8.0,1.0,3.0
2024-04-19,실적,0.78,0.89,0.11,11,리더,XLC,,2,2,0,False,0.1595,0.0909,통과,0.0,0.702,0.0,0.0,0.11,0.0,0.0,0.0,0.0,0.0,0.078,0.0,5.0,7.0,10.0,2.0,12.0,4.0,6.0,9.0,11.0,8.0,1.0,3.0
2024-04-22,실적,0.73,0.8632,0.1368,11,리더,XLC,,2,2,0,False,0.1617,0.0909,통과,0.0,0.6538,0.0,0.0,0.1368,0.0,0.0,0.0,0.0,0.0,0.0726,0.0,5.0,7.0,11.0,2.0,12.0,4.0,6.0,9.0,10.0,8.0,1.0,3.0
2024-04-23,실적,0.67,0.8341,0.1659,11,리더,XLC,,2,2,0,False,0.1641,0.0909,통과,0.0,0.6014,0.0,0.0,0.1659,0.0,0.0,0.0,0.0,0.0,0.0668,0.0,6.0,7.0,11.0,2.0,12.0,3.0,5.0,9.0,10.0,8.0,1.0,4.0
2024-04-24,실적,0.67,0.8341,0.1659,11,리더,XLC,,2,2,0,False,0.1732,0.0909,통과,0.0,0.6013,0.0,0.0,0.1659,0.0,0.0,0.0,0.0,0.0,0.0668,0.0,6.0,7.0,11.0,2.0,12.0,3.0,5.0,9.0,10.0,8.0,1.0,4.0
2024-04-25,실적,0.7,0.8482,0.1518,11,리더,XLC,,2,2,0,False,0.1844,0.0909,통과,0.0,0.6268,0.0,0.0,0.1518,0.0,0.0,0.0,0.0,0.0,0.0696,0.0,6.0,7.0,11.0,2.0,12.0,4.0,3.0,9.0,10.0,8.0,1.0,5.0
2024-04-26,실적,0.66,0.8304,0.1696,11,리더,XLC,,2,2,0,False,0.2026,0.0909,통과,0.0,0.5947,0.0,0.0,0.1696,0.0,0.0,0.0,0.0,0.0,0.0661,0.0,6.0,7.0,11.0,2.0,12.0,4.0,3.0,9.0,10.0,8.0,1.0,5.0
2024-04-29,실적,0.65,0.8273,0.1727,11,리더,XLC,,2,2,0,False,0.2184,0.0909,통과,0.0,0.5892,0.0,0.0,0.1727,0.0,0.0,0.0,0.0,0.0,0.0655,0.0,6.0,7.0,11.0,2.0,12.0,4.0,3.0,9.0,10.0,8.0,1.0,5.0
2024-04-30,실적,0.61,0.8054,0.1946,11,리더,XLC,,2,2,0,False,0.2139,0.0909,통과,0.0,0.5497,0.0,0.0,0.1946,0.0,0.0,0.0,0.0,0.0,0.0611,0.0,6.0,7.0,11.0,3.0,12.0,4.0,2.0,9.0,10.0,8.0,1.0,5.0
2024-05-01,실적,0.61,0.806,0.194,11,리더,XLC,,2,2,0,False,0.2028,0.0909,통과,0.0,0.5508,0.0,0.0,0.194,0.0,0.0,0.0,0.0,0.0,0.0612,0.0,6.0,7.0,11.0,3.0,12.0,4.0,2.0,9.0,10.0,8.0,1.0,5.0
2024-05-02,실적,0.61,0.8066,0.1934,11,리더,XLC,,2,2,0,False,0.1916,0.0909,통과,0.0,0.552,0.0,0.0,0.1934,0.0,0.0,0.0,0.0,0.0,0.0613,0.0,6.0,7.0,11.0,3.0,12.0,4.0,2.0,9.0,10.0,8.0,1.0,5.0
2024-05-03,실적,0.6,0.8016,0.1984,11,리더,XLC,,2,2,0,False,0.1846,0.0909,통과,0.0,0.543,0.0,0.0,0.1984,0.0,0.0,0.0,0.0,0.0,0.0603,0.0,6.0,7.0,11.0,4.0,12.0,3.0,2.0,9.0,10.0,8.0,1.0,5.0
2024-05-06,실적,0.0,0.0,1.0,11,현금,XLC,,2,2,0,False,0.1755,0.0909,통과,0.0,0.0,0.0,0.0,0.0,0.0,0.0,0.0,0.0,0.0,0.0,0.0,6.0,7.0,11.0,4.0,12.0,3.0,2.0,9.0,10.0,8.0,1.0,5.0
2024-05-07,실적,0.6,0.8,0.2,11,리더,XLC,,2,2,0,False,0.1643,0.0909,통과,0.0,0.54,0.0,0.0,0.2,0.0,0.0,0.0,0.0,0.0,0.06,0.0,6.0,7.0,11.0,4.0,12.0,3.0,2.0,9.0,10.0,8.0,1.0,5.0
2024-05-08,실적,0.0,0.0,1.0,11,현금,XLC,,2,2,0,False,0.1437,0.0909,통과,0.0,0.0,0.0,0.0,0.0,0.0,0.0,0.0,0.0,0.0,0.0,0.0,6.0,7.0,11.0,4.0,12.0,3.0,2.0,10.0,9.0,8.0,1.0,5.0
2024-05-09,실적,0.61,0.8027,0.1973,11,리더,XLC,,2,2,0,False,0.1279,0.0909,통과,0.0,0.5449,0.0,0.0,0.1973,0.0,0.0,0.0,0.0,0.0,0.0605,0.0,6.0,7.0,11.0,4.0,12.0,3.0,2.0,10.0,9.0,8.0,1.0,5.0
2024-05-10,실적,0.65,0.827,0.173,11,리더,XLC,,2,2,0,False,0.1121,0.0909,통과,0.0,0.5886,0.0,0.0,0.173,0.0,0.0,0.0,0.0,0.0,0.0654,0.0,6.0,7.0,11.0,4.0,12.0,3.0,2.0,10.0,9.0,8.0,1.0,5.0
2024-05-13,실적,0.71,0.8553,0.1447,11,리더,XLC,,2,2,0,False,0.0963,0.0909,통과,0.0,0.6396,0.0,0.0,0.1447,0.0,0.0,0.0,0.0,0.0,0.0711,0.0,6.0,7.0,11.0,4.0,12.0,3.0,2.0,10.0,9.0,8.0,1.0,5.0
2024-05-14,실적,0.42,0.4198,0.5802,11,리더,XLC,,2,2,0,False,0.0963,0.0909,통과,0.0,0.3779,0.0,0.0,0.0,0.0,0.0,0.0,0.0,0.0,0.042,0.0,6.0,7.0,11.0,4.0,12.0,3.0,2.0,10.0,9.0,8.0,1.0,5.0
2024-05-15,실적,0.41,0.4139,0.5861,11,리더,XLC,,2,2,0,False,0.1052,0.0909,통과,0.0,0.3725,0.0,0.0,0.0,0.0,0.0,0.0,0.0,0.0,0.0414,0.0,6.0,7.0,11.0,4.0,12.0,3.0,2.0,10.0,9.0,8.0,1.0,5.0
2024-05-16,실적,0.41,0.4139,0.5861,11,리더,XLC,,2,2,0,False,0.1052,0.0909,통과,0.0,0.3725,0.0,0.0,0.0,0.0,0.0,0.0,0.0,0.0,0.0414,0.0,6.0,7.0,11.0,4.0,12.0,3.0,2.0,10.0,8.0,9.0,1.0,5.0
2024-05-17,실적,0.0,0.0,1.0,11,현금,XLC,,2,2,0,False,0.1052,0.0909,통과,0.0,0.0,0.0,0.0,0.0,0.0,0.0,0.0,0.0,0.0,0.0,0.0,5.0,7.0,11.0,4.0,12.0,3.0,2.0,10.0,8.0,9.0,1.0,6.0
2024-05-20,실적,0.0,0.0,1.0,11,현금,XLC,,2,2,0,False,0.1052,0.0909,통과,0.0,0.0,0.0,0.0,0.0,0.0,0.0,0.0,0.0,0.0,0.0,0.0,5.0,7.0,11.0,4.0,12.0,3.0,2.0,10.0,8.0,9.0,1.0,6.0
2024-05-21,실적,0.8,0.9015,0.0985,11,리더,XLC,,2,2,0,False,0.1052,0.0909,통과,0.0,0.7227,0.0,0.0,0.0985,0.0,0.0,0.0,0.0,0.0,0.0803,0.0,6.0,5.0,11.0,4.0,12.0,3.0,2.0,10.0,8.0,9.0,1.0,7.0
2024-05-22,실적,0.0,0.0,1.0,11,현금,XLC,,2,2,0,False,0.1052,0.0909,통과,0.0,0.0,0.0,0.0,0.0,0.0,0.0,0.0,0.0,0.0,0.0,0.0,6.0,5.0,11.0,4.0,12.0,3.0,2.0,10.0,8.0,9.0,1.0,7.0
2024-05-23,실적,0.77,0.8845,0.1155,11,리더,XLC,,2,2,0,False,0.1052,0.0909,통과,0.0,0.692,0.0,0.0,0.1155,0.0,0.0,0.0,0.0,0.0,0.0769,0.0,6.0,5.0,11.0,4.0,12.0,3.0,2.0,10.0,8.0,9.0,1.0,7.0
2024-05-24,실적,0.0,0.0,1.0,11,현금,XLC,,2,2,0,False,0.1052,0.0909,통과,0.0,0.0,0.0,0.0,0.0,0.0,0.0,0.0,0.0,0.0,0.0,0.0,6.0,5.0,11.0,4.0,12.0,3.0,2.0,10.0,8.0,9.0,1.0,7.0
2024-05-28,실적,0.78,0.892,0.108,11,리더,XLC,,2,2,0,False,0.1052,0.0909,통과,0.0,0.7057,0.0,0.0,0.108,0.0,0.0,0.0,0.0,0.0,0.0784,0.0,6.0,4.0,11.0,5.0,12.0,3.0,2.0,10.0,8.0,9.0,1.0,7.0
2024-05-29,실적,0.92,0.9611,0.0389,11,리더,XLC,,2,2,0,False,0.1052,0.0909,통과,0.0,0.83,0.0,0.0,0.0389,0.0,0.0,0.0,0.0,0.0,0.0922,0.0,6.0,4.0,11.0,5.0,12.0,3.0,2.0,10.0,8.0,9.0,1.0,7.0
2024-05-30,실적,0.89,0.9441,0.0559,11,리더,XLC,,2,2,0,False,0.11,0.0909,통과,0.0,0.7993,0.0,0.0,0.0559,0.0,0.0,0.0,0.0,0.0,0.0888,0.0,6.0,4.0,9.0,5.0,12.0,3.0,2.0,10.0,8.0,11.0,1.0,7.0
2024-05-31,실적,0.0,0.0,1.0,11,현금,XLC,,2,2,0,False,0.1052,0.0909,통과,0.0,0.0,0.0,0.0,0.0,0.0,0.0,0.0,0.0,0.0,0.0,0.0,6.0,4.0,9.0,5.0,12.0,3.0,2.0,10.0,8.0,11.0,1.0,7.0
2024-06-03,실적,0.0,0.0,1.0,11,현금,XLC,,2,2,0,False,0.103,0.0909,통과,0.0,0.0,0.0,0.0,0.0,0.0,0.0,0.0,0.0,0.0,0.0,0.0,6.0,4.0,9.0,5.0,12.0,3.0,2.0,10.0,8.0,11.0,1.0,7.0
2024-06-04,실적,1.0,1.0,0.0,11,리더,XLC,,2,2,0,False,0.0965,0.0909,통과,0.0,0.9,0.0,0.0,0.0,0.0,0.0,0.0,0.0,0.0,0.1,0.0,7.0,4.0,9.0,5.0,12.0,3.0,2.0,10.0,8.0,11.0,1.0,6.0
2024-06-05,실적,0.95,0.9742,0.0258,11,리더,XLC,,2,2,0,False,0.0922,0.0909,통과,0.0,0.8536,0.0,0.0,0.0258,0.0,0.0,0.0,0.0,0.0,0.0948,0.0,7.0,4.0,9.0,5.0,12.0,3.0,2.0,10.0,8.0,11.0,1.0,6.0
2024-06-06,실적,0.0,0.0,1.0,11,현금,XLC,,2,2,0,False,0.09,0.0909,미달,0.0,0.0,0.0,0.0,0.0,0.0,0.0,0.0,0.0,0.0,0.0,0.0,7.0,4.0,9.0,5.0,12.0,3.0,2.0,10.0,8.0,11.0,1.0,6.0
2024-06-07,실적,0.0,0.0,1.0,11,현금,XLC,,2,2,0,False,0.0948,0.0909,통과,0.0,0.0,0.0,0.0,0.0,0.0,0.0,0.0,0.0,0.0,0.0,0.0,7.0,4.0,9.0,5.0,12.0,3.0,2.0,10.0,8.0,11.0,1.0,6.0
2024-06-10,실적,0.0,0.0,1.0,11,현금,XLC,,2,2,0,False,0.0948,0.0909,통과,0.0,0.0,0.0,0.0,0.0,0.0,0.0,0.0,0.0,0.0,0.0,0.0,7.0,4.0,9.0,5.0,12.0,3.0,2.0,10.0,8.0,11.0,1.0,6.0
2024-06-11,실적,0.0,0.0,1.0,11,현금,XLC,,2,2,0,False,0.0948,0.0909,통과,0.0,0.0,0.0,0.0,0.0,0.0,0.0,0.0,0.0,0.0,0.0,0.0,7.0,4.0,9.0,6.0,12.0,3.0,2.0,10.0,8.0,11.0,1.0,5.0
2024-06-12,실적,0.93,0.964,0.036,11,리더,XLC,,2,2,0,False,0.1084,0.0909,통과,0.0,0.8353,0.0,0.0,0.036,0.0,0.0,0.0,0.0,0.0,0.0928,0.0,7.0,4.0,9.0,6.0,12.0,3.0,2.0,10.0,8.0,11.0,1.0,5.0
2024-06-13,실적,1.0,1.0,0.0,11,리더,XLC,,2,2,0,False,0.1266,0.0909,통과,0.0,0.9,0.0,0.0,0.0,0.0,0.0,0.0,0.0,0.0,0.1,0.0,7.0,4.0,9.0,6.0,12.0,3.0,2.0,10.0,8.0,11.0,1.0,5.0
2024-06-14,실적,1.0,1.0,0.0,11,리더,XLC,,2,2,0,False,0.1359,0.0909,통과,0.0,0.9,0.0,0.0,0.0,0.0,0.0,0.0,0.0,0.0,0.1,0.0,7.0,4.0,9.0,6.0,12.0,3.0,2.0,10.0,8.0,11.0,1.0,5.0
2024-06-17,실적,0.0,0.0,1.0,11,현금,XLC,,2,2,0,False,0.1405,0.0909,통과,0.0,0.0,0.0,0.0,0.0,0.0,0.0,0.0,0.0,0.0,0.0,0.0,7.0,4.0,9.0,6.0,12.0,3.0,2.0,10.0,8.0,11.0,1.0,5.0
2024-06-18,실적,0.0,0.0,1.0,11,현금,XLC,,2,2,0,False,0.1426,0.0909,통과,0.0,0.0,0.0,0.0,0.0,0.0,0.0,0.0,0.0,0.0,0.0,0.0,8.0,4.0,9.0,6.0,12.0,3.0,2.0,10.0,7.0,11.0,1.0,5.0
2024-06-20,실적,0.0,0.0,1.0,11,현금,XLC,,2,2,0,False,0.1448,0.0909,통과,0.0,0.0,0.0,0.0,0.0,0.0,0.0,0.0,0.0,0.0,0.0,0.0,8.0,5.0,9.0,6.0,11.0,3.0,2.0,10.0,7.0,12.0,1.0,4.0
2024-06-21,실적,0.0,0.0,1.0,11,현금,XLC,,2,2,0,False,0.147,0.0909,통과,0.0,0.0,0.0,0.0,0.0,0.0,0.0,0.0,0.0,0.0,0.0,0.0,8.0,5.0,9.0,6.0,11.0,3.0,2.0,10.0,7.0,12.0,1.0,4.0
2024-06-24,실적,0.0,0.0,1.0,11,현금,XLC,,2,2,0,False,0.1491,0.0909,통과,0.0,0.0,0.0,0.0,0.0,0.0,0.0,0.0,0.0,0.0,0.0,0.0,8.0,5.0,9.0,7.0,10.0,3.0,2.0,11.0,6.0,12.0,1.0,4.0
2024-06-25,실적,0.0,0.0,1.0,11,현금,XLC,,2,2,0,False,0.1513,0.0909,통과,0.0,0.0,0.0,0.0,0.0,0.0,0.0,0.0,0.0,0.0,0.0,0.0,8.0,5.0,9.0,7.0,10.0,3.0,2.0,11.0,6.0,12.0,1.0,4.0
2024-06-26,실적,0.0,0.0,1.0,11,현금,XLC,,2,2,0,False,0.1604,0.0909,통과,0.0,0.0,0.0,0.0,0.0,0.0,0.0,0.0,0.0,0.0,0.0,0.0,8.0,5.0,9.0,7.0,10.0,3.0,2.0,11.0,6.0,12.0,1.0,4.0
2024-06-27,실적,1.0,1.0,0.0,11,리더,XLC,,2,2,0,False,0.1695,0.0909,통과,0.0,0.9,0.0,0.0,0.0,0.0,0.0,0.0,0.0,0.0,0.1,0.0,8.0,5.0,9.0,7.0,10.0,3.0,2.0,11.0,6.0,12.0,1.0,4.0
2024-06-28,실적,1.0,1.0,0.0,11,리더,XLC,,2,2,0,False,0.1786,0.0909,통과,0.0,0.9,0.0,0.0,0.0,0.0,0.0,0.0,0.0,0.0,0.1,0.0,8.0,5.0,9.0,7.0,10.0,3.0,2.0,11.0,6.0,12.0,1.0,4.0
2024-07-01,실적,1.0,1.0,0.0,11,리더,XLC,,2,2,0,False,0.1807,0.0909,통과,0.0,0.9,0.0,0.0,0.0,0.0,0.0,0.0,0.0,0.0,0.1,0.0,8.0,5.0,9.0,7.0,10.0,3.0,2.0,12.0,6.0,11.0,1.0,4.0
2024-07-02,실적,0.0,0.0,1.0,11,현금,XLC,,2,2,0,False,0.1877,0.0909,통과,0.0,0.0,0.0,0.0,0.0,0.0,0.0,0.0,0.0,0.0,0.0,0.0,8.0,5.0,9.0,7.0,10.0,3.0,2.0,12.0,6.0,11.0,1.0,4.0
2024-07-03,실적,1.0,1.0,0.0,11,리더,XLC,,2,2,0,False,0.1922,0.0909,통과,0.0,0.9,0.0,0.0,0.0,0.0,0.0,0.0,0.0,0.0,0.1,0.0,8.0,5.0,9.0,7.0,10.0,3.0,2.0,12.0,6.0,11.0,1.0,4.0
2024-07-05,실적,1.0,1.0,0.0,11,리더,XLC,,2,2,0,False,0.1989,0.0909,통과,0.0,0.9,0.0,0.0,0.0,0.0,0.0,0.0,0.0,0.0,0.1,0.0,8.0,5.0,9.0,7.0,10.0,4.0,2.0,12.0,6.0,11.0,1.0,3.0
2024-07-08,실적,1.0,1.0,0.0,11,리더,XLC,,2,2,0,False,0.208,0.0909,통과,0.0,0.9,0.0,0.0,0.0,0.0,0.0,0.0,0.0,0.0,0.1,0.0,8.0,5.0,9.0,7.0,10.0,4.0,2.0,12.0,6.0,11.0,1.0,3.0
2024-07-09,실적,1.0,1.0,0.0,11,리더,XLC,,2,2,0,False,0.2238,0.0909,통과,0.0,0.9,0.0,0.0,0.0,0.0,0.0,0.0,0.0,0.0,0.1,0.0,7.0,4.0,9.0,8.0,10.0,5.0,2.0,12.0,6.0,11.0,1.0,3.0
2024-07-10,실적,0.0,0.0,1.0,11,현금,XLC,,2,2,0,False,0.2208,0.0909,통과,0.0,0.0,0.0,0.0,0.0,0.0,0.0,0.0,0.0,0.0,0.0,0.0,7.0,4.0,9.0,8.0,10.0,5.0,3.0,12.0,6.0,11.0,1.0,2.0
2024-07-11,실적,0.0,0.0,1.0,11,현금,XLC,,2,2,0,False,0.2141,0.0909,통과,0.0,0.0,0.0,0.0,0.0,0.0,0.0,0.0,0.0,0.0,0.0,0.0,7.0,3.0,9.0,8.0,10.0,5.0,4.0,12.0,6.0,11.0,1.0,2.0
2024-07-12,실적,0.0,0.0,1.0,11,현금,XLC,,2,2,0,False,0.2095,0.0909,통과,0.0,0.0,0.0,0.0,0.0,0.0,0.0,0.0,0.0,0.0,0.0,0.0,7.0,3.0,9.0,8.0,10.0,4.0,5.0,11.0,6.0,12.0,1.0,2.0
2024-07-15,실적,0.0,0.0,1.0,11,현금,XLC,,2,2,0,False,0.2095,0.0909,통과,0.0,0.0,0.0,0.0,0.0,0.0,0.0,0.0,0.0,0.0,0.0,0.0,7.0,3.0,9.0,8.0,10.0,4.0,5.0,11.0,6.0,12.0,1.0,2.0
2024-07-16,실적,0.0,0.0,1.0,11,현금,XLC,,2,2,0,False,0.2117,0.0909,통과,0.0,0.0,0.0,0.0,0.0,0.0,0.0,0.0,0.0,0.0,0.0,0.0,7.0,3.0,9.0,8.0,10.0,4.0,5.0,11.0,6.0,12.0,1.0,2.0
2024-07-17,실적,0.0,0.0,1.0,11,현금,XLC,,2,2,0,False,0.2139,0.0909,통과,0.0,0.0,0.0,0.0,0.0,0.0,0.0,0.0,0.0,0.0,0.0,0.0,7.0,3.0,9.0,8.0,10.0,4.0,5.0,11.0,6.0,12.0,1.0,2.0
2024-07-18,실적,0.0,0.0,1.0,11,현금,XLC,,2,2,0,False,0.208,0.0909,통과,0.0,0.0,0.0,0.0,0.0,0.0,0.0,0.0,0.0,0.0,0.0,0.0,7.0,2.0,9.0,8.0,10.0,4.0,5.0,11.0,6.0,12.0,1.0,3.0
2024-07-19,실적,0.0,0.0,1.0,11,현금,XLC,,2,2,0,False,0.1991,0.0909,통과,0.0,0.0,0.0,0.0,0.0,0.0,0.0,0.0,0.0,0.0,0.0,0.0,7.0,2.0,9.0,8.0,10.0,4.0,5.0,11.0,6.0,12.0,1.0,3.0
2024-07-22,실적,0.0,0.0,1.0,11,현금,XLC,,2,2,0,False,0.1903,0.0909,통과,0.0,0.0,0.0,0.0,0.0,0.0,0.0,0.0,0.0,0.0,0.0,0.0,7.0,2.0,9.0,8.0,10.0,4.0,5.0,11.0,6.0,12.0,1.0,3.0
2024-07-23,실적,0.0,0.0,1.0,11,현금,XLC,,2,2,0,False,0.1768,0.0909,통과,0.0,0.0,0.0,0.0,0.0,0.0,0.0,0.0,0.0,0.0,0.0,0.0,7.0,2.0,9.0,8.0,10.0,4.0,5.0,11.0,6.0,12.0,1.0,3.0
2024-07-24,실적,0.0,0.0,1.0,11,현금,XLC,,2,2,0,False,0.168,0.0909,통과,0.0,0.0,0.0,0.0,0.0,0.0,0.0,0.0,0.0,0.0,0.0,0.0,7.0,2.0,9.0,8.0,10.0,4.0,5.0,11.0,6.0,12.0,1.0,3.0
2024-07-25,실적,0.0,0.0,1.0,11,현금,XLC,,2,2,0,False,0.1591,0.0909,통과,0.0,0.0,0.0,0.0,0.0,0.0,0.0,0.0,0.0,0.0,0.0,0.0,7.0,2.0,9.0,8.0,10.0,4.0,6.0,11.0,5.0,12.0,1.0,3.0
2024-07-26,실적,0.0,0.0,1.0,11,현금,XLC,,2,2,0,False,0.1526,0.0909,통과,0.0,0.0,0.0,0.0,0.0,0.0,0.0,0.0,0.0,0.0,0.0,0.0,6.0,2.0,9.0,8.0,10.0,4.0,7.0,11.0,5.0,12.0,1.0,3.0
2024-07-29,실적,0.0,0.0,1.0,11,현금,XLC,,2,2,0,False,0.1461,0.0909,통과,0.0,0.0,0.0,0.0,0.0,0.0,0.0,0.0,0.0,0.0,0.0,0.0,5.0,2.0,9.0,8.0,10.0,4.0,7.0,11.0,6.0,12.0,1.0,3.0
2024-07-30,실적,1.0,1.0,0.0,11,리더,XLC,,2,2,0,False,0.1372,0.0909,통과,0.0,0.9,0.0,0.0,0.0,0.0,0.0,0.0,0.0,0.0,0.1,0.0,5.0,2.0,9.0,8.0,11.0,4.0,7.0,10.0,6.0,12.0,1.0,3.0
2024-07-31,실적,1.0,1.0,0.0,11,리더,XLC,,2,2,0,False,0.1284,0.0909,통과,0.0,0.9,0.0,0.0,0.0,0.0,0.0,0.0,0.0,0.0,0.1,0.0,5.0,2.0,8.0,9.0,11.0,4.0,7.0,10.0,6.0,12.0,1.0,3.0
2024-08-01,실적,0.0,0.0,1.0,11,현금,XLC,,2,2,0,False,0.1149,0.0909,통과,0.0,0.0,0.0,0.0,0.0,0.0,0.0,0.0,0.0,0.0,0.0,0.0,5.0,2.0,9.0,8.0,11.0,4.0,7.0,10.0,6.0,12.0,1.0,3.0
2024-08-02,실적,1.0,1.0,0.0,11,리더,XLC,,2,2,0,False,0.1084,0.0909,통과,0.0,0.9,0.0,0.0,0.0,0.0,0.0,0.0,0.0,0.0,0.1,0.0,5.0,2.0,9.0,6.0,11.0,4.0,8.0,10.0,7.0,12.0,1.0,3.0
2024-08-05,실적,1.0,1.0,0.0,11,리더,XLC,,2,2,0,False,0.1063,0.0909,통과,0.0,0.9,0.0,0.0,0.0,0.0,0.0,0.0,0.0,0.0,0.1,0.0,5.0,2.0,8.0,6.0,11.0,4.0,9.0,10.0,7.0,12.0,1.0,3.0
2024-08-06,실적,1.0,1.0,0.0,11,리더,XLC,,2,2,0,False,0.1041,0.0909,통과,0.0,0.9,0.0,0.0,0.0,0.0,0.0,0.0,0.0,0.0,0.1,0.0,5.0,2.0,7.0,6.0,11.0,3.0,9.0,10.0,8.0,12.0,1.0,4.0
2024-08-07,실적,1.0,1.0,0.0,11,리더,XLC,,2,2,0,False,0.1019,0.0909,통과,0.0,0.9,0.0,0.0,0.0,0.0,0.0,0.0,0.0,0.0,0.1,0.0,4.0,2.0,7.0,6.0,11.0,3.0,8.0,10.0,9.0,12.0,1.0,5.0
2024-08-08,실적,1.0,1.0,0.0,11,리더,XLC,,2,2,0,False,0.1019,0.0909,통과,0.0,0.9,0.0,0.0,0.0,0.0,0.0,0.0,0.0,0.0,0.1,0.0,4.0,2.0,7.0,6.0,11.0,3.0,9.0,10.0,8.0,12.0,1.0,5.0
2024-08-09,실적,1.0,1.0,0.0,11,리더,XLC,,2,2,0,False,0.0998,0.0909,통과,0.0,0.9,0.0,0.0,0.0,0.0,0.0,0.0,0.0,0.0,0.1,0.0,3.0,2.0,7.0,6.0,11.0,4.0,9.0,10.0,8.0,12.0,1.0,5.0
2024-08-12,실적,1.0,1.0,0.0,11,리더,XLC,,2,2,0,False,0.0976,0.0909,통과,0.0,0.9,0.0,0.0,0.0,0.0,0.0,0.0,0.0,0.0,0.1,0.0,3.0,2.0,7.0,5.0,11.0,4.0,9.0,8.0,10.0,12.0,1.0,6.0
2024-08-13,실적,1.0,1.0,0.0,11,리더,XLC,,2,2,0,False,0.0976,0.0909,통과,0.0,0.9,0.0,0.0,0.0,0.0,0.0,0.0,0.0,0.0,0.1,0.0,3.0,2.0,7.0,5.0,11.0,4.0,9.0,8.0,10.0,12.0,1.0,6.0
2024-08-14,실적,1.0,1.0,0.0,11,리더,XLC,,2,2,0,False,0.0998,0.0909,통과,0.0,0.9,0.0,0.0,0.0,0.0,0.0,0.0,0.0,0.0,0.1,0.0,3.0,2.0,8.0,4.0,11.0,5.0,9.0,7.0,10.0,12.0,1.0,6.0
2024-08-15,실적,1.0,1.0,0.0,11,리더,XLC,,2,2,0,False,0.0998,0.0909,통과,0.0,0.9,0.0,0.0,0.0,0.0,0.0,0.0,0.0,0.0,0.1,0.0,3.0,2.0,8.0,4.0,11.0,5.0,10.0,6.0,9.0,12.0,1.0,7.0
2024-08-16,실적,1.0,1.0,0.0,11,리더,XLC,,2,2,0,False,0.0998,0.0909,통과,0.0,0.9,0.0,0.0,0.0,0.0,0.0,0.0,0.0,0.0,0.1,0.0,3.0,2.0,8.0,4.0,11.0,5.0,10.0,6.0,9.0,12.0,1.0,7.0
2024-08-19,실적,1.0,1.0,0.0,11,리더,XLC,,2,2,0,False,0.0998,0.0909,통과,0.0,0.9,0.0,0.0,0.0,0.0,0.0,0.0,0.0,0.0,0.1,0.0,3.0,2.0,8.0,4.0,10.0,6.0,11.0,5.0,9.0,12.0,1.0,7.0
2024-08-20,실적,0.22,0.2234,0.7766,11,리더,XLC,,2,2,0,False,0.0998,0.0909,통과,0.0,0.201,0.0,0.0,0.0,0.0,0.0,0.0,0.0,0.0,0.0223,0.0,4.0,2.0,9.0,3.0,10.0,6.0,11.0,5.0,8.0,12.0,1.0,7.0
2024-08-21,실적,0.24,0.2426,0.7574,11,리더,XLC,,2,2,0,False,0.095,0.0909,통과,0.0,0.2183,0.0,0.0,0.0,0.0,0.0,0.0,0.0,0.0,0.0243,0.0,4.0,2.0,10.0,3.0,7.0,6.0,11.0,5.0,8.0,12.0,1.0,9.0
2024-08-22,실적,0.24,0.2409,0.7591,11,리더,XLC,,2,2,0,False,0.095,0.0909,통과,0.0,0.2168,0.0,0.0,0.0,0.0,0.0,0.0,0.0,0.0,0.0241,0.0,4.0,2.0,9.0,3.0,7.0,6.0,11.0,5.0,8.0,12.0,1.0,10.0
2024-08-23,실적,0.24,0.2413,0.7587,11,리더,XLC,,2,2,0,False,0.095,0.0909,통과,0.0,0.2172,0.0,0.0,0.0,0.0,0.0,0.0,0.0,0.0,0.0241,0.0,4.0,2.0,9.0,3.0,7.0,6.0,11.0,5.0,8.0,12.0,1.0,10.0
2024-08-26,실적,0.24,0.2407,0.7593,11,리더,XLC,,2,2,0,False,0.095,0.0909,통과,0.0,0.2167,0.0,0.0,0.0,0.0,0.0,0.0,0.0,0.0,0.0241,0.0,4.0,2.0,9.0,3.0,6.0,7.0,11.0,5.0,8.0,12.0,1.0,10.0
2024-08-27,실적,0.24,0.2425,0.7575,11,리더,XLC,,2,2,0,False,0.095,0.0909,통과,0.0,0.2182,0.0,0.0,0.0,0.0,0.0,0.0,0.0,0.0,0.0242,0.0,4.0,2.0,9.0,3.0,6.0,7.0,11.0,5.0,8.0,12.0,1.0,10.0
2024-08-28,실적,0.25,0.2495,0.7505,11,리더,XLC,,2,2,0,False,0.095,0.0909,통과,0.0,0.2245,0.0,0.0,0.0,0.0,0.0,0.0,0.0,0.0,0.0249,0.0,4.0,2.0,9.0,3.0,6.0,7.0,10.0,5.0,8.0,12.0,1.0,11.0
2024-08-29,실적,0.26,0.2598,0.7402,11,리더,XLC,,2,2,0,False,0.095,0.0909,통과,0.0,0.2338,0.0,0.0,0.0,0.0,0.0,0.0,0.0,0.0,0.026,0.0,4.0,2.0,9.0,3.0,6.0,7.0,10.0,5.0,8.0,12.0,1.0,11.0
2024-08-30,실적,0.28,0.2798,0.7202,11,리더,XLC,,2,2,0,False,0.095,0.0909,통과,0.0,0.2519,0.0,0.0,0.0,0.0,0.0,0.0,0.0,0.0,0.028,0.0,4.0,2.0,9.0,3.0,6.0,8.0,10.0,5.0,7.0,12.0,1.0,11.0
2024-09-03,실적,1.0,1.0,0.0,11,리더,XLC,,2,2,0,False,0.095,0.0909,통과,0.0,0.9,0.0,0.0,0.0,0.0,0.0,0.0,0.0,0.0,0.1,0.0,4.0,2.0,9.0,3.0,6.0,8.0,10.0,5.0,7.0,12.0,1.0,11.0
2024-09-04,실적,1.0,1.0,0.0,11,리더,XLC,,2,2,0,False,0.095,0.0909,통과,0.0,0.9,0.0,0.0,0.0,0.0,0.0,0.0,0.0,0.0,0.1,0.0,4.0,2.0,9.0,3.0,6.0,8.0,11.0,5.0,7.0,12.0,1.0,10.0
2024-09-05,실적,1.0,1.0,0.0,11,리더,XLC,,2,2,0,False,0.095,0.0909,통과,0.0,0.9,0.0,0.0,0.0,0.0,0.0,0.0,0.0,0.0,0.1,0.0,4.0,2.0,9.0,3.0,6.0,8.0,11.0,5.0,7.0,12.0,1.0,10.0
2024-09-06,실적,1.0,1.0,0.0,11,리더,XLC,,2,2,0,False,0.095,0.0909,통과,0.0,0.9,0.0,0.0,0.0,0.0,0.0,0.0,0.0,0.0,0.1,0.0,3.0,2.0,9.0,4.0,6.0,8.0,11.0,5.0,7.0,12.0,1.0,10.0
2024-09-09,실적,1.0,1.0,0.0,11,리더,XLC,,2,2,0,False,0.0972,0.0909,통과,0.0,0.9,0.0,0.0,0.0,0.0,0.0,0.0,0.0,0.0,0.1,0.0,3.0,2.0,9.0,4.0,6.0,8.0,11.0,5.0,7.0,12.0,1.0,10.0
2024-09-10,실적,1.0,1.0,0.0,11,리더,XLC,,2,2,0,False,0.0994,0.0909,통과,0.0,0.9,0.0,0.0,0.0,0.0,0.0,0.0,0.0,0.0,0.1,0.0,3.0,2.0,9.0,4.0,6.0,8.0,11.0,5.0,7.0,12.0,1.0,10.0
2024-09-11,실적,1.0,1.0,0.0,11,리더,XLC,,2,2,0,False,0.1015,0.0909,통과,0.0,0.9,0.0,0.0,0.0,0.0,0.0,0.0,0.0,0.0,0.1,0.0,3.0,2.0,9.0,5.0,6.0,8.0,11.0,4.0,7.0,12.0,1.0,10.0
2024-09-12,실적,1.0,1.0,0.0,11,리더,XLC,,2,2,0,False,0.1015,0.0909,통과,0.0,0.9,0.0,0.0,0.0,0.0,0.0,0.0,0.0,0.0,0.1,0.0,3.0,2.0,9.0,5.0,6.0,8.0,11.0,4.0,7.0,12.0,1.0,10.0
2024-09-13,실적,1.0,1.0,0.0,11,리더,XLC,,2,2,0,False,0.1015,0.0909,통과,0.0,0.9,0.0,0.0,0.0,0.0,0.0,0.0,0.0,0.0,0.1,0.0,3.0,2.0,9.0,5.0,6.0,8.0,11.0,4.0,7.0,12.0,1.0,10.0
2024-09-16,실적,1.0,1.0,0.0,11,리더,XLC,,2,2,0,False,0.1015,0.0909,통과,0.0,0.9,0.0,0.0,0.0,0.0,0.0,0.0,0.0,0.0,0.1,0.0,3.0,2.0,9.0,5.0,6.0,8.0,11.0,4.0,7.0,12.0,1.0,10.0
2024-09-17,실적,1.0,1.0,0.0,11,리더,XLC,,2,2,0,False,0.1015,0.0909,통과,0.0,0.9,0.0,0.0,0.0,0.0,0.0,0.0,0.0,0.0,0.1,0.0,3.0,2.0,9.0,5.0,6.0,8.0,11.0,4.0,7.0,12.0,1.0,10.0
2024-09-18,실적,1.0,1.0,0.0,11,리더,XLC,,2,2,0,False,0.1037,0.0909,통과,0.0,0.9,0.0,0.0,0.0,0.0,0.0,0.0,0.0,0.0,0.1,0.0,3.0,2.0,9.0,5.0,6.0,7.0,11.0,4.0,8.0,12.0,1.0,10.0
2024-09-19,실적,1.0,1.0,0.0,11,리더,XLC,,2,2,0,False,0.1058,0.0909,통과,0.0,0.9,0.0,0.0,0.0,0.0,0.0,0.0,0.0,0.0,0.1,0.0,3.0,2.0,9.0,5.0,6.0,7.0,11.0,4.0,8.0,12.0,1.0,10.0
2024-09-20,실적,1.0,1.0,0.0,11,리더,XLC,,2,2,0,False,0.1128,0.0909,통과,0.0,0.9,0.0,0.0,0.0,0.0,0.0,0.0,0.0,0.0,0.1,0.0,3.0,2.0,9.0,5.0,6.0,7.0,11.0,4.0,8.0,12.0,1.0,10.0
2024-09-23,실적,1.0,1.0,0.0,11,리더,XLC,,2,2,0,False,0.1149,0.0909,통과,0.0,0.9,0.0,0.0,0.0,0.0,0.0,0.0,0.0,0.0,0.1,0.0,3.0,2.0,9.0,5.0,6.0,7.0,11.0,4.0,8.0,12.0,1.0,10.0
2024-09-24,실적,0.35,0.3526,0.6474,11,리더,XLC,,2,2,0,False,0.1171,0.0909,통과,0.0,0.3173,0.0,0.0,0.0,0.0,0.0,0.0,0.0,0.0,0.0353,0.0,3.0,2.0,9.0,5.0,6.0,7.0,11.0,4.0,8.0,12.0,1.0,10.0
2024-09-25,실적,0.35,0.3514,0.6486,11,리더,XLC,,2,2,0,False,0.1193,0.0909,통과,0.0,0.3162,0.0,0.0,0.0,0.0,0.0,0.0,0.0,0.0,0.0351,0.0,3.0,2.0,9.0,5.0,6.0,7.0,11.0,4.0,8.0,12.0,1.0,10.0
2024-09-26,실적,0.36,0.3563,0.6437,11,리더,XLC,,2,2,0,False,0.1214,0.0909,통과,0.0,0.3207,0.0,0.0,0.0,0.0,0.0,0.0,0.0,0.0,0.0356,0.0,3.0,2.0,9.0,5.0,6.0,7.0,12.0,4.0,8.0,11.0,1.0,10.0
2024-09-27,실적,0.36,0.3555,0.6445,11,리더,XLC,,2,2,0,False,0.1236,0.0909,통과,0.0,0.32,0.0,0.0,0.0,0.0,0.0,0.0,0.0,0.0,0.0356,0.0,3.0,2.0,9.0,5.0,7.0,6.0,12.0,4.0,8.0,11.0,1.0,10.0
2024-09-30,실적,0.36,0.3633,0.6367,11,리더,XLC,,2,2,0,False,0.1258,0.0909,통과,0.0,0.3269,0.0,0.0,0.0,0.0,0.0,0.0,0.0,0.0,0.0363,0.0,3.0,2.0,9.0,5.0,7.0,6.0,12.0,4.0,8.0,11.0,1.0,10.0
2024-10-01,실적,0.42,0.4245,0.5755,11,리더,XLC,,2,2,0,False,0.1279,0.0909,통과,0.0,0.3821,0.0,0.0,0.0,0.0,0.0,0.0,0.0,0.0,0.0425,0.0,3.0,2.0,9.0,5.0,7.0,6.0,12.0,4.0,8.0,11.0,1.0,10.0
2024-10-02,실적,0.43,0.4271,0.5729,11,리더,XLC,,2,2,0,False,0.1323,0.0909,통과,0.0,0.3844,0.0,0.0,0.0,0.0,0.0,0.0,0.0,0.0,0.0427,0.0,3.0,2.0,9.0,4.0,7.0,6.0,12.0,5.0,8.0,11.0,1.0,10.0
2024-10-03,실적,1.0,1.0,0.0,11,리더,XLC,,2,2,0,False,0.1366,0.0909,통과,0.0,0.9,0.0,0.0,0.0,0.0,0.0,0.0,0.0,0.0,0.1,0.0,3.0,2.0,9.0,4.0,7.0,6.0,12.0,5.0,8.0,10.0,1.0,11.0
2024-10-04,실적,1.0,1.0,0.0,11,리더,XLC,,2,2,0,False,0.1515,0.0909,통과,0.0,0.9,0.0,0.0,0.0,0.0,0.0,0.0,0.0,0.0,0.1,0.0,2.0,3.0,9.0,4.0,7.0,6.0,12.0,5.0,8.0,11.0,1.0,10.0
2024-10-07,실적,1.0,1.0,0.0,11,리더,XLC,,2,2,0,False,0.1364,0.0909,통과,0.0,0.9,0.0,0.0,0.0,0.0,0.0,0.0,0.0,0.0,0.1,0.0,2.0,3.0,9.0,4.0,7.0,6.0,12.0,5.0,8.0,10.0,1.0,11.0
2024-10-08,실적,1.0,1.0,0.0,11,리더,XLC,,2,2,0,False,0.1277,0.0909,통과,0.0,0.9,0.0,0.0,0.0,0.0,0.0,0.0,0.0,0.0,0.1,0.0,2.0,3.0,9.0,4.0,7.0,6.0,12.0,5.0,8.0,10.0,1.0,11.0
2024-10-09,실적,1.0,1.0,0.0,11,리더,XLC,,2,2,0,False,0.1126,0.0909,통과,0.0,0.9,0.0,0.0,0.0,0.0,0.0,0.0,0.0,0.0,0.1,0.0,2.0,3.0,9.0,4.0,7.0,6.0,12.0,5.0,8.0,10.0,1.0,11.0
2024-10-10,실적,1.0,1.0,0.0,11,리더,XLC,,2,2,0,False,0.0974,0.0909,통과,0.0,0.9,0.0,0.0,0.0,0.0,0.0,0.0,0.0,0.0,0.1,0.0,2.0,3.0,9.0,4.0,7.0,5.0,12.0,6.0,8.0,10.0,1.0,11.0
2024-10-11,실적,1.0,1.0,0.0,11,리더,XLC,,2,2,0,False,0.0823,0.0909,미달,0.0,0.9,0.0,0.0,0.0,0.0,0.0,0.0,0.0,0.0,0.1,0.0,2.0,4.0,9.0,3.0,7.0,5.0,12.0,6.0,8.0,10.0,1.0,11.0
2024-10-14,실적,0.49,0.4918,0.5082,11,리더,XLC,,2,2,0,False,0.0671,0.0909,미달,0.0,0.4426,0.0,0.0,0.0,0.0,0.0,0.0,0.0,0.0,0.0492,0.0,2.0,5.0,9.0,3.0,7.0,4.0,12.0,6.0,8.0,10.0,1.0,11.0
2024-10-15,실적,0.47,0.4651,0.5349,11,리더,XLC,,2,2,0,False,0.0563,0.0909,미달,0.0,0.4186,0.0,0.0,0.0,0.0,0.0,0.0,0.0,0.0,0.0465,0.0,2.0,6.0,9.0,3.0,7.0,4.0,12.0,5.0,8.0,10.0,1.0,11.0
2024-10-16,실적,0.47,0.4696,0.5304,11,리더,XLC,,2,2,0,False,0.0519,0.0909,미달,0.0,0.4227,0.0,0.0,0.0,0.0,0.0,0.0,0.0,0.0,0.047,0.0,2.0,7.0,9.0,3.0,6.0,4.0,12.0,5.0,8.0,10.0,1.0,11.0
2024-10-17,실적,0.55,0.5549,0.4451,11,리더,XLC,,2,2,0,False,0.0519,0.0909,미달,0.0,0.4994,0.0,0.0,0.0,0.0,0.0,0.0,0.0,0.0,0.0555,0.0,2.0,7.0,9.0,3.0,5.0,4.0,12.0,6.0,8.0,10.0,1.0,11.0
2024-10-18,실적,0.56,0.5561,0.4439,11,리더,XLC,,2,2,0,False,0.0455,0.0909,미달,0.0,0.5005,0.0,0.0,0.0,0.0,0.0,0.0,0.0,0.0,0.0556,0.0,2.0,7.0,9.0,3.0,5.0,4.0,12.0,6.0,8.0,10.0,1.0,11.0
2024-10-21,실적,0.55,0.5526,0.4474,11,리더,XLC,,2,2,0,False,0.039,0.0909,미달,0.0,0.4974,0.0,0.0,0.0,0.0,0.0,0.0,0.0,0.0,0.0553,0.0,2.0,7.0,9.0,3.0,5.0,4.0,12.0,6.0,8.0,10.0,1.0,11.0
2024-10-22,실적,0.55,0.5527,0.4473,11,리더,XLC,,2,2,0,False,0.0325,0.0909,미달,0.0,0.4974,0.0,0.0,0.0,0.0,0.0,0.0,0.0,0.0,0.0553,0.0,2.0,7.0,9.0,3.0,5.0,4.0,12.0,6.0,8.0,10.0,1.0,11.0
2024-10-23,실적,0.52,0.5153,0.4847,11,리더,XLC,,2,2,0,False,0.026,0.0909,미달,0.0,0.4638,0.0,0.0,0.0,0.0,0.0,0.0,0.0,0.0,0.0515,0.0,2.0,7.0,9.0,3.0,5.0,4.0,12.0,6.0,8.0,10.0,1.0,11.0
2024-10-24,실적,0.52,0.5186,0.4814,11,폴백,,,2,1,0,True,0.0195,0.0909,해당없음,0.0,0.4667,0.0,0.0,0.0,0.0,0.0,0.0,0.0,0.0,0.0519,0.0,2.0,7.0,9.0,3.0,4.0,5.0,12.0,6.0,8.0,10.0,1.0,11.0
2024-10-25,실적,1.0,1.0,0.0,11,폴백,,,2,1,0,False,0.0106,0.0909,해당없음,0.0,0.9,0.0,0.0,0.0,0.0,0.0,0.0,0.0,0.0,0.1,0.0,2.0,8.0,10.0,3.0,4.0,5.0,12.0,6.0,7.0,9.0,1.0,11.0
2024-10-28,실적,1.0,1.0,0.0,11,SPY우위,SPY,,2,1,0,False,0.0004,0.0909,해당없음,0.0,0.9,0.0,0.0,0.0,0.0,0.0,0.0,0.0,0.0,0.1,0.0,1.0,10.0,9.0,3.0,4.0,5.0,12.0,6.0,7.0,8.0,2.0,11.0
2024-10-29,실적,1.0,1.0,0.0,11,SPY우위,SPY,,2,1,0,False,0.0071,0.0909,해당없음,0.0,0.9,0.0,0.0,0.0,0.0,0.0,0.0,0.0,0.0,0.1,0.0,1.0,10.0,9.0,3.0,4.0,5.0,12.0,6.0,7.0,8.0,2.0,11.0
2024-10-30,실적,1.0,1.0,0.0,11,SPY우위,SPY,,2,1,0,False,0.0139,0.0909,해당없음,0.0,0.9,0.0,0.0,0.0,0.0,0.0,0.0,0.0,0.0,0.1,0.0,1.0,10.0,9.0,3.0,4.0,5.0,12.0,7.0,8.0,6.0,2.0,11.0
2024-10-31,실적,1.0,1.0,0.0,11,SPY우위,SPY,,2,1,0,False,0.0271,0.0909,해당없음,0.0,0.9,0.0,0.0,0.0,0.0,0.0,0.0,0.0,0.0,0.1,0.0,1.0,10.0,9.0,3.0,4.0,5.0,12.0,8.0,7.0,6.0,2.0,11.0
2024-11-01,실적,1.0,1.0,0.0,11,SPY우위,SPY,,2,1,0,False,0.0275,0.0909,해당없음,0.0,0.9,0.0,0.0,0.0,0.0,0.0,0.0,0.0,0.0,0.1,0.0,1.0,10.0,9.0,3.0,4.0,6.0,12.0,8.0,7.0,5.0,2.0,11.0
2024-11-04,실적,1.0,1.0,0.0,11,SPY우위,SPY,,2,1,0,False,0.0279,0.0909,해당없음,0.0,0.9,0.0,0.0,0.0,0.0,0.0,0.0,0.0,0.0,0.1,0.0,1.0,11.0,9.0,3.0,4.0,6.0,12.0,8.0,7.0,5.0,2.0,10.0
2024-11-05,실적,0.0,0.0,1.0,11,현금,SPY,,2,1,0,False,0.0284,0.0909,해당없음,0.0,0.0,0.0,0.0,0.0,0.0,0.0,0.0,0.0,0.0,0.0,0.0,1.0,11.0,9.0,3.0,5.0,6.0,12.0,8.0,7.0,4.0,2.0,10.0
2024-11-06,실적,0.0,0.0,1.0,11,현금,SPY,,2,1,0,False,0.0424,0.0909,해당없음,0.0,0.0,0.0,0.0,0.0,0.0,0.0,0.0,0.0,0.0,0.0,0.0,1.0,11.0,9.0,3.0,5.0,6.0,12.0,8.0,7.0,4.0,2.0,10.0
2024-11-07,실적,0.6,0.8,0.2,11,SPY우위,SPY,,2,1,0,False,0.0498,0.0909,해당없음,0.0,0.54,0.0,0.0,0.2,0.0,0.0,0.0,0.0,0.0,0.06,0.0,1.0,11.0,9.0,4.0,5.0,6.0,12.0,8.0,7.0,3.0,2.0,10.0
2024-11-08,실적,0.6,0.8007,0.1993,11,SPY우위,SPY,,2,1,0,False,0.0665,0.0909,해당없음,0.0,0.5413,0.0,0.0,0.1993,0.0,0.0,0.0,0.0,0.0,0.0601,0.0,1.0,11.0,10.0,4.0,5.0,7.0,12.0,8.0,6.0,3.0,2.0,9.0
2024-11-11,실적,0.61,0.8054,0.1946,11,SPY우위,SPY,,2,1,0,False,0.0855,0.0909,해당없음,0.0,0.5498,0.0,0.0,0.1946,0.0,0.0,0.0,0.0,0.0,0.0611,0.0,1.0,11.0,10.0,4.0,5.0,7.0,12.0,9.0,6.0,3.0,2.0,8.0
2024-11-12,실적,0.62,0.8125,0.1875,11,SPY우위,SPY,,2,1,0,False,0.0552,0.0909,해당없음,0.0,0.5624,0.0,0.0,0.1875,0.0,0.0,0.0,0.0,0.0625,0.0,0.0,1.0,12.0,10.0,4.0,5.0,7.0,11.0,9.0,6.0,2.0,3.0,8.0
2024-11-13,실적,0.63,0.8134,0.1866,11,SPY우위,SPY,,2,1,0,False,0.0045,0.0909,해당없음,0.0,0.5641,0.0,0.0,0.1866,0.0,0.0,0.0,0.0,0.0627,0.0,0.0,1.0,12.0,10.0,4.0,5.0,8.0,11.0,9.0,6.0,2.0,3.0,7.0
2024-11-14,실적,0.36,0.3619,0.6381,11,폴백,,,2,1,0,False,0.0487,0.0909,해당없음,0.0,0.3257,0.0,0.0,0.0,0.0,0.0,0.0,0.0,0.0362,0.0,0.0,2.0,12.0,10.0,4.0,5.0,8.0,11.0,9.0,6.0,1.0,3.0,7.0
2024-11-15,실적,0.34,0.3421,0.6579,11,리더,XLU,,2,2,0,False,0.0952,0.0909,통과,0.0,0.3079,0.0,0.0,0.0,0.0,0.0,0.0,0.0,0.0342,0.0,0.0,2.0,12.0,10.0,4.0,6.0,8.0,11.0,9.0,5.0,1.0,3.0,7.0
2024-11-18,실적,0.34,0.341,0.659,11,리더,XLU,,2,2,0,False,0.1327,0.0909,통과,0.0,0.3069,0.0,0.0,0.0,0.0,0.0,0.0,0.0,0.0341,0.0,0.0,2.0,12.0,10.0,4.0,7.0,8.0,11.0,9.0,5.0,1.0,3.0,6.0
2024-11-19,실적,1.0,1.0,0.0,11,리더,XLU,,2,2,0,False,0.1656,0.0909,통과,0.0,0.9,0.0,0.0,0.0,0.0,0.0,0.0,0.0,0.1,0.0,0.0,2.0,12.0,10.0,3.0,7.0,8.0,11.0,9.0,5.0,1.0,4.0,6.0
2024-11-20,실적,1.0,1.0,0.0,11,리더,XLU,,2,2,0,False,0.1961,0.0909,통과,0.0,0.9,0.0,0.0,0.0,0.0,0.0,0.0,0.0,0.1,0.0,0.0,2.0,12.0,10.0,4.0,7.0,8.0,11.0,9.0,6.0,1.0,5.0,3.0
2024-11-21,실적,1.0,1.0,0.0,11,리더,XLU,,2,2,0,False,0.2134,0.0909,통과,0.0,0.9,0.0,0.0,0.0,0.0,0.0,0.0,0.0,0.1,0.0,0.0,3.0,12.0,11.0,4.0,7.0,8.0,10.0,9.0,5.0,1.0,6.0,2.0
2024-11-22,실적,1.0,1.0,0.0,11,리더,XLU,,2,2,0,False,0.1727,0.0909,통과,0.0,0.9,0.0,0.0,0.0,0.0,0.0,0.0,0.0,0.1,0.0,0.0,3.0,12.0,11.0,4.0,7.0,8.0,10.0,9.0,5.0,1.0,6.0,2.0
2024-11-25,실적,0.35,0.3491,0.6509,11,리더,XLU,,2,2,0,False,0.1292,0.0909,통과,0.0,0.3142,0.0,0.0,0.0,0.0,0.0,0.0,0.0,0.0349,0.0,0.0,4.0,12.0,11.0,3.0,8.0,7.0,10.0,9.0,5.0,1.0,6.0,2.0
2024-11-26,실적,0.35,0.3476,0.6524,11,리더,XLU,,2,1,0,True,0.0835,0.0909,해당없음,0.0,0.3128,0.0,0.0,0.0,0.0,0.0,0.0,0.0,0.0348,0.0,0.0,4.0,12.0,11.0,3.0,8.0,7.0,10.0,9.0,5.0,1.0,6.0,2.0
2024-11-27,실적,0.35,0.3476,0.6524,11,리더,XLU,,2,1,0,True,0.0517,0.0909,해당없음,0.0,0.3128,0.0,0.0,0.0,0.0,0.0,0.0,0.0,0.0348,0.0,0.0,4.0,12.0,11.0,3.0,8.0,7.0,9.0,10.0,5.0,1.0,6.0,2.0
2024-11-29,실적,0.42,0.4164,0.5836,11,리더,XLU,,2,1,0,True,0.0084,0.0909,해당없음,0.0,0.3747,0.0,0.0,0.0,0.0,0.0,0.0,0.0,0.0416,0.0,0.0,4.0,12.0,11.0,3.0,8.0,7.0,9.0,10.0,5.0,1.0,6.0,2.0
2024-12-02,실적,0.42,0.4165,0.5835,11,리더,XLU,,2,1,0,False,0.0236,0.0909,해당없음,0.0,0.3749,0.0,0.0,0.0,0.0,0.0,0.0,0.0,0.0,0.0,0.0417,4.0,12.0,11.0,3.0,8.0,7.0,9.0,10.0,5.0,2.0,6.0,1.0
2024-12-03,실적,0.42,0.4204,0.5796,11,리더,XLU,,2,1,0,False,0.0236,0.0909,해당없음,0.0,0.3783,0.0,0.0,0.0,0.0,0.0,0.0,0.0,0.0,0.0,0.042,4.0,12.0,11.0,3.0,8.0,7.0,9.0,10.0,5.0,2.0,6.0,1.0
2024-12-04,실적,0.44,0.4363,0.5637,11,리더,XLU,,2,1,0,False,0.0236,0.0909,해당없음,0.0,0.3926,0.0,0.0,0.0,0.0,0.0,0.0,0.0,0.0,0.0,0.0436,4.0,12.0,11.0,3.0,8.0,7.0,9.0,10.0,5.0,2.0,6.0,1.0
2024-12-05,실적,0.63,0.6337,0.3663,11,리더,XLU,,2,1,0,False,0.0236,0.0909,해당없음,0.0,0.5704,0.0,0.0,0.0,0.0,0.0,0.0,0.0,0.0,0.0,0.0634,5.0,12.0,11.0,3.0,8.0,7.0,9.0,10.0,4.0,2.0,6.0,1.0
2024-12-06,실적,0.67,0.6652,0.3348,11,리더,XLU,,2,1,0,False,0.0188,0.0909,해당없음,0.0,0.5987,0.0,0.0,0.0,0.0,0.0,0.0,0.0,0.0,0.0,0.0665,5.0,12.0,11.0,3.0,9.0,7.0,8.0,10.0,4.0,2.0,6.0,1.0
2024-12-09,실적,0.65,0.6478,0.3522,11,리더,XLU,,2,1,0,False,0.0141,0.0909,해당없음,0.0,0.5831,0.0,0.0,0.0,0.0,0.0,0.0,0.0,0.0,0.0,0.0648,6.0,12.0,11.0,3.0,9.0,7.0,8.0,10.0,4.0,2.0,5.0,1.0
2024-12-10,실적,0.64,0.6389,0.3611,11,리더,XLU,,2,1,0,False,0.0141,0.0909,해당없음,0.0,0.575,0.0,0.0,0.0,0.0,0.0,0.0,0.0,0.0,0.0,0.0639,6.0,12.0,11.0,4.0,9.0,7.0,8.0,10.0,5.0,2.0,3.0,1.0
2024-12-11,실적,0.61,0.6145,0.3855,11,리더,XLU,,2,1,0,False,0.0141,0.0909,해당없음,0.0,0.553,0.0,0.0,0.0,0.0,0.0,0.0,0.0,0.0,0.0,0.0614,6.0,12.0,11.0,4.0,9.0,7.0,8.0,10.0,5.0,2.0,3.0,1.0
2024-12-12,실적,0.59,0.5937,0.4063,11,리더,XLU,,2,1,0,False,0.0141,0.0909,해당없음,0.0,0.5344,0.0,0.0,0.0,0.0,0.0,0.0,0.0,0.0,0.0,0.0594,4.0,12.0,11.0,6.0,9.0,7.0,8.0,10.0,5.0,2.0,3.0,1.0
2024-12-13,실적,0.62,0.6248,0.3752,11,리더,XLU,,2,1,0,False,0.0141,0.0909,해당없음,0.0,0.5623,0.0,0.0,0.0,0.0,0.0,0.0,0.0,0.0,0.0,0.0625,4.0,12.0,11.0,6.0,9.0,7.0,8.0,10.0,5.0,2.0,3.0,1.0
2024-12-16,실적,0.81,0.8102,0.1898,11,리더,XLU,,2,1,0,False,0.0141,0.0909,해당없음,0.0,0.7292,0.0,0.0,0.0,0.0,0.0,0.0,0.0,0.0,0.0,0.081,4.0,12.0,10.0,6.0,9.0,7.0,8.0,11.0,5.0,2.0,3.0,1.0
2024-12-17,실적,0.78,0.7753,0.2247,11,폴백,,,2,1,0,False,0.0141,0.0909,해당없음,0.0,0.6977,0.0,0.0,0.0,0.0,0.0,0.0,0.0,0.0,0.0,0.0775,4.0,12.0,10.0,6.0,9.0,7.0,8.0,11.0,5.0,2.0,3.0,1.0
2024-12-18,실적,1.0,1.0,0.0,11,폴백,,,2,1,0,False,0.0141,0.0909,해당없음,0.0,0.9,0.0,0.0,0.0,0.0,0.0,0.0,0.0,0.0,0.0,0.1,4.0,12.0,10.0,6.0,9.0,7.0,8.0,11.0,5.0,2.0,3.0,1.0
2024-12-19,실적,1.0,1.0,0.0,11,폴백,,,2,1,0,False,0.0141,0.0909,해당없음,0.0,0.9,0.0,0.0,0.0,0.0,0.0,0.0,0.0,0.0,0.0,0.1,4.0,12.0,10.0,6.0,9.0,7.0,8.0,11.0,5.0,2.0,3.0,1.0
2024-12-20,실적,0.0,0.0,1.0,11,현금,,,2,1,0,False,0.0141,0.0909,해당없음,0.0,0.0,0.0,0.0,0.0,0.0,0.0,0.0,0.0,0.0,0.0,0.0,4.0,12.0,10.0,6.0,9.0,7.0,8.0,11.0,5.0,2.0,3.0,1.0
2024-12-23,실적,0.0,0.0,1.0,11,현금,,,2,1,0,False,0.0141,0.0909,해당없음,0.0,0.0,0.0,0.0,0.0,0.0,0.0,0.0,0.0,0.0,0.0,0.0,4.0,12.0,10.0,7.0,9.0,6.0,8.0,11.0,5.0,2.0,3.0,1.0
2024-12-24,실적,0.0,0.0,1.0,11,현금,,,2,1,0,False,0.0097,0.0909,해당없음,0.0,0.0,0.0,0.0,0.0,0.0,0.0,0.0,0.0,0.0,0.0,0.0,4.0,12.0,10.0,7.0,9.0,6.0,8.0,11.0,5.0,2.0,3.0,1.0
2024-12-26,실적,0.0,0.0,1.0,11,현금,,,2,1,0,False,0.0006,0.0909,해당없음,0.0,0.0,0.0,0.0,0.0,0.0,0.0,0.0,0.0,0.0,0.0,0.0,4.0,12.0,10.0,7.0,9.0,6.0,8.0,11.0,5.0,2.0,3.0,1.0
2024-12-27,실적,0.0,0.0,1.0,11,현금,,,2,1,0,False,0.0084,0.0909,해당없음,0.0,0.0,0.0,0.0,0.0,0.0,0.0,0.0,0.0,0.0,0.0,0.0,4.0,12.0,10.0,8.0,9.0,6.0,7.0,11.0,5.0,1.0,3.0,2.0
2024-12-30,실적,0.0,0.0,1.0,11,현금,,,2,1,0,False,0.0128,0.0909,해당없음,0.0,0.0,0.0,0.0,0.0,0.0,0.0,0.0,0.0,0.0,0.0,0.0,5.0,12.0,10.0,8.0,9.0,6.0,7.0,11.0,4.0,1.0,3.0,2.0
2024-12-31,실적,0.0,0.0,1.0,11,현금,,,2,1,0,False,0.0262,0.0909,해당없음,0.0,0.0,0.0,0.0,0.0,0.0,0.0,0.0,0.0,0.0,0.0,0.0,5.0,12.0,10.0,9.0,8.0,6.0,7.0,11.0,4.0,1.0,3.0,2.0
2025-01-02,실적,0.0,0.0,1.0,11,현금,,,2,0,0,False,0.0303,0.0909,해당없음,0.0,0.0,0.0,0.0,0.0,0.0,0.0,0.0,0.0,0.0,0.0,0.0,5.0,12.0,10.0,9.0,8.0,6.0,7.0,11.0,4.0,1.0,3.0,2.0
2025-01-03,실적,0.0,0.0,1.0,11,현금,,,2,0,0,False,0.0301,0.0909,해당없음,0.0,0.0,0.0,0.0,0.0,0.0,0.0,0.0,0.0,0.0,0.0,0.0,5.0,12.0,9.0,10.0,8.0,6.0,7.0,11.0,4.0,1.0,3.0,2.0
2025-01-06,실적,0.0,0.0,1.0,11,현금,,,2,0,0,False,0.0342,0.0909,해당없음,0.0,0.0,0.0,0.0,0.0,0.0,0.0,0.0,0.0,0.0,0.0,0.0,5.0,12.0,9.0,10.0,8.0,6.0,7.0,11.0,4.0,1.0,3.0,2.0
2025-01-07,실적,0.0,0.0,1.0,11,현금,,,2,0,0,False,0.0383,0.0909,해당없음,0.0,0.0,0.0,0.0,0.0,0.0,0.0,0.0,0.0,0.0,0.0,0.0,5.0,12.0,9.0,10.0,8.0,6.0,7.0,11.0,4.0,1.0,3.0,2.0
2025-01-08,실적,0.0,0.0,1.0,11,현금,,,2,0,0,False,0.0446,0.0909,해당없음,0.0,0.0,0.0,0.0,0.0,0.0,0.0,0.0,0.0,0.0,0.0,0.0,5.0,12.0,9.0,10.0,8.0,6.0,7.0,11.0,4.0,1.0,3.0,2.0
2025-01-10,실적,0.0,0.0,1.0,11,현금,,,2,1,0,False,0.0487,0.0909,해당없음,0.0,0.0,0.0,0.0,0.0,0.0,0.0,0.0,0.0,0.0,0.0,0.0,5.0,12.0,9.0,10.0,8.0,6.0,7.0,11.0,4.0,1.0,3.0,2.0
2025-01-13,실적,0.0,0.0,1.0,11,현금,,,2,1,0,False,0.0528,0.0909,해당없음,0.0,0.0,0.0,0.0,0.0,0.0,0.0,0.0,0.0,0.0,0.0,0.0,5.0,12.0,9.0,10.0,8.0,6.0,7.0,11.0,4.0,1.0,3.0,2.0
2025-01-14,실적,0.0,0.0,1.0,11,현금,,,2,1,0,False,0.0591,0.0909,해당없음,0.0,0.0,0.0,0.0,0.0,0.0,0.0,0.0,0.0,0.0,0.0,0.0,5.0,12.0,9.0,10.0,8.0,6.0,7.0,11.0,4.0,1.0,3.0,2.0
2025-01-15,실적,0.0,0.0,1.0,11,현금,,,2,1,0,False,0.0589,0.0909,해당없음,0.0,0.0,0.0,0.0,0.0,0.0,0.0,0.0,0.0,0.0,0.0,0.0,5.0,12.0,9.0,10.0,8.0,6.0,7.0,11.0,4.0,1.0,3.0,2.0
2025-01-16,실적,0.0,0.0,1.0,11,현금,,,2,1,0,False,0.05,0.0909,해당없음,0.0,0.0,0.0,0.0,0.0,0.0,0.0,0.0,0.0,0.0,0.0,0.0,7.0,12.0,9.0,10.0,8.0,5.0,4.0,11.0,6.0,1.0,3.0,2.0
2025-01-17,실적,0.0,0.0,1.0,11,현금,,,2,1,0,False,0.039,0.0909,해당없음,0.0,0.0,0.0,0.0,0.0,0.0,0.0,0.0,0.0,0.0,0.0,0.0,6.0,12.0,8.0,10.0,9.0,5.0,4.0,11.0,7.0,1.0,3.0,2.0
2025-01-21,실적,0.0,0.0,1.0,11,현금,,,2,1,0,False,0.0258,0.0909,해당없음,0.0,0.0,0.0,0.0,0.0,0.0,0.0,0.0,0.0,0.0,0.0,0.0,6.0,12.0,8.0,11.0,9.0,5.0,4.0,10.0,7.0,1.0,3.0,2.0
2025-01-22,실적,0.0,0.0,1.0,11,현금,,,2,1,0,False,0.0126,0.0909,해당없음,0.0,0.0,0.0,0.0,0.0,0.0,0.0,0.0,0.0,0.0,0.0,0.0,6.0,12.0,8.0,11.0,9.0,5.0,4.0,10.0,7.0,1.0,3.0,2.0
2025-01-23,실적,0.0,0.0,1.0,11,현금,,,2,0,0,False,0.0006,0.0909,해당없음,0.0,0.0,0.0,0.0,0.0,0.0,0.0,0.0,0.0,0.0,0.0,0.0,6.0,12.0,7.0,11.0,9.0,5.0,4.0,10.0,8.0,2.0,3.0,1.0
2025-01-24,실적,0.0,0.0,1.0,11,현금,,,2,0,0,False,0.0117,0.0909,해당없음,0.0,0.0,0.0,0.0,0.0,0.0,0.0,0.0,0.0,0.0,0.0,0.0,7.0,12.0,6.0,11.0,8.0,5.0,4.0,10.0,9.0,2.0,3.0,1.0
2025-01-27,실적,0.0,0.0,1.0,11,현금,,,2,0,0,False,0.0249,0.0909,해당없음,0.0,0.0,0.0,0.0,0.0,0.0,0.0,0.0,0.0,0.0,0.0,0.0,7.0,12.0,6.0,11.0,8.0,5.0,4.0,10.0,9.0,2.0,3.0,1.0
2025-01-28,실적,0.0,0.0,1.0,11,현금,,,2,0,0,False,0.0446,0.0909,해당없음,0.0,0.0,0.0,0.0,0.0,0.0,0.0,0.0,0.0,0.0,0.0,0.0,7.0,12.0,6.0,11.0,8.0,5.0,4.0,10.0,9.0,2.0,3.0,1.0
2025-01-29,실적,0.0,0.0,1.0,11,현금,,,2,1,0,False,0.0643,0.0909,해당없음,0.0,0.0,0.0,0.0,0.0,0.0,0.0,0.0,0.0,0.0,0.0,0.0,8.0,12.0,5.0,11.0,7.0,6.0,4.0,10.0,9.0,2.0,3.0,1.0
2025-01-30,실적,0.0,0.0,1.0,11,현금,,,2,1,0,False,0.084,0.0909,해당없음,0.0,0.0,0.0,0.0,0.0,0.0,0.0,0.0,0.0,0.0,0.0,0.0,8.0,12.0,5.0,11.0,7.0,6.0,4.0,10.0,9.0,2.0,3.0,1.0
2025-01-31,실적,0.0,0.0,1.0,11,현금,,,2,1,0,False,0.1037,0.0909,해당없음,0.0,0.0,0.0,0.0,0.0,0.0,0.0,0.0,0.0,0.0,0.0,0.0,8.0,12.0,5.0,11.0,7.0,6.0,4.0,10.0,9.0,2.0,3.0,1.0
2025-02-03,실적,0.0,0.0,1.0,11,현금,,,2,1,0,False,0.1039,0.0909,해당없음,0.0,0.0,0.0,0.0,0.0,0.0,0.0,0.0,0.0,0.0,0.0,0.0,8.0,12.0,5.0,11.0,7.0,6.0,4.0,10.0,9.0,3.0,2.0,1.0
2025-02-04,실적,0.0,0.0,1.0,11,현금,,,2,1,0,False,0.1039,0.0909,해당없음,0.0,0.0,0.0,0.0,0.0,0.0,0.0,0.0,0.0,0.0,0.0,0.0,8.0,12.0,5.0,11.0,7.0,6.0,4.0,10.0,9.0,3.0,2.0,1.0
2025-02-05,실적,0.0,0.0,1.0,11,현금,,,2,1,0,False,0.0952,0.0909,해당없음,0.0,0.0,0.0,0.0,0.0,0.0,0.0,0.0,0.0,0.0,0.0,0.0,8.0,12.0,5.0,11.0,7.0,6.0,3.0,10.0,9.0,4.0,2.0,1.0
2025-02-06,실적,0.0,0.0,1.0,11,현금,,,2,1,0,False,0.0974,0.0909,해당없음,0.0,0.0,0.0,0.0,0.0,0.0,0.0,0.0,0.0,0.0,0.0,0.0,8.0,12.0,5.0,11.0,7.0,6.0,3.0,10.0,9.0,4.0,2.0,1.0
2025-02-07,실적,0.0,0.0,1.0,11,현금,,,2,1,0,False,0.0974,0.0909,해당없음,0.0,0.0,0.0,0.0,0.0,0.0,0.0,0.0,0.0,0.0,0.0,0.0,8.0,12.0,5.0,11.0,7.0,6.0,3.0,10.0,9.0,4.0,2.0,1.0
2025-02-10,실적,0.0,0.0,1.0,11,현금,,,2,1,0,False,0.0952,0.0909,해당없음,0.0,0.0,0.0,0.0,0.0,0.0,0.0,0.0,0.0,0.0,0.0,0.0,8.0,12.0,5.0,10.0,7.0,6.0,3.0,11.0,9.0,4.0,2.0,1.0
2025-02-11,실적,0.0,0.0,1.0,11,현금,,,2,1,0,False,0.0844,0.0909,해당없음,0.0,0.0,0.0,0.0,0.0,0.0,0.0,0.0,0.0,0.0,0.0,0.0,8.0,12.0,5.0,10.0,7.0,6.0,2.0,11.0,9.0,4.0,3.0,1.0
2025-02-12,실적,0.0,0.0,1.0,11,현금,,,2,1,0,False,0.0758,0.0909,해당없음,0.0,0.0,0.0,0.0,0.0,0.0,0.0,0.0,0.0,0.0,0.0,0.0,8.0,12.0,4.0,10.0,7.0,6.0,2.0,11.0,9.0,5.0,3.0,1.0
2025-02-13,실적,0.0,0.0,1.0,11,현금,,,2,1,0,False,0.0628,0.0909,해당없음,0.0,0.0,0.0,0.0,0.0,0.0,0.0,0.0,0.0,0.0,0.0,0.0,8.0,12.0,4.0,10.0,7.0,6.0,2.0,11.0,9.0,5.0,3.0,1.0
2025-02-14,실적,0.0,0.0,1.0,11,현금,,,2,1,0,False,0.0671,0.0909,해당없음,0.0,0.0,0.0,0.0,0.0,0.0,0.0,0.0,0.0,0.0,0.0,0.0,8.0,12.0,4.0,10.0,7.0,6.0,3.0,11.0,9.0,5.0,2.0,1.0
2025-02-18,실적,0.0,0.0,1.0,11,현금,,,2,1,0,False,0.0498,0.0909,해당없음,0.0,0.0,0.0,0.0,0.0,0.0,0.0,0.0,0.0,0.0,0.0,0.0,8.0,12.0,4.0,10.0,6.0,7.0,3.0,11.0,9.0,5.0,2.0,1.0
2025-02-19,실적,0.0,0.0,1.0,11,현금,,,2,1,0,False,0.0346,0.0909,해당없음,0.0,0.0,0.0,0.0,0.0,0.0,0.0,0.0,0.0,0.0,0.0,0.0,8.0,12.0,4.0,10.0,6.0,7.0,3.0,11.0,9.0,5.0,2.0,1.0
2025-02-20,실적,0.0,0.0,1.0,11,현금,,,2,1,0,False,0.0195,0.0909,해당없음,0.0,0.0,0.0,0.0,0.0,0.0,0.0,0.0,0.0,0.0,0.0,0.0,8.0,12.0,4.0,10.0,6.0,7.0,3.0,11.0,9.0,5.0,2.0,1.0
2025-02-21,실적,0.0,0.0,1.0,11,현금,,,2,1,0,False,0.0108,0.0909,해당없음,0.0,0.0,0.0,0.0,0.0,0.0,0.0,0.0,0.0,0.0,0.0,0.0,8.0,12.0,4.0,10.0,6.0,7.0,3.0,11.0,9.0,5.0,2.0,1.0
2025-02-24,실적,0.0,0.0,1.0,11,현금,,,2,1,0,False,0.0022,0.0909,해당없음,0.0,0.0,0.0,0.0,0.0,0.0,0.0,0.0,0.0,0.0,0.0,0.0,8.0,12.0,4.0,10.0,6.0,7.0,3.0,11.0,9.0,5.0,2.0,1.0
2025-02-25,실적,0.0,0.0,1.0,11,현금,,,2,1,0,False,0.0,0.0909,해당없음,0.0,0.0,0.0,0.0,0.0,0.0,0.0,0.0,0.0,0.0,0.0,0.0,8.0,12.0,4.0,9.0,6.0,7.0,3.0,11.0,10.0,5.0,2.0,1.0
2025-02-26,실적,0.0,0.0,1.0,11,현금,,,2,0,0,False,0.0043,0.0909,해당없음,0.0,0.0,0.0,0.0,0.0,0.0,0.0,0.0,0.0,0.0,0.0,0.0,8.0,12.0,4.0,9.0,6.0,7.0,3.0,11.0,10.0,5.0,1.0,2.0
2025-02-27,실적,0.0,0.0,1.0,11,현금,,,2,0,0,False,0.0152,0.0909,해당없음,0.0,0.0,0.0,0.0,0.0,0.0,0.0,0.0,0.0,0.0,0.0,0.0,8.0,12.0,4.0,9.0,6.0,7.0,3.0,11.0,10.0,5.0,1.0,2.0
2025-02-28,실적,0.0,0.0,1.0,11,현금,,,2,0,0,False,0.026,0.0909,해당없음,0.0,0.0,0.0,0.0,0.0,0.0,0.0,0.0,0.0,0.0,0.0,0.0,8.0,12.0,4.0,9.0,6.0,7.0,3.0,10.0,11.0,5.0,1.0,2.0
2025-03-03,실적,0.0,0.0,1.0,11,현금,,,2,1,0,False,0.026,0.0909,해당없음,0.0,0.0,0.0,0.0,0.0,0.0,0.0,0.0,0.0,0.0,0.0,0.0,8.0,12.0,4.0,9.0,6.0,7.0,3.0,10.0,11.0,5.0,1.0,2.0
2025-03-04,실적,0.0,0.0,1.0,11,현금,,,2,1,0,False,0.0303,0.0909,해당없음,0.0,0.0,0.0,0.0,0.0,0.0,0.0,0.0,0.0,0.0,0.0,0.0,8.0,12.0,4.0,9.0,6.0,7.0,3.0,10.0,11.0,5.0,1.0,2.0
2025-03-05,실적,0.0,0.0,1.0,11,현금,,,2,1,0,False,0.0368,0.0909,해당없음,0.0,0.0,0.0,0.0,0.0,0.0,0.0,0.0,0.0,0.0,0.0,0.0,8.0,12.0,4.0,9.0,6.0,7.0,3.0,10.0,11.0,5.0,1.0,2.0
2025-03-06,실적,0.0,0.0,1.0,11,현금,,,2,1,0,False,0.0433,0.0909,해당없음,0.0,0.0,0.0,0.0,0.0,0.0,0.0,0.0,0.0,0.0,0.0,0.0,8.0,12.0,4.0,9.0,6.0,7.0,3.0,10.0,11.0,5.0,1.0,2.0
2025-03-07,실적,0.0,0.0,1.0,11,현금,,,2,1,0,False,0.0433,0.0909,해당없음,0.0,0.0,0.0,0.0,0.0,0.0,0.0,0.0,0.0,0.0,0.0,0.0,8.0,12.0,4.0,9.0,6.0,7.0,3.0,10.0,11.0,5.0,1.0,2.0
2025-03-10,실적,0.0,0.0,1.0,11,현금,,,2,1,0,False,0.0541,0.0909,해당없음,0.0,0.0,0.0,0.0,0.0,0.0,0.0,0.0,0.0,0.0,0.0,0.0,8.0,12.0,4.0,9.0,6.0,7.0,3.0,10.0,11.0,5.0,1.0,2.0
2025-03-11,실적,0.0,0.0,1.0,11,현금,,,2,1,0,False,0.0606,0.0909,해당없음,0.0,0.0,0.0,0.0,0.0,0.0,0.0,0.0,0.0,0.0,0.0,0.0,8.0,12.0,4.0,9.0,6.0,7.0,3.0,10.0,11.0,5.0,1.0,2.0
2025-03-12,실적,0.0,0.0,1.0,11,현금,,,2,2,0,False,0.0628,0.0909,미달,0.0,0.0,0.0,0.0,0.0,0.0,0.0,0.0,0.0,0.0,0.0,0.0,8.0,12.0,4.0,9.0,6.0,7.0,3.0,10.0,11.0,5.0,1.0,2.0
2025-03-13,실적,0.0,0.0,1.0,11,현금,,,2,2,0,False,0.0628,0.0909,미달,0.0,0.0,0.0,0.0,0.0,0.0,0.0,0.0,0.0,0.0,0.0,0.0,8.0,12.0,4.0,9.0,6.0,7.0,3.0,10.0,11.0,5.0,1.0,2.0
2025-03-14,실적,0.0,0.0,1.0,11,현금,,,2,2,0,False,0.0628,0.0909,미달,0.0,0.0,0.0,0.0,0.0,0.0,0.0,0.0,0.0,0.0,0.0,0.0,10.0,12.0,4.0,9.0,6.0,7.0,3.0,8.0,11.0,5.0,1.0,2.0
2025-03-17,실적,0.6,0.8,0.2,11,폴백(여유부족),,,2,2,0,False,0.0628,0.0909,미달,0.0,0.54,0.0,0.0,0.2,0.0,0.0,0.0,0.0,0.0,0.06,0.0,10.0,12.0,4.0,9.0,5.0,7.0,3.0,8.0,11.0,6.0,1.0,2.0
2025-03-18,실적,0.6,0.8,0.2,11,폴백(여유부족),,,2,2,0,False,0.0606,0.0909,미달,0.0,0.54,0.0,0.0,0.2,0.0,0.0,0.0,0.0,0.0,0.06,0.0,10.0,11.0,4.0,9.0,5.0,7.0,3.0,8.0,12.0,6.0,1.0,2.0
2025-03-19,실적,0.6,0.8,0.2,11,폴백,,,2,1,0,False,0.0519,0.0909,해당없음,0.0,0.54,0.0,0.0,0.2,0.0,0.0,0.0,0.0,0.0,0.06,0.0,10.0,11.0,4.0,9.0,5.0,8.0,3.0,7.0,12.0,6.0,1.0,2.0
2025-03-20,실적,0.6,0.8,0.2,11,폴백,,,2,1,0,False,0.0455,0.0909,해당없음,0.0,0.54,0.0,0.0,0.2,0.0,0.0,0.0,0.0,0.0,0.06,0.0,10.0,11.0,4.0,8.0,5.0,9.0,3.0,6.0,12.0,7.0,1.0,2.0
2025-03-21,실적,0.6,0.8,0.2,11,폴백,,,2,1,0,False,0.0433,0.0909,해당없음,0.0,0.54,0.0,0.0,0.2,0.0,0.0,0.0,0.0,0.0,0.06,0.0,10.0,11.0,4.0,7.0,5.0,8.0,3.0,6.0,12.0,9.0,1.0,2.0
2025-03-24,실적,0.6,0.8,0.2,11,폴백,,,2,1,0,False,0.0433,0.0909,해당없음,0.0,0.54,0.0,0.0,0.2,0.0,0.0,0.0,0.0,0.0,0.06,0.0,10.0,11.0,4.0,7.0,6.0,8.0,3.0,5.0,12.0,9.0,1.0,2.0
2025-03-25,실적,0.0,0.0,1.0,11,현금,,,2,1,0,False,0.0476,0.0909,해당없음,0.0,0.0,0.0,0.0,0.0,0.0,0.0,0.0,0.0,0.0,0.0,0.0,10.0,11.0,5.0,7.0,6.0,8.0,3.0,4.0,12.0,9.0,1.0,2.0
2025-03-26,실적,0.6,0.8,0.2,11,폴백,,,2,1,0,False,0.0498,0.0909,해당없음,0.0,0.54,0.0,0.0,0.2,0.0,0.0,0.0,0.0,0.0,0.06,0.0,10.0,11.0,5.0,7.0,6.0,8.0,3.0,4.0,12.0,9.0,1.0,2.0
2025-03-27,실적,0.0,0.0,1.0,11,현금,,,2,1,0,False,0.0541,0.0909,해당없음,0.0,0.0,0.0,0.0,0.0,0.0,0.0,0.0,0.0,0.0,0.0,0.0,9.0,11.0,6.0,7.0,5.0,8.0,3.0,4.0,12.0,10.0,1.0,2.0
2025-03-28,실적,0.6,0.8,0.2,11,폴백,,,2,1,0,False,0.0563,0.0909,해당없음,0.0,0.54,0.0,0.0,0.2,0.0,0.0,0.0,0.0,0.0,0.06,0.0,10.0,11.0,7.0,6.0,5.0,8.0,3.0,4.0,12.0,9.0,1.0,2.0
2025-03-31,실적,0.0,0.0,1.0,11,현금,,,2,1,0,False,0.0584,0.0909,해당없음,0.0,0.0,0.0,0.0,0.0,0.0,0.0,0.0,0.0,0.0,0.0,0.0,9.0,11.0,7.0,5.0,6.0,8.0,3.0,4.0,12.0,10.0,1.0,2.0
2025-04-01,실적,0.0,0.0,1.0,11,현금,,,2,1,0,False,0.0649,0.0909,해당없음,0.0,0.0,0.0,0.0,0.0,0.0,0.0,0.0,0.0,0.0,0.0,0.0,9.0,11.0,7.0,5.0,6.0,8.0,3.0,4.0,12.0,10.0,1.0,2.0
2025-04-02,실적,0.0,0.0,1.0,11,현금,,,2,1,0,False,0.0714,0.0909,해당없음,0.0,0.0,0.0,0.0,0.0,0.0,0.0,0.0,0.0,0.0,0.0,0.0,8.0,11.0,7.0,5.0,6.0,9.0,3.0,4.0,12.0,10.0,1.0,2.0
2025-04-03,실적,0.0,0.0,1.0,11,현금,,,2,1,0,False,0.0779,0.0909,해당없음,0.0,0.0,0.0,0.0,0.0,0.0,0.0,0.0,0.0,0.0,0.0,0.0,8.0,11.0,7.0,5.0,6.0,9.0,3.0,4.0,12.0,10.0,1.0,2.0
2025-04-04,실적,0.0,0.0,1.0,11,현금,,,2,1,0,False,0.0823,0.0909,해당없음,0.0,0.0,0.0,0.0,0.0,0.0,0.0,0.0,0.0,0.0,0.0,0.0,8.0,10.0,7.0,4.0,6.0,9.0,3.0,5.0,12.0,11.0,1.0,2.0
2025-04-07,실적,0.0,0.0,1.0,11,현금,,,2,2,0,False,0.0823,0.0909,미달,0.0,0.0,0.0,0.0,0.0,0.0,0.0,0.0,0.0,0.0,0.0,0.0,8.0,9.0,7.0,4.0,6.0,10.0,3.0,5.0,12.0,11.0,1.0,2.0
2025-04-08,실적,0.0,0.0,1.0,11,현금,,,2,2,0,False,0.0866,0.0909,미달,0.0,0.0,0.0,0.0,0.0,0.0,0.0,0.0,0.0,0.0,0.0,0.0,9.0,7.0,8.0,4.0,6.0,10.0,3.0,5.0,12.0,11.0,1.0,2.0
2025-04-09,실적,0.0,0.0,1.0,11,현금,XLC,,2,2,0,False,0.0931,0.0909,통과,0.0,0.0,0.0,0.0,0.0,0.0,0.0,0.0,0.0,0.0,0.0,0.0,8.0,7.0,9.0,4.0,6.0,10.0,3.0,5.0,12.0,11.0,1.0,2.0
2025-04-10,실적,0.0,0.0,1.0,11,현금,XLC,,2,2,0,False,0.1039,0.0909,통과,0.0,0.0,0.0,0.0,0.0,0.0,0.0,0.0,0.0,0.0,0.0,0.0,8.0,7.0,9.0,4.0,6.0,10.0,3.0,5.0,12.0,11.0,1.0,2.0
2025-04-11,실적,0.0,0.0,1.0,11,현금,XLC,,2,2,0,False,0.1147,0.0909,통과,0.0,0.0,0.0,0.0,0.0,0.0,0.0,0.0,0.0,0.0,0.0,0.0,8.0,7.0,9.0,3.0,6.0,10.0,4.0,5.0,12.0,11.0,1.0,2.0
2025-04-14,실적,0.0,0.0,1.0,11,현금,XLC,,2,2,0,False,0.1234,0.0909,통과,0.0,0.0,0.0,0.0,0.0,0.0,0.0,0.0,0.0,0.0,0.0,0.0,8.0,7.0,9.0,3.0,6.0,10.0,4.0,5.0,12.0,11.0,1.0,2.0
2025-04-15,실적,1.0,1.0,0.0,11,리더,XLC,,2,2,0,False,0.1299,0.0909,통과,0.0,0.9,0.0,0.0,0.0,0.0,0.0,0.0,0.0,0.0,0.1,0.0,8.0,7.0,9.0,3.0,6.0,10.0,4.0,5.0,12.0,11.0,1.0,2.0
2025-04-16,실적,1.0,1.0,0.0,11,리더,XLC,,2,2,0,False,0.1385,0.0909,통과,0.0,0.9,0.0,0.0,0.0,0.0,0.0,0.0,0.0,0.0,0.1,0.0,8.0,6.0,9.0,3.0,7.0,10.0,4.0,5.0,12.0,11.0,1.0,2.0
2025-04-17,실적,1.0,1.0,0.0,11,리더,XLC,,2,2,0,False,0.1472,0.0909,통과,0.0,0.9,0.0,0.0,0.0,0.0,0.0,0.0,0.0,0.0,0.1,0.0,8.0,6.0,9.0,3.0,7.0,10.0,4.0,5.0,12.0,11.0,1.0,2.0
2025-04-21,실적,1.0,1.0,0.0,11,리더,XLC,,2,2,0,False,0.1537,0.0909,통과,0.0,0.9,0.0,0.0,0.0,0.0,0.0,0.0,0.0,0.0,0.1,0.0,8.0,5.0,10.0,3.0,7.0,9.0,4.0,6.0,12.0,11.0,1.0,2.0
2025-04-22,실적,1.0,1.0,0.0,11,리더,XLC,,2,2,0,False,0.158,0.0909,통과,0.0,0.9,0.0,0.0,0.0,0.0,0.0,0.0,0.0,0.0,0.1,0.0,8.0,4.0,10.0,3.0,7.0,9.0,5.0,6.0,12.0,11.0,1.0,2.0
2025-04-23,실적,1.0,1.0,0.0,11,리더,XLC,,2,2,0,False,0.1602,0.0909,통과,0.0,0.9,0.0,0.0,0.0,0.0,0.0,0.0,0.0,0.0,0.1,0.0,8.0,4.0,10.0,3.0,7.0,9.0,5.0,6.0,12.0,11.0,1.0,2.0
2025-04-24,실적,1.0,1.0,0.0,11,리더,XLC,,2,2,0,False,0.1623,0.0909,통과,0.0,0.9,0.0,0.0,0.0,0.0,0.0,0.0,0.0,0.0,0.1,0.0,8.0,4.0,10.0,3.0,7.0,9.0,6.0,5.0,12.0,11.0,1.0,2.0
2025-04-25,실적,1.0,1.0,0.0,11,리더,XLC,,2,2,0,False,0.1623,0.0909,통과,0.0,0.9,0.0,0.0,0.0,0.0,0.0,0.0,0.0,0.0,0.1,0.0,8.0,4.0,10.0,3.0,7.0,9.0,6.0,5.0,11.0,12.0,1.0,2.0
2025-04-28,실적,1.0,1.0,0.0,11,리더,XLC,,2,2,0,False,0.1645,0.0909,통과,0.0,0.9,0.0,0.0,0.0,0.0,0.0,0.0,0.0,0.0,0.1,0.0,8.0,4.0,10.0,3.0,7.0,9.0,6.0,5.0,11.0,12.0,1.0,2.0
2025-04-29,실적,1.0,1.0,0.0,11,리더,XLC,,2,2,0,False,0.1667,0.0909,통과,0.0,0.9,0.0,0.0,0.0,0.0,0.0,0.0,0.0,0.0,0.1,0.0,8.0,4.0,10.0,3.0,7.0,9.0,6.0,5.0,11.0,12.0,1.0,2.0
2025-04-30,실적,1.0,1.0,0.0,11,리더,XLC,,2,2,0,False,0.171,0.0909,통과,0.0,0.9,0.0,0.0,0.0,0.0,0.0,0.0,0.0,0.0,0.1,0.0,8.0,3.0,9.0,4.0,7.0,10.0,6.0,5.0,11.0,12.0,1.0,2.0
2025-05-01,실적,1.0,1.0,0.0,11,리더,XLC,,2,2,0,False,0.1926,0.0909,통과,0.0,0.9,0.0,0.0,0.0,0.0,0.0,0.0,0.0,0.0,0.1,0.0,7.0,3.0,10.0,4.0,8.0,9.0,6.0,5.0,11.0,12.0,1.0,2.0
2025-05-02,실적,1.0,1.0,0.0,11,리더,XLC,,2,2,0,False,0.2121,0.0909,통과,0.0,0.9,0.0,0.0,0.0,0.0,0.0,0.0,0.0,0.0,0.1,0.0,7.0,3.0,10.0,4.0,8.0,9.0,6.0,5.0,11.0,12.0,1.0,2.0
2025-05-05,실적,1.0,1.0,0.0,11,리더,XLC,,2,2,0,False,0.2338,0.0909,통과,0.0,0.9,0.0,0.0,0.0,0.0,0.0,0.0,0.0,0.0,0.1,0.0,7.0,3.0,11.0,4.0,8.0,9.0,6.0,5.0,10.0,12.0,1.0,2.0
2025-05-06,실적,1.0,1.0,0.0,11,리더,XLC,,2,2,0,False,0.2554,0.0909,통과,0.0,0.9,0.0,0.0,0.0,0.0,0.0,0.0,0.0,0.0,0.1,0.0,7.0,3.0,11.0,4.0,8.0,9.0,6.0,5.0,10.0,12.0,1.0,2.0
2025-05-07,실적,1.0,1.0,0.0,11,리더,XLC,,2,2,0,False,0.2814,0.0909,통과,0.0,0.9,0.0,0.0,0.0,0.0,0.0,0.0,0.0,0.0,0.1,0.0,7.0,3.0,11.0,4.0,8.0,9.0,6.0,5.0,10.0,12.0,1.0,2.0
2025-05-08,실적,1.0,1.0,0.0,11,리더,XLC,,2,2,0,False,0.29,0.0909,통과,0.0,0.9,0.0,0.0,0.0,0.0,0.0,0.0,0.0,0.0,0.1,0.0,7.0,2.0,11.0,5.0,8.0,9.0,6.0,4.0,10.0,12.0,1.0,3.0
2025-05-09,실적,1.0,1.0,0.0,11,리더,XLC,,2,2,0,False,0.29,0.0909,통과,0.0,0.9,0.0,0.0,0.0,0.0,0.0,0.0,0.0,0.0,0.1,0.0,7.0,2.0,11.0,5.0,8.0,9.0,6.0,4.0,10.0,12.0,1.0,3.0
2025-05-12,실적,1.0,1.0,0.0,11,리더,XLC,,2,2,0,False,0.2835,0.0909,통과,0.0,0.9,0.0,0.0,0.0,0.0,0.0,0.0,0.0,0.0,0.1,0.0,6.0,2.0,11.0,5.0,8.0,9.0,7.0,4.0,10.0,12.0,1.0,3.0
2025-05-13,실적,1.0,1.0,0.0,11,리더,XLC,,2,2,0,False,0.2835,0.0909,통과,0.0,0.9,0.0,0.0,0.0,0.0,0.0,0.0,0.0,0.0,0.1,0.0,6.0,2.0,11.0,5.0,8.0,10.0,7.0,4.0,9.0,12.0,1.0,3.0
2025-05-14,실적,1.0,1.0,0.0,11,리더,XLC,,2,2,0,False,0.2879,0.0909,통과,0.0,0.9,0.0,0.0,0.0,0.0,0.0,0.0,0.0,0.0,0.1,0.0,6.0,2.0,11.0,5.0,8.0,10.0,7.0,4.0,9.0,12.0,1.0,3.0
2025-05-15,실적,1.0,1.0,0.0,11,리더,XLC,,2,2,0,False,0.2835,0.0909,통과,0.0,0.9,0.0,0.0,0.0,0.0,0.0,0.0,0.0,0.0,0.1,0.0,6.0,2.0,11.0,5.0,9.0,10.0,7.0,4.0,8.0,12.0,1.0,3.0
2025-05-16,실적,1.0,1.0,0.0,11,리더,XLC,,2,2,0,False,0.2749,0.0909,통과,0.0,0.9,0.0,0.0,0.0,0.0,0.0,0.0,0.0,0.0,0.1,0.0,5.0,2.0,11.0,6.0,9.0,10.0,7.0,3.0,8.0,12.0,1.0,4.0
2025-05-19,실적,1.0,1.0,0.0,11,리더,XLC,,2,2,0,False,0.2706,0.0909,통과,0.0,0.9,0.0,0.0,0.0,0.0,0.0,0.0,0.0,0.0,0.1,0.0,5.0,2.0,11.0,6.0,10.0,9.0,7.0,3.0,8.0,12.0,1.0,4.0
2025-05-20,실적,1.0,1.0,0.0,11,리더,XLC,,2,2,0,False,0.2706,0.0909,통과,0.0,0.9,0.0,0.0,0.0,0.0,0.0,0.0,0.0,0.0,0.1,0.0,5.0,2.0,11.0,6.0,10.0,9.0,7.0,3.0,8.0,12.0,1.0,4.0
2025-05-21,실적,1.0,1.0,0.0,11,리더,XLC,,2,2,0,False,0.2684,0.0909,통과,0.0,0.9,0.0,0.0,0.0,0.0,0.0,0.0,0.0,0.0,0.1,0.0,5.0,2.0,11.0,6.0,10.0,9.0,7.0,3.0,8.0,12.0,1.0,4.0
2025-05-22,실적,1.0,1.0,0.0,11,리더,XLC,,2,2,0,False,0.2597,0.0909,통과,0.0,0.9,0.0,0.0,0.0,0.0,0.0,0.0,0.0,0.0,0.1,0.0,5.0,2.0,11.0,6.0,10.0,9.0,7.0,3.0,8.0,12.0,1.0,4.0
2025-05-23,실적,1.0,1.0,0.0,11,리더,XLC,,2,2,0,False,0.2554,0.0909,통과,0.0,0.9,0.0,0.0,0.0,0.0,0.0,0.0,0.0,0.0,0.1,0.0,5.0,2.0,11.0,6.0,10.0,9.0,7.0,3.0,8.0,12.0,1.0,4.0
2025-05-27,실적,1.0,1.0,0.0,11,리더,XLC,,2,2,0,False,0.2446,0.0909,통과,0.0,0.9,0.0,0.0,0.0,0.0,0.0,0.0,0.0,0.0,0.1,0.0,4.0,2.0,11.0,6.0,10.0,9.0,7.0,3.0,8.0,12.0,1.0,5.0
2025-05-28,실적,1.0,1.0,0.0,11,리더,XLC,,2,2,0,False,0.2403,0.0909,통과,0.0,0.9,0.0,0.0,0.0,0.0,0.0,0.0,0.0,0.0,0.1,0.0,4.0,2.0,11.0,6.0,10.0,9.0,7.0,3.0,8.0,12.0,1.0,5.0
2025-05-29,실적,1.0,1.0,0.0,11,리더,XLC,,2,2,0,False,0.2381,0.0909,통과,0.0,0.9,0.0,0.0,0.0,0.0,0.0,0.0,0.0,0.0,0.1,0.0,4.0,2.0,11.0,6.0,10.0,9.0,7.0,3.0,8.0,12.0,1.0,5.0
2025-05-30,실적,1.0,1.0,0.0,11,리더,XLC,,2,2,0,False,0.2359,0.0909,통과,0.0,0.9,0.0,0.0,0.0,0.0,0.0,0.0,0.0,0.0,0.1,0.0,4.0,2.0,11.0,6.0,10.0,9.0,7.0,3.0,8.0,12.0,1.0,5.0
2025-06-02,실적,1.0,1.0,0.0,11,리더,XLC,,2,2,0,False,0.2403,0.0909,통과,0.0,0.9,0.0,0.0,0.0,0.0,0.0,0.0,0.0,0.0,0.1,0.0,5.0,2.0,11.0,6.0,10.0,9.0,7.0,3.0,8.0,12.0,1.0,4.0
2025-06-03,실적,1.0,1.0,0.0,11,리더,XLC,,2,2,0,False,0.2446,0.0909,통과,0.0,0.9,0.0,0.0,0.0,0.0,0.0,0.0,0.0,0.0,0.1,0.0,4.0,2.0,11.0,6.0,10.0,9.0,7.0,5.0,8.0,12.0,1.0,3.0
2025-06-04,실적,1.0,1.0,0.0,11,리더,XLC,,2,2,0,False,0.2446,0.0909,통과,0.0,0.9,0.0,0.0,0.0,0.0,0.0,0.0,0.0,0.0,0.1,0.0,4.0,2.0,11.0,6.0,10.0,9.0,7.0,5.0,8.0,12.0,1.0,3.0
2025-06-05,실적,1.0,1.0,0.0,11,리더,XLC,,2,2,0,False,0.2511,0.0909,통과,0.0,0.9,0.0,0.0,0.0,0.0,0.0,0.0,0.0,0.0,0.1,0.0,4.0,2.0,10.0,6.0,11.0,9.0,7.0,5.0,8.0,12.0,1.0,3.0
2025-06-06,실적,1.0,1.0,0.0,11,리더,XLC,,2,2,0,False,0.2576,0.0909,통과,0.0,0.9,0.0,0.0,0.0,0.0,0.0,0.0,0.0,0.0,0.1,0.0,4.0,2.0,10.0,6.0,11.0,9.0,8.0,5.0,7.0,12.0,1.0,3.0
2025-06-09,실적,1.0,1.0,0.0,11,리더,XLC,,2,2,0,False,0.2597,0.0909,통과,0.0,0.9,0.0,0.0,0.0,0.0,0.0,0.0,0.0,0.0,0.1,0.0,4.0,3.0,10.0,6.0,11.0,9.0,8.0,5.0,7.0,12.0,1.0,2.0
2025-06-10,실적,1.0,1.0,0.0,11,리더,XLC,,2,2,0,False,0.2468,0.0909,통과,0.0,0.9,0.0,0.0,0.0,0.0,0.0,0.0,0.0,0.0,0.1,0.0,4.0,3.0,10.0,6.0,11.0,9.0,8.0,5.0,7.0,12.0,1.0,2.0
2025-06-11,실적,1.0,1.0,0.0,11,리더,XLC,,2,2,0,False,0.2338,0.0909,통과,0.0,0.9,0.0,0.0,0.0,0.0,0.0,0.0,0.0,0.0,0.1,0.0,4.0,3.0,10.0,6.0,11.0,9.0,8.0,5.0,7.0,12.0,1.0,2.0
2025-06-12,실적,1.0,1.0,0.0,11,리더,XLC,,2,2,0,False,0.2251,0.0909,통과,0.0,0.9,0.0,0.0,0.0,0.0,0.0,0.0,0.0,0.0,0.1,0.0,4.0,3.0,10.0,6.0,11.0,9.0,7.0,5.0,8.0,12.0,1.0,2.0
2025-06-13,실적,1.0,1.0,0.0,11,리더,XLC,,2,2,0,False,0.2251,0.0909,통과,0.0,0.9,0.0,0.0,0.0,0.0,0.0,0.0,0.0,0.0,0.1,0.0,4.0,3.0,10.0,6.0,11.0,9.0,7.0,5.0,8.0,12.0,1.0,2.0
2025-06-16,실적,1.0,1.0,0.0,11,리더,XLC,,2,2,0,False,0.2186,0.0909,통과,0.0,0.9,0.0,0.0,0.0,0.0,0.0,0.0,0.0,0.0,0.1,0.0,4.0,3.0,10.0,6.0,11.0,9.0,7.0,5.0,8.0,12.0,1.0,2.0
2025-06-17,실적,1.0,1.0,0.0,11,리더,XLC,,2,2,0,False,0.2056,0.0909,통과,0.0,0.9,0.0,0.0,0.0,0.0,0.0,0.0,0.0,0.0,0.1,0.0,4.0,3.0,10.0,7.0,11.0,9.0,6.0,5.0,8.0,12.0,1.0,2.0
2025-06-18,실적,1.0,1.0,0.0,11,리더,XLC,,2,2,0,False,0.2013,0.0909,통과,0.0,0.9,0.0,0.0,0.0,0.0,0.0,0.0,0.0,0.0,0.1,0.0,4.0,3.0,10.0,7.0,11.0,9.0,6.0,5.0,8.0,12.0,1.0,2.0
2025-06-20,실적,1.0,1.0,0.0,11,리더,XLC,,2,2,0,False,0.1991,0.0909,통과,0.0,0.9,0.0,0.0,0.0,0.0,0.0,0.0,0.0,0.0,0.1,0.0,4.0,3.0,10.0,7.0,11.0,9.0,6.0,5.0,8.0,12.0,1.0,2.0
2025-06-23,실적,1.0,1.0,0.0,11,리더,XLC,,2,2,0,False,0.2013,0.0909,통과,0.0,0.9,0.0,0.0,0.0,0.0,0.0,0.0,0.0,0.0,0.1,0.0,4.0,3.0,10.0,7.0,11.0,9.0,6.0,5.0,8.0,12.0,1.0,2.0
2025-06-24,실적,1.0,1.0,0.0,11,리더,XLC,,2,2,0,False,0.2013,0.0909,통과,0.0,0.9,0.0,0.0,0.0,0.0,0.0,0.0,0.0,0.0,0.1,0.0,4.0,3.0,10.0,7.0,11.0,9.0,6.0,5.0,8.0,12.0,1.0,2.0
2025-06-25,실적,1.0,1.0,0.0,11,리더,XLC,,2,2,0,False,0.2035,0.0909,통과,0.0,0.9,0.0,0.0,0.0,0.0,0.0,0.0,0.0,0.0,0.1,0.0,4.0,3.0,10.0,7.0,11.0,9.0,6.0,5.0,8.0,12.0,1.0,2.0
2025-06-26,실적,1.0,1.0,0.0,11,리더,XLC,,2,2,0,False,0.2035,0.0909,통과,0.0,0.9,0.0,0.0,0.0,0.0,0.0,0.0,0.0,0.0,0.1,0.0,4.0,3.0,10.0,7.0,11.0,9.0,6.0,5.0,8.0,12.0,1.0,2.0
2025-06-27,실적,1.0,1.0,0.0,11,리더,XLC,,2,2,0,False,0.2035,0.0909,통과,0.0,0.9,0.0,0.0,0.0,0.0,0.0,0.0,0.0,0.0,0.1,0.0,4.0,3.0,10.0,7.0,11.0,9.0,6.0,5.0,8.0,12.0,1.0,2.0
2025-06-30,실적,1.0,1.0,0.0,11,리더,XLC,,2,2,0,False,0.2035,0.0909,통과,0.0,0.9,0.0,0.0,0.0,0.0,0.0,0.0,0.0,0.0,0.1,0.0,4.0,3.0,10.0,7.0,11.0,9.0,6.0,5.0,8.0,12.0,1.0,2.0
2025-07-01,실적,1.0,1.0,0.0,11,리더,XLC,,2,2,0,False,0.2013,0.0909,통과,0.0,0.9,0.0,0.0,0.0,0.0,0.0,0.0,0.0,0.0,0.1,0.0,3.0,4.0,10.0,7.0,11.0,9.0,6.0,5.0,8.0,12.0,1.0,2.0
2025-07-02,실적,1.0,1.0,0.0,11,리더,XLC,,2,2,0,False,0.2035,0.0909,통과,0.0,0.9,0.0,0.0,0.0,0.0,0.0,0.0,0.0,0.0,0.1,0.0,3.0,4.0,10.0,7.0,11.0,9.0,6.0,5.0,8.0,12.0,1.0,2.0
2025-07-03,실적,1.0,1.0,0.0,11,리더,XLC,,2,2,0,False,0.2035,0.0909,통과,0.0,0.9,0.0,0.0,0.0,0.0,0.0,0.0,0.0,0.0,0.1,0.0,3.0,4.0,10.0,7.0,11.0,9.0,6.0,5.0,8.0,12.0,1.0,2.0
2025-07-07,실적,1.0,1.0,0.0,11,리더,XLC,,2,2,0,False,0.2056,0.0909,통과,0.0,0.9,0.0,0.0,0.0,0.0,0.0,0.0,0.0,0.0,0.1,0.0,3.0,4.0,10.0,7.0,11.0,8.0,6.0,5.0,9.0,12.0,1.0,2.0
2025-07-08,실적,1.0,1.0,0.0,11,리더,XLC,,2,2,0,False,0.2035,0.0909,통과,0.0,0.9,0.0,0.0,0.0,0.0,0.0,0.0,0.0,0.0,0.1,0.0,3.0,4.0,10.0,7.0,11.0,8.0,6.0,5.0,9.0,12.0,1.0,2.0
2025-07-09,실적,1.0,1.0,0.0,11,리더,XLC,,2,2,0,False,0.2035,0.0909,통과,0.0,0.9,0.0,0.0,0.0,0.0,0.0,0.0,0.0,0.0,0.1,0.0,3.0,4.0,10.0,7.0,11.0,8.0,6.0,5.0,9.0,12.0,1.0,2.0
2025-07-10,실적,1.0,1.0,0.0,11,리더,XLC,,2,2,0,False,0.2056,0.0909,통과,0.0,0.9,0.0,0.0,0.0,0.0,0.0,0.0,0.0,0.0,0.1,0.0,3.0,4.0,10.0,7.0,11.0,8.0,6.0,5.0,9.0,12.0,1.0,2.0
2025-07-11,실적,1.0,1.0,0.0,11,리더,XLC,,2,2,0,False,0.2035,0.0909,통과,0.0,0.9,0.0,0.0,0.0,0.0,0.0,0.0,0.0,0.0,0.1,0.0,3.0,4.0,10.0,6.0,11.0,8.0,7.0,5.0,9.0,12.0,1.0,2.0
2025-07-14,실적,1.0,1.0,0.0,11,리더,XLC,,2,2,0,False,0.2056,0.0909,통과,0.0,0.9,0.0,0.0,0.0,0.0,0.0,0.0,0.0,0.0,0.1,0.0,3.0,4.0,10.0,6.0,11.0,7.0,8.0,5.0,9.0,12.0,1.0,2.0
2025-07-15,실적,1.0,1.0,0.0,11,리더,XLC,,2,2,0,False,0.2056,0.0909,통과,0.0,0.9,0.0,0.0,0.0,0.0,0.0,0.0,0.0,0.0,0.1,0.0,3.0,4.0,10.0,6.0,11.0,7.0,8.0,5.0,9.0,12.0,1.0,2.0
2025-07-16,실적,1.0,1.0,0.0,11,리더,XLC,,2,2,0,False,0.2078,0.0909,통과,0.0,0.9,0.0,0.0,0.0,0.0,0.0,0.0,0.0,0.0,0.1,0.0,3.0,4.0,10.0,6.0,11.0,7.0,8.0,5.0,9.0,12.0,1.0,2.0
2025-07-17,실적,1.0,1.0,0.0,11,리더,XLC,,2,2,0,False,0.2121,0.0909,통과,0.0,0.9,0.0,0.0,0.0,0.0,0.0,0.0,0.0,0.0,0.1,0.0,3.0,4.0,10.0,6.0,11.0,7.0,8.0,5.0,9.0,12.0,1.0,2.0
2025-07-18,실적,1.0,1.0,0.0,11,리더,XLC,,2,2,0,False,0.2229,0.0909,통과,0.0,0.9,0.0,0.0,0.0,0.0,0.0,0.0,0.0,0.0,0.1,0.0,3.0,4.0,9.0,6.0,11.0,7.0,8.0,5.0,10.0,12.0,1.0,2.0
2025-07-21,실적,1.0,1.0,0.0,11,리더,XLC,,2,2,0,False,0.2208,0.0909,통과,0.0,0.9,0.0,0.0,0.0,0.0,0.0,0.0,0.0,0.0,0.1,0.0,2.0,4.0,9.0,6.0,11.0,7.0,8.0,5.0,10.0,12.0,1.0,3.0
2025-07-22,실적,1.0,1.0,0.0,11,리더,XLC,,2,2,0,False,0.2208,0.0909,통과,0.0,0.9,0.0,0.0,0.0,0.0,0.0,0.0,0.0,0.0,0.1,0.0,2.0,4.0,8.0,6.0,11.0,7.0,9.0,5.0,10.0,12.0,1.0,3.0
2025-07-23,실적,1.0,1.0,0.0,11,리더,XLC,,2,2,0,False,0.2165,0.0909,통과,0.0,0.9,0.0,0.0,0.0,0.0,0.0,0.0,0.0,0.0,0.1,0.0,2.0,4.0,8.0,6.0,11.0,7.0,9.0,5.0,10.0,12.0,1.0,3.0
2025-07-24,실적,1.0,1.0,0.0,11,리더,XLC,,2,2,0,False,0.2121,0.0909,통과,0.0,0.9,0.0,0.0,0.0,0.0,0.0,0.0,0.0,0.0,0.1,0.0,2.0,4.0,8.0,6.0,11.0,7.0,9.0,5.0,10.0,12.0,1.0,3.0
2025-07-25,실적,1.0,1.0,0.0,11,폴백,,,2,1,0,True,0.2035,0.0909,해당없음,0.0,0.9,0.0,0.0,0.0,0.0,0.0,0.0,0.0,0.0,0.1,0.0,2.0,4.0,8.0,6.0,11.0,7.0,9.0,5.0,10.0,12.0,1.0,3.0
2025-07-28,실적,1.0,1.0,0.0,11,폴백,,,2,1,0,False,0.1991,0.0909,해당없음,0.0,0.9,0.0,0.0,0.0,0.0,0.0,0.0,0.0,0.0,0.1,0.0,2.0,4.0,8.0,6.0,11.0,7.0,9.0,5.0,10.0,12.0,1.0,3.0
2025-07-29,실적,1.0,1.0,0.0,11,폴백,,,2,1,0,False,0.1948,0.0909,해당없음,0.0,0.9,0.0,0.0,0.0,0.0,0.0,0.0,0.0,0.0,0.1,0.0,2.0,4.0,8.0,6.0,10.0,7.0,9.0,5.0,12.0,11.0,1.0,3.0
2025-07-30,실적,1.0,1.0,0.0,11,폴백,,,2,1,0,False,0.1905,0.0909,해당없음,0.0,0.9,0.0,0.0,0.0,0.0,0.0,0.0,0.0,0.0,0.1,0.0,2.0,4.0,8.0,6.0,10.0,7.0,9.0,5.0,12.0,11.0,1.0,3.0
2025-07-31,실적,1.0,1.0,0.0,11,폴백,,,2,1,0,False,0.1905,0.0909,해당없음,0.0,0.9,0.0,0.0,0.0,0.0,0.0,0.0,0.0,0.0,0.1,0.0,2.0,4.0,8.0,5.0,10.0,7.0,9.0,6.0,12.0,11.0,1.0,3.0
2025-08-01,실적,1.0,1.0,0.0,11,폴백,,,2,1,0,False,0.1883,0.0909,해당없음,0.0,0.9,0.0,0.0,0.0,0.0,0.0,0.0,0.0,0.0,0.1,0.0,2.0,4.0,8.0,5.0,9.0,7.0,11.0,6.0,12.0,10.0,1.0,3.0
2025-08-04,실적,1.0,1.0,0.0,11,폴백,,,2,1,0,False,0.1883,0.0909,해당없음,0.0,0.9,0.0,0.0,0.0,0.0,0.0,0.0,0.0,0.0,0.1,0.0,2.0,4.0,8.0,5.0,9.0,7.0,11.0,6.0,12.0,10.0,1.0,3.0
2025-08-05,실적,1.0,1.0,0.0,11,폴백,,,2,1,0,False,0.1905,0.0909,해당없음,0.0,0.9,0.0,0.0,0.0,0.0,0.0,0.0,0.0,0.0,0.1,0.0,2.0,4.0,8.0,5.0,9.0,7.0,11.0,6.0,12.0,10.0,1.0,3.0
2025-08-06,실적,1.0,1.0,0.0,11,폴백,,,2,1,0,False,0.1948,0.0909,해당없음,0.0,0.9,0.0,0.0,0.0,0.0,0.0,0.0,0.0,0.0,0.1,0.0,2.0,4.0,8.0,5.0,9.0,7.0,11.0,6.0,12.0,10.0,1.0,3.0
2025-08-07,실적,1.0,1.0,0.0,11,폴백,,,2,1,0,False,0.2013,0.0909,해당없음,0.0,0.9,0.0,0.0,0.0,0.0,0.0,0.0,0.0,0.0,0.1,0.0,2.0,4.0,8.0,5.0,9.0,7.0,12.0,6.0,11.0,10.0,1.0,3.0
2025-08-08,실적,1.0,1.0,0.0,11,폴백,,,2,1,0,False,0.2035,0.0909,해당없음,0.0,0.9,0.0,0.0,0.0,0.0,0.0,0.0,0.0,0.0,0.1,0.0,2.0,4.0,8.0,5.0,9.0,7.0,12.0,6.0,11.0,10.0,1.0,3.0
2025-08-11,실적,1.0,1.0,0.0,11,폴백,,,2,1,0,False,0.21,0.0909,해당없음,0.0,0.9,0.0,0.0,0.0,0.0,0.0,0.0,0.0,0.0,0.1,0.0,2.0,4.0,8.0,5.0,9.0,7.0,12.0,6.0,11.0,10.0,1.0,3.0
2025-08-12,실적,1.0,1.0,0.0,11,리더,XLC,,2,2,0,False,0.2165,0.0909,통과,0.0,0.9,0.0,0.0,0.0,0.0,0.0,0.0,0.0,0.0,0.1,0.0,2.0,4.0,8.0,5.0,9.0,7.0,11.0,6.0,12.0,10.0,1.0,3.0
2025-08-13,실적,1.0,1.0,0.0,11,리더,XLC,,2,2,0,False,0.2186,0.0909,통과,0.0,0.9,0.0,0.0,0.0,0.0,0.0,0.0,0.0,0.0,0.1,0.0,2.0,4.0,8.0,5.0,9.0,7.0,12.0,6.0,11.0,10.0,1.0,3.0
2025-08-14,실적,1.0,1.0,0.0,11,리더,XLC,,2,2,0,False,0.2251,0.0909,통과,0.0,0.9,0.0,0.0,0.0,0.0,0.0,0.0,0.0,0.0,0.1,0.0,2.0,4.0,8.0,5.0,9.0,7.0,12.0,6.0,11.0,10.0,1.0,3.0
2025-08-15,실적,1.0,1.0,0.0,11,리더,XLC,,2,2,0,False,0.2273,0.0909,통과,0.0,0.9,0.0,0.0,0.0,0.0,0.0,0.0,0.0,0.0,0.1,0.0,2.0,4.0,8.0,6.0,9.0,7.0,12.0,5.0,11.0,10.0,1.0,3.0
2025-08-18,실적,1.0,1.0,0.0,11,리더,XLC,,2,2,0,False,0.2316,0.0909,통과,0.0,0.9,0.0,0.0,0.0,0.0,0.0,0.0,0.0,0.0,0.1,0.0,2.0,4.0,8.0,6.0,9.0,7.0,12.0,5.0,11.0,10.0,1.0,3.0
2025-08-19,실적,1.0,1.0,0.0,11,리더,XLC,,2,2,0,False,0.2359,0.0909,통과,0.0,0.9,0.0,0.0,0.0,0.0,0.0,0.0,0.0,0.0,0.1,0.0,2.0,4.0,8.0,6.0,9.0,7.0,12.0,5.0,11.0,10.0,1.0,3.0
2025-08-20,실적,1.0,1.0,0.0,11,리더,XLC,,2,2,0,False,0.2359,0.0909,통과,0.0,0.9,0.0,0.0,0.0,0.0,0.0,0.0,0.0,0.0,0.1,0.0,2.0,4.0,8.0,6.0,9.0,7.0,12.0,5.0,11.0,10.0,1.0,3.0
2025-08-21,실적,1.0,1.0,0.0,11,리더,XLC,,2,2,0,False,0.2403,0.0909,통과,0.0,0.9,0.0,0.0,0.0,0.0,0.0,0.0,0.0,0.0,0.1,0.0,2.0,4.0,8.0,6.0,9.0,7.0,12.0,5.0,11.0,10.0,1.0,3.0
2025-08-22,실적,1.0,1.0,0.0,11,리더,XLC,,2,2,0,False,0.2381,0.0909,통과,0.0,0.9,0.0,0.0,0.0,0.0,0.0,0.0,0.0,0.0,0.1,0.0,2.0,3.0,9.0,6.0,8.0,7.0,12.0,5.0,11.0,10.0,1.0,4.0
2025-08-25,실적,1.0,1.0,0.0,11,리더,XLC,,2,2,0,False,0.2468,0.0909,통과,0.0,0.9,0.0,0.0,0.0,0.0,0.0,0.0,0.0,0.0,0.1,0.0,2.0,3.0,9.0,6.0,8.0,7.0,12.0,5.0,11.0,10.0,1.0,4.0
2025-08-26,실적,1.0,1.0,0.0,11,리더,XLC,,2,2,0,False,0.2554,0.0909,통과,0.0,0.9,0.0,0.0,0.0,0.0,0.0,0.0,0.0,0.0,0.1,0.0,2.0,3.0,9.0,6.0,7.0,8.0,12.0,5.0,11.0,10.0,1.0,4.0
2025-08-27,실적,1.0,1.0,0.0,11,리더,XLC,,2,2,0,False,0.2641,0.0909,통과,0.0,0.9,0.0,0.0,0.0,0.0,0.0,0.0,0.0,0.0,0.1,0.0,2.0,3.0,9.0,6.0,7.0,8.0,12.0,5.0,11.0,10.0,1.0,4.0
2025-08-28,실적,1.0,1.0,0.0,11,리더,XLC,,2,2,0,False,0.2684,0.0909,통과,0.0,0.9,0.0,0.0,0.0,0.0,0.0,0.0,0.0,0.0,0.1,0.0,2.0,3.0,9.0,6.0,7.0,8.0,12.0,5.0,11.0,10.0,1.0,4.0
2025-08-29,실적,1.0,1.0,0.0,11,리더,XLC,,2,2,0,False,0.2706,0.0909,통과,0.0,0.9,0.0,0.0,0.0,0.0,0.0,0.0,0.0,0.0,0.1,0.0,3.0,2.0,9.0,6.0,7.0,8.0,12.0,4.0,11.0,10.0,1.0,5.0
2025-09-02,실적,1.0,1.0,0.0,11,리더,XLC,,2,2,0,False,0.2597,0.0909,통과,0.0,0.9,0.0,0.0,0.0,0.0,0.0,0.0,0.0,0.0,0.1,0.0,3.0,2.0,10.0,6.0,7.0,8.0,11.0,4.0,12.0,9.0,1.0,5.0
2025-09-03,실적,1.0,1.0,0.0,11,리더,XLC,,2,2,0,False,0.2511,0.0909,통과,0.0,0.9,0.0,0.0,0.0,0.0,0.0,0.0,0.0,0.0,0.1,0.0,3.0,2.0,10.0,6.0,7.0,8.0,11.0,5.0,12.0,9.0,1.0,4.0
2025-09-04,실적,1.0,1.0,0.0,11,리더,XLC,,2,2,0,False,0.2381,0.0909,통과,0.0,0.9,0.0,0.0,0.0,0.0,0.0,0.0,0.0,0.0,0.1,0.0,3.0,2.0,10.0,6.0,7.0,8.0,11.0,5.0,12.0,9.0,1.0,4.0
2025-09-05,실적,1.0,1.0,0.0,11,리더,XLC,,2,1,0,True,0.2251,0.0909,해당없음,0.0,0.9,0.0,0.0,0.0,0.0,0.0,0.0,0.0,0.0,0.1,0.0,2.0,3.0,10.0,6.0,7.0,9.0,11.0,5.0,12.0,8.0,1.0,4.0
2025-09-08,실적,1.0,1.0,0.0,11,리더,XLC,,2,1,0,True,0.2056,0.0909,해당없음,0.0,0.9,0.0,0.0,0.0,0.0,0.0,0.0,0.0,0.0,0.1,0.0,2.0,3.0,10.0,6.0,7.0,9.0,11.0,5.0,12.0,8.0,1.0,4.0
2025-09-09,실적,1.0,1.0,0.0,11,리더,XLC,,2,1,0,True,0.1905,0.0909,해당없음,0.0,0.9,0.0,0.0,0.0,0.0,0.0,0.0,0.0,0.0,0.1,0.0,2.0,3.0,10.0,5.0,7.0,9.0,11.0,6.0,12.0,8.0,1.0,4.0
2025-09-10,실적,1.0,1.0,0.0,11,리더,XLC,,2,1,0,True,0.171,0.0909,해당없음,0.0,0.9,0.0,0.0,0.0,0.0,0.0,0.0,0.0,0.0,0.1,0.0,2.0,3.0,10.0,5.0,7.0,9.0,11.0,6.0,12.0,8.0,1.0,4.0
2025-09-11,실적,1.0,1.0,0.0,11,폴백,,,2,1,0,True,0.1494,0.0909,해당없음,0.0,0.9,0.0,0.0,0.0,0.0,0.0,0.0,0.0,0.0,0.1,0.0,2.0,3.0,10.0,5.0,7.0,9.0,11.0,6.0,12.0,8.0,1.0,4.0
2025-09-12,실적,1.0,1.0,0.0,11,폴백,,,2,1,0,False,0.1277,0.0909,해당없음,0.0,0.9,0.0,0.0,0.0,0.0,0.0,0.0,0.0,0.0,0.1,0.0,2.0,3.0,10.0,4.0,7.0,9.0,11.0,6.0,12.0,8.0,1.0,5.0
2025-09-15,실적,0.55,0.5451,0.4549,11,폴백,,,2,1,0,False,0.1039,0.0909,해당없음,0.0,0.4906,0.0,0.0,0.0,0.0,0.0,0.0,0.0,0.0,0.0545,0.0,2.0,4.0,10.0,3.0,7.0,9.0,11.0,6.0,12.0,8.0,1.0,5.0
2025-09-16,실적,0.54,0.543,0.457,11,폴백,,,2,1,0,False,0.0844,0.0909,해당없음,0.0,0.4887,0.0,0.0,0.0,0.0,0.0,0.0,0.0,0.0,0.0543,0.0,2.0,4.0,10.0,3.0,7.0,9.0,11.0,6.0,12.0,8.0,1.0,5.0
2025-09-17,실적,0.56,0.561,0.439,11,폴백,,,2,1,0,False,0.0628,0.0909,해당없음,0.0,0.5049,0.0,0.0,0.0,0.0,0.0,0.0,0.0,0.0,0.0561,0.0,2.0,4.0,10.0,3.0,7.0,9.0,11.0,6.0,12.0,8.0,1.0,5.0
2025-09-18,실적,0.57,0.5659,0.4341,11,폴백,,,2,1,0,False,0.0433,0.0909,해당없음,0.0,0.5093,0.0,0.0,0.0,0.0,0.0,0.0,0.0,0.0,0.0566,0.0,2.0,4.0,10.0,3.0,7.0,9.0,11.0,6.0,12.0,8.0,1.0,5.0
2025-09-19,실적,0.58,0.5807,0.4193,11,폴백,,,2,1,0,False,0.0281,0.0909,해당없음,0.0,0.5227,0.0,0.0,0.0,0.0,0.0,0.0,0.0,0.0,0.0581,0.0,2.0,5.0,10.0,3.0,7.0,9.0,11.0,6.0,12.0,8.0,1.0,4.0
2025-09-22,실적,0.7,0.6991,0.3009,11,폴백,,,2,1,0,False,0.0152,0.0909,해당없음,0.0,0.6291,0.0,0.0,0.0,0.0,0.0,0.0,0.0,0.0,0.0699,0.0,2.0,5.0,10.0,3.0,7.0,9.0,11.0,6.0,12.0,8.0,1.0,4.0
2025-09-23,실적,0.69,0.6865,0.3135,11,폴백,,,2,1,0,False,0.0087,0.0909,해당없음,0.0,0.6179,0.0,0.0,0.0,0.0,0.0,0.0,0.0,0.0,0.0687,0.0,2.0,5.0,10.0,3.0,7.0,9.0,11.0,6.0,12.0,8.0,1.0,4.0
2025-09-24,실적,0.67,0.6733,0.3267,11,SPY우위,SPY,,2,0,0,False,0.0087,0.0909,해당없음,0.0,0.606,0.0,0.0,0.0,0.0,0.0,0.0,0.0,0.0,0.0673,0.0,1.0,5.0,10.0,3.0,7.0,9.0,12.0,6.0,11.0,8.0,2.0,4.0
2025-09-25,실적,0.65,0.6479,0.3521,11,SPY우위,SPY,,2,0,0,False,0.0206,0.0909,해당없음,0.0,0.5831,0.0,0.0648,0.0,0.0,0.0,0.0,0.0,0.0,0.0,0.0,1.0,6.0,10.0,2.0,7.0,9.0,12.0,5.0,11.0,8.0,3.0,4.0
2025-09-26,실적,0.64,0.6368,0.3632,11,SPY우위,SPY,,2,0,0,False,0.0271,0.0909,해당없음,0.0,0.5731,0.0,0.0637,0.0,0.0,0.0,0.0,0.0,0.0,0.0,0.0,1.0,7.0,10.0,2.0,6.0,9.0,12.0,5.0,11.0,8.0,3.0,4.0
2025-09-29,실적,0.68,0.676,0.324,11,SPY우위,SPY,,2,1,0,False,0.0357,0.0909,해당없음,0.0,0.6084,0.0,0.0676,0.0,0.0,0.0,0.0,0.0,0.0,0.0,0.0,1.0,7.0,10.0,2.0,6.0,8.0,12.0,5.0,11.0,9.0,3.0,4.0
2025-09-30,실적,0.76,0.7574,0.2426,11,SPY우위,SPY,,2,1,0,False,0.0422,0.0909,해당없음,0.0,0.6816,0.0,0.0757,0.0,0.0,0.0,0.0,0.0,0.0,0.0,0.0,1.0,7.0,10.0,2.0,6.0,8.0,12.0,5.0,11.0,9.0,3.0,4.0
2025-10-01,실적,0.77,0.7686,0.2314,11,SPY우위,SPY,,2,1,0,False,0.0357,0.0909,해당없음,0.0,0.6918,0.0,0.0769,0.0,0.0,0.0,0.0,0.0,0.0,0.0,0.0,1.0,7.0,10.0,2.0,6.0,8.0,12.0,5.0,11.0,9.0,3.0,4.0
2025-10-02,실적,0.83,0.8259,0.1741,11,SPY우위,SPY,,2,1,0,False,0.0292,0.0909,해당없음,0.0,0.7433,0.0,0.0826,0.0,0.0,0.0,0.0,0.0,0.0,0.0,0.0,1.0,7.0,10.0,2.0,6.0,8.0,12.0,5.0,11.0,9.0,3.0,4.0
2025-10-03,실적,0.86,0.8555,0.1445,11,SPY우위,SPY,,2,1,0,False,0.0292,0.0909,해당없음,0.0,0.77,0.0,0.0856,0.0,0.0,0.0,0.0,0.0,0.0,0.0,0.0,1.0,8.0,10.0,2.0,6.0,7.0,12.0,5.0,11.0,9.0,3.0,4.0
2025-10-06,실적,0.85,0.851,0.149,11,SPY우위,SPY,,2,1,0,False,0.0314,0.0909,해당없음,0.0,0.7659,0.0,0.0851,0.0,0.0,0.0,0.0,0.0,0.0,0.0,0.0,1.0,8.0,10.0,2.0,6.0,7.0,12.0,5.0,11.0,9.0,3.0,4.0
2025-10-07,실적,0.81,0.8063,0.1937,11,SPY우위,SPY,,2,1,0,False,0.0335,0.0909,해당없음,0.0,0.7256,0.0,0.0806,0.0,0.0,0.0,0.0,0.0,0.0,0.0,0.0,1.0,8.0,10.0,2.0,7.0,6.0,12.0,5.0,11.0,9.0,3.0,4.0
2025-10-08,실적,0.0,0.0,1.0,11,현금,SPY,,2,1,0,False,0.0357,0.0909,해당없음,0.0,0.0,0.0,0.0,0.0,0.0,0.0,0.0,0.0,0.0,0.0,0.0,1.0,8.0,9.0,2.0,7.0,6.0,12.0,5.0,11.0,10.0,3.0,4.0
2025-10-09,실적,0.0,0.0,1.0,11,현금,SPY,,2,1,0,False,0.0346,0.0909,해당없음,0.0,0.0,0.0,0.0,0.0,0.0,0.0,0.0,0.0,0.0,0.0,0.0,1.0,8.0,9.0,2.0,7.0,6.0,12.0,5.0,11.0,10.0,3.0,4.0
2025-10-10,실적,0.0,0.0,1.0,11,현금,SPY,,2,1,0,False,0.0303,0.0909,해당없음,0.0,0.0,0.0,0.0,0.0,0.0,0.0,0.0,0.0,0.0,0.0,0.0,1.0,8.0,9.0,3.0,7.0,6.0,12.0,5.0,11.0,10.0,2.0,4.0
2025-10-13,실적,0.0,0.0,1.0,11,현금,SPY,,2,1,0,False,0.0281,0.0909,해당없음,0.0,0.0,0.0,0.0,0.0,0.0,0.0,0.0,0.0,0.0,0.0,0.0,1.0,8.0,9.0,2.0,7.0,6.0,12.0,5.0,11.0,10.0,3.0,4.0
2025-10-14,실적,0.0,0.0,1.0,11,현금,SPY,,2,1,0,False,0.0238,0.0909,해당없음,0.0,0.0,0.0,0.0,0.0,0.0,0.0,0.0,0.0,0.0,0.0,0.0,1.0,8.0,10.0,2.0,7.0,5.0,12.0,6.0,11.0,9.0,3.0,4.0
2025-10-15,실적,0.0,0.0,1.0,11,현금,SPY,,2,1,0,False,0.0108,0.0909,해당없음,0.0,0.0,0.0,0.0,0.0,0.0,0.0,0.0,0.0,0.0,0.0,0.0,1.0,8.0,11.0,2.0,7.0,5.0,12.0,6.0,9.0,10.0,3.0,4.0
2025-10-16,실적,1.0,1.0,0.0,11,폴백,,,2,0,0,False,0.0022,0.0909,해당없음,0.0,0.9,0.0,0.1,0.0,0.0,0.0,0.0,0.0,0.0,0.0,0.0,2.0,8.0,11.0,1.0,7.0,5.0,12.0,6.0,9.0,10.0,3.0,4.0
2025-10-17,실적,0.38,0.3788,0.6212,11,폴백,,,2,0,0,False,0.0152,0.0909,해당없음,0.0,0.3409,0.0,0.0379,0.0,0.0,0.0,0.0,0.0,0.0,0.0,0.0,2.0,8.0,11.0,1.0,7.0,5.0,12.0,6.0,9.0,10.0,3.0,4.0
2025-10-20,실적,0.37,0.3671,0.6329,11,폴백,,,2,0,0,False,0.0325,0.0909,해당없음,0.0,0.3304,0.0,0.0367,0.0,0.0,0.0,0.0,0.0,0.0,0.0,0.0,2.0,8.0,11.0,1.0,7.0,5.0,12.0,6.0,9.0,10.0,3.0,4.0
2025-10-21,실적,0.37,0.3719,0.6281,11,폴백,,,2,0,0,False,0.0519,0.0909,해당없음,0.0,0.3347,0.0,0.0372,0.0,0.0,0.0,0.0,0.0,0.0,0.0,0.0,2.0,8.0,11.0,1.0,7.0,5.0,12.0,6.0,9.0,10.0,3.0,4.0
2025-10-22,실적,0.37,0.3693,0.6307,11,폴백,,,2,0,0,False,0.0693,0.0909,해당없음,0.0,0.3323,0.0,0.0369,0.0,0.0,0.0,0.0,0.0,0.0,0.0,0.0,2.0,8.0,11.0,1.0,7.0,5.0,12.0,6.0,9.0,10.0,3.0,4.0
2025-10-23,실적,0.37,0.3697,0.6303,11,폴백,,,2,0,0,False,0.0801,0.0909,해당없음,0.0,0.3327,0.0,0.037,0.0,0.0,0.0,0.0,0.0,0.0,0.0,0.0,2.0,8.0,12.0,1.0,7.0,5.0,11.0,6.0,9.0,10.0,4.0,3.0
2025-10-24,실적,0.37,0.3658,0.6342,11,폴백,,,2,0,0,False,0.0909,0.0909,해당없음,0.0,0.3293,0.0,0.0366,0.0,0.0,0.0,0.0,0.0,0.0,0.0,0.0,2.0,8.0,12.0,1.0,7.0,4.0,11.0,6.0,9.0,10.0,5.0,3.0
2025-10-27,실적,0.35,0.3526,0.6474,11,폴백,,,2,0,0,False,0.1082,0.0909,해당없음,0.0,0.3173,0.0,0.0353,0.0,0.0,0.0,0.0,0.0,0.0,0.0,0.0,3.0,8.0,12.0,1.0,7.0,4.0,10.0,6.0,9.0,11.0,5.0,2.0
2025-10-28,실적,0.0,0.0,1.0,11,현금,,,2,0,0,False,0.1147,0.0909,해당없음,0.0,0.0,0.0,0.0,0.0,0.0,0.0,0.0,0.0,0.0,0.0,0.0,4.0,8.0,12.0,1.0,7.0,3.0,10.0,6.0,9.0,11.0,5.0,2.0
2025-10-29,실적,0.0,0.0,1.0,11,현금,,,2,0,0,False,0.1255,0.0909,해당없음,0.0,0.0,0.0,0.0,0.0,0.0,0.0,0.0,0.0,0.0,0.0,0.0,4.0,8.0,12.0,1.0,7.0,2.0,10.0,6.0,9.0,11.0,5.0,3.0
2025-10-30,실적,0.0,0.0,1.0,11,현금,,,2,0,0,False,0.1169,0.0909,해당없음,0.0,0.0,0.0,0.0,0.0,0.0,0.0,0.0,0.0,0.0,0.0,0.0,4.0,8.0,12.0,1.0,7.0,3.0,10.0,6.0,9.0,11.0,5.0,2.0
2025-10-31,실적,0.0,0.0,1.0,11,현금,,,2,0,0,False,0.1104,0.0909,해당없음,0.0,0.0,0.0,0.0,0.0,0.0,0.0,0.0,0.0,0.0,0.0,0.0,4.0,8.0,12.0,1.0,7.0,3.0,10.0,6.0,9.0,11.0,5.0,2.0
2025-11-03,실적,0.0,0.0,1.0,11,현금,,,2,0,0,False,0.119,0.0909,해당없음,0.0,0.0,0.0,0.0,0.0,0.0,0.0,0.0,0.0,0.0,0.0,0.0,4.0,8.0,12.0,1.0,7.0,3.0,10.0,6.0,9.0,11.0,5.0,2.0
2025-11-04,실적,0.0,0.0,1.0,11,현금,,,2,0,0,False,0.132,0.0909,해당없음,0.0,0.0,0.0,0.0,0.0,0.0,0.0,0.0,0.0,0.0,0.0,0.0,4.0,8.0,12.0,1.0,7.0,3.0,10.0,5.0,9.0,11.0,6.0,2.0
2025-11-05,실적,0.33,0.3256,0.6744,11,폴백,,,2,0,0,False,0.1429,0.0909,해당없음,0.0,0.293,0.0,0.0326,0.0,0.0,0.0,0.0,0.0,0.0,0.0,0.0,4.0,8.0,12.0,1.0,7.0,3.0,10.0,5.0,9.0,11.0,6.0,2.0
2025-11-06,실적,0.32,0.3158,0.6842,11,폴백,,,2,0,0,False,0.1537,0.0909,해당없음,0.0,0.2842,0.0,0.0316,0.0,0.0,0.0,0.0,0.0,0.0,0.0,0.0,4.0,8.0,12.0,1.0,7.0,2.0,9.0,5.0,10.0,11.0,6.0,3.0
2025-11-07,실적,0.41,0.4127,0.5873,11,폴백,,,2,0,0,False,0.158,0.0909,해당없음,0.0,0.3715,0.0,0.0413,0.0,0.0,0.0,0.0,0.0,0.0,0.0,0.0,4.0,8.0,12.0,1.0,7.0,2.0,9.0,5.0,10.0,11.0,6.0,3.0
2025-11-10,실적,0.41,0.4114,0.5886,11,폴백,,,2,0,0,False,0.1602,0.0909,해당없음,0.0,0.3702,0.0,0.0411,0.0,0.0,0.0,0.0,0.0,0.0,0.0,0.0,4.0,8.0,12.0,1.0,7.0,2.0,9.0,5.0,10.0,11.0,6.0,3.0
2025-11-11,실적,0.41,0.4126,0.5874,11,폴백,,,2,0,0,False,0.158,0.0909,해당없음,0.0,0.3714,0.0,0.0413,0.0,0.0,0.0,0.0,0.0,0.0,0.0,0.0,4.0,8.0,12.0,1.0,7.0,2.0,9.0,5.0,11.0,10.0,6.0,3.0
2025-11-12,실적,0.41,0.4141,0.5859,11,폴백,,,2,0,0,False,0.158,0.0909,해당없음,0.0,0.3727,0.0,0.0414,0.0,0.0,0.0,0.0,0.0,0.0,0.0,0.0,4.0,8.0,12.0,1.0,7.0,2.0,10.0,5.0,11.0,9.0,6.0,3.0
2025-11-13,실적,0.37,0.3729,0.6271,11,폴백,,,2,0,0,False,0.1515,0.0909,해당없음,0.0,0.3356,0.0,0.0373,0.0,0.0,0.0,0.0,0.0,0.0,0.0,0.0,4.0,9.0,12.0,1.0,7.0,3.0,10.0,5.0,11.0,8.0,6.0,2.0
2025-11-14,실적,0.38,0.3763,0.6237,11,폴백,,,2,0,0,False,0.1515,0.0909,해당없음,0.0,0.3387,0.0,0.0376,0.0,0.0,0.0,0.0,0.0,0.0,0.0,0.0,4.0,9.0,12.0,1.0,7.0,3.0,10.0,5.0,11.0,8.0,6.0,2.0
2025-11-17,실적,0.38,0.3788,0.6212,11,폴백,,,2,0,0,False,0.1494,0.0909,해당없음,0.0,0.3409,0.0,0.0379,0.0,0.0,0.0,0.0,0.0,0.0,0.0,0.0,4.0,9.0,12.0,1.0,7.0,3.0,10.0,5.0,11.0,8.0,6.0,2.0
2025-11-18,실적,1.0,1.0,0.0,11,폴백,,,2,0,0,False,0.1494,0.0909,해당없음,0.0,0.9,0.0,0.1,0.0,0.0,0.0,0.0,0.0,0.0,0.0,0.0,4.0,9.0,12.0,1.0,7.0,2.0,11.0,5.0,10.0,8.0,6.0,3.0
2025-11-19,실적,1.0,1.0,0.0,11,폴백,,,2,0,0,False,0.145,0.0909,해당없음,0.0,0.9,0.0,0.1,0.0,0.0,0.0,0.0,0.0,0.0,0.0,0.0,4.0,10.0,12.0,1.0,7.0,2.0,11.0,5.0,9.0,8.0,6.0,3.0
2025-11-20,실적,1.0,1.0,0.0,11,폴백,,,2,0,0,False,0.1407,0.0909,해당없음,0.0,0.9,0.0,0.1,0.0,0.0,0.0,0.0,0.0,0.0,0.0,0.0,4.0,10.0,12.0,1.0,7.0,2.0,11.0,5.0,9.0,8.0,6.0,3.0
2025-11-21,실적,1.0,1.0,0.0,11,폴백,,,2,0,0,False,0.1385,0.0909,해당없음,0.0,0.9,0.0,0.1,0.0,0.0,0.0,0.0,0.0,0.0,0.0,0.0,4.0,10.0,12.0,1.0,7.0,2.0,11.0,5.0,9.0,8.0,6.0,3.0
2025-11-24,실적,1.0,1.0,0.0,11,폴백,,,2,0,0,False,0.1385,0.0909,해당없음,0.0,0.9,0.0,0.1,0.0,0.0,0.0,0.0,0.0,0.0,0.0,0.0,4.0,10.0,12.0,1.0,6.0,2.0,11.0,5.0,9.0,8.0,7.0,3.0
2025-11-25,실적,1.0,1.0,0.0,11,폴백,,,2,0,0,False,0.1407,0.0909,해당없음,0.0,0.9,0.0,0.1,0.0,0.0,0.0,0.0,0.0,0.0,0.0,0.0,4.0,10.0,12.0,1.0,6.0,2.0,11.0,5.0,9.0,8.0,7.0,3.0
2025-11-26,실적,1.0,1.0,0.0,11,폴백,,,2,0,0,False,0.1429,0.0909,해당없음,0.0,0.9,0.0,0.1,0.0,0.0,0.0,0.0,0.0,0.0,0.0,0.0,4.0,10.0,12.0,1.0,6.0,2.0,11.0,5.0,9.0,8.0,7.0,3.0
2025-11-28,실적,1.0,1.0,0.0,11,폴백,,,2,0,0,False,0.1472,0.0909,해당없음,0.0,0.9,0.0,0.1,0.0,0.0,0.0,0.0,0.0,0.0,0.0,0.0,4.0,10.0,12.0,1.0,6.0,2.0,11.0,5.0,9.0,8.0,7.0,3.0
2025-12-01,실적,0.33,0.3293,0.6707,11,폴백,,,2,0,0,False,0.1472,0.0909,해당없음,0.0,0.2964,0.0,0.0329,0.0,0.0,0.0,0.0,0.0,0.0,0.0,0.0,4.0,10.0,12.0,1.0,6.0,2.0,11.0,5.0,9.0,8.0,7.0,3.0
2025-12-02,실적,0.33,0.3293,0.6707,11,폴백,,,2,0,0,False,0.1342,0.0909,해당없음,0.0,0.2964,0.0,0.0329,0.0,0.0,0.0,0.0,0.0,0.0,0.0,0.0,4.0,10.0,12.0,1.0,6.0,2.0,11.0,5.0,9.0,7.0,8.0,3.0
2025-12-03,실적,0.34,0.3435,0.6565,11,폴백,,,2,0,0,False,0.119,0.0909,해당없음,0.0,0.3091,0.0,0.0343,0.0,0.0,0.0,0.0,0.0,0.0,0.0,0.0,4.0,10.0,12.0,1.0,7.0,2.0,11.0,5.0,9.0,6.0,8.0,3.0
2025-12-04,실적,0.34,0.3444,0.6556,11,폴백,,,2,0,0,False,0.1039,0.0909,해당없음,0.0,0.3099,0.0,0.0344,0.0,0.0,0.0,0.0,0.0,0.0,0.0,0.0,4.0,10.0,12.0,1.0,7.0,2.0,11.0,5.0,9.0,6.0,8.0,3.0
2025-12-05,실적,0.36,0.3601,0.6399,11,폴백,,,2,0,0,False,0.0866,0.0909,해당없음,0.0,0.3241,0.0,0.036,0.0,0.0,0.0,0.0,0.0,0.0,0.0,0.0,4.0,10.0,12.0,1.0,7.0,2.0,11.0,5.0,9.0,6.0,8.0,3.0
2025-12-08,실적,0.36,0.358,0.642,11,폴백,,,2,0,0,False,0.0714,0.0909,해당없음,0.0,0.3222,0.0,0.0358,0.0,0.0,0.0,0.0,0.0,0.0,0.0,0.0,4.0,10.0,12.0,1.0,8.0,2.0,11.0,5.0,9.0,6.0,7.0,3.0
2025-12-09,실적,0.39,0.3896,0.6104,11,폴백,,,2,0,0,False,0.0498,0.0909,해당없음,0.0,0.3506,0.0,0.039,0.0,0.0,0.0,0.0,0.0,0.0,0.0,0.0,4.0,10.0,12.0,1.0,8.0,2.0,11.0,5.0,9.0,6.0,7.0,3.0
2025-12-10,실적,0.38,0.3839,0.6161,11,폴백,,,2,0,0,False,0.0303,0.0909,해당없음,0.0,0.3455,0.0,0.0384,0.0,0.0,0.0,0.0,0.0,0.0,0.0,0.0,4.0,10.0,12.0,1.0,8.0,2.0,11.0,6.0,9.0,5.0,7.0,3.0
2025-12-11,실적,0.38,0.3833,0.6167,11,폴백,,,2,0,0,False,0.0152,0.0909,해당없음,0.0,0.345,0.0,0.0383,0.0,0.0,0.0,0.0,0.0,0.0,0.0,0.0,5.0,10.0,12.0,1.0,8.0,2.0,11.0,6.0,9.0,4.0,7.0,3.0
2025-12-12,실적,0.41,0.4116,0.5884,11,폴백,,,2,0,0,False,0.0022,0.0909,해당없음,0.0,0.3704,0.0,0.0,0.0,0.0412,0.0,0.0,0.0,0.0,0.0,0.0,5.0,10.0,12.0,2.0,8.0,1.0,11.0,6.0,9.0,4.0,7.0,3.0
2025-12-15,실적,0.41,0.4108,0.5892,11,폴백,,,2,0,0,False,0.0087,0.0909,해당없음,0.0,0.3697,0.0,0.0,0.0,0.0411,0.0,0.0,0.0,0.0,0.0,0.0,6.0,10.0,12.0,3.0,8.0,1.0,11.0,5.0,9.0,4.0,7.0,2.0
2025-12-16,실적,0.43,0.4289,0.5711,11,폴백,,,2,1,0,False,0.0,0.0909,해당없음,0.0,0.386,0.0,0.0,0.0,0.0,0.0,0.0,0.0,0.0,0.0,0.0429,6.0,10.0,12.0,3.0,8.0,2.0,11.0,5.0,9.0,4.0,7.0,1.0
2025-12-17,실적,1.0,1.0,0.0,11,폴백,,,2,1,0,False,0.0087,0.0909,해당없음,0.0,0.9,0.0,0.0,0.0,0.0,0.0,0.0,0.0,0.0,0.0,0.1,6.0,10.0,12.0,3.0,8.0,2.0,11.0,5.0,9.0,4.0,7.0,1.0
2025-12-18,실적,1.0,1.0,0.0,11,폴백,,,2,1,0,False,0.0216,0.0909,해당없음,0.0,0.9,0.0,0.0,0.0,0.0,0.0,0.0,0.0,0.0,0.0,0.1,6.0,10.0,12.0,4.0,8.0,2.0,11.0,5.0,9.0,3.0,7.0,1.0
2025-12-19,실적,1.0,1.0,0.0,11,폴백,,,2,1,0,False,0.0238,0.0909,해당없음,0.0,0.9,0.0,0.0,0.0,0.0,0.0,0.0,0.0,0.0,0.0,0.1,6.0,10.0,12.0,4.0,8.0,3.0,11.0,5.0,9.0,2.0,7.0,1.0
2025-12-22,실적,1.0,1.0,0.0,11,폴백,,,2,1,0,False,0.0108,0.0909,해당없음,0.0,0.9,0.0,0.0,0.0,0.0,0.0,0.0,0.0,0.0,0.0,0.1,7.0,9.0,12.0,4.0,8.0,3.0,11.0,5.0,10.0,2.0,6.0,1.0
2025-12-23,실적,1.0,1.0,0.0,11,폴백,,,2,1,0,False,0.0022,0.0909,해당없음,0.0,0.9,0.0,0.0,0.0,0.0,0.0,0.0,0.0,0.0,0.0,0.1,7.0,9.0,12.0,4.0,8.0,3.0,11.0,5.0,10.0,2.0,6.0,1.0
2025-12-24,실적,0.55,0.5542,0.4458,11,폴백,,,2,0,0,False,0.013,0.0909,해당없음,0.0,0.4988,0.0,0.0,0.0,0.0,0.0,0.0,0.0,0.0554,0.0,0.0,7.0,9.0,12.0,5.0,8.0,3.0,11.0,6.0,10.0,1.0,4.0,2.0
2025-12-26,실적,0.57,0.5696,0.4304,11,폴백,,,2,0,0,False,0.026,0.0909,해당없음,0.0,0.5126,0.0,0.0,0.0,0.0,0.0,0.0,0.0,0.057,0.0,0.0,7.0,9.0,12.0,5.0,8.0,4.0,11.0,6.0,10.0,1.0,3.0,2.0
2025-12-29,실적,0.57,0.5717,0.4283,11,폴백,,,2,0,0,False,0.0519,0.0909,해당없음,0.0,0.5145,0.0,0.0,0.0,0.0,0.0,0.0,0.0,0.0572,0.0,0.0,5.0,9.0,12.0,6.0,8.0,4.0,11.0,7.0,10.0,1.0,3.0,2.0
2025-12-30,실적,0.58,0.5838,0.4162,11,폴백,,,2,0,0,False,0.0649,0.0909,해당없음,0.0,0.5254,0.0,0.0,0.0,0.0,0.0,0.0,0.0,0.0584,0.0,0.0,5.0,9.0,12.0,7.0,8.0,4.0,10.0,6.0,11.0,1.0,3.0,2.0
2025-12-31,실적,0.55,0.5543,0.4457,11,폴백,,,2,0,0,False,0.0606,0.0909,해당없음,0.0,0.4988,0.0,0.0,0.0,0.0,0.0,0.0,0.0,0.0554,0.0,0.0,5.0,9.0,12.0,7.0,8.0,4.0,10.0,6.0,11.0,1.0,3.0,2.0
2026-01-02,실적,0.56,0.5581,0.4419,11,폴백,,,5,0,0,False,0.0457,0.0909,해당없음,0.0,0.5023,0.0,0.0,0.0,0.0,0.0,0.0,0.0,0.0558,0.0,0.0,5.0,9.0,12.0,7.0,8.0,4.0,10.0,6.0,11.0,1.0,2.0,3.0
2026-01-05,실적,1.0,1.0,0.0,11,폴백,,,5,0,0,False,0.0285,0.0909,해당없음,0.0,0.9,0.0,0.0,0.0,0.0,0.0,0.0,0.0,0.1,0.0,0.0,5.0,9.0,12.0,7.0,8.0,4.0,10.0,6.0,11.0,1.0,2.0,3.0
2026-01-06,실적,1.0,1.0,0.0,11,폴백,,,5,0,0,False,0.01,0.0909,해당없음,0.0,0.9,0.0,0.0,0.0,0.0,0.0,0.0,0.0,0.1,0.0,0.0,5.0,9.0,12.0,7.0,8.0,4.0,10.0,6.0,11.0,1.0,2.0,3.0
2026-01-07,실적,1.0,1.0,0.0,11,폴백,,,5,1,0,False,0.006,0.0909,해당없음,0.0,0.9,0.0,0.0,0.0,0.0,0.0,0.0,0.0,0.0,0.1,0.0,5.0,9.0,12.0,7.0,8.0,4.0,10.0,6.0,11.0,2.0,1.0,3.0
2026-01-08,실적,0.53,0.5284,0.4716,11,폴백,,,5,1,0,False,0.0106,0.0909,해당없음,0.0,0.4756,0.0,0.0,0.0,0.0,0.0,0.0,0.0,0.0,0.0528,0.0,5.0,9.0,12.0,7.0,8.0,4.0,10.0,6.0,11.0,2.0,1.0,3.0
2026-01-09,실적,0.53,0.5285,0.4715,11,폴백,,,5,1,0,False,0.0235,0.0909,해당없음,0.0,0.4757,0.0,0.0,0.0,0.0,0.0,0.0,0.0,0.0,0.0529,0.0,5.0,9.0,12.0,7.0,8.0,4.0,10.0,6.0,11.0,2.0,1.0,3.0
2026-01-12,실적,0.53,0.5293,0.4707,11,폴백,,,5,1,0,False,0.0365,0.0909,해당없음,0.0,0.4764,0.0,0.0,0.0,0.0,0.0,0.0,0.0,0.0,0.0529,0.0,5.0,9.0,12.0,7.0,8.0,4.0,10.0,6.0,11.0,2.0,1.0,3.0
2026-01-13,실적,0.59,0.5885,0.4115,11,폴백,,,5,0,1,False,0.0401,0.0909,해당없음,0.0,0.5296,0.0,0.0,0.0,0.0,0.0,0.0,0.0,0.0,0.0588,0.0,6.0,9.0,11.0,7.0,8.0,4.0,10.0,5.0,12.0,2.0,1.0,3.0
2026-01-14,실적,0.57,0.5734,0.4266,11,폴백,,,5,0,1,False,0.0491,0.0909,해당없음,0.0,0.5161,0.0,0.0,0.0,0.0,0.0,0.0,0.0,0.0,0.0573,0.0,5.0,9.0,11.0,7.0,8.0,4.0,10.0,6.0,12.0,2.0,1.0,3.0
2026-01-15,실적,0.58,0.5791,0.4209,11,폴백,,,5,0,1,False,0.0657,0.0909,해당없음,0.0,0.5212,0.0,0.0,0.0,0.0,0.0,0.0,0.0,0.0,0.0579,0.0,5.0,9.0,11.0,7.0,8.0,4.0,10.0,6.0,12.0,2.0,1.0,3.0
2026-01-16,실적,0.68,0.6778,0.3222,11,폴백,,,5,0,1,False,0.0663,0.0909,해당없음,0.0,0.61,0.0,0.0,0.0,0.0,0.0,0.0,0.0,0.0,0.0678,0.0,5.0,9.0,11.0,7.0,8.0,4.0,10.0,6.0,12.0,3.0,1.0,2.0
2026-01-20,실적,1.0,1.0,0.0,11,폴백,,,5,0,1,False,0.0623,0.0909,해당없음,0.0,0.9,0.0,0.0,0.0,0.0,0.0,0.0,0.0,0.0,0.1,0.0,5.0,9.0,11.0,7.0,8.0,4.0,10.0,6.0,12.0,3.0,1.0,2.0
2026-01-21,실적,1.0,1.0,0.0,11,폴백,,,5,0,1,False,0.0577,0.0909,해당없음,0.0,0.9,0.0,0.0,0.0,0.0,0.0,0.0,0.0,0.0,0.1,0.0,5.0,9.0,11.0,7.0,8.0,4.0,10.0,6.0,12.0,3.0,1.0,2.0
2026-01-22,실적,1.0,1.0,0.0,11,폴백,,,5,1,1,False,0.0616,0.0909,해당없음,0.0,0.9,0.0,0.0,0.0,0.0,0.0,0.0,0.0,0.0,0.1,0.0,5.0,9.0,11.0,7.0,8.0,3.0,10.0,6.0,12.0,4.0,1.0,2.0
2026-01-23,실적,1.0,1.0,0.0,11,폴백,,,5,1,1,False,0.0675,0.0909,해당없음,0.0,0.9,0.0,0.0,0.0,0.0,0.0,0.0,0.0,0.0,0.1,0.0,4.0,9.0,11.0,7.0,8.0,3.0,10.0,6.0,12.0,5.0,1.0,2.0
2026-01-26,실적,1.0,1.0,0.0,11,폴백,,,5,1,1,False,0.0713,0.0909,해당없음,0.0,0.9,0.0,0.0,0.0,0.0,0.0,0.0,0.0,0.0,0.1,0.0,4.0,9.0,11.0,7.0,8.0,2.0,10.0,6.0,12.0,5.0,1.0,3.0
2026-01-27,실적,1.0,1.0,0.0,11,폴백,,,5,1,1,False,0.0623,0.0909,해당없음,0.0,0.9,0.0,0.0,0.0,0.0,0.0,0.0,0.0,0.0,0.1,0.0,4.0,9.0,11.0,7.0,8.0,2.0,10.0,6.0,12.0,5.0,1.0,3.0
2026-01-28,실적,1.0,1.0,0.0,11,폴백,,,5,1,1,False,0.0577,0.0909,해당없음,0.0,0.9,0.0,0.0,0.0,0.0,0.0,0.0,0.0,0.0,0.1,0.0,4.0,8.0,11.0,7.0,9.0,2.0,10.0,6.0,12.0,5.0,1.0,3.0
2026-01-29,실적,1.0,1.0,0.0,11,폴백,,,5,1,1,False,0.0583,0.0909,해당없음,0.0,0.9,0.0,0.0,0.0,0.0,0.0,0.0,0.0,0.0,0.1,0.0,4.0,8.0,11.0,7.0,9.0,2.0,10.0,5.0,12.0,6.0,1.0,3.0
2026-01-30,실적,1.0,1.0,0.0,11,폴백,,,5,1,1,False,0.0623,0.0909,해당없음,0.0,0.9,0.0,0.0,0.0,0.0,0.0,0.0,0.0,0.0,0.1,0.0,4.0,8.0,11.0,7.0,9.0,2.0,10.0,5.0,12.0,6.0,1.0,3.0
2026-02-02,실적,1.0,1.0,0.0,11,폴백,,,5,1,1,False,0.0652,0.0909,해당없음,0.0,0.9,0.0,0.0,0.0,0.0,0.0,0.0,0.0,0.0,0.1,0.0,4.0,8.0,11.0,7.0,9.0,2.0,10.0,5.0,12.0,6.0,1.0,3.0
2026-02-03,실적,1.0,1.0,0.0,11,폴백,,,5,1,1,False,0.0661,0.0909,해당없음,0.0,0.9,0.0,0.0,0.0,0.0,0.0,0.0,0.0,0.0,0.1,0.0,3.0,8.0,11.0,7.0,9.0,4.0,10.0,5.0,12.0,6.0,1.0,2.0
2026-02-04,실적,1.0,1.0,0.0,11,폴백,,,5,1,1,False,0.058,0.0909,해당없음,0.0,0.9,0.0,0.0,0.0,0.0,0.0,0.0,0.0,0.0,0.1,0.0,2.0,8.0,11.0,7.0,9.0,4.0,10.0,5.0,12.0,6.0,1.0,3.0
2026-02-05,실적,1.0,1.0,0.0,11,폴백,,,5,1,1,False,0.0479,0.0909,해당없음,0.0,0.9,0.0,0.0,0.0,0.0,0.0,0.0,0.0,0.0,0.1,0.0,2.0,8.0,11.0,6.0,9.0,4.0,10.0,5.0,12.0,7.0,1.0,3.0
2026-02-06,실적,1.0,1.0,0.0,11,폴백,,,5,1,1,False,0.0417,0.0909,해당없음,0.0,0.9,0.0,0.0,0.0,0.0,0.0,0.0,0.0,0.0,0.1,0.0,2.0,7.0,11.0,6.0,10.0,4.0,9.0,5.0,12.0,8.0,1.0,3.0
2026-02-09,실적,1.0,1.0,0.0,11,폴백,,,5,0,1,False,0.0387,0.0909,해당없음,0.0,0.9,0.0,0.0,0.0,0.0,0.0,0.0,0.0,0.0,0.1,0.0,2.0,7.0,11.0,6.0,10.0,4.0,9.0,5.0,12.0,8.0,1.0,3.0
2026-02-10,실적,1.0,1.0,0.0,11,폴백,,,5,0,1,False,0.0373,0.0909,해당없음,0.0,0.9,0.0,0.0,0.0,0.0,0.0,0.0,0.0,0.0,0.1,0.0,2.0,7.0,11.0,6.0,10.0,4.0,9.0,5.0,12.0,8.0,1.0,3.0
2026-02-11,실적,1.0,1.0,0.0,11,폴백,,,5,0,1,False,0.0379,0.0909,해당없음,0.0,0.9,0.0,0.0,0.0,0.0,0.0,0.0,0.0,0.0,0.1,0.0,2.0,7.0,11.0,6.0,10.0,4.0,9.0,5.0,12.0,8.0,1.0,3.0
2026-02-12,실적,1.0,1.0,0.0,11,폴백,,,5,0,1,False,0.0383,0.0909,해당없음,0.0,0.9,0.0,0.0,0.0,0.0,0.0,0.0,0.0,0.0,0.1,0.0,2.0,7.0,10.0,6.0,11.0,4.0,9.0,5.0,12.0,8.0,1.0,3.0
2026-02-13,실적,1.0,1.0,0.0,11,폴백,,,5,0,1,False,0.0468,0.0909,해당없음,0.0,0.9,0.0,0.0,0.0,0.0,0.0,0.0,0.0,0.0,0.1,0.0,2.0,7.0,10.0,6.0,11.0,5.0,9.0,4.0,12.0,8.0,1.0,3.0
2026-02-17,실적,0.6,0.8,0.2,11,폴백,,,5,2,1,False,0.0495,0.0909,해당없음,0.0,0.54,0.0,0.0,0.2,0.0,0.0,0.0,0.0,0.0,0.06,0.0,2.0,7.0,10.0,6.0,11.0,5.0,8.0,3.0,12.0,9.0,1.0,4.0
2026-02-18,실적,0.68,0.8405,0.1595,11,폴백,,,5,2,1,False,0.0536,0.0909,해당없음,0.0,0.6129,0.0,0.0,0.1595,0.0,0.0,0.0,0.0,0.0,0.0681,0.0,2.0,7.0,10.0,6.0,11.0,5.0,8.0,3.0,12.0,9.0,1.0,4.0
2026-02-19,실적,0.72,0.8593,0.1407,11,폴백,,,5,2,1,False,0.0609,0.0909,해당없음,0.0,0.6468,0.0,0.0,0.1407,0.0,0.0,0.0,0.0,0.0,0.0719,0.0,2.0,7.0,10.0,6.0,11.0,5.0,8.0,3.0,12.0,9.0,1.0,4.0
2026-02-20,실적,0.0,0.0,1.0,11,현금,,,5,2,1,False,0.0657,0.0909,해당없음,0.0,0.0,0.0,0.0,0.0,0.0,0.0,0.0,0.0,0.0,0.0,0.0,3.0,7.0,10.0,5.0,11.0,6.0,8.0,2.0,12.0,9.0,1.0,4.0
2026-02-23,실적,0.68,0.8394,0.1606,11,폴백,,,5,2,1,False,0.0577,0.0909,해당없음,0.0,0.6109,0.0,0.0,0.1606,0.0,0.0,0.0,0.0,0.0,0.0679,0.0,3.0,6.0,10.0,5.0,11.0,7.0,8.0,2.0,12.0,9.0,1.0,4.0
2026-02-24,실적,0.0,0.0,1.0,11,현금,,,5,2,1,False,0.0498,0.0909,해당없음,0.0,0.0,0.0,0.0,0.0,0.0,0.0,0.0,0.0,0.0,0.0,0.0,3.0,6.0,9.0,5.0,11.0,7.0,8.0,2.0,12.0,10.0,1.0,4.0
2026-02-25,실적,0.0,0.0,1.0,11,현금,,,5,2,0,False,0.0445,0.0909,해당없음,0.0,0.0,0.0,0.0,0.0,0.0,0.0,0.0,0.0,0.0,0.0,0.0,3.0,6.0,9.0,4.0,11.0,7.0,8.0,2.0,10.0,12.0,1.0,5.0
2026-02-26,실적,0.0,0.0,1.0,11,현금,,,5,2,0,False,0.0384,0.0909,해당없음,0.0,0.0,0.0,0.0,0.0,0.0,0.0,0.0,0.0,0.0,0.0,0.0,3.0,6.0,9.0,4.0,11.0,8.0,7.0,2.0,10.0,12.0,1.0,5.0
2026-02-27,실적,0.0,0.0,1.0,11,현금,,,5,2,0,False,0.0322,0.0909,해당없음,0.0,0.0,0.0,0.0,0.0,0.0,0.0,0.0,0.0,0.0,0.0,0.0,3.0,5.0,9.0,4.0,11.0,8.0,7.0,2.0,10.0,12.0,1.0,6.0
2026-03-02,실적,0.0,0.0,1.0,11,현금,,,5,2,0,False,0.0225,0.0909,해당없음,0.0,0.0,0.0,0.0,0.0,0.0,0.0,0.0,0.0,0.0,0.0,0.0,3.0,6.0,11.0,4.0,10.0,8.0,5.0,2.0,9.0,12.0,1.0,7.0
2026-03-03,실적,0.0,0.0,1.0,11,현금,,,5,2,0,False,0.0216,0.0909,해당없음,0.0,0.0,0.0,0.0,0.0,0.0,0.0,0.0,0.0,0.0,0.0,0.0,3.0,6.0,11.0,4.0,10.0,8.0,5.0,2.0,9.0,12.0,1.0,7.0
2026-03-04,실적,0.0,0.0,1.0,11,현금,,,5,2,0,False,0.0197,0.0909,해당없음,0.0,0.0,0.0,0.0,0.0,0.0,0.0,0.0,0.0,0.0,0.0,0.0,3.0,6.0,11.0,4.0,10.0,8.0,5.0,2.0,9.0,12.0,1.0,7.0
2026-03-05,실적,0.0,0.0,1.0,11,현금,,,5,2,0,False,0.0188,0.0909,해당없음,0.0,0.0,0.0,0.0,0.0,0.0,0.0,0.0,0.0,0.0,0.0,0.0,3.0,6.0,11.0,4.0,9.0,8.0,5.0,2.0,10.0,12.0,1.0,7.0
2026-03-06,실적,0.0,0.0,1.0,11,현금,,,5,2,0,False,0.0204,0.0909,해당없음,0.0,0.0,0.0,0.0,0.0,0.0,0.0,0.0,0.0,0.0,0.0,0.0,3.0,6.0,11.0,4.0,9.0,8.0,5.0,2.0,10.0,12.0,1.0,7.0
2026-03-09,실적,0.0,0.0,1.0,11,현금,,,5,2,0,False,0.0274,0.0909,해당없음,0.0,0.0,0.0,0.0,0.0,0.0,0.0,0.0,0.0,0.0,0.0,0.0,3.0,6.0,11.0,5.0,9.0,7.0,4.0,2.0,10.0,12.0,1.0,8.0
2026-03-10,실적,0.0,0.0,1.0,11,현금,,,5,2,0,False,0.03,0.0909,해당없음,0.0,0.0,0.0,0.0,0.0,0.0,0.0,0.0,0.0,0.0,0.0,0.0,4.0,6.0,11.0,5.0,9.0,7.0,3.0,2.0,10.0,12.0,1.0,8.0
2026-03-11,실적,0.0,0.0,1.0,11,현금,,,5,2,0,False,0.0369,0.0909,해당없음,0.0,0.0,0.0,0.0,0.0,0.0,0.0,0.0,0.0,0.0,0.0,0.0,4.0,6.0,11.0,5.0,9.0,7.0,2.0,3.0,10.0,12.0,1.0,8.0
2026-03-12,실적,0.0,0.0,1.0,11,현금,,,5,2,1,False,0.0182,0.0909,해당없음,0.0,0.0,0.0,0.0,0.0,0.0,0.0,0.0,0.0,0.0,0.0,0.0,5.0,6.0,12.0,4.0,8.0,7.0,2.0,3.0,10.0,11.0,1.0,9.0
2026-03-13,실적,0.0,0.0,1.0,11,현금,,,5,0,1,False,0.0042,0.0909,해당없음,0.0,0.0,0.0,0.0,0.0,0.0,0.0,0.0,0.0,0.0,0.0,0.0,5.0,6.0,12.0,4.0,7.0,8.0,1.0,3.0,10.0,11.0,2.0,9.0
2026-03-16,실적,0.0,0.0,1.0,11,현금,,,5,0,1,False,0.0192,0.0909,해당없음,0.0,0.0,0.0,0.0,0.0,0.0,0.0,0.0,0.0,0.0,0.0,0.0,5.0,6.0,12.0,4.0,7.0,8.0,1.0,3.0,10.0,11.0,2.0,9.0
2026-03-17,실적,0.0,0.0,1.0,11,현금,,,5,1,1,False,0.0307,0.0909,해당없음,0.0,0.0,0.0,0.0,0.0,0.0,0.0,0.0,0.0,0.0,0.0,0.0,3.0,7.0,12.0,5.0,6.0,8.0,1.0,4.0,9.0,11.0,2.0,10.0
2026-03-18,실적,0.0,0.0,1.0,11,현금,,,5,1,1,False,0.0429,0.0909,해당없음,0.0,0.0,0.0,0.0,0.0,0.0,0.0,0.0,0.0,0.0,0.0,0.0,3.0,7.0,12.0,4.0,6.0,8.0,1.0,5.0,9.0,11.0,2.0,10.0
2026-03-19,실적,0.0,0.0,1.0,11,현금,,,5,1,1,False,0.0528,0.0909,해당없음,0.0,0.0,0.0,0.0,0.0,0.0,0.0,0.0,0.0,0.0,0.0,0.0,3.0,7.0,12.0,4.0,6.0,8.0,1.0,5.0,9.0,11.0,2.0,10.0
2026-03-20,실적,0.0,0.0,1.0,11,현금,,,5,1,1,False,0.067,0.0909,해당없음,0.0,0.0,0.0,0.0,0.0,0.0,0.0,0.0,0.0,0.0,0.0,0.0,3.0,8.0,12.0,4.0,6.0,7.0,1.0,5.0,9.0,11.0,2.0,10.0
2026-03-23,실적,0.0,0.0,1.0,11,현금,,,5,1,1,False,0.0752,0.0909,해당없음,0.0,0.0,0.0,0.0,0.0,0.0,0.0,0.0,0.0,0.0,0.0,0.0,3.0,8.0,12.0,4.0,6.0,7.0,1.0,5.0,10.0,11.0,2.0,9.0
2026-03-24,실적,0.0,0.0,1.0,11,현금,,,5,1,1,False,0.0913,0.0909,해당없음,0.0,0.0,0.0,0.0,0.0,0.0,0.0,0.0,0.0,0.0,0.0,0.0,3.0,8.0,12.0,4.0,6.0,7.0,1.0,5.0,10.0,11.0,2.0,9.0
2026-03-25,실적,0.0,0.0,1.0,11,현금,,,5,1,1,False,0.0985,0.0909,해당없음,0.0,0.0,0.0,0.0,0.0,0.0,0.0,0.0,0.0,0.0,0.0,0.0,3.0,9.0,12.0,4.0,6.0,7.0,1.0,5.0,10.0,11.0,2.0,8.0
2026-03-26,실적,0.0,0.0,1.0,11,현금,,,5,1,1,False,0.1059,0.0909,해당없음,0.0,0.0,0.0,0.0,0.0,0.0,0.0,0.0,0.0,0.0,0.0,0.0,3.0,10.0,12.0,4.0,5.0,7.0,1.0,6.0,11.0,9.0,2.0,8.0
2026-03-27,실적,0.0,0.0,1.0,11,현금,,,5,1,1,False,0.1088,0.0909,해당없음,0.0,0.0,0.0,0.0,0.0,0.0,0.0,0.0,0.0,0.0,0.0,0.0,3.0,10.0,12.0,4.0,5.0,7.0,1.0,6.0,11.0,9.0,2.0,8.0
2026-03-30,실적,0.0,0.0,1.0,11,현금,,,5,1,1,False,0.1135,0.0909,해당없음,0.0,0.0,0.0,0.0,0.0,0.0,0.0,0.0,0.0,0.0,0.0,0.0,3.0,11.0,12.0,5.0,4.0,8.0,1.0,6.0,10.0,7.0,2.0,9.0
2026-03-31,실적,0.0,0.0,1.0,11,현금,,,5,1,1,False,0.1235,0.0909,해당없음,0.0,0.0,0.0,0.0,0.0,0.0,0.0,0.0,0.0,0.0,0.0,0.0,3.0,11.0,12.0,5.0,4.0,9.0,1.0,6.0,10.0,7.0,2.0,8.0
2026-04-01,실적,0.0,0.0,1.0,11,현금,,,5,1,1,False,0.1282,0.0909,해당없음,0.0,0.0,0.0,0.0,0.0,0.0,0.0,0.0,0.0,0.0,0.0,0.0,2.0,11.0,12.0,5.0,4.0,9.0,1.0,7.0,10.0,6.0,3.0,8.0
2026-04-02,실적,0.0,0.0,1.0,11,현금,,,5,1,1,False,0.1315,0.0909,해당없음,0.0,0.0,0.0,0.0,0.0,0.0,0.0,0.0,0.0,0.0,0.0,0.0,2.0,11.0,12.0,6.0,4.0,9.0,1.0,8.0,10.0,5.0,3.0,7.0
2026-04-06,실적,0.0,0.0,1.0,11,현금,,,5,2,1,False,0.1358,0.0909,해당없음,0.0,0.0,0.0,0.0,0.0,0.0,0.0,0.0,0.0,0.0,0.0,0.0,2.0,11.0,12.0,6.0,5.0,9.0,1.0,8.0,10.0,4.0,3.0,7.0
2026-04-07,실적,0.0,0.0,1.0,11,현금,,,5,2,1,False,0.1339,0.0909,해당없음,0.0,0.0,0.0,0.0,0.0,0.0,0.0,0.0,0.0,0.0,0.0,0.0,2.0,11.0,12.0,7.0,5.0,9.0,1.0,8.0,10.0,4.0,3.0,6.0
2026-04-08,실적,0.6,0.8,0.2,11,폴백,,,5,2,1,False,0.1347,0.0909,해당없음,0.0,0.54,0.0,0.0,0.2,0.0,0.06,0.0,0.0,0.0,0.0,0.0,2.0,11.0,12.0,7.0,5.0,9.0,1.0,8.0,10.0,4.0,3.0,6.0
2026-04-09,실적,0.6,0.8,0.2,11,폴백,,,5,2,1,False,0.1133,0.0909,해당없음,0.0,0.54,0.0,0.0,0.2,0.0,0.06,0.0,0.0,0.0,0.0,0.0,3.0,11.0,12.0,8.0,5.0,9.0,1.0,7.0,10.0,2.0,4.0,6.0
2026-04-10,실적,1.0,1.0,0.0,11,폴백,,,5,2,1,False,0.0952,0.0909,해당없음,0.0,0.9,0.0,0.0,0.0,0.0,0.1,0.0,0.0,0.0,0.0,0.0,3.0,11.0,12.0,8.0,6.0,9.0,1.0,7.0,10.0,2.0,4.0,5.0
2026-04-13,실적,1.0,1.0,0.0,11,폴백,,,5,2,1,False,0.0737,0.0909,해당없음,0.0,0.9,0.0,0.0,0.0,0.0,0.1,0.0,0.0,0.0,0.0,0.0,3.0,11.0,12.0,8.0,6.0,9.0,1.0,7.0,10.0,2.0,4.0,5.0
2026-04-14,실적,1.0,1.0,0.0,11,폴백,,,5,2,0,False,0.0519,0.0909,해당없음,0.0,0.9,0.0,0.0,0.0,0.0,0.1,0.0,0.0,0.0,0.0,0.0,3.0,11.0,12.0,8.0,6.0,10.0,1.0,7.0,9.0,2.0,4.0,5.0
2026-04-15,실적,1.0,1.0,0.0,11,폴백(여유부족),,,5,3,0,False,0.0455,0.0909,미달,0.0,0.9,0.0,0.0,0.0,0.0,0.1,0.0,0.0,0.0,0.0,0.0,3.0,9.0,12.0,8.0,7.0,11.0,1.0,6.0,10.0,2.0,4.0,5.0
2026-04-16,실적,1.0,1.0,0.0,11,폴백,,,5,2,0,False,0.0452,0.0909,해당없음,0.0,0.9,0.0,0.0,0.0,0.0,0.1,0.0,0.0,0.0,0.0,0.0,3.0,9.0,12.0,8.0,7.0,11.0,1.0,6.0,10.0,2.0,4.0,5.0
2026-04-17,실적,1.0,1.0,0.0,11,폴백,,,5,1,0,False,0.0401,0.0909,해당없음,0.0,0.9,0.0,0.0,0.0,0.0,0.1,0.0,0.0,0.0,0.0,0.0,3.0,8.0,12.0,9.0,7.0,11.0,1.0,6.0,10.0,2.0,4.0,5.0
2026-04-20,실적,1.0,1.0,0.0,11,폴백,,,5,1,0,False,0.0327,0.0909,해당없음,0.0,0.9,0.0,0.0,0.0,0.0,0.1,0.0,0.0,0.0,0.0,0.0,3.0,8.0,12.0,10.0,7.0,11.0,1.0,6.0,9.0,2.0,4.0,5.0
2026-04-21,실적,1.0,1.0,0.0,11,폴백,,,5,1,0,False,0.0335,0.0909,해당없음,0.0,0.9,0.0,0.0,0.0,0.0,0.1,0.0,0.0,0.0,0.0,0.0,3.0,8.0,12.0,10.0,7.0,11.0,1.0,6.0,9.0,2.0,4.0,5.0
2026-04-22,실적,1.0,1.0,0.0,11,폴백,,,5,1,0,False,0.0377,0.0909,해당없음,0.0,0.9,0.0,0.0,0.0,0.0,0.1,0.0,0.0,0.0,0.0,0.0,3.0,8.0,12.0,10.0,7.0,11.0,1.0,6.0,9.0,2.0,4.0,5.0
2026-04-23,실적,1.0,1.0,0.0,11,폴백,,,5,1,0,False,0.0438,0.0909,해당없음,0.0,0.9,0.0,0.0,0.0,0.0,0.1,0.0,0.0,0.0,0.0,0.0,3.0,8.0,12.0,10.0,7.0,11.0,1.0,6.0,9.0,2.0,4.0,5.0
2026-04-24,실적,1.0,1.0,0.0,11,폴백,,,5,1,0,False,0.0533,0.0909,해당없음,0.0,0.9,0.0,0.0,0.0,0.0,0.1,0.0,0.0,0.0,0.0,0.0,3.0,8.0,12.0,10.0,7.0,11.0,1.0,6.0,9.0,2.0,4.0,5.0
2026-04-27,실적,1.0,1.0,0.0,11,폴백,,,5,1,0,False,0.0601,0.0909,해당없음,0.0,0.9,0.0,0.0,0.0,0.0,0.1,0.0,0.0,0.0,0.0,0.0,3.0,8.0,10.0,11.0,7.0,12.0,1.0,6.0,9.0,2.0,4.0,5.0
2026-04-28,실적,1.0,1.0,0.0,11,폴백,,,5,1,0,False,0.0632,0.0909,해당없음,0.0,0.9,0.0,0.0,0.0,0.0,0.1,0.0,0.0,0.0,0.0,0.0,3.0,8.0,10.0,11.0,7.0,12.0,1.0,6.0,9.0,2.0,4.0,5.0
2026-04-29,실적,1.0,1.0,0.0,11,폴백,,,5,1,0,False,0.0594,0.0909,해당없음,0.0,0.9,0.0,0.0,0.0,0.0,0.1,0.0,0.0,0.0,0.0,0.0,3.0,7.0,10.0,11.0,8.0,12.0,1.0,6.0,9.0,2.0,4.0,5.0
2026-04-30,실적,1.0,1.0,0.0,11,폴백,,,5,1,1,False,0.0558,0.0909,해당없음,0.0,0.9,0.0,0.0,0.0,0.0,0.1,0.0,0.0,0.0,0.0,0.0,3.0,7.0,9.0,12.0,8.0,11.0,1.0,6.0,10.0,2.0,5.0,4.0
2026-05-01,실적,1.0,1.0,0.0,11,폴백,,,5,2,1,False,0.0538,0.0909,해당없음,0.0,0.9,0.0,0.0,0.0,0.0,0.1,0.0,0.0,0.0,0.0,0.0,3.0,7.0,9.0,12.0,8.0,11.0,1.0,6.0,10.0,2.0,5.0,4.0
2026-05-04,실적,1.0,1.0,0.0,11,폴백,,,5,2,1,False,0.0526,0.0909,해당없음,0.0,0.9,0.0,0.0,0.0,0.0,0.1,0.0,0.0,0.0,0.0,0.0,3.0,7.0,9.0,12.0,8.0,11.0,1.0,6.0,10.0,2.0,5.0,4.0
2026-05-05,실적,1.0,1.0,0.0,11,폴백,,,5,2,1,False,0.0506,0.0909,해당없음,0.0,0.9,0.0,0.0,0.0,0.0,0.1,0.0,0.0,0.0,0.0,0.0,3.0,8.0,9.0,12.0,7.0,11.0,1.0,6.0,10.0,2.0,5.0,4.0
2026-05-06,실적,1.0,1.0,0.0,11,폴백,,,5,2,0,False,0.053,0.0909,해당없음,0.0,0.9,0.0,0.0,0.0,0.0,0.1,0.0,0.0,0.0,0.0,0.0,3.0,8.0,9.0,11.0,7.0,12.0,1.0,6.0,10.0,2.0,5.0,4.0
2026-05-07,실적,1.0,1.0,0.0,11,폴백,,,5,2,0,False,0.0607,0.0909,해당없음,0.0,0.9,0.0,0.0,0.0,0.0,0.1,0.0,0.0,0.0,0.0,0.0,3.0,9.0,8.0,11.0,7.0,12.0,1.0,6.0,10.0,2.0,5.0,4.0
2026-05-08,실적,1.0,1.0,0.0,11,폴백,,,5,2,0,False,0.07,0.0909,해당없음,0.0,0.9,0.0,0.0,0.0,0.0,0.1,0.0,0.0,0.0,0.0,0.0,3.0,9.0,7.0,11.0,8.0,12.0,1.0,6.0,10.0,2.0,5.0,4.0
2026-05-11,실적,1.0,1.0,0.0,11,폴백,,,5,1,0,False,0.0822,0.0909,해당없음,0.0,0.9,0.0,0.0,0.0,0.0,0.1,0.0,0.0,0.0,0.0,0.0,3.0,9.0,6.0,11.0,8.0,12.0,1.0,7.0,10.0,2.0,5.0,4.0
2026-05-12,실적,1.0,1.0,0.0,11,폴백,,,5,1,0,False,0.0941,0.0909,해당없음,0.0,0.9,0.0,0.0,0.0,0.0,0.1,0.0,0.0,0.0,0.0,0.0,3.0,9.0,6.0,11.0,8.0,12.0,1.0,7.0,10.0,2.0,5.0,4.0
2026-05-13,실적,1.0,1.0,0.0,11,폴백,,,5,1,0,False,0.1028,0.0909,해당없음,0.0,0.9,0.0,0.0,0.0,0.0,0.1,0.0,0.0,0.0,0.0,0.0,3.0,9.0,6.0,11.0,7.0,12.0,1.0,8.0,10.0,2.0,5.0,4.0
2026-05-14,실적,0.85,0.9227,0.0773,11,폴백,,,5,1,0,False,0.1087,0.0909,해당없음,0.0,0.7608,0.0,0.0,0.0773,0.0,0.0845,0.0,0.0,0.0,0.0,0.0,4.0,9.0,6.0,11.0,8.0,12.0,1.0,7.0,10.0,2.0,5.0,3.0
2026-05-15,실적,0.0,0.0,1.0,11,현금,,,5,1,0,False,0.1078,0.0909,해당없음,0.0,0.0,0.0,0.0,0.0,0.0,0.0,0.0,0.0,0.0,0.0,0.0,4.0,9.0,5.0,11.0,7.0,12.0,1.0,8.0,10.0,2.0,6.0,3.0
2026-05-18,실적,0.0,0.0,1.0,11,현금,,,5,1,0,False,0.1129,0.0909,해당없음,0.0,0.0,0.0,0.0,0.0,0.0,0.0,0.0,0.0,0.0,0.0,0.0,4.0,9.0,5.0,11.0,6.0,12.0,1.0,7.0,10.0,2.0,8.0,3.0
2026-05-19,실적,1.0,1.0,0.0,11,폴백,,,5,1,0,False,0.1181,0.0909,해당없음,0.0,0.9,0.0,0.0,0.0,0.0,0.1,0.0,0.0,0.0,0.0,0.0,4.0,9.0,5.0,11.0,7.0,12.0,1.0,6.0,10.0,2.0,8.0,3.0
2026-05-20,실적,1.0,1.0,0.0,11,폴백,,,5,1,1,False,0.1294,0.0909,해당없음,0.0,0.9,0.0,0.0,0.0,0.0,0.1,0.0,0.0,0.0,0.0,0.0,4.0,9.0,5.0,11.0,7.0,12.0,1.0,6.0,10.0,2.0,8.0,3.0
2026-05-21,실적,1.0,1.0,0.0,11,폴백,,,5,2,1,False,0.1408,0.0909,해당없음,0.0,0.9,0.0,0.0,0.0,0.0,0.1,0.0,0.0,0.0,0.0,0.0,4.0,9.0,5.0,11.0,6.0,12.0,1.0,7.0,10.0,2.0,8.0,3.0
2026-05-22,실적,1.0,1.0,0.0,11,폴백,,,5,2,1,False,0.1474,0.0909,해당없음,0.0,0.9,0.0,0.0,0.0,0.0,0.1,0.0,0.0,0.0,0.0,0.0,4.0,9.0,5.0,11.0,7.0,12.0,1.0,6.0,10.0,3.0,8.0,2.0
2026-05-26,실적,1.0,1.0,0.0,11,폴백,,,5,2,1,False,0.1516,0.0909,해당없음,0.0,0.9,0.0,0.0,0.0,0.0,0.1,0.0,0.0,0.0,0.0,0.0,4.0,9.0,5.0,11.0,7.0,12.0,1.0,6.0,10.0,3.0,8.0,2.0
2026-05-27,실적,0.49,0.4894,0.5106,11,폴백,,,5,2,1,False,0.1541,0.0909,해당없음,0.0,0.4405,0.0,0.0,0.0,0.0,0.0489,0.0,0.0,0.0,0.0,0.0,4.0,9.0,5.0,11.0,7.0,12.0,1.0,6.0,10.0,3.0,8.0,2.0
2026-05-28,실적,0.49,0.4899,0.5101,11,폴백,,,5,2,1,False,0.1556,0.0909,해당없음,0.0,0.4409,0.0,0.0,0.0,0.0,0.049,0.0,0.0,0.0,0.0,0.0,4.0,9.0,5.0,11.0,7.0,12.0,1.0,6.0,10.0,3.0,8.0,2.0
2026-05-29,실적,0.51,0.5071,0.4929,11,폴백,,,5,2,1,False,0.1579,0.0909,해당없음,0.0,0.4564,0.0,0.0,0.0,0.0,0.0507,0.0,0.0,0.0,0.0,0.0,4.0,9.0,5.0,11.0,7.0,12.0,1.0,6.0,10.0,3.0,8.0,2.0
2026-06-01,실적,0.51,0.5071,0.4929,11,폴백,,,5,2,1,False,0.1621,0.0909,해당없음,0.0,0.4564,0.0,0.0,0.0,0.0,0.0507,0.0,0.0,0.0,0.0,0.0,4.0,8.0,5.0,11.0,7.0,12.0,1.0,6.0,10.0,3.0,9.0,2.0
2026-06-02,실적,0.52,0.5214,0.4786,11,폴백,,,5,2,1,False,0.1645,0.0909,해당없음,0.0,0.4693,0.0,0.0,0.0,0.0,0.0521,0.0,0.0,0.0,0.0,0.0,3.0,8.0,5.0,11.0,7.0,12.0,1.0,6.0,10.0,4.0,9.0,2.0
2026-06-03,실적,0.5,0.5002,0.4998,11,폴백,,,5,1,1,False,0.1687,0.0909,해당없음,0.0,0.4502,0.0,0.0,0.0,0.0,0.05,0.0,0.0,0.0,0.0,0.0,3.0,8.0,4.0,11.0,7.0,12.0,1.0,6.0,10.0,5.0,9.0,2.0
2026-06-04,실적,0.56,0.5565,0.4435,11,폴백,,,5,1,0,False,0.1784,0.0909,해당없음,0.0,0.5009,0.0,0.0,0.0,0.0,0.0557,0.0,0.0,0.0,0.0,0.0,4.0,8.0,3.0,12.0,7.0,11.0,1.0,6.0,10.0,5.0,9.0,2.0
2026-06-05,실적,0.38,0.3771,0.6229,11,폴백,,,5,1,0,False,0.1891,0.0909,해당없음,0.0,0.3394,0.0,0.0,0.0,0.0,0.0377,0.0,0.0,0.0,0.0,0.0,4.0,8.0,2.0,12.0,7.0,11.0,1.0,6.0,10.0,5.0,9.0,3.0
2026-06-08,실적,0.39,0.3861,0.6139,11,폴백,,,5,2,0,False,0.1871,0.0909,해당없음,0.0,0.3475,0.0,0.0,0.0,0.0,0.0386,0.0,0.0,0.0,0.0,0.0,4.0,8.0,2.0,12.0,7.0,11.0,1.0,6.0,10.0,5.0,9.0,3.0
2026-06-09,실적,1.0,1.0,0.0,11,폴백,,,5,1,0,False,0.1829,0.0909,해당없음,0.0,0.9,0.0,0.0,0.0,0.0,0.1,0.0,0.0,0.0,0.0,0.0,3.0,8.0,2.0,12.0,7.0,11.0,1.0,6.0,10.0,5.0,9.0,4.0
2026-06-10,실적,1.0,1.0,0.0,11,폴백,,,5,1,0,False,0.167,0.0909,해당없음,0.0,0.9,0.0,0.0,0.0,0.0,0.1,0.0,0.0,0.0,0.0,0.0,3.0,8.0,2.0,12.0,7.0,11.0,1.0,6.0,10.0,5.0,9.0,4.0
2026-06-11,실적,0.6,0.8,0.2,11,폴백,,,5,1,0,False,0.1636,0.0909,해당없음,0.0,0.54,0.0,0.0,0.2,0.0,0.06,0.0,0.0,0.0,0.0,0.0,3.0,8.0,2.0,12.0,6.0,11.0,1.0,7.0,10.0,5.0,9.0,4.0
2026-06-12,실적,0.6,0.8,0.2,11,폴백,,,5,1,0,False,0.1524,0.0909,해당없음,0.0,0.54,0.0,0.0,0.2,0.0,0.06,0.0,0.0,0.0,0.0,0.0,3.0,8.0,2.0,12.0,6.0,11.0,1.0,7.0,10.0,5.0,9.0,4.0
2026-06-15,실적,0.0,0.0,1.0,11,현금,,,5,1,0,False,0.1395,0.0909,해당없음,0.0,0.0,0.0,0.0,0.0,0.0,0.0,0.0,0.0,0.0,0.0,0.0,3.0,8.0,2.0,12.0,6.0,11.0,1.0,7.0,10.0,5.0,9.0,4.0
2026-06-16,실적,0.0,0.0,1.0,11,현금,,,5,2,0,False,0.1318,0.0909,해당없음,0.0,0.0,0.0,0.0,0.0,0.0,0.0,0.0,0.0,0.0,0.0,0.0,3.0,7.0,2.0,12.0,6.0,11.0,1.0,8.0,10.0,5.0,9.0,4.0
2026-06-17,실적,0.6,0.8,0.2,11,폴백,,,5,2,0,False,0.1197,0.0909,해당없음,0.0,0.54,0.0,0.0,0.2,0.0,0.06,0.0,0.0,0.0,0.0,0.0,3.0,7.0,2.0,12.0,6.0,11.0,1.0,8.0,10.0,5.0,9.0,4.0
2026-06-18,실적,0.6,0.8,0.2,11,폴백,,,5,2,0,False,0.1119,0.0909,해당없음,0.0,0.54,0.0,0.0,0.2,0.0,0.06,0.0,0.0,0.0,0.0,0.0,3.0,7.0,2.0,12.0,5.0,11.0,1.0,8.0,10.0,6.0,9.0,4.0
2026-06-22,실적,0.6,0.8,0.2,11,폴백,,,5,1,0,False,0.1033,0.0909,해당없음,0.0,0.54,0.0,0.0,0.2,0.0,0.06,0.0,0.0,0.0,0.0,0.0,3.0,7.0,2.0,11.0,4.0,12.0,1.0,8.0,10.0,6.0,9.0,5.0
2026-06-23,실적,0.6,0.8,0.2,11,폴백,,,5,1,0,False,0.0948,0.0909,해당없음,0.0,0.54,0.0,0.0,0.2,0.0,0.06,0.0,0.0,0.0,0.0,0.0,3.0,7.0,2.0,11.0,4.0,12.0,1.0,8.0,10.0,6.0,9.0,5.0
2026-06-24,실적,0.0,0.0,1.0,11,현금,,,5,1,0,False,0.081,0.0909,해당없음,0.0,0.0,0.0,0.0,0.0,0.0,0.0,0.0,0.0,0.0,0.0,0.0,3.0,5.0,2.0,11.0,4.0,12.0,1.0,8.0,10.0,7.0,9.0,6.0
2026-06-25,실적,0.0,0.0,1.0,11,현금,,,5,1,0,False,0.0771,0.0909,해당없음,0.0,0.0,0.0,0.0,0.0,0.0,0.0,0.0,0.0,0.0,0.0,0.0,3.0,5.0,2.0,11.0,4.0,12.0,1.0,8.0,10.0,7.0,9.0,6.0
2026-06-26,실적,0.0,0.0,1.0,11,현금,,,5,1,0,False,0.0793,0.0909,해당없음,0.0,0.0,0.0,0.0,0.0,0.0,0.0,0.0,0.0,0.0,0.0,0.0,3.0,5.0,2.0,11.0,4.0,12.0,1.0,8.0,10.0,6.0,9.0,7.0
2026-06-29,실적,0.0,0.0,1.0,11,현금,,,5,1,0,False,0.0831,0.0909,해당없음,0.0,0.0,0.0,0.0,0.0,0.0,0.0,0.0,0.0,0.0,0.0,0.0,3.0,5.0,2.0,11.0,4.0,12.0,1.0,8.0,10.0,7.0,9.0,6.0
2026-06-30,실적,0.0,0.0,1.0,11,현금,,,5,1,0,False,0.0826,0.0909,해당없음,0.0,0.0,0.0,0.0,0.0,0.0,0.0,0.0,0.0,0.0,0.0,0.0,3.0,4.0,2.0,11.0,5.0,12.0,1.0,8.0,10.0,7.0,9.0,6.0
2026-07-01,실적,0.0,0.0,1.0,11,현금,,,5,1,0,False,0.0732,0.0909,해당없음,0.0,0.0,0.0,0.0,0.0,0.0,0.0,0.0,0.0,0.0,0.0,0.0,3.0,5.0,2.0,11.0,4.0,12.0,1.0,8.0,10.0,7.0,9.0,6.0
2026-07-02,실적,0.0,0.0,1.0,11,현금,,,5,1,0,False,0.0656,0.0909,해당없음,0.0,0.0,0.0,0.0,0.0,0.0,0.0,0.0,0.0,0.0,0.0,0.0,3.0,5.0,2.0,11.0,4.0,12.0,1.0,9.0,10.0,7.0,8.0,6.0
2026-07-06,실적,0.0,0.0,1.0,11,현금,,,5,1,0,False,0.059,0.0909,해당없음,0.0,0.0,0.0,0.0,0.0,0.0,0.0,0.0,0.0,0.0,0.0,0.0,3.0,5.0,2.0,11.0,4.0,12.0,1.0,9.0,10.0,7.0,8.0,6.0
2026-07-07,실적,0.0,0.0,1.0,11,현금,,,5,1,0,False,0.055,0.0909,해당없음,0.0,0.0,0.0,0.0,0.0,0.0,0.0,0.0,0.0,0.0,0.0,0.0,3.0,5.0,2.0,11.0,4.0,12.0,1.0,10.0,9.0,7.0,8.0,6.0
2026-07-08,실적,0.0,0.0,1.0,11,현금,,,5,1,0,False,0.05,0.0909,해당없음,0.0,0.0,0.0,0.0,0.0,0.0,0.0,0.0,0.0,0.0,0.0,0.0,3.0,5.0,2.0,11.0,4.0,12.0,1.0,10.0,9.0,7.0,8.0,6.0
2026-07-09,실적,0.0,0.0,1.0,11,현금,,,5,1,0,False,0.0423,0.0909,해당없음,0.0,0.0,0.0,0.0,0.0,0.0,0.0,0.0,0.0,0.0,0.0,0.0,3.0,5.0,2.0,11.0,4.0,12.0,1.0,10.0,9.0,7.0,8.0,6.0
2026-07-10,실적,0.0,0.0,1.0,11,현금,,,5,3,0,False,0.0382,0.0909,미달,0.0,0.0,0.0,0.0,0.0,0.0,0.0,0.0,0.0,0.0,0.0,0.0,3.0,5.0,2.0,11.0,4.0,12.0,1.0,10.0,9.0,7.0,8.0,6.0
2026-07-13,실적,0.0,0.0,1.0,11,현금,,,5,3,0,False,0.0472,0.0909,미달,0.0,0.0,0.0,0.0,0.0,0.0,0.0,0.0,0.0,0.0,0.0,0.0,4.0,5.0,2.0,11.0,3.0,12.0,1.0,10.0,8.0,7.0,9.0,6.0
2026-07-14,실적,0.0,0.0,1.0,11,현금,,,5,3,0,False,0.051,0.0909,미달,0.0,0.0,0.0,0.0,0.0,0.0,0.0,0.0,0.0,0.0,0.0,0.0,4.0,6.0,2.0,11.0,3.0,12.0,1.0,10.0,8.0,7.0,9.0,5.0
2026-07-15,실적,0.0,0.0,1.0,11,현금,,,5,3,0,False,0.0688,0.0909,미달,0.0,0.0,0.0,0.0,0.0,0.0,0.0,0.0,0.0,0.0,0.0,0.0,4.0,6.0,2.0,11.0,3.0,12.0,1.0,10.0,8.0,7.0,9.0,5.0
2026-07-16,실적,0.0,0.0,1.0,11,현금,XLE,,5,3,0,False,0.0919,0.0909,통과,0.0,0.0,0.0,0.0,0.0,0.0,0.0,0.0,0.0,0.0,0.0,0.0,4.0,7.0,2.0,11.0,3.0,12.0,1.0,9.0,8.0,6.0,10.0,5.0
2026-07-17,실적,0.0,0.0,1.0,11,현금,XLE,,5,3,1,False,0.1071,0.0909,통과,0.0,0.0,0.0,0.0,0.0,0.0,0.0,0.0,0.0,0.0,0.0,0.0,3.0,8.0,2.0,12.0,4.0,11.0,1.0,9.0,7.0,6.0,10.0,5.0
2026-07-20,실적,0.0,0.0,1.0,11,현금,XLE,,5,3,1,False,0.1268,0.0909,통과,0.0,0.0,0.0,0.0,0.0,0.0,0.0,0.0,0.0,0.0,0.0,0.0,3.0,8.0,2.0,12.0,4.0,11.0,1.0,9.0,7.0,5.0,10.0,6.0
2026-07-21,실적,0.0,0.0,1.0,11,현금,XLE,,5,3,1,False,0.1446,0.0909,통과,0.0,0.0,0.0,0.0,0.0,0.0,0.0,0.0,0.0,0.0,0.0,0.0,3.0,9.0,2.0,12.0,4.0,11.0,1.0,8.0,7.0,5.0,10.0,6.0
2026-07-22,실적,0.0,0.0,1.0,11,현금,XLE,,5,3,1,False,0.1624,0.0909,통과,0.0,0.0,0.0,0.0,0.0,0.0,0.0,0.0,0.0,0.0,0.0,0.0,3.0,9.0,2.0,12.0,4.0,11.0,1.0,8.0,7.0,5.0,10.0,6.0
2026-07-23,실적,0.0,0.0,1.0,11,현금,XLE,,5,3,0,False,0.1855,0.0909,통과,0.0,0.0,0.0,0.0,0.0,0.0,0.0,0.0,0.0,0.0,0.0,0.0,3.0,9.0,2.0,12.0,5.0,10.0,1.0,8.0,7.0,4.0,11.0,6.0
2026-07-24,실적,0.0,0.0,1.0,11,현금,XLE,,5,3,0,False,0.2092,0.0909,통과,0.0,0.0,0.0,0.0,0.0,0.0,0.0,0.0,0.0,0.0,0.0,0.0,2.0,10.0,4.0,12.0,5.0,9.0,1.0,8.0,7.0,3.0,11.0,6.0
2026-07-27,실적,0.0,0.0,1.0,11,현금,XLE,,5,3,0,False,0.1989,0.0909,통과,0.0,0.0,0.0,0.0,0.0,0.0,0.0,0.0,0.0,0.0,0.0,0.0,3.0,11.0,5.0,12.0,4.0,9.0,1.0,8.0,7.0,2.0,10.0,6.0
2026-07-28,실적,0.0,0.0,1.0,11,현금,XLE,,5,3,0,False,0.1827,0.0909,통과,0.0,0.0,0.0,0.0,0.0,0.0,0.0,0.0,0.0,0.0,0.0,0.0,3.0,11.0,5.0,12.0,4.0,9.0,1.0,8.0,7.0,2.0,10.0,6.0
2026-07-29,실적,0.0,0.0,1.0,11,현금,XLE,,5,3,0,False,0.1647,0.0909,통과,0.0,0.0,0.0,0.0,0.0,0.0,0.0,0.0,0.0,0.0,0.0,0.0,3.0,11.0,5.0,12.0,4.0,9.0,1.0,8.0,7.0,2.0,10.0,6.0
2026-07-30,실적,0.0,0.0,1.0,11,현금,XLE,,5,3,0,False,0.1458,0.0909,통과,0.0,0.0,0.0,0.0,0.0,0.0,0.0,0.0,0.0,0.0,0.0,0.0,3.0,11.0,7.0,12.0,4.0,9.0,1.0,8.0,5.0,2.0,10.0,6.0
2026-07-31,실적,0.0,0.0,1.0,11,현금,XLE,,5,3,0,False,0.1358,0.0909,통과,0.0,0.0,0.0,0.0,0.0,0.0,0.0,0.0,0.0,0.0,0.0,0.0,3.0,11.0,9.0,12.0,4.0,5.0,1.0,7.0,6.0,2.0,10.0,8.0
2026-08-03,실적,0.6,0.6,0.4,11,리더,XLE,,5,3,0,False,0.123,0.0909,통과,0.0,0.54,0.0,0.0,0.0,0.0,0.06,0.0,0.0,0.0,0.0,0.0,3.0,12.0,9.0,11.0,5.0,4.0,1.0,7.0,6.0,2.0,10.0,8.0
2026-08-04,실적,0.6,0.6,0.4,11,리더,XLE,,5,3,0,False,0.1173,0.0909,통과,0.0,0.54,0.0,0.0,0.0,0.0,0.06,0.0,0.0,0.0,0.0,0.0,3.0,12.0,9.0,11.0,6.0,4.0,1.0,7.0,5.0,2.0,10.0,8.0
2026-08-05,실적,0.0,0.0,1.0,11,현금,XLE,,5,1,0,True,0.1064,0.0909,해당없음,0.0,0.0,0.0,0.0,0.0,0.0,0.0,0.0,0.0,0.0,0.0,0.0,3.0,12.0,9.0,11.0,7.0,4.0,1.0,6.0,5.0,2.0,10.0,8.0
2026-08-06,실적,0.0,0.0,1.0,11,현금,XLE,,5,1,1,True,0.0835,0.0909,해당없음,0.0,0.0,0.0,0.0,0.0,0.0,0.0,0.0,0.0,0.0,0.0,0.0,4.0,12.0,9.0,11.0,7.0,3.0,1.0,6.0,5.0,2.0,10.0,8.0
2026-08-07,실적,0.6,0.6,0.4,11,리더,XLE,,5,1,1,True,0.0657,0.0909,해당없음,0.0,0.54,0.0,0.0,0.0,0.0,0.06,0.0,0.0,0.0,0.0,0.0,5.0,12.0,9.0,11.0,7.0,3.0,1.0,6.0,4.0,2.0,10.0,8.0
2026-08-10,실적,0.0,0.0,1.0,11,현금,XLE,,5,0,1,True,0.0436,0.0909,해당없음,0.0,0.0,0.0,0.0,0.0,0.0,0.0,0.0,0.0,0.0,0.0,0.0,5.0,12.0,9.0,11.0,7.0,3.0,1.0,6.0,4.0,2.0,10.0,8.0
2026-08-11,실적,0.0,0.0,1.0,11,현금,XLE,,5,0,1,True,0.0322,0.0909,해당없음,0.0,0.0,0.0,0.0,0.0,0.0,0.0,0.0,0.0,0.0,0.0,0.0,5.0,12.0,9.0,11.0,7.0,3.0,1.0,6.0,4.0,2.0,10.0,8.0
2026-08-12,실적,0.6,0.6,0.4,11,리더,XLE,,5,0,1,True,0.02,0.0909,해당없음,0.0,0.54,0.0,0.0,0.0,0.0,0.06,0.0,0.0,0.0,0.0,0.0,5.0,12.0,9.0,11.0,7.0,3.0,1.0,6.0,4.0,2.0,10.0,8.0
2026-08-13,실적,0.6,0.6,0.4,11,리더,XLE,,5,0,1,True,0.0077,0.0909,해당없음,0.0,0.54,0.0,0.0,0.0,0.0,0.06,0.0,0.0,0.0,0.0,0.0,5.0,12.0,9.0,11.0,7.0,3.0,1.0,6.0,4.0,2.0,10.0,8.0
2026-08-14,실적,0.0,0.0,1.0,11,현금,,,5,2,1,False,0.0028,0.0909,해당없음,0.0,0.0,0.0,0.0,0.0,0.0,0.0,0.0,0.0,0.0,0.0,0.0,6.0,12.0,9.0,11.0,7.0,4.0,2.0,5.0,3.0,1.0,10.0,8.0
2026-08-17,실적,0.0,0.0,1.0,11,현금,,,5,2,1,False,0.008,0.0909,해당없음,0.0,0.0,0.0,0.0,0.0,0.0,0.0,0.0,0.0,0.0,0.0,0.0,6.0,12.0,9.0,11.0,8.0,4.0,2.0,5.0,3.0,1.0,10.0,7.0
2026-08-18,실적,0.0,0.0,1.0,11,현금,,,5,2,1,False,0.0106,0.0909,해당없음,0.0,0.0,0.0,0.0,0.0,0.0,0.0,0.0,0.0,0.0,0.0,0.0,5.0,12.0,9.0,11.0,8.0,4.0,2.0,6.0,3.0,1.0,10.0,7.0
2026-08-19,실적,0.0,0.0,1.0,11,현금,,,5,2,1,False,0.0106,0.0909,해당없음,0.0,0.0,0.0,0.0,0.0,0.0,0.0,0.0,0.0,0.0,0.0,0.0,5.0,12.0,9.0,11.0,8.0,4.0,2.0,6.0,3.0,1.0,10.0,7.0
2026-08-20,실적,0.0,0.0,1.0,11,현금,,,5,2,1,False,0.0176,0.0909,해당없음,0.0,0.0,0.0,0.0,0.0,0.0,0.0,0.0,0.0,0.0,0.0,0.0,4.0,12.0,9.0,11.0,8.0,6.0,2.0,7.0,3.0,1.0,10.0,5.0
2026-08-21,실적,0.0,0.0,1.0,11,현금,,,5,2,1,False,0.0239,0.0909,해당없음,0.0,0.0,0.0,0.0,0.0,0.0,0.0,0.0,0.0,0.0,0.0,0.0,5.0,12.0,9.0,11.0,8.0,7.0,2.0,6.0,3.0,1.0,10.0,4.0
2026-08-24,실적,0.0,0.0,1.0,11,현금,,,5,2,1,False,0.0303,0.0909,해당없음,0.0,0.0,0.0,0.0,0.0,0.0,0.0,0.0,0.0,0.0,0.0,0.0,5.0,12.0,9.0,11.0,7.0,8.0,2.0,6.0,3.0,1.0,10.0,4.0
2026-08-25,실적,1.0,1.0,0.0,11,폴백,,,5,2,1,False,0.0306,0.0909,해당없음,0.0,0.9,0.0,0.0,0.0,0.0,0.0,0.0,0.0,0.1,0.0,0.0,5.0,12.0,8.0,11.0,7.0,9.0,2.0,6.0,3.0,1.0,10.0,4.0
2026-08-26,실적,1.0,1.0,0.0,11,폴백,,,5,2,1,False,0.0326,0.0909,해당없음,0.0,0.9,0.0,0.0,0.0,0.0,0.0,0.0,0.0,0.1,0.0,0.0,5.0,12.0,8.0,11.0,6.0,9.0,2.0,7.0,4.0,1.0,10.0,3.0
2026-08-27,실적,1.0,1.0,0.0,11,폴백,,,5,2,1,False,0.0347,0.0909,해당없음,0.0,0.9,0.0,0.0,0.0,0.0,0.0,0.0,0.0,0.1,0.0,0.0,5.0,12.0,8.0,11.0,6.0,9.0,2.0,7.0,4.0,1.0,10.0,3.0
2026-08-28,실적,1.0,1.0,0.0,11,폴백,,,5,2,1,False,0.0339,0.0909,해당없음,0.0,0.9,0.0,0.0,0.0,0.0,0.0,0.0,0.0,0.1,0.0,0.0,5.0,12.0,7.0,11.0,6.0,9.0,2.0,8.0,4.0,1.0,10.0,3.0
2026-08-31,실적,1.0,1.0,0.0,11,폴백,,,5,2,1,False,0.0332,0.0909,해당없음,0.0,0.9,0.0,0.0,0.0,0.0,0.0,0.0,0.0,0.1,0.0,0.0,5.0,12.0,7.0,11.0,6.0,10.0,2.0,8.0,4.0,1.0,9.0,3.0
2026-09-01,실적,1.0,1.0,0.0,11,폴백,,,5,2,1,False,0.0306,0.0909,해당없음,0.0,0.9,0.0,0.0,0.0,0.0,0.0,0.0,0.0,0.1,0.0,0.0,5.0,12.0,7.0,11.0,6.0,10.0,2.0,8.0,4.0,1.0,9.0,3.0
2026-09-02,실적,1.0,1.0,0.0,11,폴백,,,5,2,1,False,0.0289,0.0909,해당없음,0.0,0.9,0.0,0.0,0.0,0.0,0.0,0.0,0.0,0.1,0.0,0.0,4.0,12.0,7.0,11.0,6.0,10.0,2.0,8.0,5.0,1.0,9.0,3.0
2026-09-03,실적,0.0,0.0,1.0,11,현금,,,5,2,1,False,0.0152,0.0909,해당없음,0.0,0.0,0.0,0.0,0.0,0.0,0.0,0.0,0.0,0.0,0.0,0.0,4.0,12.0,8.0,11.0,6.0,10.0,2.0,7.0,5.0,1.0,9.0,3.0
2026-09-04,실적,0.0,0.0,1.0,11,현금,,,5,1,1,False,0.0029,0.0909,해당없음,0.0,0.0,0.0,0.0,0.0,0.0,0.0,0.0,0.0,0.0,0.0,0.0,4.0,12.0,8.0,11.0,6.0,10.0,1.0,7.0,5.0,2.0,9.0,3.0
2026-09-08,실적,0.0,0.0,1.0,11,현금,,,5,1,1,False,0.0237,0.0909,해당없음,0.0,0.0,0.0,0.0,0.0,0.0,0.0,0.0,0.0,0.0,0.0,0.0,4.0,12.0,8.0,11.0,5.0,10.0,1.0,7.0,6.0,2.0,9.0,3.0
2026-09-09,실적,0.0,0.0,1.0,11,현금,,,5,1,1,False,0.0409,0.0909,해당없음,0.0,0.0,0.0,0.0,0.0,0.0,0.0,0.0,0.0,0.0,0.0,0.0,4.0,12.0,8.0,11.0,5.0,10.0,1.0,7.0,6.0,2.0,9.0,3.0
2026-09-10,실적,0.0,0.0,1.0,11,현금,,,5,1,1,False,0.0431,0.0909,해당없음,0.0,0.0,0.0,0.0,0.0,0.0,0.0,0.0,0.0,0.0,0.0,0.0,4.0,12.0,8.0,11.0,5.0,10.0,1.0,7.0,6.0,2.0,9.0,3.0
2026-09-11,실적,0.0,0.0,1.0,11,현금,,,5,1,1,False,0.0428,0.0909,해당없음,0.0,0.0,0.0,0.0,0.0,0.0,0.0,0.0,0.0,0.0,0.0,0.0,4.0,12.0,8.0,11.0,5.0,10.0,1.0,6.0,7.0,2.0,9.0,3.0
2026-09-14,실적,0.95,0.9758,0.0242,11,폴백,,,5,1,0,False,0.0423,0.0909,해당없음,0.0,0.8564,0.0,0.0,0.0242,0.0,0.0952,0.0,0.0,0.0,0.0,0.0,4.0,11.0,8.0,12.0,5.0,10.0,1.0,6.0,7.0,3.0,9.0,2.0
2026-09-15,실적,0.0,0.0,1.0,11,현금,,,5,1,0,False,0.0397,0.0909,해당없음,0.0,0.0,0.0,0.0,0.0,0.0,0.0,0.0,0.0,0.0,0.0,0.0,4.0,11.0,8.0,12.0,5.0,10.0,1.0,6.0,7.0,3.0,9.0,2.0
2026-09-16,실적,0.0,0.0,1.0,11,현금,,,5,1,0,False,0.0396,0.0909,해당없음,0.0,0.0,0.0,0.0,0.0,0.0,0.0,0.0,0.0,0.0,0.0,0.0,4.0,11.0,8.0,12.0,5.0,10.0,1.0,6.0,7.0,3.0,9.0,2.0
2026-09-17,실적,0.87,0.9357,0.0643,11,폴백,,,5,1,1,False,0.0323,0.0909,해당없음,0.0,0.7843,0.0,0.0,0.0643,0.0,0.0871,0.0,0.0,0.0,0.0,0.0,4.0,11.0,8.0,12.0,5.0,10.0,1.0,6.0,7.0,3.0,9.0,2.0
2026-09-18,실적,1.0,1.0,0.0,11,폴백,,,5,1,1,False,0.0224,0.0909,해당없음,0.0,0.9,0.0,0.0,0.0,0.0,0.1,0.0,0.0,0.0,0.0,0.0,4.0,11.0,8.0,12.0,5.0,10.0,1.0,6.0,7.0,3.0,9.0,2.0
2026-09-21,실적,1.0,1.0,0.0,11,폴백,,,5,1,1,False,0.0152,0.0909,해당없음,0.0,0.9,0.0,0.0,0.0,0.0,0.1,0.0,0.0,0.0,0.0,0.0,4.0,11.0,8.0,12.0,5.0,10.0,1.0,6.0,7.0,3.0,9.0,2.0
2026-09-22,실적,1.0,1.0,0.0,11,폴백,,,5,1,1,False,0.0063,0.0909,해당없음,0.0,0.9,0.0,0.0,0.0,0.0,0.1,0.0,0.0,0.0,0.0,0.0,5.0,11.0,8.0,12.0,4.0,10.0,1.0,6.0,7.0,3.0,9.0,2.0
2026-09-23,실적,0.77,0.8865,0.1135,11,폴백,,,5,1,1,False,0.0026,0.0909,해당없음,0.0,0.6957,0.0,0.0,0.1135,0.0,0.0,0.0,0.0,0.0,0.0,0.0773,5.0,11.0,8.0,12.0,3.0,9.0,2.0,6.0,7.0,4.0,10.0,1.0
2026-09-24,실적,0.77,0.8863,0.1137,11,폴백,,,5,1,1,False,0.0098,0.0909,해당없음,0.0,0.6953,0.0,0.0,0.1137,0.0,0.0,0.0,0.0,0.0,0.0,0.0773,5.0,11.0,8.0,12.0,3.0,9.0,2.0,6.0,7.0,4.0,10.0,1.0
2026-09-25,예측,0.77,0.8863,0.1137,11,폴백,,,5,1,1,False,0.0098,0.0909,해당없음,0.0,0.6953,0.0,0.0,0.1137,0.0,0.0,0.0,0.0,0.0,0.0,0.0773,5.0,11.0,8.0,12.0,3.0,9.0,2.0,6.0,7.0,4.0,10.0,1.0
