시각(ET),종목,구분,수량,가격($),손익($),수익률(%),가상현금($),사유
2023-11-10 10:30:00,GOOGL,매수,1,130.2051,,,9869.7,저점 $129.43 대비 +0.55% 반등 (RSI 44)
2023-11-10 10:30:00,NEM,매수,5,33.9019,,,9700.08,저점 $33.71 대비 +0.52% 반등 (RSI 17)
2023-11-10 11:30:00,VZ,매수,5,35.6428,,,9521.74,저점 $35.42 대비 +0.56% 반등 (RSI 44)
2023-11-10 13:30:00,CROX,매수,2,79.1395,,,9363.35,저점 $78.38 대비 +0.92% 반등 (RSI 31)
2023-11-10 13:30:00,INCY,매수,3,52.2361,,,9206.53,저점 $51.80 대비 +0.79% 반등 (RSI 33)
2023-11-10 15:59:59,CROX,매도,2,79.6502,0.79,0.502,9365.71,장마감 청산 +0.70%
2023-11-10 15:59:59,GOOGL,매도,1,132.5337,2.14,1.644,9498.15,장마감 청산 +1.84%
2023-11-10 15:59:59,INCY,매도,3,52.4238,0.34,0.216,9655.31,장마감 청산 +0.41%
2023-11-10 15:59:59,NEM,매도,5,34.2029,1.26,0.744,9826.2,장마감 청산 +0.94%
2023-11-10 15:59:59,VZ,매도,5,35.7021,0.04,0.023,10004.58,장마감 청산 +0.22%
2023-11-13 11:30:00,NEM,매수,5,34.347,,,9832.72,저점 $34.14 대비 +0.56% 반등 (RSI 35)
2023-11-13 15:59:59,NEM,매도,5,34.1929,-1.02,-0.591,10003.56,장마감 청산 -0.40%
2023-11-15 10:30:00,RTX,매수,2,81.2006,,,9841.05,저점 $80.51 대비 +0.81% 반등 (RSI 38)
2023-11-15 15:59:59,RTX,매도,2,80.5997,-1.43,-0.882,10002.13,장마감 청산 -0.69%
2023-11-20 09:30:00,CRDO,매수,107,17.7089,,,8105.95,K 따라 매수: 주식층 비중 27.1%
2023-11-20 09:30:00,INTC,매수,43,43.8019,,,6221.15,K 따라 매수: 주식층 비중 27.1%
2023-11-20 09:30:00,NVDA,매수,34,49.3367,,,4542.53,K 따라 매수: 주식층 비중 27.1%
2023-11-20 09:34:00,NVDA,매수,4,49.293,,,4345.22,K 비중 맞춤(늘림 27.1%)
2023-11-21 09:30:00,CRDO,매도,107,17.921,19.98,1.054,6261.38,로테이션 제외(모멘텀 순위 밖 또는 국면 0)
2023-11-21 09:30:00,CRWD,매수,24,51.961,,,5013.44,K 따라 매수: 주식층 비중 17.9%
2023-11-21 09:30:00,DASH,매수,4,94.2971,,,4635.99,K 따라 매수: 주식층 비중 17.9%
2023-11-21 09:30:00,INTC,매도,43,44.4778,26.35,1.399,6547.13,로테이션 제외(모멘텀 순위 밖 또는 국면 0)
2023-11-21 09:30:00,MDB,매수,3,402.7413,,,5338.06,K 따라 매수: 주식층 비중 17.9%
2023-11-21 09:30:00,NVDA,매도,38,50.1009,26.52,1.414,7240.51,로테이션 제외(모멘텀 순위 밖 또는 국면 0)
2023-11-21 09:32:43,DASH,매수,9,94.137,,,6392.68,K 비중 맞춤(늘림 17.9%)
2023-11-21 10:30:00,INCY,매수,7,53.5718,,,6017.42,저점 $53.20 대비 +0.65% 반등 (RSI 38)
2023-11-22 10:30:00,RTX,매수,5,78.6593,,,5623.85,저점 $78.01 대비 +0.78% 반등 (RSI 36)
2023-11-24 09:30:00,CRDO,매수,57,18.7194,,,4556.1,K 따라 매수: 주식층 비중 27.1%
2023-11-24 09:30:00,CRWD,매도,24,52.1889,3.68,0.295,5807.72,로테이션 제외(모멘텀 순위 밖 또는 국면 0)
2023-11-24 09:30:00,DASH,매도,13,93.7931,-6.86,-0.56,7026.14,로테이션 제외(모멘텀 순위 밖 또는 국면 0)
2023-11-24 09:30:00,INTC,매수,43,43.7018,,,5145.64,K 따라 매수: 주식층 비중 27.1%
2023-11-24 09:30:00,MDB,매도,3,403.2982,-0.06,-0.005,6354.65,로테이션 제외(모멘텀 순위 밖 또는 국면 0)
2023-11-24 09:30:00,NVDA,매수,37,48.4942,,,4559.11,K 따라 매수: 주식층 비중 27.1%
2023-11-24 09:34:00,CRDO,매수,45,18.6873,,,3717.59,K 비중 맞춤(늘림 27.1%)
2023-11-27 09:30:00,NVDA,매도,37,47.7761,-29.12,-1.623,5484.02,로테이션 제외(모멘텀 순위 밖 또는 국면 0)
2023-11-27 09:30:00,SHIP,매수,144,6.6033,,,4532.48,K 따라 매수: 주식층 비중 27.1%
2023-11-27 09:31:40,SHIP,매수,145,6.6033,,,3574.33,K 비중 맞춤(늘림 27.1%)
2023-11-27 15:59:59,INCY,매도,7,52.8436,-5.63,-1.501,3943.96,보유기한 청산 -1.31%
2023-11-28 09:30:00,CRDO,매도,102,19.2104,48.76,2.556,5901.99,로테이션 제외(모멘텀 순위 밖 또는 국면 0)
2023-11-28 09:30:00,MDB,매수,3,401.0504,,,4698.0,K 따라 매수: 주식층 비중 24.6%
2023-11-28 09:30:00,SHIP,매도,27,6.6567,1.18,0.665,4877.6,K 비중 맞춤(줄임 24.6%)
2023-11-28 09:33:00,MDB,매수,1,400.3721,,,4476.95,K 비중 맞춤(늘림 24.6%)
2023-11-28 15:59:59,RTX,매도,5,80.1399,6.84,1.738,4877.35,보유기한 청산 +1.93%
2023-11-29 09:30:00,DASH,매수,3,95.0475,,,4592.01,K 따라 매수: 주식층 비중 10.0%
2023-11-29 09:30:00,INTC,매도,43,44.5777,34.95,1.86,6507.45,로테이션 제외(모멘텀 순위 밖 또는 국면 0)
2023-11-29 09:30:00,LLY,매수,1,592.4961,,,5914.54,K 따라 매수: 주식층 비중 10.0%
2023-11-29 09:30:00,MDB,매도,4,410.8045,37.37,2.331,7556.56,로테이션 제외(모멘텀 순위 밖 또는 국면 0)
2023-11-29 09:30:00,SHIP,매도,155,6.6867,11.45,1.118,8592.23,K 비중 맞춤(줄임 10.0%)
2023-11-29 09:31:52,DASH,매수,4,95.2285,,,8211.05,K 비중 맞춤(늘림 10.0%)
2023-11-30 09:30:00,CRWD,매수,15,57.8264,,,7343.05,K 따라 매수: 주식층 비중 12.5%
2023-11-30 09:30:00,DASH,매수,2,94.8574,,,7153.2,K 비중 맞춤(늘림 12.5%)
2023-11-30 09:30:00,LLY,매도,1,591.1643,-2.18,-0.368,7743.94,로테이션 제외(모멘텀 순위 밖 또는 국면 0)
2023-11-30 09:30:00,SHIP,매수,21,7.0035,,,7596.76,K 비중 맞춤(늘림 12.5%)
2023-11-30 10:30:00,AMZN,매수,2,146.103,,,7304.35,저점 $144.76 대비 +0.88% 반등 (RSI 45)
2023-12-01 09:30:00,CRWD,매수,9,58.9595,,,6773.34,K 비중 맞춤(늘림 19.9%)
2023-12-01 09:30:00,DASH,매도,9,93.0035,-19.95,-2.331,7609.76,로테이션 제외(모멘텀 순위 밖 또는 국면 0)
2023-12-01 09:30:00,MDB,매수,3,420.24,,,6348.16,K 따라 매수: 주식층 비중 19.9%
2023-12-01 09:30:00,SHIP,매수,67,7.2936,,,5859.14,K 비중 맞춤(늘림 19.9%)
2023-12-01 11:30:00,INTC,매수,9,43.3967,,,5468.3,저점 $43.07 대비 +0.71% 반등 (RSI 36)
2023-12-04 09:30:00,CRWD,매수,10,58.5493,,,4882.4,K 비중 맞춤(늘림 28.3%)
2023-12-04 09:30:00,MDB,매도,3,431.3442,31.49,2.497,6175.49,로테이션 제외(모멘텀 순위 밖 또는 국면 0)
2023-12-04 09:30:00,PANW,매수,10,146.3757,,,4710.7,K 따라 매수: 주식층 비중 28.3%
2023-12-04 09:30:00,SHIP,매도,195,7.2664,72.67,5.414,6126.61,로테이션 제외(모멘텀 순위 밖 또는 국면 0)
2023-12-04 09:32:13,PANW,매수,3,146.6153,,,5686.46,K 비중 맞춤(늘림 28.3%)
2023-12-05 09:30:00,CRWD,매도,9,58.4608,0.34,0.066,6212.22,K 비중 맞춤(줄임 19.7%)
2023-12-05 09:30:00,PANW,매도,3,141.1994,-16.31,-3.713,6635.51,K 비중 맞춤(줄임 19.7%)
2023-12-05 10:30:00,SHIP,매수,60,6.7634,,,6229.42,저점 $6.70 대비 +0.90% 반등 (RSI 35)
2023-12-05 15:59:59,SHIP,매도,60,6.8266,3.21,0.791,6638.72,고점 $6.97 대비 -1.00% → 익절 +0.99%
2023-12-06 09:30:00,PANW,매도,10,146.8265,1.86,0.127,8105.91,로테이션 제외(모멘텀 순위 밖 또는 국면 0)
2023-12-06 09:30:00,SHIP,매수,217,6.8334,,,6622.02,K 따라 매수: 주식층 비중 20.7%
2023-12-06 14:29:59,INTC,매도,9,41.4243,-18.3,-4.685,6994.57,손절 -4.50%
2023-12-06 15:59:59,AMZN,매도,2,144.4477,-3.73,-1.275,7283.25,보유기한 청산 -1.08%
2023-12-07 09:30:00,CRWD,매도,3,59.8775,4.36,2.492,7462.76,K 비중 맞춤(줄임 17.6%)
2023-12-07 09:30:00,DASH,매수,13,96.7083,,,6204.67,K 따라 매수: 주식층 비중 17.6%
2023-12-07 09:30:00,SHIP,매도,36,7.0665,8.03,3.265,6458.87,K 비중 맞춤(줄임 17.6%)
2023-12-07 10:30:00,AVGO,매수,4,91.2761,,,6093.51,저점 $90.55 대비 +0.75% 반등 (RSI 44)
2023-12-07 11:30:00,NEM,매수,10,39.4647,,,5698.59,저점 $39.22 대비 +0.57% 반등 (RSI 39)
2023-12-07 13:30:00,EOG,매수,3,118.9595,,,5341.46,저점 $118.23 대비 +0.57% 반등 (RSI 35)
2023-12-08 13:30:00,MDB,매수,1,379.3096,,,4961.89,저점 $377.12 대비 +0.53% 반등 (RSI 29)
2023-12-11 13:29:59,MDB,매도,1,397.4962,17.63,4.648,5359.09,고점 $402.56 대비 -0.50% → 익절 +4.85%
2023-12-11 15:59:59,AVGO,매도,4,102.884,45.88,12.565,5770.33,고점 $103.46 대비 -0.50% → 익절 +12.77%
2023-12-12 13:29:59,NEM,매도,10,37.6912,-18.29,-4.634,6146.97,손절 -4.45%
2023-12-13 09:30:00,CRWD,매수,8,62.4687,,,5646.87,K 비중 맞춤(늘림 25.9%)
2023-12-13 09:30:00,DASH,매수,5,101.2406,,,5140.31,K 비중 맞춤(늘림 25.9%)
2023-12-13 09:30:00,SHIP,매수,88,7.0435,,,4520.05,K 비중 맞춤(늘림 25.9%)
2023-12-13 15:59:59,EOG,매도,3,118.4208,-2.13,-0.596,4875.05,보유기한 청산 -0.40%
2023-12-14 09:30:00,DASH,매도,18,101.4592,60.29,3.419,6699.98,로테이션 제외(모멘텀 순위 밖 또는 국면 0)
2023-12-14 09:30:00,DAVE,매수,260,7.5438,,,4737.23,K 따라 매수: 주식층 비중 27.1%
2023-12-15 09:30:00,CRWD,매도,26,64.0155,116.66,7.549,6400.42,K 비중 맞춤(줄임 2.9%)
2023-12-15 09:30:00,DAVE,매도,259,7.6162,15.95,0.816,8371.57,K 비중 맞춤(줄임 0.0%)
2023-12-15 09:30:00,DDOG,매수,1,121.6508,,,8249.83,K 따라 매수: 주식층 비중 3.1%
2023-12-15 09:30:00,GOOGL,매수,1,132.016,,,8117.73,K 따라 매수: 주식층 비중 2.3%
2023-12-15 09:30:00,INTC,매수,5,46.123,,,7886.95,K 따라 매수: 주식층 비중 3.4%
2023-12-15 09:30:00,LRCX,매수,3,77.5387,,,7654.17,K 따라 매수: 주식층 비중 3.6%
2023-12-15 09:30:00,MRVL,매수,4,59.6798,,,7415.28,K 따라 매수: 주식층 비중 3.7%
2023-12-15 09:30:00,MU,매수,3,82.8914,,,7166.43,K 따라 매수: 주식층 비중 4.1%
2023-12-15 09:30:00,NET,매수,3,84.8424,,,6911.73,K 따라 매수: 주식층 비중 4.2%
2023-12-15 09:30:00,NOW,매수,2,135.1195,,,6641.3,K 따라 매수: 주식층 비중 4.4%
2023-12-15 09:30:00,NVDA,매수,6,48.4242,,,6350.55,K 따라 매수: 주식층 비중 4.5%
2023-12-15 09:30:00,PANW,매수,2,150.5903,,,6049.16,K 따라 매수: 주식층 비중 4.5%
2023-12-15 09:30:00,SHIP,매도,268,7.1264,57.42,3.104,7957.65,K 비중 맞춤(줄임 0.0%)
2023-12-15 09:30:00,SHOP,매수,4,77.7489,,,7646.44,K 따라 매수: 주식층 비중 4.5%
2023-12-15 09:30:00,STX,매수,3,85.983,,,7388.31,K 따라 매수: 주식층 비중 4.6%
2023-12-15 09:30:00,VZ,매수,7,37.6488,,,7124.58,K 따라 매수: 주식층 비중 3.8%
2023-12-15 09:30:00,WDC,매수,8,38.568,,,6815.82,K 따라 매수: 주식층 비중 4.5%
2023-12-15 09:32:18,AVGO,매수,1,110.8547,,,6704.89,K 따라 매수: 주식층 비중 2.3%
2023-12-15 09:32:24,AMD,매수,1,140.2926,,,6564.5,K 따라 매수: 주식층 비중 2.1%
2023-12-15 09:32:24,CRDO,매수,9,19.2752,,,6390.9,K 따라 매수: 주식층 비중 2.6%
2023-12-18 09:30:00,STX,매수,1,84.3622,,,6306.48,K 비중 맞춤(늘림 4.6%)
2023-12-20 09:30:00,AMD,매도,1,138.9305,-1.56,-1.113,6445.31,로테이션 제외(모멘텀 순위 밖 또는 국면 0)
2023-12-20 09:30:00,AVGO,매도,1,113.2434,2.23,2.01,6558.47,로테이션 제외(모멘텀 순위 밖 또는 국면 0)
2023-12-20 09:30:00,CRDO,매도,9,19.2304,-0.65,-0.375,6731.42,로테이션 제외(모멘텀 순위 밖 또는 국면 0)
2023-12-20 09:30:00,INTC,매도,5,46.6167,2.14,0.926,6964.33,로테이션 제외(모멘텀 순위 밖 또는 국면 0)
2023-12-20 09:30:00,LRCX,매도,3,77.1664,-1.45,-0.623,7195.66,로테이션 제외(모멘텀 순위 밖 또는 국면 0)
2023-12-20 09:30:00,MRVL,매도,4,59.0206,-2.98,-1.247,7431.57,로테이션 제외(모멘텀 순위 밖 또는 국면 0)
2023-12-20 09:30:00,MU,매도,3,81.3093,-5.1,-2.05,7675.32,로테이션 제외(모멘텀 순위 밖 또는 국면 0)
2023-12-20 09:30:00,NVDA,매도,6,49.6302,6.82,2.346,7972.88,로테이션 제외(모멘텀 순위 밖 또는 국면 0)
2023-12-22 09:30:00,AMD,매수,1,140.5502,,,7832.24,K 따라 매수: 주식층 비중 2.1%
2023-12-22 09:30:00,AVGO,매수,1,112.8544,,,7719.3,K 따라 매수: 주식층 비중 2.3%
2023-12-22 09:30:00,CRDO,매수,9,19.6098,,,7542.69,K 따라 매수: 주식층 비중 2.6%
2023-12-22 09:30:00,INTC,매수,5,47.2736,,,7306.16,K 따라 매수: 주식층 비중 3.4%
2023-12-22 09:30:00,LRCX,매수,3,77.7308,,,7072.8,K 따라 매수: 주식층 비중 3.6%
2023-12-22 09:30:00,MRVL,매수,4,60.5302,,,6830.51,K 따라 매수: 주식층 비중 3.7%
2023-12-22 09:30:00,MU,매수,3,86.1931,,,6571.75,K 따라 매수: 주식층 비중 4.1%
2023-12-22 09:30:00,NVDA,매수,6,49.2196,,,6276.23,K 따라 매수: 주식층 비중 4.5%
2024-01-02 09:30:00,CRDO,매수,1,18.8094,,,6257.4,K 비중 맞춤(늘림 2.6%)
2024-01-02 10:30:00,CROX,매수,4,93.0365,,,5885.0,저점 $92.35 대비 +0.69% 반등 (RSI 31)
2024-01-03 10:30:00,MDB,매수,1,376.0179,,,5508.72,저점 $373.76 대비 +0.55% 반등 (RSI 18)
2024-01-03 12:29:59,CROX,매도,4,89.2154,-15.81,-4.247,5865.32,손절 -4.06%
2024-01-04 09:30:00,NET,매수,1,76.038,,,5789.23,K 비중 맞춤(늘림 4.5%)
2024-01-05 09:30:00,MDB,매도,1,360.5197,-16.02,-4.262,6149.48,손절 -4.07%
2024-01-08 09:30:00,CRDO,매수,41,17.5388,,,5429.89,K 비중 맞춤(늘림 12.4%)
2024-01-08 09:30:00,CRWD,매수,9,63.0065,,,4862.43,K 비중 맞춤(늘림 11.6%)
2024-01-08 09:30:00,INTC,매도,2,47.0465,-0.59,-0.623,4956.46,K 비중 맞춤(줄임 1.6%)
2024-01-08 09:30:00,LRCX,매도,1,73.5972,-4.24,-5.457,5030.0,K 비중 맞춤(줄임 1.7%)
2024-01-08 09:30:00,MRVL,매도,1,59.97,-0.65,-1.068,5089.93,K 비중 맞춤(줄임 1.8%)
2024-01-08 09:30:00,MU,매도,1,83.8481,-2.47,-2.862,5173.71,K 비중 맞춤(줄임 1.9%)
2024-01-08 09:30:00,NET,매도,1,76.9415,-5.81,-7.035,5250.6,K 비중 맞춤(줄임 2.3%)
2024-01-08 09:30:00,NVDA,매수,12,49.5368,,,4655.74,K 비중 맞춤(늘림 12.3%)
2024-01-08 09:30:00,SHIP,매수,91,8.014,,,3925.96,K 비중 맞춤(늘림 10.2%)
2024-01-08 09:30:00,SHOP,매도,1,74.7426,-3.12,-4.007,4000.65,K 비중 맞춤(줄임 2.2%)
2024-01-08 09:30:00,STX,매도,1,80.03,-5.67,-6.621,4080.62,K 비중 맞춤(줄임 2.3%)
2024-01-08 09:30:00,VZ,매도,3,40.1299,7.28,6.442,4200.92,K 비중 맞춤(줄임 1.9%)
2024-01-08 09:30:00,WDC,매도,3,37.8798,-2.23,-1.926,4314.48,K 비중 맞춤(줄임 2.3%)
2024-01-09 09:30:00,DDOG,매수,6,118.5192,,,3602.86,K 비중 맞춤(늘림 12.0%)
2024-01-09 09:30:00,SHIP,매도,91,7.1964,-74.29,-10.202,4257.26,K 비중 맞춤(줄임 0.0%)
2024-01-11 09:30:00,DAVE,매도,1,9.7151,2.16,28.62,4266.96,로테이션 제외(모멘텀 순위 밖 또는 국면 0)
2024-01-11 09:30:00,DDOG,매도,6,121.3943,13.53,1.896,4994.8,K 비중 맞춤(줄임 1.4%)
2024-01-12 09:30:00,AVGO,매수,6,111.2656,,,4326.74,K 비중 맞춤(늘림 11.6%)
2024-01-12 09:30:00,PANW,매도,1,162.1739,11.36,7.544,4488.79,K 비중 맞춤(줄임 2.1%)
2024-01-16 09:30:00,AVGO,매도,6,111.1784,-2.84,-0.425,5155.38,K 비중 맞춤(줄임 1.1%)
2024-01-16 09:30:00,DDOG,매수,6,123.0615,,,4416.49,K 비중 맞춤(늘림 12.4%)
2024-01-16 09:30:00,MRVL,매도,1,65.4972,4.88,8.057,4481.94,K 비중 맞춤(줄임 1.7%)
2024-01-19 09:30:00,DDOG,매도,6,127.986,31.98,4.352,5249.3,K 비중 맞춤(줄임 1.4%)
2024-01-19 09:30:00,NOW,매도,1,150.013,14.69,10.871,5399.2,K 비중 맞춤(줄임 2.0%)
2024-01-19 09:30:00,ORCL,매수,1,109.3747,,,5289.75,K 따라 매수: 주식층 비중 2.1%
2024-01-19 09:31:21,DAVE,매수,30,12.2288,,,4922.63,K 따라 매수: 주식층 비중 11.0%
2024-01-19 09:32:43,DAVE,매수,39,12.2415,,,4444.88,K 비중 맞춤(늘림 11.0%)
2024-01-22 09:30:00,VZ,매도,4,39.3603,6.63,4.4,4602.2,로테이션 제외(모멘텀 순위 밖 또는 국면 0)
2024-01-23 09:30:00,CRDO,매도,4,22.079,16.48,22.986,4690.45,K 비중 맞춤(줄임 12.8%)
2024-01-23 09:30:00,DAVE,매도,13,15.1324,37.4,23.512,4887.03,K 비중 맞춤(줄임 10.5%)
2024-01-24 09:30:00,AMD,매도,1,172.4637,31.69,22.547,5059.37,로테이션 제외(모멘텀 순위 밖 또는 국면 0)
2024-01-24 09:30:00,AVGO,매도,1,124.1674,12.51,11.217,5183.45,로테이션 제외(모멘텀 순위 밖 또는 국면 0)
2024-01-24 09:30:00,CRDO,매도,47,21.969,188.53,22.373,6215.24,로테이션 제외(모멘텀 순위 밖 또는 국면 0)
2024-01-24 09:30:00,CRWD,매도,9,75.1074,117.9,21.16,6890.71,K 비중 맞춤(줄임 3.4%)
2024-01-24 09:30:00,DAVE,매도,45,16.9815,212.61,38.612,7654.32,K 비중 맞춤(줄임 2.1%)
2024-01-24 09:30:00,DDOG,매도,1,130.4297,7.77,6.346,7784.65,로테이션 제외(모멘텀 순위 밖 또는 국면 0)
2024-01-24 09:30:00,FTNT,매수,1,65.0925,,,7719.52,K 따라 매수: 주식층 비중 1.5%
2024-01-24 09:30:00,INTC,매도,3,49.1454,5.41,3.814,7866.85,로테이션 제외(모멘텀 순위 밖 또는 국면 0)
2024-01-24 09:30:00,LRCX,매도,2,84.9575,14.22,9.147,8036.64,로테이션 제외(모멘텀 순위 밖 또는 국면 0)
2024-01-24 09:30:00,MRVL,매도,2,71.7141,22.18,18.32,8179.96,로테이션 제외(모멘텀 순위 밖 또는 국면 0)
2024-01-24 09:30:00,MU,매도,2,88.3658,4.1,2.376,8356.56,로테이션 제외(모멘텀 순위 밖 또는 국면 0)
2024-01-24 09:30:00,NET,매도,3,85.3273,7.7,3.105,8612.36,로테이션 제외(모멘텀 순위 밖 또는 국면 0)
2024-01-24 09:30:00,NOW,매도,1,154.1029,18.78,13.896,8766.35,로테이션 제외(모멘텀 순위 밖 또는 국면 0)
2024-01-24 09:30:00,NVDA,매도,18,60.2738,193.76,21.776,9850.48,로테이션 제외(모멘텀 순위 밖 또는 국면 0)
2024-01-24 09:30:00,ORCL,매도,1,113.3633,3.83,3.501,9963.77,로테이션 제외(모멘텀 순위 밖 또는 국면 0)
2024-01-24 09:30:00,SHIP,매도,1,7.7461,-0.27,-3.337,9971.51,로테이션 제외(모멘텀 순위 밖 또는 국면 0)
2024-01-24 09:30:00,SHOP,매도,3,82.2389,13.13,5.628,10218.04,로테이션 제외(모멘텀 순위 밖 또는 국면 0)
2024-01-24 09:30:00,STX,매도,3,90.4348,14.19,5.528,10489.15,로테이션 제외(모멘텀 순위 밖 또는 국면 0)
2024-01-24 09:30:00,WDC,매도,5,44.5733,29.73,15.416,10711.85,로테이션 제외(모멘텀 순위 밖 또는 국면 0)
2024-01-25 09:30:00,AMGN,매수,1,308.8744,,,10402.76,K 따라 매수: 주식층 비중 3.9%
2024-01-25 09:30:00,CRWD,매도,4,76.3643,57.42,23.189,10708.0,로테이션 제외(모멘텀 순위 밖 또는 국면 0)
2024-01-25 09:30:00,DAVE,매도,11,17.8111,61.09,45.387,10903.78,로테이션 제외(모멘텀 순위 밖 또는 국면 0)
2024-01-25 09:30:00,FTNT,매도,1,67.2364,2.05,3.148,10970.96,로테이션 제외(모멘텀 순위 밖 또는 국면 0)
2024-01-25 09:30:00,GOOGL,매수,1,149.8249,,,10821.03,K 비중 맞춤(늘림 3.7%)
2024-01-25 09:30:00,KO,매수,2,59.0395,,,10702.87,K 따라 매수: 주식층 비중 1.8%
2024-01-25 09:30:00,MNST,매수,6,27.7139,,,10536.47,K 따라 매수: 주식층 비중 2.2%
2024-01-25 09:30:00,PANW,매도,1,172.1439,21.32,14.159,10708.49,로테이션 제외(모멘텀 순위 밖 또는 국면 0)
2024-01-25 10:30:00,UNP,매수,1,240.5302,,,10467.79,저점 $238.52 대비 +0.79% 반등 (RSI 40)
2024-01-25 13:30:00,TSLA,매수,2,182.011,,,10103.51,저점 $180.93 대비 +0.55% 반등 (RSI 17)
2024-01-26 09:30:00,CRWD,매수,9,72.6588,,,9449.13,K 따라 매수: 주식층 비중 8.7%
2024-01-26 09:30:00,DAVE,매수,36,16.5883,,,8851.53,K 따라 매수: 주식층 비중 7.4%
2024-01-26 09:30:00,DDOG,매수,5,121.5207,,,8243.5,K 따라 매수: 주식층 비중 8.8%
2024-01-26 09:30:00,FTNT,매수,1,65.4927,,,8177.96,K 따라 매수: 주식층 비중 1.5%
2024-01-26 09:30:00,GOOGL,매도,1,151.0245,9.9,7.022,8328.88,K 비중 맞춤(줄임 1.5%)
2024-01-26 09:30:00,KO,매도,1,59.2204,0.1,0.163,8388.05,K 비중 맞춤(줄임 0.1%)
2024-01-26 09:30:00,META,매수,1,394.5472,,,7993.23,K 따라 매수: 주식층 비중 8.9%
2024-01-26 09:30:00,MNST,매도,5,27.5662,-0.94,-0.675,8130.96,K 비중 맞춤(줄임 0.0%)
2024-01-26 09:30:00,NET,매수,2,81.2806,,,7968.29,K 따라 매수: 주식층 비중 2.3%
2024-01-26 09:30:00,NOW,매수,1,153.4967,,,7814.68,K 따라 매수: 주식층 비중 1.9%
2024-01-26 09:30:00,ORCL,매수,1,114.6973,,,7699.9,K 따라 매수: 주식층 비중 2.1%
2024-01-26 09:30:00,PANW,매수,1,170.085,,,7529.7,K 따라 매수: 주식층 비중 2.1%
2024-01-26 09:30:00,SHOP,매수,2,80.5503,,,7368.49,K 따라 매수: 주식층 비중 2.2%
2024-01-26 09:30:00,STX,매수,2,90.115,,,7188.13,K 따라 매수: 주식층 비중 2.3%
2024-01-26 09:30:00,WDC,매수,4,44.512,,,7009.96,K 따라 매수: 주식층 비중 2.3%
2024-01-26 10:30:00,MRVL,매수,6,69.0895,,,6595.13,저점 $68.70 대비 +0.52% 반등 (RSI 38)
2024-01-29 09:30:00,CRWD,매도,9,73.4633,6.3,0.963,7255.82,로테이션 제외(모멘텀 순위 밖 또는 국면 0)
2024-01-29 09:30:00,DAVE,매도,36,14.7226,-67.97,-11.382,7785.45,로테이션 제외(모멘텀 순위 밖 또는 국면 0)
2024-01-29 09:30:00,DDOG,매도,5,124.7176,15.1,2.486,8408.58,로테이션 제외(모멘텀 순위 밖 또는 국면 0)
2024-01-29 09:30:00,FTNT,매도,1,65.7771,0.19,0.291,8474.31,로테이션 제외(모멘텀 순위 밖 또는 국면 0)
2024-01-29 09:30:00,KO,매수,1,59.3697,,,8414.9,K 비중 맞춤(늘림 1.8%)
2024-01-29 09:30:00,MNST,매수,5,27.7489,,,8276.05,K 비중 맞춤(늘림 2.2%)
2024-01-29 09:30:00,NET,매도,2,80.1799,-2.43,-1.496,8436.3,로테이션 제외(모멘텀 순위 밖 또는 국면 0)
2024-01-29 09:30:00,NOW,매도,1,153.7871,0.07,0.046,8589.97,로테이션 제외(모멘텀 순위 밖 또는 국면 0)
2024-01-29 09:30:00,ORCL,매도,1,114.0729,-0.79,-0.687,8703.96,로테이션 제외(모멘텀 순위 밖 또는 국면 0)
2024-01-29 09:30:00,PANW,매도,1,170.9095,0.58,0.341,8874.75,로테이션 제외(모멘텀 순위 밖 또는 국면 0)
2024-01-29 09:30:00,SHOP,매도,2,81.6991,2.07,1.282,9038.03,로테이션 제외(모멘텀 순위 밖 또는 국면 0)
2024-01-29 09:30:00,STX,매도,2,90.6347,0.78,0.433,9219.16,로테이션 제외(모멘텀 순위 밖 또는 국면 0)
2024-01-29 09:30:00,WDC,매도,4,44.8755,1.2,0.673,9398.53,로테이션 제외(모멘텀 순위 밖 또는 국면 0)
2024-01-29 12:29:59,TSLA,매도,2,187.5862,10.62,2.918,9773.43,고점 $189.89 대비 -1.00% → 익절 +3.11%
2024-01-30 09:30:00,CRWD,매수,6,75.2876,,,9321.39,K 따라 매수: 주식층 비중 6.3%
2024-01-30 09:30:00,DASH,매수,3,109.7849,,,8991.81,K 따라 매수: 주식층 비중 4.9%
2024-01-30 09:30:00,DAVE,매수,22,18.049,,,8594.45,K 따라 매수: 주식층 비중 4.9%
2024-01-30 09:30:00,FTNT,매수,1,66.2231,,,8528.18,K 따라 매수: 주식층 비중 1.5%
2024-01-30 09:30:00,GOOGL,매도,1,152.7236,11.59,8.227,8680.79,로테이션 제외(모멘텀 순위 밖 또는 국면 0)
2024-01-30 09:30:00,KO,매도,1,59.8201,0.53,0.896,8740.57,K 비중 맞춤(줄임 0.1%)
2024-01-30 09:30:00,MNST,매도,5,27.7511,-0.16,-0.114,8879.22,K 비중 맞춤(줄임 0.0%)
2024-01-30 09:30:00,NET,매수,2,84.2821,,,8710.54,K 따라 매수: 주식층 비중 2.3%
2024-01-30 09:30:00,ORCL,매수,1,113.4167,,,8597.04,K 따라 매수: 주식층 비중 2.0%
2024-01-30 09:30:00,PANW,매수,3,172.5012,,,8079.18,K 따라 매수: 주식층 비중 7.0%
2024-01-30 09:30:00,STX,매수,2,88.4242,,,7902.21,K 따라 매수: 주식층 비중 2.3%
2024-01-30 09:30:00,WDC,매수,4,45.0641,,,7721.82,K 따라 매수: 주식층 비중 2.3%
2024-01-30 13:30:00,SLB,매수,9,48.7043,,,7283.18,저점 $48.42 대비 +0.53% 반등 (RSI 30)
2024-01-31 09:30:00,DASH,매도,2,104.7376,-10.4,-4.737,7492.5,K 비중 맞춤(줄임 0.0%)
2024-01-31 09:30:00,DDOG,매수,4,123.3516,,,6998.75,K 따라 매수: 주식층 비중 6.2%
2024-01-31 10:30:00,DAL,매수,11,39.6098,,,6562.73,저점 $39.39 대비 +0.51% 반등 (RSI 51)
2024-01-31 10:30:00,MU,매수,5,85.6628,,,6134.12,저점 $85.12 대비 +0.59% 반등 (RSI 32)
2024-01-31 15:59:59,DAL,매도,11,39.1204,-6.0,-1.378,6564.13,시장 급락 -1.6% → 청산
2024-01-31 15:59:59,MRVL,매도,6,67.6661,-9.13,-2.202,6969.83,시장 급락 -1.6% → 청산
2024-01-31 15:59:59,MU,매도,5,85.6871,-0.49,-0.115,7397.96,시장 급락 -1.6% → 청산
2024-01-31 15:59:59,SLB,매도,9,48.6757,-0.88,-0.202,7835.72,시장 급락 -1.6% → 청산
2024-01-31 15:59:59,UNP,매도,1,243.6781,2.8,1.165,8079.22,시장 급락 -1.6% → 청산
2024-02-01 09:30:00,CRDO,매수,33,20.6203,,,7398.27,K 따라 매수: 주식층 비중 8.5%
2024-02-01 09:30:00,CRWD,매수,2,74.087,,,7249.99,K 비중 맞춤(늘림 7.6%)
2024-02-01 09:30:00,DAVE,매수,6,17.5788,,,7144.45,K 비중 맞춤(늘림 6.3%)
2024-02-01 09:30:00,DDOG,매도,4,125.6072,8.31,1.684,7646.51,로테이션 제외(모멘텀 순위 밖 또는 국면 0)
2024-02-01 09:30:00,LRCX,매수,1,83.2266,,,7563.22,K 따라 매수: 주식층 비중 1.5%
2024-02-01 09:30:00,META,매도,1,395.3023,0.19,0.048,7958.24,로테이션 제외(모멘텀 순위 밖 또는 국면 0)
2024-02-01 09:30:00,MRVL,매수,1,67.6438,,,7890.55,K 따라 매수: 주식층 비중 1.6%
2024-02-01 09:30:00,MU,매수,1,85.983,,,7804.5,K 따라 매수: 주식층 비중 1.8%
2024-02-01 09:30:00,NET,매도,2,79.88,-9.04,-5.362,7964.15,로테이션 제외(모멘텀 순위 밖 또는 국면 0)
2024-02-01 09:30:00,NVDA,매수,10,62.131,,,7342.4,K 따라 매수: 주식층 비중 8.2%
2024-02-01 09:30:00,ORCL,매도,1,112.8535,-0.72,-0.639,7455.17,로테이션 제외(모멘텀 순위 밖 또는 국면 0)
2024-02-01 09:30:00,PANW,매도,2,169.4153,-6.66,-1.931,7793.75,K 비중 맞춤(줄임 2.1%)
2024-02-01 09:30:00,SHOP,매수,2,78.9094,,,7635.82,K 따라 매수: 주식층 비중 2.2%
2024-02-01 09:30:00,STX,매도,2,86.037,-5.02,-2.841,7807.77,로테이션 제외(모멘텀 순위 밖 또는 국면 0)
2024-02-01 09:30:00,WDC,매도,4,43.2437,-7.53,-4.18,7980.62,로테이션 제외(모멘텀 순위 밖 또는 국면 0)
2024-02-01 12:30:00,DAL,매수,11,39.0945,,,7550.28,저점 $38.75 대비 +0.84% 반등 (RSI 43)
2024-02-01 12:30:00,NET,매수,5,79.1295,,,7154.36,저점 $78.35 대비 +0.94% 반등 (RSI 39)
2024-02-01 12:30:00,TSLA,매수,2,186.7833,,,6780.53,저점 $185.10 대비 +0.86% 반등 (RSI 41)
2024-02-02 09:30:00,MRVL,매수,1,67.1335,,,6713.35,K 비중 맞춤(늘림 1.7%)
2024-02-02 09:30:00,NOW,매수,1,154.8714,,,6558.37,K 따라 매수: 주식층 비중 2.0%
2024-02-02 15:59:59,NET,매도,5,82.5887,16.72,4.225,6971.01,고점 $83.13 대비 -0.50% → 익절 +4.42%
2024-02-05 09:30:00,CRDO,매수,12,22.1111,,,6705.49,K 비중 맞춤(늘림 12.1%)
2024-02-05 09:30:00,CRWD,매수,4,76.2881,,,6400.13,K 비중 맞춤(늘림 11.1%)
2024-02-05 09:30:00,DAVE,매수,7,22.9114,,,6239.63,K 비중 맞춤(늘림 9.8%)
2024-02-05 09:30:00,NET,매수,2,81.8109,,,6075.9,K 따라 매수: 주식층 비중 2.3%
2024-02-05 09:30:00,NVDA,매수,4,67.7338,,,5804.77,K 비중 맞춤(늘림 11.8%)
2024-02-05 09:30:00,ORCL,매수,1,115.5878,,,5689.1,K 따라 매수: 주식층 비중 2.1%
2024-02-05 09:30:00,STX,매수,2,87.2136,,,5514.55,K 따라 매수: 주식층 비중 2.3%
2024-02-05 09:30:00,WDC,매수,4,43.8995,,,5338.83,K 따라 매수: 주식층 비중 2.3%
2024-02-05 10:29:59,TSLA,매도,2,178.8357,-16.42,-4.395,5696.24,손절 -4.21%
2024-02-05 11:30:00,CROX,매수,4,96.6683,,,5309.3,저점 $95.90 대비 +0.75% 반등 (RSI 34)
2024-02-06 09:30:00,AMGN,매도,1,325.2373,15.91,5.151,5634.3,로테이션 제외(모멘텀 순위 밖 또는 국면 0)
2024-02-06 09:30:00,AVGO,매수,2,126.4202,,,5381.28,K 따라 매수: 주식층 비중 9.6%
2024-02-06 09:30:00,CRWD,매도,12,76.3043,9.3,1.027,6296.27,로테이션 제외(모멘텀 순위 밖 또는 국면 0)
2024-02-06 09:30:00,DAVE,매도,3,22.2489,9.84,17.309,6362.96,K 비중 맞춤(줄임 8.6%)
2024-02-06 09:30:00,FTNT,매도,1,66.4668,0.15,0.225,6429.38,로테이션 제외(모멘텀 순위 밖 또는 국면 0)
2024-02-06 09:30:00,NVDA,매도,1,69.5952,5.77,9.05,6498.93,K 비중 맞춤(줄임 10.6%)
2024-02-06 09:30:00,PANW,매도,1,172.6586,-0.09,-0.052,6671.46,로테이션 제외(모멘텀 순위 밖 또는 국면 0)
2024-02-06 09:32:24,AVGO,매수,4,126.6338,,,6164.57,K 비중 맞춤(늘림 9.6%)
2024-02-07 09:30:00,CRDO,매도,6,20.8296,-1.31,-1.038,6289.45,K 비중 맞춤(줄임 9.7%)
2024-02-07 10:29:59,CROX,매도,4,98.5558,6.99,1.808,6683.39,고점 $99.82 대비 -1.00% → 익절 +2.00%
2024-02-07 11:29:59,DAL,매도,11,39.8801,8.02,1.865,7121.75,고점 $40.31 대비 -1.00% → 익절 +2.06%
2024-02-08 09:30:00,AVGO,매도,5,126.6366,-0.53,-0.085,7754.47,K 비중 맞춤(줄임 1.1%)
2024-02-08 09:30:00,CRDO,매도,8,21.1394,0.73,0.435,7923.46,K 비중 맞춤(줄임 7.9%)
2024-02-08 09:30:00,CRWD,매수,8,79.2171,,,7289.28,K 따라 매수: 주식층 비중 8.1%
2024-02-08 09:30:00,DAVE,매도,6,21.6392,16.02,14.092,7419.02,K 비중 맞춤(줄임 6.7%)
2024-02-08 09:30:00,FTNT,매수,1,69.8249,,,7349.15,K 따라 매수: 주식층 비중 1.5%
2024-02-08 09:30:00,KO,매도,1,59.8601,0.57,0.963,7408.97,로테이션 제외(모멘텀 순위 밖 또는 국면 0)
2024-02-08 09:30:00,MNST,매도,1,28.2309,0.45,1.614,7437.18,로테이션 제외(모멘텀 순위 밖 또는 국면 0)
2024-02-08 09:30:00,NET,매도,2,83.7081,3.56,2.174,7604.47,로테이션 제외(모멘텀 순위 밖 또는 국면 0)
2024-02-08 09:30:00,NVDA,매도,2,70.039,12.42,9.746,7744.45,K 비중 맞춤(줄임 8.8%)
2024-02-08 09:30:00,ORCL,매도,1,117.0315,1.28,1.105,7861.39,로테이션 제외(모멘텀 순위 밖 또는 국면 0)
2024-02-08 09:30:00,PANW,매수,1,181.7008,,,7679.56,K 따라 매수: 주식층 비중 2.3%
2024-02-08 09:30:00,STX,매도,2,86.6566,-1.36,-0.781,7852.75,로테이션 제외(모멘텀 순위 밖 또는 국면 0)
2024-02-08 09:30:00,WDC,매도,4,43.493,-1.88,-1.068,8026.6,로테이션 제외(모멘텀 순위 밖 또는 국면 0)
2024-02-12 09:30:00,CRDO,매도,9,22.8885,16.55,8.751,8232.44,K 비중 맞춤(줄임 5.8%)
2024-02-12 09:30:00,CRWD,매도,1,82.3838,3.05,3.852,8314.77,K 비중 맞춤(줄임 6.0%)
2024-02-12 09:30:00,DAVE,매도,7,20.3598,9.74,7.343,8457.18,K 비중 맞춤(줄임 4.6%)
2024-02-12 09:30:00,NOW,매도,1,162.7386,7.64,4.933,8619.8,로테이션 제외(모멘텀 순위 밖 또는 국면 0)
2024-02-12 09:30:00,NVDA,매도,3,72.5637,26.2,13.705,8837.33,K 비중 맞춤(줄임 6.7%)
2024-02-12 09:30:00,SHOP,매도,2,91.3543,24.65,15.617,9019.91,로테이션 제외(모멘텀 순위 밖 또는 국면 0)
2024-02-14 09:30:00,CRDO,매수,17,22.5113,,,8636.95,K 비중 맞춤(늘림 10.6%)
2024-02-14 09:30:00,CRWD,매수,3,81.981,,,8390.83,K 비중 맞춤(늘림 10.7%)
2024-02-14 09:30:00,DAVE,매수,18,21.0205,,,8012.2,K 비중 맞춤(늘림 9.4%)
2024-02-14 09:30:00,MU,매수,1,82.2211,,,7929.92,K 비중 맞춤(늘림 2.0%)
2024-02-14 09:30:00,NET,매수,1,101.9209,,,7827.93,K 따라 매수: 주식층 비중 2.3%
2024-02-14 09:30:00,NOW,매수,1,157.0785,,,7670.74,K 따라 매수: 주식층 비중 2.1%
2024-02-14 09:30:00,NVDA,매수,5,73.2386,,,7304.29,K 비중 맞춤(늘림 11.5%)
2024-02-14 09:30:00,ORCL,매수,1,114.3772,,,7189.83,K 따라 매수: 주식층 비중 2.2%
2024-02-14 09:30:00,STX,매수,2,88.144,,,7013.42,K 따라 매수: 주식층 비중 2.3%
2024-02-14 09:30:00,WDC,매수,4,42.2963,,,6844.12,K 따라 매수: 주식층 비중 2.3%
2024-02-15 09:30:00,DASH,매도,1,118.5307,8.58,7.818,6962.56,로테이션 제외(모멘텀 순위 밖 또는 국면 0)
2024-02-15 09:30:00,VZ,매수,3,40.2301,,,6841.79,K 따라 매수: 주식층 비중 1.9%
2024-02-16 09:30:00,CRWD,매수,1,82.989,,,6758.74,K 비중 맞춤(늘림 11.1%)
2024-02-20 09:30:00,CRWD,매도,11,81.7091,14.07,1.593,7656.89,로테이션 제외(모멘텀 순위 밖 또는 국면 0)
2024-02-20 09:30:00,DAVE,매도,9,25.7071,51.5,28.677,7888.08,K 비중 맞춤(줄임 8.4%)
2024-02-20 09:30:00,FTNT,매도,1,68.2159,-1.71,-2.446,7956.25,로테이션 제외(모멘텀 순위 밖 또는 국면 0)
2024-02-20 09:30:00,META,매수,1,471.0254,,,7484.89,K 따라 매수: 주식층 비중 9.9%
2024-02-20 09:30:00,PANW,매도,1,183.5882,1.63,0.895,7668.35,로테이션 제외(모멘텀 순위 밖 또는 국면 0)
2024-02-20 11:30:00,FTNT,매수,7,67.6938,,,7194.16,저점 $67.06 대비 +0.89% 반등 (RSI 35)
2024-02-20 13:30:00,AMD,매수,2,163.9419,,,6866.04,저점 $162.66 대비 +0.74% 반등 (RSI 30)
2024-02-20 13:30:00,CRWD,매수,5,80.04,,,6465.56,저점 $79.35 대비 +0.82% 반등 (RSI 41)
2024-02-21 09:30:00,AVGO,매도,1,121.7391,-5.0,-3.951,6587.21,로테이션 제외(모멘텀 순위 밖 또는 국면 0)
2024-02-21 09:30:00,CRDO,매도,39,21.0895,-23.79,-2.815,7409.1,로테이션 제외(모멘텀 순위 밖 또는 국면 0)
2024-02-21 09:30:00,CRWD,매도,5,70.7221,-47.13,-11.776,7762.45,손절 -11.60%
2024-02-21 09:30:00,DAVE,매도,10,23.6882,37.04,18.565,7999.16,K 비중 맞춤(줄임 5.1%)
2024-02-21 09:30:00,DDOG,매수,1,124.8724,,,7874.2,K 따라 매수: 주식층 비중 1.6%
2024-02-21 09:30:00,FTNT,매도,7,61.999,-40.51,-8.55,8307.88,손절 -8.37%
2024-02-21 09:30:00,LRCX,매도,1,89.4568,6.11,7.337,8397.27,로테이션 제외(모멘텀 순위 밖 또는 국면 0)
2024-02-21 09:30:00,MRVL,매도,2,64.4678,-6.03,-4.474,8526.11,로테이션 제외(모멘텀 순위 밖 또는 국면 0)
2024-02-21 09:30:00,MU,매도,2,80.7496,-6.94,-4.126,8687.49,로테이션 제외(모멘텀 순위 밖 또는 국면 0)
2024-02-21 09:30:00,NET,매수,5,93.9369,,,8217.48,K 비중 맞춤(늘림 7.1%)
2024-02-21 09:30:00,NVDA,매도,13,67.966,6.25,0.714,9100.39,로테이션 제외(모멘텀 순위 밖 또는 국면 0)
2024-02-21 09:30:00,VZ,매도,2,40.4698,0.36,0.452,9181.27,K 비중 맞춤(줄임 0.0%)
2024-02-22 09:30:00,DAVE,매수,3,23.0915,,,9111.95,K 비중 맞춤(늘림 6.1%)
2024-02-22 09:30:00,NET,매도,4,99.4103,16.01,4.202,9509.3,K 비중 맞춤(줄임 2.3%)
2024-02-22 09:30:00,RL,매수,2,185.7428,,,9137.56,K 따라 매수: 주식층 비중 6.1%
2024-02-22 13:29:59,AMD,매도,2,181.6366,34.89,10.642,9500.56,고점 $182.97 대비 -0.50% → 익절 +10.85%
2024-02-22 14:30:00,NEM,매수,15,31.0805,,,9034.03,저점 $30.77 대비 +0.96% 반등 (RSI 28)
2024-02-23 09:30:00,CRDO,매수,37,23.4017,,,8167.56,K 따라 매수: 주식층 비중 10.7%
2024-02-23 09:30:00,DAVE,매수,13,22.2911,,,7877.57,K 비중 맞춤(늘림 9.2%)
2024-02-23 09:30:00,LRCX,매수,1,94.7614,,,7782.74,K 따라 매수: 주식층 비중 1.8%
2024-02-23 09:30:00,MRVL,매수,2,69.8849,,,7642.88,K 따라 매수: 주식층 비중 2.3%
2024-02-23 09:30:00,MU,매수,2,86.5933,,,7469.57,K 따라 매수: 주식층 비중 2.3%
2024-02-23 09:30:00,NVDA,매수,11,80.8304,,,6579.81,K 따라 매수: 주식층 비중 11.3%
2024-02-23 09:30:00,RL,매도,1,187.866,1.86,0.999,6767.54,K 비중 맞춤(줄임 0.0%)
2024-02-23 10:30:00,PANW,매수,3,139.5808,,,6348.51,저점 $138.48 대비 +0.75% 반등 (RSI 33)
2024-02-26 13:29:59,PANW,매도,3,153.1034,39.94,9.538,6807.48,고점 $156.23 대비 -0.50% → 익절 +9.74%
2024-02-26 14:29:59,NEM,매도,15,29.7651,-20.38,-4.372,7253.63,손절 -4.18%
2024-02-27 09:30:00,CRDO,매도,37,22.3188,-41.27,-4.767,8078.83,로테이션 제외(모멘텀 순위 밖 또는 국면 0)
2024-02-27 09:30:00,CRWD,매수,8,81.2906,,,7428.05,K 따라 매수: 주식층 비중 8.4%
2024-02-27 09:30:00,DAVE,매도,12,23.5382,28.59,11.279,7710.3,K 비중 맞춤(줄임 6.2%)
2024-02-27 09:30:00,FTNT,매수,2,69.1596,,,7571.88,K 따라 매수: 주식층 비중 1.7%
2024-02-27 09:30:00,LRCX,매도,1,93.991,-0.91,-0.955,7665.8,로테이션 제외(모멘텀 순위 밖 또는 국면 0)
2024-02-27 09:30:00,MRVL,매도,2,69.7251,-0.52,-0.371,7805.15,로테이션 제외(모멘텀 순위 밖 또는 국면 0)
2024-02-27 09:30:00,MU,매도,2,91.954,10.47,6.043,7988.93,로테이션 제외(모멘텀 순위 밖 또는 국면 0)
2024-02-27 09:30:00,NVDA,매도,11,79.1604,-19.63,-2.208,8859.06,로테이션 제외(모멘텀 순위 밖 또는 국면 0)
2024-02-27 11:30:00,INCY,매수,7,60.2201,,,8437.22,저점 $59.86 대비 +0.55% 반등 (RSI 49)
2024-02-28 09:30:00,CRWD,매도,1,79.6751,-1.73,-2.129,8516.84,K 비중 맞춤(줄임 6.6%)
2024-02-28 09:30:00,DAVE,매도,7,25.6971,31.78,21.492,8696.59,K 비중 맞춤(줄임 4.3%)
2024-02-28 09:30:00,NOW,매도,1,152.5757,-4.72,-3.008,8849.05,로테이션 제외(모멘텀 순위 밖 또는 국면 0)
2024-02-28 09:30:00,SHIP,매수,44,8.1041,,,8492.22,K 따라 매수: 주식층 비중 4.3%
2024-02-28 11:30:00,AVGO,매수,3,129.5883,,,8103.18,저점 $128.49 대비 +0.81% 반등 (RSI 52)
2024-02-29 09:30:00,CRDO,매수,5,22.7013,,,7989.6,K 따라 매수: 주식층 비중 1.4%
2024-02-29 09:30:00,CRWD,매수,3,81.3119,,,7745.49,K 비중 맞춤(늘림 10.2%)
2024-02-29 09:30:00,DAVE,매수,9,26.7834,,,7504.27,K 비중 맞춤(늘림 8.0%)
2024-02-29 09:30:00,INTC,매수,4,42.3962,,,7334.57,K 따라 매수: 주식층 비중 2.3%
2024-02-29 09:30:00,LRCX,매수,1,93.6938,,,7240.81,K 따라 매수: 주식층 비중 1.8%
2024-02-29 09:30:00,MRVL,매수,2,68.9545,,,7102.8,K 따라 매수: 주식층 비중 2.3%
2024-02-29 09:30:00,MU,매수,2,90.5452,,,6921.59,K 따라 매수: 주식층 비중 2.3%
2024-02-29 09:30:00,NVDA,매수,10,79.2896,,,6128.14,K 따라 매수: 주식층 비중 10.0%
2024-02-29 09:30:00,SHIP,매수,37,8.1041,,,5828.08,K 비중 맞춤(늘림 8.0%)
2024-03-01 09:30:00,CRWD,매수,2,79.1571,,,5669.65,K 비중 맞춤(늘림 11.9%)
2024-03-01 09:30:00,DAVE,매수,5,26.9385,,,5534.86,K 비중 맞춤(늘림 9.7%)
2024-03-01 09:30:00,NOW,매수,1,154.4772,,,5380.28,K 따라 매수: 주식층 비중 2.0%
2024-03-01 09:30:00,NVDA,매수,2,80.1571,,,5219.85,K 비중 맞춤(늘림 11.7%)
2024-03-01 09:30:00,SHIP,매수,16,8.3266,,,5086.53,K 비중 맞춤(늘림 9.7%)
2024-03-01 15:29:59,AVGO,매도,3,139.4302,28.95,7.446,5504.52,고점 $140.23 대비 -0.50% → 익절 +7.65%
2024-03-04 09:30:00,DAVE,매수,6,22.5563,,,5369.09,K 비중 맞춤(늘림 9.7%)
2024-03-04 09:30:00,RL,매도,1,179.9,-6.1,-3.286,5548.86,로테이션 제외(모멘텀 순위 밖 또는 국면 0)
2024-03-04 11:30:00,PANW,매수,1,148.2741,,,5400.48,저점 $147.21 대비 +0.68% 반등 (RSI 37)
2024-03-04 15:59:59,INCY,매도,7,59.7201,-4.1,-0.973,5818.21,보유기한 청산 -0.78%
2024-03-05 09:30:00,AMD,매수,2,200.3501,,,5417.23,K 따라 매수: 주식층 비중 9.9%
2024-03-05 09:30:00,CRWD,매도,12,76.5242,-54.34,-5.595,6334.85,로테이션 제외(모멘텀 순위 밖 또는 국면 0)
2024-03-05 09:30:00,DAVE,매도,35,27.5762,135.95,16.42,7299.32,로테이션 제외(모멘텀 순위 밖 또는 국면 0)
2024-03-05 09:30:00,FTNT,매도,2,70.6447,2.77,2.003,7440.5,로테이션 제외(모멘텀 순위 밖 또는 국면 0)
2024-03-05 09:30:00,META,매도,1,494.0029,22.29,4.732,7934.14,로테이션 제외(모멘텀 순위 밖 또는 국면 0)
2024-03-05 09:30:00,NVDA,매도,1,85.2574,5.71,7.182,8019.34,K 비중 맞춤(줄임 10.8%)
2024-03-05 09:30:00,SHIP,매도,97,8.006,-14.19,-1.797,8795.35,로테이션 제외(모멘텀 순위 밖 또는 국면 0)
2024-03-05 09:30:00,STX,매수,7,97.7689,,,8110.49,K 비중 맞춤(늘림 10.9%)
2024-03-05 09:30:00,VZ,매도,1,40.3298,0.04,0.105,8150.79,로테이션 제외(모멘텀 순위 밖 또는 국면 0)
2024-03-05 09:32:04,AMD,매수,2,199.9833,,,7750.55,K 비중 맞춤(늘림 9.9%)
2024-03-05 09:34:00,AVGO,매수,6,139.0643,,,6915.58,K 따라 매수: 주식층 비중 10.0%
2024-03-05 11:30:00,FTNT,매수,7,68.1874,,,6437.93,저점 $67.67 대비 +0.71% 반등 (RSI 38)
2024-03-06 09:30:00,CRDO,매수,3,21.2256,,,6374.21,K 비중 맞춤(늘림 2.2%)
2024-03-06 10:29:59,FTNT,매도,7,69.8551,10.98,2.301,6862.84,고점 $70.95 대비 -1.00% → 익절 +2.50%
2024-03-06 10:29:59,PANW,매도,1,140.4298,-8.05,-5.43,7003.17,손절 -5.24%
2024-03-07 09:30:00,AMD,매도,4,212.4137,47.81,5.971,7852.2,로테이션 제외(모멘텀 순위 밖 또는 국면 0)
2024-03-07 09:30:00,AVGO,매도,6,138.1299,-6.8,-0.814,8680.38,로테이션 제외(모멘텀 순위 밖 또는 국면 0)
2024-03-07 09:30:00,CRDO,매도,8,21.909,-2.16,-1.221,8855.52,로테이션 제외(모멘텀 순위 밖 또는 국면 0)
2024-03-07 09:30:00,DDOG,매도,1,124.9375,-0.11,-0.091,8980.37,로테이션 제외(모멘텀 순위 밖 또는 국면 0)
2024-03-07 09:30:00,FTNT,매수,1,71.986,,,8908.33,K 따라 매수: 주식층 비중 1.6%
2024-03-07 09:30:00,INTC,매도,4,45.5272,12.27,7.237,9090.31,로테이션 제외(모멘텀 순위 밖 또는 국면 0)
2024-03-07 09:30:00,LRCX,매도,1,98.8516,5.02,5.358,9189.08,로테이션 제외(모멘텀 순위 밖 또는 국면 0)
2024-03-07 09:30:00,MRVL,매도,2,81.1394,24.15,17.515,9351.25,로테이션 제외(모멘텀 순위 밖 또는 국면 0)
2024-03-07 09:30:00,MU,매도,2,98.8805,16.4,9.056,9548.86,로테이션 제외(모멘텀 순위 밖 또는 국면 0)
2024-03-07 09:30:00,NET,매도,2,98.3708,5.93,3.112,9745.46,로테이션 제외(모멘텀 순위 밖 또는 국면 0)
2024-03-07 09:30:00,NOW,매수,1,149.7688,,,9595.59,K 비중 맞춤(늘림 3.9%)
2024-03-07 09:30:00,NVDA,매도,11,90.1129,116.13,13.291,10586.1,로테이션 제외(모멘텀 순위 밖 또는 국면 0)
2024-03-07 09:30:00,ORCL,매도,1,113.883,-0.66,-0.575,10699.9,로테이션 제외(모멘텀 순위 밖 또는 국면 0)
2024-03-07 09:30:00,STX,매도,9,94.0929,-15.05,-1.749,11546.12,로테이션 제외(모멘텀 순위 밖 또는 국면 0)
2024-03-07 09:30:00,WDC,매도,4,48.9778,26.46,15.642,11741.89,로테이션 제외(모멘텀 순위 밖 또는 국면 0)
2024-03-07 11:30:00,AMGN,매수,1,273.2966,,,11468.4,저점 $271.77 대비 +0.51% 반등 (RSI 35)
2024-03-08 12:30:00,DDOG,매수,3,122.3511,,,11101.09,저점 $121.39 대비 +0.74% 반등 (RSI 39)
2024-03-08 14:30:00,DASH,매수,3,130.7153,,,10708.67,저점 $129.65 대비 +0.77% 반등 (RSI 46)
2024-03-11 09:30:00,AMD,매수,2,202.101,,,10304.19,K 따라 매수: 주식층 비중 6.4%
2024-03-11 09:30:00,AVGO,매수,4,128.8144,,,9788.57,K 따라 매수: 주식층 비중 6.5%
2024-03-11 09:30:00,CRDO,매수,8,22.1599,,,9611.17,K 따라 매수: 주식층 비중 2.2%
2024-03-11 09:30:00,INTC,매수,4,43.942,,,9435.28,K 따라 매수: 주식층 비중 2.2%
2024-03-11 09:30:00,LRCX,매수,6,94.1971,,,8869.7,K 따라 매수: 주식층 비중 6.9%
2024-03-11 09:30:00,MU,매수,1,96.048,,,8773.58,K 따라 매수: 주식층 비중 2.2%
2024-03-11 09:30:00,NVDA,매수,6,87.6438,,,8247.35,K 따라 매수: 주식층 비중 7.2%
2024-03-11 11:30:00,MDB,매수,1,368.9944,,,7878.1,저점 $365.95 대비 +0.78% 반등 (RSI 26)
2024-03-11 11:30:00,STX,매수,5,91.1105,,,7422.23,저점 $90.38 대비 +0.76% 반등 (RSI 36)
2024-03-12 09:30:00,AMD,매도,1,200.4197,-1.97,-0.974,7622.5,K 비중 맞춤(줄임 1.2%)
2024-03-12 09:30:00,AVGO,매도,3,130.6346,4.9,1.269,8014.12,K 비중 맞춤(줄임 1.3%)
2024-03-12 09:30:00,CRDO,매수,1,20.6423,,,7993.46,K 비중 맞춤(늘림 2.3%)
2024-03-12 09:30:00,DAVE,매수,13,33.0165,,,7563.95,K 따라 매수: 주식층 비중 5.5%
2024-03-12 09:30:00,LRCX,매도,4,93.3003,-4.12,-1.094,7936.87,K 비중 맞춤(줄임 1.7%)
2024-03-12 09:30:00,MU,매수,1,95.3777,,,7841.43,K 비중 맞춤(늘림 2.3%)
2024-03-12 09:30:00,NVDA,매수,1,88.093,,,7753.28,K 비중 맞춤(늘림 7.4%)
2024-03-12 09:30:00,SHIP,매수,56,8.2441,,,7291.28,K 따라 매수: 주식층 비중 5.5%
2024-03-13 09:30:00,DAVE,매수,8,34.5172,,,7014.95,K 비중 맞춤(늘림 8.8%)
2024-03-13 09:30:00,META,매수,1,495.6377,,,6518.97,K 따라 매수: 주식층 비중 8.8%
2024-03-13 09:30:00,NET,매수,1,96.3782,,,6422.52,K 따라 매수: 주식층 비중 2.3%
2024-03-13 09:30:00,NVDA,매수,3,91.1005,,,6149.03,K 비중 맞춤(늘림 10.7%)
2024-03-13 09:30:00,ORCL,매수,1,128.064,,,6020.87,K 따라 매수: 주식층 비중 2.1%
2024-03-13 09:30:00,SHIP,매수,31,8.5143,,,5756.75,K 비중 맞춤(늘림 8.8%)
2024-03-13 09:30:00,WDC,매수,4,47.3782,,,5567.1,K 따라 매수: 주식층 비중 2.3%
2024-03-13 15:59:59,AMGN,매도,1,275.852,2.16,0.791,5842.75,보유기한 청산 +0.99%
2024-03-14 09:30:00,NOW,매도,1,157.5472,5.2,3.42,6000.18,K 비중 맞춤(줄임 1.8%)
2024-03-14 09:30:00,SHIP,매도,87,9.1154,66.34,9.143,6792.65,로테이션 제외(모멘텀 순위 밖 또는 국면 0)
2024-03-14 10:29:59,STX,매도,5,87.2139,-20.12,-4.417,7228.4,손절 -4.23%
2024-03-14 15:59:59,DASH,매도,3,132.4437,4.62,1.178,7625.44,보유기한 청산 +1.37%
2024-03-14 15:59:59,DDOG,매도,3,122.5887,0.19,0.051,7992.94,보유기한 청산 +0.24%
2024-03-15 09:30:00,DASH,매수,5,133.8769,,,7323.09,K 따라 매수: 주식층 비중 8.8%
2024-03-15 09:30:00,DDOG,매수,1,122.8214,,,7200.18,K 따라 매수: 주식층 비중 2.3%
2024-03-15 09:30:00,NET,매수,1,93.1966,,,7106.92,K 비중 맞춤(늘림 2.3%)
2024-03-15 10:30:00,NEM,매수,14,33.6768,,,6635.11,저점 $33.48 대비 +0.54% 반등 (RSI 39)
2024-03-15 15:59:59,MDB,매도,1,355.3822,-14.13,-3.829,6990.23,보유기한 청산 -3.64%
2024-03-18 09:30:00,SHIP,매수,83,8.8744,,,6253.14,K 따라 매수: 주식층 비중 8.8%
2024-03-18 14:30:00,SHOP,매수,6,77.2386,,,5789.38,저점 $76.56 대비 +0.84% 반등 (RSI 49)
2024-03-20 09:30:00,AMD,매도,1,181.859,-20.52,-10.151,5971.11,로테이션 제외(모멘텀 순위 밖 또는 국면 0)
2024-03-20 09:30:00,AVGO,매도,1,123.84,-5.15,-4.002,6094.86,로테이션 제외(모멘텀 순위 밖 또는 국면 0)
2024-03-20 09:30:00,CRDO,매도,9,19.8001,-19.99,-10.1,6272.93,로테이션 제외(모멘텀 순위 밖 또는 국면 0)
2024-03-20 09:30:00,DAVE,매도,4,33.0435,-2.37,-1.764,6405.01,K 비중 맞춤(줄임 6.5%)
2024-03-20 09:30:00,GOOGL,매수,1,148.074,,,6256.83,K 따라 매수: 주식층 비중 1.9%
2024-03-20 09:30:00,INTC,매도,4,42.9665,-4.15,-2.361,6428.57,로테이션 제외(모멘텀 순위 밖 또는 국면 0)
2024-03-20 09:30:00,LRCX,매도,2,92.5537,-3.55,-1.886,6613.54,로테이션 제외(모멘텀 순위 밖 또는 국면 0)
2024-03-20 09:30:00,MU,매도,2,94.8925,-1.91,-0.999,6803.19,로테이션 제외(모멘텀 순위 밖 또는 국면 0)
2024-03-20 09:30:00,NVDA,매도,10,89.8451,9.92,1.118,7700.98,로테이션 제외(모멘텀 순위 밖 또는 국면 0)
2024-03-20 09:30:00,SHIP,매도,21,8.9955,2.27,1.22,7889.75,K 비중 맞춤(줄임 6.5%)
2024-03-20 09:30:00,STX,매수,2,86.1631,,,7717.31,K 따라 매수: 주식층 비중 2.3%
2024-03-20 09:30:00,VZ,매수,3,39.98,,,7597.28,K 따라 매수: 주식층 비중 1.5%
2024-03-21 09:30:00,DASH,매도,1,139.83,5.76,4.3,7737.01,K 비중 맞춤(줄임 6.5%)
2024-03-21 10:29:59,NEM,매도,14,34.7226,13.96,2.96,8222.77,고점 $34.95 대비 -0.50% → 익절 +3.16%
2024-03-21 11:29:59,SHOP,매도,6,81.2144,23.17,5.001,8709.7,고점 $82.07 대비 -0.50% → 익절 +5.20%
2024-03-21 11:37:30,SHOP,매수,1,81.384,,,8628.26,K 따라 매수: 주식층 비중 1.8%
2024-03-22 09:30:00,AMD,매수,1,177.2486,,,8450.89,K 따라 매수: 주식층 비중 2.1%
2024-03-22 09:30:00,AVGO,매수,1,135.0675,,,8315.73,K 따라 매수: 주식층 비중 2.2%
2024-03-22 09:30:00,CRDO,매수,8,21.8109,,,8141.12,K 따라 매수: 주식층 비중 2.3%
2024-03-22 09:30:00,DASH,매수,2,136.8784,,,7867.17,K 비중 맞춤(늘림 10.2%)
2024-03-22 09:30:00,DAVE,매수,5,39.0495,,,7671.78,K 비중 맞춤(늘림 10.2%)
2024-03-22 09:30:00,INTC,매수,2,42.2411,,,7587.24,K 따라 매수: 주식층 비중 1.3%
2024-03-22 09:30:00,LRCX,매수,1,98.5242,,,7488.65,K 따라 매수: 주식층 비중 1.4%
2024-03-22 09:30:00,MU,매수,1,109.3647,,,7379.21,K 따라 매수: 주식층 비중 1.5%
2024-03-22 09:30:00,NVDA,매수,11,91.2086,,,6375.21,K 따라 매수: 주식층 비중 11.9%
2024-03-22 09:30:00,SHIP,매수,34,9.0745,,,6066.46,K 비중 맞춤(늘림 10.2%)
2024-03-22 09:30:00,SHOP,매수,1,78.9294,,,5987.48,K 비중 맞춤(늘림 1.9%)
2024-03-22 11:30:00,INCY,매수,7,57.8589,,,5582.18,저점 $57.34 대비 +0.85% 반등 (RSI 48)
2024-03-28 09:30:00,CRDO,매수,1,21.2406,,,5560.93,K 비중 맞춤(늘림 2.3%)
2024-03-28 15:59:59,INCY,매도,7,56.9315,-7.07,-1.745,5959.16,보유기한 청산 -1.55%
2024-04-01 09:30:00,DASH,매도,5,137.7111,13.19,1.956,6647.21,K 비중 맞춤(줄임 0.0%)
2024-04-01 09:30:00,WDC,매수,16,52.1046,,,5812.95,K 비중 맞춤(늘림 12.2%)
2024-04-02 09:30:00,MU,매수,7,122.6863,,,4953.54,K 비중 맞춤(늘림 11.8%)
2024-04-02 09:30:00,SHIP,매도,95,8.6157,-32.51,-3.825,5771.44,K 비중 맞춤(줄임 0.0%)
2024-04-02 10:30:00,TSLA,매수,1,165.6628,,,5605.66,저점 $164.69 대비 +0.54% 반등 (RSI 28)
2024-04-03 09:30:00,DAVE,매수,2,35.4277,,,5534.75,K 비중 맞춤(늘림 10.2%)
2024-04-04 09:30:00,INTC,매수,2,40.6103,,,5453.48,K 비중 맞춤(늘림 2.3%)
2024-04-04 14:29:59,TSLA,매도,1,173.3833,7.48,4.514,5626.73,고점 $175.93 대비 -0.50% → 익절 +4.71%
2024-04-05 09:30:00,CRWD,매수,1,77.6638,,,5549.02,K 따라 매수: 주식층 비중 11.8%
2024-04-05 09:30:00,WDC,매도,16,55.3087,65.17,7.962,6433.31,K 비중 맞춤(줄임 2.0%)
2024-04-05 09:33:00,CRWD,매수,12,77.5663,,,5501.86,K 비중 맞춤(늘림 11.8%)
2024-04-08 09:30:00,AMD,매도,1,168.1459,-9.35,-5.275,5669.88,로테이션 제외(모멘텀 순위 밖 또는 국면 0)
2024-04-08 09:30:00,AVGO,매도,1,133.2983,-1.96,-1.452,5803.09,로테이션 제외(모멘텀 순위 밖 또는 국면 0)
2024-04-08 09:30:00,CRDO,매도,9,21.3793,-3.59,-1.835,5995.36,로테이션 제외(모멘텀 순위 밖 또는 국면 0)
2024-04-08 09:30:00,CRWD,매도,13,78.8493,15.13,1.5,7019.65,로테이션 제외(모멘텀 순위 밖 또는 국면 0)
2024-04-08 09:30:00,DASH,매도,1,138.9305,3.86,2.86,7158.48,로테이션 제외(모멘텀 순위 밖 또는 국면 0)
2024-04-08 09:30:00,DAVE,매도,24,38.2109,78.7,9.402,8074.87,로테이션 제외(모멘텀 순위 밖 또는 국면 0)
2024-04-08 09:30:00,DDOG,매도,1,125.2573,2.26,1.839,8200.04,로테이션 제외(모멘텀 순위 밖 또는 국면 0)
2024-04-08 09:30:00,FTNT,매도,1,70.005,-2.08,-2.893,8269.99,로테이션 제외(모멘텀 순위 밖 또는 국면 0)
2024-04-08 09:30:00,GOOGL,매도,1,152.7736,4.48,3.028,8422.65,로테이션 제외(모멘텀 순위 밖 또는 국면 0)
2024-04-08 09:30:00,INTC,매도,4,38.6107,-11.49,-6.933,8576.98,로테이션 제외(모멘텀 순위 밖 또는 국면 0)
2024-04-08 09:30:00,LRCX,매도,1,97.3653,-1.3,-1.318,8674.28,로테이션 제외(모멘텀 순위 밖 또는 국면 0)
2024-04-08 09:30:00,META,매도,1,529.0253,32.65,6.588,9202.92,로테이션 제외(모멘텀 순위 밖 또는 국면 0)
2024-04-08 09:30:00,MU,매도,8,129.0255,62.6,6.466,10234.37,로테이션 제외(모멘텀 순위 밖 또는 국면 0)
2024-04-08 09:30:00,NET,매도,2,96.5517,3.25,1.717,10427.33,로테이션 제외(모멘텀 순위 밖 또는 국면 0)
2024-04-08 09:30:00,NOW,매도,1,156.5897,4.25,2.791,10583.81,로테이션 제외(모멘텀 순위 밖 또는 국면 0)
2024-04-08 09:30:00,NVDA,매도,11,88.6517,-29.54,-2.944,11558.26,로테이션 제외(모멘텀 순위 밖 또는 국면 0)
2024-04-08 09:30:00,ORCL,매도,1,124.9375,-3.31,-2.583,11683.11,로테이션 제외(모멘텀 순위 밖 또는 국면 0)
2024-04-08 09:30:00,SHIP,매도,1,8.6457,-0.31,-3.49,11691.75,로테이션 제외(모멘텀 순위 밖 또는 국면 0)
2024-04-08 09:30:00,SHOP,매도,2,75.1724,-10.19,-6.357,11841.98,로테이션 제외(모멘텀 순위 밖 또는 국면 0)
2024-04-08 09:30:00,STX,매도,2,91.2743,9.97,5.785,12024.4,로테이션 제외(모멘텀 순위 밖 또는 국면 0)
2024-04-08 09:30:00,VZ,매도,3,42.0989,6.18,5.153,12150.6,로테이션 제외(모멘텀 순위 밖 또는 국면 0)
2024-04-08 09:30:00,WDC,매도,4,56.5099,21.09,10.308,12376.48,로테이션 제외(모멘텀 순위 밖 또는 국면 0)
2024-04-08 10:30:00,ROST,매수,1,139.8349,,,12236.54,저점 $138.98 대비 +0.56% 반등 (RSI 33)
2024-04-08 15:59:59,ROST,매도,1,140.2198,0.18,0.132,12376.66,장마감 청산 +0.33%
2024-04-09 11:30:00,DASH,매수,1,135.9379,,,12240.63,저점 $134.66 대비 +0.90% 반등 (RSI 42)
2024-04-09 11:30:00,RL,매수,1,168.7093,,,12071.8,저점 $167.71 대비 +0.55% 반등 (RSI 31)
2024-04-09 15:59:59,DASH,매도,1,136.7016,0.57,0.418,12208.4,장마감 청산 +0.61%
2024-04-09 15:59:59,RL,매도,1,169.5852,0.63,0.376,12377.86,장마감 청산 +0.57%
2024-04-10 10:30:00,AMD,매수,1,167.7238,,,12210.02,저점 $166.70 대비 +0.56% 반등 (RSI 37)
2024-04-10 10:30:00,JPM,매수,1,196.7483,,,12013.14,저점 $195.55 대비 +0.56% 반등 (RSI 44)
2024-04-10 15:59:59,AMD,매도,1,166.9965,-0.97,-0.576,12180.01,장마감 청산 -0.38%
2024-04-10 15:59:59,JPM,매도,1,195.3323,-1.7,-0.862,12375.2,장마감 청산 -0.67%
2024-04-12 11:30:00,INCY,매수,4,54.8124,,,12155.8,저점 $54.29 대비 +0.91% 반등 (RSI 46)
2024-04-12 13:29:59,INCY,매도,4,54.058,-3.33,-1.518,12371.87,시장 급락 -1.6% → 청산
2024-04-15 09:30:00,AMD,매수,1,164.4872,,,12207.27,K 따라 매수: 주식층 비중 2.2%
2024-04-15 09:30:00,CRDO,매수,4,21.8109,,,12119.97,K 따라 매수: 주식층 비중 1.2%
2024-04-15 09:30:00,CRWD,매수,13,77.5387,,,11111.26,K 따라 매수: 주식층 비중 12.3%
2024-04-15 09:30:00,DAVE,매수,27,34.1571,,,10188.37,K 따라 매수: 주식층 비중 10.9%
2024-04-15 09:30:00,FTNT,매수,1,67.0335,,,10121.29,K 따라 매수: 주식층 비중 1.5%
2024-04-15 09:30:00,INTC,매수,5,36.038,,,9940.97,K 따라 매수: 주식층 비중 2.3%
2024-04-15 09:30:00,LRCX,매수,1,97.6368,,,9843.27,K 따라 매수: 주식층 비중 1.6%
2024-04-15 09:30:00,MRVL,매수,2,71.1956,,,9700.78,K 따라 매수: 주식층 비중 1.7%
2024-04-15 09:30:00,MU,매수,8,123.8519,,,8709.27,K 따라 매수: 주식층 비중 12.8%
2024-04-15 09:30:00,NET,매수,1,93.2266,,,8615.98,K 따라 매수: 주식층 비중 1.9%
2024-04-15 09:30:00,NOW,매수,1,153.8769,,,8461.99,K 따라 매수: 주식층 비중 2.1%
2024-04-15 09:30:00,NVDA,매수,12,89.1731,,,7391.17,K 따라 매수: 주식층 비중 13.2%
2024-04-15 09:30:00,ORCL,매수,1,122.2411,,,7268.84,K 따라 매수: 주식층 비중 2.1%
2024-04-15 09:30:00,SHOP,매수,2,70.035,,,7128.67,K 따라 매수: 주식층 비중 2.3%
2024-04-15 09:30:00,STX,매수,2,86.7333,,,6955.08,K 따라 매수: 주식층 비중 2.3%
2024-04-15 09:30:00,VZ,매수,4,40.1301,,,6794.45,K 따라 매수: 주식층 비중 2.0%
2024-04-15 09:30:00,WDC,매수,3,55.3224,,,6628.37,K 따라 매수: 주식층 비중 2.2%
2024-04-15 11:30:00,PANW,매수,3,138.099,,,6213.78,저점 $137.12 대비 +0.67% 반등 (RSI 43)
2024-04-16 09:30:00,AMD,매도,1,162.1789,-2.54,-1.545,6375.84,로테이션 제외(모멘텀 순위 밖 또는 국면 0)
2024-04-16 09:30:00,CRDO,매도,4,19.2404,-10.4,-11.92,6452.75,로테이션 제외(모멘텀 순위 밖 또는 국면 0)
2024-04-16 09:30:00,CRWD,매도,13,74.1629,-45.3,-4.494,7416.16,로테이션 제외(모멘텀 순위 밖 또는 국면 0)
2024-04-16 09:30:00,DAVE,매도,27,35.5422,36.05,3.909,8375.1,로테이션 제외(모멘텀 순위 밖 또는 국면 0)
2024-04-16 09:30:00,FTNT,매도,1,64.5877,-2.54,-3.789,8439.64,로테이션 제외(모멘텀 순위 밖 또는 국면 0)
2024-04-16 09:30:00,GOOGL,매수,1,154.2071,,,8285.32,K 따라 매수: 주식층 비중 2.0%
2024-04-16 09:30:00,INTC,매도,5,36.2519,0.81,0.45,8466.45,로테이션 제외(모멘텀 순위 밖 또는 국면 0)
2024-04-16 09:30:00,KO,매수,2,58.2791,,,8349.81,K 따라 매수: 주식층 비중 1.4%
2024-04-16 09:30:00,LRCX,매도,1,94.8366,-2.94,-3.009,8444.58,로테이션 제외(모멘텀 순위 밖 또는 국면 0)
2024-04-16 09:30:00,MRVL,매도,2,67.2863,-8.02,-5.63,8579.05,로테이션 제외(모멘텀 순위 밖 또는 국면 0)
2024-04-16 09:30:00,MU,매도,8,119.4602,-36.52,-3.686,9534.04,로테이션 제외(모멘텀 순위 밖 또는 국면 0)
2024-04-16 09:30:00,NET,매도,1,89.875,-3.48,-3.735,9623.85,로테이션 제외(모멘텀 순위 밖 또는 국면 0)
2024-04-16 09:30:00,NOW,매도,1,147.5262,-6.57,-4.267,9771.27,로테이션 제외(모멘텀 순위 밖 또는 국면 0)
2024-04-16 09:30:00,NVDA,매도,12,86.4468,-34.22,-3.198,10807.87,로테이션 제외(모멘텀 순위 밖 또는 국면 0)
2024-04-16 09:30:00,ORCL,매도,1,120.03,-2.38,-1.951,10927.81,로테이션 제외(모멘텀 순위 밖 또는 국면 0)
2024-04-16 09:30:00,SHOP,매도,2,68.4358,-3.4,-2.425,11064.58,로테이션 제외(모멘텀 순위 밖 또는 국면 0)
2024-04-16 09:30:00,STX,매도,2,83.4982,-6.71,-3.87,11231.46,로테이션 제외(모멘텀 순위 밖 또는 국면 0)
2024-04-16 09:30:00,WDC,매도,3,52.8836,-7.55,-4.548,11389.99,로테이션 제외(모멘텀 순위 밖 또는 국면 0)
2024-04-16 11:30:00,NOW,매수,3,148.5959,,,10943.89,저점 $147.75 대비 +0.52% 반등 (RSI 34)
2024-04-16 11:30:00,RL,매수,3,159.8999,,,10463.86,저점 $158.67 대비 +0.72% 반등 (RSI 35)
2024-04-16 11:30:00,SLB,매수,9,51.1956,,,10002.78,저점 $50.74 대비 +0.84% 반등 (RSI 32)
2024-04-16 11:30:00,USB,매수,11,40.8154,,,9553.49,저점 $40.58 대비 +0.53% 반등 (RSI 35)
2024-04-17 09:30:00,VZ,매수,1,39.8699,,,9513.59,K 비중 맞춤(늘림 2.5%)
2024-04-17 11:29:59,USB,매도,11,38.9105,-21.58,-4.807,9941.3,손절 -4.62%
2024-04-17 11:30:00,TSLA,매수,3,155.9429,,,9473.14,저점 $154.87 대비 +0.64% 반등 (RSI 30)
2024-04-17 13:30:00,CROX,매수,4,120.02,,,8992.72,저점 $119.26 대비 +0.59% 반등 (RSI 32)
2024-04-17 13:30:00,MRVL,매수,7,67.4137,,,8520.5,저점 $66.74 대비 +0.96% 반등 (RSI 37)
2024-04-18 09:30:00,CRDO,매수,7,18.4792,,,8391.05,K 따라 매수: 주식층 비중 1.7%
2024-04-18 09:30:00,CRWD,매수,13,73.2866,,,7437.66,K 따라 매수: 주식층 비중 11.9%
2024-04-18 09:30:00,DAVE,매수,25,34.2771,,,6580.13,K 따라 매수: 주식층 비중 10.2%
2024-04-18 09:30:00,FTNT,매수,1,64.8024,,,6515.28,K 따라 매수: 주식층 비중 1.2%
2024-04-18 09:30:00,INTC,매수,4,35.4377,,,6373.43,K 따라 매수: 주식층 비중 1.8%
2024-04-18 09:30:00,KO,매수,1,58.6493,,,6314.74,K 비중 맞춤(늘림 2.4%)
2024-04-18 09:30:00,LRCX,매수,1,90.8743,,,6223.81,K 따라 매수: 주식층 비중 1.2%
2024-04-18 09:30:00,MU,매수,1,116.058,,,6107.67,K 따라 매수: 주식층 비중 1.4%
2024-04-18 09:30:00,NET,매수,1,87.7739,,,6019.83,K 따라 매수: 주식층 비중 1.8%
2024-04-18 09:30:00,NVDA,매수,1,85.0195,,,5934.75,K 따라 매수: 주식층 비중 1.9%
2024-04-18 09:30:00,ORCL,매수,1,118.8194,,,5815.85,K 따라 매수: 주식층 비중 1.6%
2024-04-18 09:30:00,SHIP,매수,35,9.2546,,,5491.71,K 따라 매수: 주식층 비중 10.2%
2024-04-18 09:30:00,VZ,매도,3,39.8301,-0.92,-0.761,5611.11,K 비중 맞춤(줄임 0.8%)
2024-04-18 09:30:00,WDC,매수,2,52.9063,,,5505.23,K 따라 매수: 주식층 비중 11.8%
2024-04-18 09:32:04,SHIP,매수,59,9.2546,,,4958.82,K 비중 맞춤(늘림 10.2%)
2024-04-18 09:32:36,WDC,매수,17,52.8085,,,4060.45,K 비중 맞춤(늘림 11.8%)
2024-04-19 09:30:00,CRDO,매수,2,17.8789,,,4024.67,K 비중 맞춤(늘림 2.1%)
2024-04-19 09:30:00,CRWD,매수,1,73.024,,,3951.59,K 비중 맞춤(늘림 12.7%)
2024-04-19 09:30:00,FTNT,매수,2,63.8219,,,3823.86,K 비중 맞춤(늘림 2.3%)
2024-04-19 09:30:00,INTC,매수,1,35.1476,,,3788.69,K 비중 맞춤(늘림 2.3%)
2024-04-19 09:30:00,KO,매도,2,59.0704,1.17,1.0,3906.74,K 비중 맞춤(줄임 0.6%)
2024-04-19 09:30:00,NET,매수,1,86.3231,,,3820.36,K 비중 맞춤(늘림 2.3%)
2024-04-19 09:30:00,NVDA,매수,12,83.1916,,,2821.36,K 비중 맞춤(늘림 12.8%)
2024-04-19 09:30:00,TSLA,매도,3,148.8655,-21.89,-4.678,3267.63,손절 -4.49%
2024-04-19 09:30:00,VZ,매도,2,39.98,-0.31,-0.387,3347.53,로테이션 제외(모멘텀 순위 밖 또는 국면 0)
2024-04-19 09:30:00,WDC,매도,15,50.9722,-28.81,-3.636,4111.56,K 비중 맞춤(줄임 1.9%)
2024-04-19 11:29:59,MRVL,매도,7,63.3183,-29.32,-6.214,4554.46,손절 -6.03%
2024-04-19 12:29:59,NOW,매도,3,141.6951,-21.32,-4.784,4979.24,손절 -4.60%
2024-04-19 15:59:59,PANW,매도,3,138.8305,1.6,0.386,5395.43,보유기한 청산 +0.58%
2024-04-22 09:30:00,CRWD,매도,2,71.3502,-4.04,-2.758,5538.02,K 비중 맞춤(줄임 10.1%)
2024-04-22 09:30:00,DAVE,매도,4,33.7731,-2.21,-1.612,5673.02,K 비중 맞춤(줄임 8.2%)
2024-04-22 09:30:00,KO,매도,1,60.1099,1.62,2.778,5733.08,로테이션 제외(모멘텀 순위 밖 또는 국면 0)
2024-04-22 09:30:00,LRCX,매수,1,87.6838,,,5645.34,K 비중 맞춤(늘림 2.2%)
2024-04-22 09:30:00,NVDA,매도,10,78.0719,-53.76,-6.451,6425.49,K 비중 맞춤(줄임 2.3%)
2024-04-22 09:30:00,PGR,매수,1,215.1675,,,6210.17,K 따라 매수: 주식층 비중 8.4%
2024-04-22 09:30:00,SHIP,매도,20,9.3453,1.55,0.836,6396.94,K 비중 맞춤(줄임 8.2%)
2024-04-22 09:30:00,STX,매수,1,82.6313,,,6314.25,K 따라 매수: 주식층 비중 2.3%
2024-04-22 09:33:20,STX,매수,1,82.6146,,,6231.58,K 비중 맞춤(늘림 2.3%)
2024-04-22 09:33:45,PGR,매수,2,215.5511,,,5800.17,K 비중 맞춤(늘림 8.4%)
2024-04-22 10:30:00,FCX,매수,4,48.6243,,,5605.54,저점 $48.22 대비 +0.79% 반등 (RSI 37)
2024-04-22 14:02:18,AVGO,매수,1,122.741,,,5482.71,K 따라 매수: 주식층 비중 1.7%
2024-04-22 15:29:59,CROX,매도,4,126.3368,24.56,5.116,5987.69,고점 $127.23 대비 -0.50% → 익절 +5.32%
2024-04-22 15:59:59,RL,매도,3,161.879,5.25,1.094,6472.97,보유기한 청산 +1.29%
2024-04-22 15:59:59,SLB,매도,9,49.4952,-15.95,-3.462,6918.1,보유기한 청산 -3.27%
2024-04-23 09:30:00,AVGO,매도,1,122.7556,-0.16,-0.131,7040.77,로테이션 제외(모멘텀 순위 밖 또는 국면 0)
2024-04-23 09:30:00,CRDO,매도,9,17.4713,-8.1,-4.907,7197.9,로테이션 제외(모멘텀 순위 밖 또는 국면 0)
2024-04-23 09:30:00,CRWD,매도,12,73.0884,-3.41,-0.388,8074.32,로테이션 제외(모멘텀 순위 밖 또는 국면 0)
2024-04-23 09:30:00,DAVE,매도,21,37.911,75.23,10.451,8869.87,로테이션 제외(모멘텀 순위 밖 또는 국면 0)
2024-04-23 09:30:00,FTNT,매도,3,64.048,-0.58,-0.3,9061.87,로테이션 제외(모멘텀 순위 밖 또는 국면 0)
2024-04-23 09:30:00,GOOGL,매도,1,156.9715,2.54,1.648,9218.73,로테이션 제외(모멘텀 순위 밖 또는 국면 0)
2024-04-23 09:30:00,INTC,매도,5,34.323,-5.53,-3.127,9390.22,로테이션 제외(모멘텀 순위 밖 또는 국면 0)
2024-04-23 09:30:00,LRCX,매도,2,86.7666,-5.28,-2.955,9563.63,로테이션 제외(모멘텀 순위 밖 또는 국면 0)
2024-04-23 09:30:00,MU,매도,1,109.6551,-6.56,-5.656,9673.2,로테이션 제외(모멘텀 순위 밖 또는 국면 0)
2024-04-23 09:30:00,NET,매도,2,85.957,-2.43,-1.396,9844.99,로테이션 제외(모멘텀 순위 밖 또는 국면 0)
2024-04-23 09:30:00,NVDA,매도,3,80.7546,-8.08,-3.234,10087.08,로테이션 제외(모멘텀 순위 밖 또는 국면 0)
2024-04-23 09:30:00,ORCL,매도,1,115.1124,-3.87,-3.261,10202.1,로테이션 제외(모멘텀 순위 밖 또는 국면 0)
2024-04-23 09:30:00,PGR,매도,3,213.6231,-6.32,-0.978,10842.51,로테이션 제외(모멘텀 순위 밖 또는 국면 0)
2024-04-23 09:30:00,SHIP,매도,74,9.2154,-3.88,-0.567,11523.95,로테이션 제외(모멘텀 순위 밖 또는 국면 0)
2024-04-23 09:30:00,STX,매도,2,85.6072,5.73,3.466,11695.04,로테이션 제외(모멘텀 순위 밖 또는 국면 0)
2024-04-23 09:30:00,WDC,매도,4,50.8438,-8.2,-3.879,11898.26,로테이션 제외(모멘텀 순위 밖 또는 국면 0)
2024-04-23 11:30:00,INCY,매수,4,51.976,,,11690.21,저점 $51.55 대비 +0.78% 반등 (RSI 39)
2024-04-23 15:59:59,INCY,매도,4,51.6042,-1.78,-0.858,11896.48,장마감 청산 -0.67%
2024-04-24 09:30:00,CRWD,매수,4,75.938,,,11592.52,K 따라 매수: 주식층 비중 3.9%
2024-04-24 09:30:00,DAVE,매수,3,43.5918,,,11461.65,K 따라 매수: 주식층 비중 2.0%
2024-04-24 09:30:00,FTNT,매수,2,64.9224,,,11331.71,K 따라 매수: 주식층 비중 2.0%
2024-04-24 10:30:00,SLB,매수,9,49.5398,,,10885.54,저점 $49.24 대비 +0.56% 반등 (RSI 39)
2024-04-24 13:30:00,ORCL,매수,4,114.8774,,,10425.71,저점 $114.12 대비 +0.61% 반등 (RSI 42)
2024-04-25 09:30:00,CRWD,매도,4,72.256,-15.15,-4.988,10714.52,로테이션 제외(모멘텀 순위 밖 또는 국면 0)
2024-04-25 09:30:00,DAVE,매도,3,42.2988,-4.06,-3.107,10841.33,로테이션 제외(모멘텀 순위 밖 또는 국면 0)
2024-04-25 09:30:00,FTNT,매도,2,64.5777,-0.87,-0.674,10970.39,로테이션 제외(모멘텀 순위 밖 또는 국면 0)
2024-04-26 10:30:00,BKNG,매수,1,140.6555,,,10829.64,저점 $139.37 대비 +0.87% 반등 (RSI 59)
2024-04-26 11:29:59,FCX,매도,4,49.5252,3.32,1.708,11027.59,고점 $50.15 대비 -0.50% → 익절 +1.90%
2024-04-26 12:29:59,ORCL,매도,4,117.936,11.57,2.518,11498.99,고점 $118.72 대비 -0.50% → 익절 +2.71%
2024-04-26 15:59:59,BKNG,매도,1,140.7643,-0.09,-0.066,11639.65,장마감 청산 +0.13%
2024-04-29 11:30:00,INTC,매수,7,31.5808,,,11418.43,저점 $31.37 대비 +0.63% 반등 (RSI 30)
2024-04-29 15:59:59,INTC,매도,7,31.3293,-2.08,-0.939,11637.58,장마감 청산 -0.75%
2024-04-30 09:30:00,CRWD,매수,9,75.5378,,,10957.26,K 따라 매수: 주식층 비중 8.3%
2024-04-30 09:30:00,DAVE,매수,11,47.9139,,,10429.84,K 따라 매수: 주식층 비중 6.3%
2024-04-30 09:30:00,FTNT,매수,2,63.8219,,,10302.11,K 따라 매수: 주식층 비중 2.2%
2024-04-30 09:30:00,NET,매수,2,89.3046,,,10123.37,K 따라 매수: 주식층 비중 2.3%
2024-04-30 09:30:00,ORCL,매수,1,115.1475,,,10008.14,K 따라 매수: 주식층 비중 2.3%
2024-04-30 09:30:00,PGR,매수,2,206.9434,,,9593.97,K 따라 매수: 주식층 비중 6.6%
2024-04-30 09:30:00,SHOP,매수,2,72.4362,,,9448.99,K 따라 매수: 주식층 비중 2.3%
2024-04-30 09:30:00,STX,매수,2,85.4827,,,9277.91,K 따라 매수: 주식층 비중 2.3%
2024-04-30 09:30:00,WDC,매수,13,52.7021,,,8592.3,K 따라 매수: 주식층 비중 8.6%
2024-04-30 15:59:59,SLB,매도,9,47.4663,-19.29,-4.325,9019.19,시장 급락 -1.6% → 청산
2024-05-01 09:30:00,CRWD,매도,2,72.5737,-6.14,-4.064,9164.23,K 비중 맞춤(줄임 5.8%)
2024-05-01 09:30:00,DAVE,매도,3,43.4783,-13.5,-9.394,9294.57,K 비중 맞춤(줄임 3.9%)
2024-05-01 09:30:00,NET,매도,2,88.0759,-2.71,-1.518,9470.59,로테이션 제외(모멘텀 순위 밖 또는 국면 0)
2024-05-01 09:30:00,ORCL,매도,1,113.853,-1.46,-1.266,9584.36,로테이션 제외(모멘텀 순위 밖 또는 국면 0)
2024-05-01 09:30:00,PGR,매도,1,210.1549,2.91,1.408,9794.36,K 비중 맞춤(줄임 0.3%)
2024-05-01 09:30:00,SHIP,매수,17,9.5548,,,9631.82,K 따라 매수: 주식층 비중 3.9%
2024-05-01 09:30:00,STX,매도,2,86.9265,2.64,1.545,9805.54,로테이션 제외(모멘텀 순위 밖 또는 국면 0)
2024-05-01 09:30:00,WDC,매도,13,52.8836,1.38,0.201,10492.53,로테이션 제외(모멘텀 순위 밖 또는 국면 0)
2024-05-01 09:33:00,SHIP,매수,17,9.5548,,,10329.98,K 비중 맞춤(늘림 3.9%)
2024-05-01 10:30:00,MU,매수,2,110.9196,,,10107.99,저점 $110.31 대비 +0.50% 반등 (RSI 36)
2024-05-01 10:30:00,SLB,매수,5,47.7138,,,9869.25,저점 $47.40 대비 +0.61% 반등 (RSI 29)
2024-05-01 12:30:00,STX,매수,2,85.3777,,,9698.38,저점 $84.75 대비 +0.70% 반등 (RSI 45)
2024-05-02 09:30:00,CRDO,매수,4,17.5688,,,9628.05,K 따라 매수: 주식층 비중 1.8%
2024-05-02 09:30:00,CRWD,매도,7,75.9295,1.98,0.375,10159.17,로테이션 제외(모멘텀 순위 밖 또는 국면 0)
2024-05-02 09:30:00,DAVE,매수,3,45.993,,,10021.1,K 비중 맞춤(늘림 6.2%)
2024-05-02 09:30:00,FTNT,매도,2,63.1184,-1.59,-1.244,10147.24,로테이션 제외(모멘텀 순위 밖 또는 국면 0)
2024-05-02 09:30:00,INTC,매수,2,30.6053,,,10085.99,K 따라 매수: 주식층 비중 2.1%
2024-05-02 09:30:00,MRVL,매수,1,65.2826,,,10020.66,K 따라 매수: 주식층 비중 2.2%
2024-05-02 09:30:00,NVDA,매수,4,84.5222,,,9682.33,K 따라 매수: 주식층 비중 8.4%
2024-05-02 09:30:00,SHIP,매수,21,9.3447,,,9485.96,K 비중 맞춤(늘림 6.2%)
2024-05-02 09:31:56,CRDO,매수,4,17.5688,,,9415.63,K 비중 맞춤(늘림 1.8%)
2024-05-02 09:32:00,NVDA,매수,4,84.6903,,,9076.64,K 비중 맞춤(늘림 8.4%)
2024-05-02 09:34:00,INTC,매수,3,30.6303,,,8984.68,K 비중 맞춤(늘림 2.1%)
2024-05-02 09:34:00,MRVL,매수,1,65.1526,,,8919.48,K 비중 맞춤(늘림 2.2%)
2024-05-03 09:30:00,INTC,매도,1,30.9645,0.3,0.98,8950.42,K 비중 맞춤(줄임 1.4%)
2024-05-03 09:30:00,PGR,매수,1,207.9039,,,8742.38,K 비중 맞춤(늘림 6.4%)
2024-05-03 09:32:18,NOW,매수,1,141.8179,,,8600.46,K 따라 매수: 주식층 비중 2.3%
2024-05-03 09:33:09,AVGO,매수,1,126.1831,,,8474.19,K 따라 매수: 주식층 비중 1.7%
2024-05-03 11:30:00,EOG,매수,1,129.4247,,,8344.67,저점 $128.66 대비 +0.54% 반등 (RSI 35)
2024-05-06 09:30:00,CRDO,매수,1,17.3587,,,8327.3,K 비중 맞춤(늘림 1.9%)
2024-05-06 09:30:00,CRWD,매수,9,76.8809,,,7634.89,K 따라 매수: 주식층 비중 9.0%
2024-05-06 09:30:00,DAVE,매도,11,45.7671,-18.58,-3.565,8137.96,로테이션 제외(모멘텀 순위 밖 또는 국면 0)
2024-05-06 09:30:00,PGR,매도,1,209.1054,1.38,0.667,8346.91,K 비중 맞춤(줄임 0.3%)
2024-05-06 09:32:13,CRWD,매수,1,76.7273,,,8270.13,K 비중 맞춤(늘림 9.0%)
2024-05-06 10:30:00,FTNT,매수,8,59.7799,,,7791.56,저점 $59.29 대비 +0.78% 반등 (RSI 34)
2024-05-07 09:30:00,AVGO,매도,1,131.5782,5.21,4.13,7923.04,로테이션 제외(모멘텀 순위 밖 또는 국면 0)
2024-05-07 09:30:00,CRDO,매도,9,17.1314,-3.95,-2.501,8077.11,로테이션 제외(모멘텀 순위 밖 또는 국면 0)
2024-05-07 09:30:00,CRWD,매도,10,78.958,19.81,2.577,8866.11,로테이션 제외(모멘텀 순위 밖 또는 국면 0)
2024-05-07 09:30:00,INTC,매도,4,31.0745,1.64,1.339,8990.32,로테이션 제외(모멘텀 순위 밖 또는 국면 0)
2024-05-07 09:30:00,MRVL,매도,2,69.5952,8.56,6.564,9129.41,로테이션 제외(모멘텀 순위 밖 또는 국면 0)
2024-05-07 09:30:00,NOW,매도,1,145.927,3.9,2.752,9275.23,로테이션 제외(모멘텀 순위 밖 또는 국면 0)
2024-05-07 09:30:00,NVDA,매도,8,91.0405,50.47,7.456,10003.02,로테이션 제외(모멘텀 순위 밖 또는 국면 0)
2024-05-07 09:30:00,PGR,매도,1,216.2218,8.5,4.096,10219.08,로테이션 제외(모멘텀 순위 밖 또는 국면 0)
2024-05-07 09:30:00,SHIP,매도,55,9.5952,5.89,1.129,10746.44,로테이션 제외(모멘텀 순위 밖 또는 국면 0)
2024-05-07 09:30:00,SHOP,매도,2,76.4917,7.9,5.452,10899.31,로테이션 제외(모멘텀 순위 밖 또는 국면 0)
2024-05-07 11:30:00,CRDO,매수,14,17.1986,,,10658.36,저점 $17.05 대비 +0.82% 반등 (RSI 43)
2024-05-07 14:29:59,MU,매도,2,119.4403,16.71,7.533,10897.06,고점 $120.74 대비 -0.50% → 익절 +7.74%
2024-05-07 14:29:59,STX,매도,2,89.5852,8.16,4.782,11076.1,고점 $90.66 대비 -0.50% → 익절 +4.98%
2024-05-07 15:59:59,CRDO,매도,14,17.1914,-0.44,-0.185,11316.61,장마감 청산 +0.01%
2024-05-07 15:59:59,SLB,매도,5,48.1359,1.77,0.741,11557.11,보유기한 청산 +0.94%
2024-05-08 09:30:00,AVGO,매수,1,129.4147,,,11427.61,K 따라 매수: 주식층 비중 1.7%
2024-05-08 09:30:00,CRDO,매수,9,17.0385,,,11274.15,K 따라 매수: 주식층 비중 1.9%
2024-05-08 09:30:00,CRWD,매수,9,78.009,,,10571.58,K 따라 매수: 주식층 비중 8.8%
2024-05-08 09:30:00,INTC,매수,3,30.025,,,10481.44,K 따라 매수: 주식층 비중 1.3%
2024-05-08 09:30:00,MRVL,매수,2,67.8439,,,10345.66,K 따라 매수: 주식층 비중 2.2%
2024-05-08 09:30:00,MU,매수,6,118.3612,,,9635.0,K 따라 매수: 주식층 비중 9.0%
2024-05-08 09:30:00,NVDA,매수,8,89.5327,,,8918.23,K 따라 매수: 주식층 비중 9.0%
2024-05-08 09:30:00,ORCL,매수,1,117.7689,,,8800.38,K 따라 매수: 주식층 비중 2.3%
2024-05-08 09:30:00,SHIP,매수,55,10.2351,,,8237.06,K 따라 매수: 주식층 비중 6.7%
2024-05-08 09:30:00,STX,매수,2,88.8044,,,8059.32,K 따라 매수: 주식층 비중 2.3%
2024-05-08 09:30:00,WDC,매수,3,53.3222,,,7899.24,K 따라 매수: 주식층 비중 2.3%
2024-05-08 10:30:00,LRCX,매수,5,90.9465,,,7444.19,저점 $90.32 대비 +0.65% 반등 (RSI 45)
2024-05-09 09:30:00,CRWD,매수,2,78.3642,,,7287.36,K 비중 맞춤(늘림 10.5%)
2024-05-09 09:30:00,DAVE,매수,13,51.7359,,,6614.32,K 따라 매수: 주식층 비중 8.3%
2024-05-09 09:30:00,MU,매도,4,119.2404,2.84,0.599,7090.93,K 비중 맞춤(줄임 2.3%)
2024-05-09 09:30:00,NOW,매수,1,144.1881,,,6946.64,K 따라 매수: 주식층 비중 2.3%
2024-05-09 09:30:00,NVDA,매수,1,90.5823,,,6856.0,K 비중 맞춤(늘림 10.6%)
2024-05-09 09:30:00,SHIP,매수,14,10.2951,,,6711.76,K 비중 맞춤(늘림 8.4%)
2024-05-09 13:30:00,SHOP,매수,7,62.631,,,6273.04,저점 $62.22 대비 +0.61% 반등 (RSI 27)
2024-05-09 15:59:59,EOG,매도,1,130.5347,0.92,0.714,6403.48,보유기한 청산 +0.91%
2024-05-10 09:30:00,NVDA,매수,1,90.3612,,,6313.06,K 비중 맞춤(늘림 10.6%)
2024-05-10 12:29:59,SHOP,매도,7,59.6402,-21.55,-4.915,6730.23,손절 -4.73%
2024-05-10 15:59:59,FTNT,매도,8,58.1309,-13.87,-2.899,7194.94,보유기한 청산 -2.71%
2024-05-13 09:30:00,INTC,매도,3,30.02,-0.14,-0.16,7284.93,로테이션 제외(모멘텀 순위 밖 또는 국면 0)
2024-05-13 09:30:00,KO,매수,1,63.2716,,,7221.62,K 따라 매수: 주식층 비중 0.8%
2024-05-13 12:30:00,META,매수,1,469.4546,,,6751.83,저점 $466.02 대비 +0.69% 반등 (RSI 48)
2024-05-14 09:30:00,MU,매수,5,123.0315,,,6136.25,K 비중 맞춤(늘림 10.5%)
2024-05-14 09:30:00,SHIP,매도,69,10.3748,7.78,1.1,6851.59,로테이션 제외(모멘텀 순위 밖 또는 국면 0)
2024-05-14 15:59:59,LRCX,매도,5,91.2074,0.65,0.144,7307.29,보유기한 청산 +0.34%
2024-05-15 09:30:00,AMD,매수,1,155.6658,,,7151.52,K 따라 매수: 주식층 비중 1.8%
2024-05-15 09:30:00,CRDO,매도,3,17.991,2.78,5.443,7205.45,K 비중 맞춤(줄임 1.2%)
2024-05-15 11:30:00,SHIP,매수,49,10.055,,,6712.41,저점 $9.97 대비 +0.80% 반등 (RSI 36)
2024-05-16 09:30:00,DAVE,매수,1,49.7249,,,6662.65,K 비중 맞춤(늘림 8.3%)
2024-05-16 09:30:00,MU,매도,5,127.8361,29.8,4.898,7301.36,K 비중 맞춤(줄임 2.3%)
2024-05-16 12:29:59,SHIP,매도,49,11.5442,72.21,14.657,7866.62,고점 $11.61 대비 -0.50% → 익절 +14.87%
2024-05-16 12:35:27,SHIP,매수,63,11.5624,,,7137.67,K 따라 매수: 주식층 비중 8.4%
2024-05-16 13:30:00,INCY,매수,8,56.8484,,,6682.57,저점 $56.50 대비 +0.57% 반등 (RSI 57)
2024-05-17 09:30:00,AMD,매도,1,168.3208,12.42,7.981,6850.76,로테이션 제외(모멘텀 순위 밖 또는 국면 0)
2024-05-17 09:30:00,AVGO,매도,1,141.5702,11.96,9.243,6992.23,로테이션 제외(모멘텀 순위 밖 또는 국면 0)
2024-05-17 09:30:00,CRDO,매도,6,19.2804,13.3,13.005,7107.83,로테이션 제외(모멘텀 순위 밖 또는 국면 0)
2024-05-17 09:30:00,CRWD,매도,11,84.9575,74.44,8.668,8041.68,로테이션 제외(모멘텀 순위 밖 또는 국면 0)
2024-05-17 09:30:00,DAVE,매수,25,49.5848,,,6801.19,K 비중 맞춤(늘림 22.7%)
2024-05-17 09:30:00,KO,매도,1,63.3083,-0.05,-0.085,6864.45,로테이션 제외(모멘텀 순위 밖 또는 국면 0)
2024-05-17 09:30:00,MRVL,매도,2,73.5032,11.12,8.193,7011.35,로테이션 제외(모멘텀 순위 밖 또는 국면 0)
2024-05-17 09:30:00,MU,매도,2,128.4358,13.12,5.39,7268.04,로테이션 제외(모멘텀 순위 밖 또는 국면 0)
2024-05-17 09:30:00,NOW,매도,1,152.9235,8.52,5.911,7420.85,로테이션 제외(모멘텀 순위 밖 또는 국면 0)
2024-05-17 09:30:00,NVDA,매수,10,94.5413,,,6474.77,K 비중 맞춤(늘림 22.7%)
2024-05-17 09:30:00,ORCL,매도,1,123.1184,5.18,4.396,6597.8,로테이션 제외(모멘텀 순위 밖 또는 국면 0)
2024-05-17 09:30:00,SHIP,매수,104,11.8059,,,5369.13,K 비중 맞춤(늘림 22.7%)
2024-05-17 09:30:00,STX,매도,2,98.4507,19.02,10.712,5565.89,로테이션 제외(모멘텀 순위 밖 또는 국면 0)
2024-05-17 09:30:00,WDC,매도,3,55.4976,6.29,3.934,5732.26,로테이션 제외(모멘텀 순위 밖 또는 국면 0)
2024-05-17 10:30:00,DAL,매수,1,52.9565,,,5679.27,저점 $52.53 대비 +0.76% 반등 (RSI 49)
2024-05-17 15:59:59,META,매도,1,471.733,1.61,0.342,6150.65,보유기한 청산 +0.54%
2024-05-20 11:30:00,UNP,매수,2,244.3571,,,5661.6,저점 $242.95 대비 +0.53% 반등 (RSI 45)
2024-05-21 09:30:00,SHIP,매도,23,12.9735,28.56,10.601,5959.77,K 비중 맞춤(줄임 21.2%)
2024-05-21 10:30:00,JPM,매수,1,198.8144,,,5760.82,저점 $197.00 대비 +0.87% 반등 (RSI 42)
2024-05-21 10:30:00,NET,매수,1,75.0875,,,5685.68,저점 $74.63 대비 +0.56% 반등 (RSI 51)
2024-05-22 09:30:00,DAVE,매도,10,45.2274,-51.46,-10.23,6137.62,K 비중 맞춤(줄임 14.7%)
2024-05-22 09:30:00,NVDA,매도,20,95.3633,61.97,3.363,8043.49,로테이션 제외(모멘텀 순위 밖 또는 국면 0)
2024-05-22 09:30:00,SHIP,매도,43,12.6936,41.37,8.213,8588.92,K 비중 맞춤(줄임 14.7%)
2024-05-22 09:33:45,CRWD,매수,14,87.6908,,,7360.39,K 따라 매수: 주식층 비중 14.7%
2024-05-22 10:29:59,UNP,매도,2,233.6289,-22.14,-4.53,7827.31,손절 -4.34%
2024-05-22 11:30:00,NEM,매수,11,42.8914,,,7355.17,저점 $42.62 대비 +0.59% 반등 (RSI 37)
2024-05-22 15:59:59,INCY,매도,8,58.1809,10.0,2.199,7820.28,보유기한 청산 +2.40%
2024-05-23 09:30:00,CRWD,매도,14,87.4563,-5.04,-0.41,9043.77,로테이션 제외(모멘텀 순위 밖 또는 국면 0)
2024-05-23 09:30:00,DAVE,매도,29,44.1279,-181.1,-12.414,10322.55,로테이션 제외(모멘텀 순위 밖 또는 국면 0)
2024-05-23 09:30:00,SHIP,매도,101,12.3538,62.88,5.315,11569.37,로테이션 제외(모멘텀 순위 밖 또는 국면 0)
2024-05-23 10:30:00,TGT,매수,1,143.4267,,,11425.85,저점 $142.50 대비 +0.60% 반등 (RSI 19)
2024-05-23 11:29:59,DAL,매도,1,50.7096,-2.32,-4.383,11476.52,손절 -4.19%
2024-05-23 15:59:59,TGT,매도,1,144.3078,0.68,0.471,11620.72,장마감 청산 +0.66%
2024-05-24 09:30:00,DAVE,매수,45,43.8019,,,9648.26,K 따라 매수: 주식층 비중 23.3%
2024-05-24 09:30:00,NVDA,매수,19,104.5703,,,7660.03,K 따라 매수: 주식층 비중 23.3%
2024-05-24 09:30:00,SHIP,매수,164,12.2061,,,5656.83,K 따라 매수: 주식층 비중 23.3%
2024-05-28 09:30:00,DAVE,매수,5,42.6413,,,5443.47,K 비중 맞춤(늘림 24.8%)
2024-05-28 15:59:59,JPM,매도,1,199.4002,0.3,0.151,5642.73,보유기한 청산 +0.34%
2024-05-28 15:59:59,NEM,매도,11,42.3688,-6.42,-1.361,6108.45,보유기한 청산 -1.17%
2024-05-28 15:59:59,NET,매도,1,73.8131,-1.38,-1.839,6182.2,보유기한 청산 -1.65%
2024-05-29 09:30:00,CRWD,매수,6,85.6678,,,5667.84,K 따라 매수: 주식층 비중 13.3%
2024-05-29 09:30:00,DAVE,매도,22,42.7386,-22.2,-2.31,6607.4,K 비중 맞춤(줄임 13.3%)
2024-05-29 09:30:00,NVDA,매도,19,112.998,157.17,7.91,8752.8,로테이션 제외(모멘텀 순위 밖 또는 국면 0)
2024-05-29 09:30:00,SHIP,매도,67,12.024,-13.36,-1.634,9557.81,K 비중 맞춤(줄임 13.3%)
2024-05-29 09:32:43,CRWD,매수,7,85.6228,,,8958.04,K 비중 맞춤(늘림 13.3%)
2024-05-29 10:30:00,DDOG,매수,4,121.4857,,,8471.75,저점 $120.45 대비 +0.81% 반등 (RSI 42)
2024-05-29 10:30:00,MNST,매수,19,25.9129,,,7979.06,저점 $25.77 대비 +0.50% 반등 (RSI 32)
2024-05-29 11:30:00,PGR,매수,2,203.4617,,,7571.85,저점 $202.00 대비 +0.67% 반등 (RSI 42)
2024-05-30 09:30:00,CRWD,매도,4,86.4942,2.91,0.85,7917.58,K 비중 맞춤(줄임 8.0%)
2024-05-30 09:30:00,DAVE,매도,12,44.6377,10.66,2.034,8452.84,K 비중 맞춤(줄임 8.0%)
2024-05-30 09:30:00,SHIP,매도,39,12.1139,-4.27,-0.897,8924.94,K 비중 맞춤(줄임 8.0%)
2024-05-30 10:30:00,DASH,매수,4,111.4257,,,8478.92,저점 $110.47 대비 +0.81% 반등 (RSI 38)
2024-05-30 12:30:00,MU,매수,3,128.7744,,,8092.33,저점 $128.03 대비 +0.53% 반등 (RSI 42)
2024-05-31 09:30:00,CRWD,매도,9,82.3988,-30.28,-3.929,8833.38,로테이션 제외(모멘텀 순위 밖 또는 국면 0)
2024-05-31 09:30:00,DAVE,매도,16,47.976,67.59,9.67,9600.43,로테이션 제외(모멘텀 순위 밖 또는 국면 0)
2024-05-31 09:30:00,DDOG,매도,4,114.6876,-27.87,-5.735,10058.85,손절 -5.55%
2024-05-31 09:30:00,ISRG,매수,1,404.232,,,9654.33,K 따라 매수: 주식층 비중 5.3%
2024-05-31 09:30:00,SHIP,매도,58,12.3338,6.39,0.903,10369.17,로테이션 제외(모멘텀 순위 밖 또는 국면 0)
2024-05-31 10:01:18,META,매수,1,462.1296,,,9906.72,K 따라 매수: 주식층 비중 5.3%
2024-05-31 10:29:59,MU,매도,3,122.4757,-19.43,-5.031,10273.88,손절 -4.84%
2024-05-31 11:29:59,DASH,매도,4,106.7516,-19.32,-4.335,10700.57,손절 -4.15%
2024-06-03 09:30:00,ISRG,매도,1,401.774,-3.03,-0.751,11102.05,로테이션 제외(모멘텀 순위 밖 또는 국면 0)
2024-06-03 09:30:00,META,매도,1,470.6346,7.84,1.696,11572.35,로테이션 제외(모멘텀 순위 밖 또는 국면 0)
2024-06-03 10:29:59,PGR,매도,2,208.8555,10.2,2.506,11989.75,고점 $211.46 대비 -0.50% → 익절 +2.70%
2024-06-03 13:30:00,MRVL,매수,3,67.7639,,,11786.32,저점 $67.21 대비 +0.77% 반등 (RSI 32)
2024-06-03 13:30:00,NOW,매수,1,130.7053,,,11655.52,저점 $129.62 대비 +0.79% 반등 (RSI 34)
2024-06-03 15:59:59,MRVL,매도,3,68.1659,0.91,0.45,11859.87,장마감 청산 +0.64%
2024-06-03 15:59:59,NOW,매도,1,131.996,1.1,0.844,11991.77,장마감 청산 +1.04%
2024-06-04 09:30:00,DAVE,매수,50,36.2581,,,10177.59,K 따라 매수: 주식층 비중 21.0%
2024-06-04 09:30:00,NVDA,매수,15,115.7749,,,8439.75,K 따라 매수: 주식층 비중 21.0%
2024-06-04 09:30:00,SHIP,매수,152,12.026,,,6610.52,K 따라 매수: 주식층 비중 21.0%
2024-06-04 12:30:00,CRDO,매수,20,24.2921,,,6124.34,저점 $24.10 대비 +0.75% 반등 (RSI 51)
2024-06-04 13:30:00,NEM,매수,12,40.4602,,,5638.48,저점 $40.23 대비 +0.52% 반등 (RSI 31)
2024-06-04 15:59:59,MNST,매도,19,26.082,2.5,0.509,6133.67,보유기한 청산 +0.70%
2024-06-05 09:30:00,DAVE,매수,9,33.7269,,,5829.92,K 비중 맞춤(늘림 23.3%)
2024-06-05 09:30:00,NVDA,매수,2,118.4312,,,5592.89,K 비중 맞춤(늘림 23.3%)
2024-06-05 09:30:00,SHIP,매도,152,11.8541,-28.73,-1.572,7393.39,로테이션 제외(모멘텀 순위 밖 또는 국면 0)
2024-06-06 09:30:00,MU,매수,12,133.9149,,,5785.29,K 따라 매수: 주식층 비중 24.8%
2024-06-06 09:32:13,MU,매수,4,133.999,,,5248.92,K 비중 맞춤(늘림 24.8%)
2024-06-06 10:29:59,CRDO,매도,20,26.2569,38.57,7.939,5773.67,고점 $26.56 대비 -0.50% → 익절 +8.14%
2024-06-07 09:30:00,MU,매도,16,130.1449,-63.68,-2.971,7854.47,로테이션 제외(모멘텀 순위 밖 또는 국면 0)
2024-06-07 09:30:00,NEM,매도,12,40.7596,2.9,0.596,8343.23,고점 $42.53 대비 -0.50% → 익절 +0.79%
2024-06-07 09:30:00,NVDA,매수,2,119.8999,,,8103.26,K 비중 맞춤(늘림 26.0%)
2024-06-07 09:30:00,SHIP,매수,191,12.006,,,5808.51,K 따라 매수: 주식층 비중 26.0%
2024-06-07 10:30:00,INCY,매수,1,58.5993,,,5749.87,저점 $58.14 대비 +0.74% 반등 (RSI 50)
2024-06-10 09:30:00,SHIP,매도,191,11.8641,-30.37,-1.324,8014.25,로테이션 제외(모멘텀 순위 밖 또는 국면 0)
2024-06-10 09:32:30,MU,매수,18,129.7749,,,5676.67,K 따라 매수: 주식층 비중 27.1%
2024-06-11 09:30:00,DAVE,매도,7,36.5817,4.61,1.834,5932.55,K 비중 맞춤(줄임 21.2%)
2024-06-11 09:30:00,MU,매도,4,135.1324,20.67,3.982,6472.69,K 비중 맞춤(줄임 21.2%)
2024-06-11 09:30:00,NVDA,매도,3,121.7291,15.21,4.352,6837.61,K 비중 맞춤(줄임 21.2%)
2024-06-11 10:30:00,RTX,매수,4,107.0335,,,6409.18,저점 $106.29 대비 +0.65% 반등 (RSI 36)
2024-06-11 11:30:00,USB,매수,13,38.3292,,,5910.55,저점 $38.08 대비 +0.59% 반등 (RSI 36)
2024-06-11 14:30:00,FTNT,매수,4,59.1996,,,5673.58,저점 $58.75 대비 +0.71% 반등 (RSI 44)
2024-06-12 09:30:00,DAVE,매도,14,35.7321,-2.67,-0.533,6173.47,K 비중 맞춤(줄임 15.3%)
2024-06-12 09:30:00,MU,매도,14,138.1809,115.0,6.33,8106.59,로테이션 제외(모멘텀 순위 밖 또는 국면 0)
2024-06-12 09:30:00,NVDA,매도,16,122.9885,101.26,5.433,10072.97,로테이션 제외(모멘텀 순위 밖 또는 국면 0)
2024-06-12 09:30:00,SHIP,매수,117,11.5458,,,8721.17,K 따라 매수: 주식층 비중 15.3%
2024-06-12 09:32:51,CRWD,매수,13,97.7093,,,7450.06,K 따라 매수: 주식층 비중 15.3%
2024-06-12 13:30:00,MNST,매수,20,24.925,,,6951.21,저점 $24.76 대비 +0.61% 반등 (RSI 31)
2024-06-12 14:29:59,USB,매도,13,39.5402,15.02,3.014,7464.86,고점 $39.99 대비 -1.00% → 익절 +3.21%
2024-06-12 15:29:59,INCY,매도,1,59.6602,0.98,1.666,7524.47,고점 $60.51 대비 -0.50% → 익절 +1.86%
2024-06-13 09:30:00,CRWD,매도,13,96.914,-12.15,-0.956,8783.44,로테이션 제외(모멘텀 순위 밖 또는 국면 0)
2024-06-13 09:30:00,DAVE,매수,8,37.0485,,,8486.84,K 비중 맞춤(늘림 19.6%)
2024-06-13 09:30:00,SHIP,매수,34,11.4957,,,8095.71,K 비중 맞춤(늘림 19.6%)
2024-06-13 09:30:00,WDC,매수,29,59.7426,,,6361.96,K 따라 매수: 주식층 비중 19.6%
2024-06-13 13:30:00,SLB,매수,11,43.9019,,,5878.7,저점 $43.65 대비 +0.54% 반등 (RSI 37)
2024-06-14 09:30:00,DAVE,매수,18,35.3176,,,5242.54,K 비중 맞춤(늘림 26.0%)
2024-06-14 09:30:00,SHIP,매도,151,10.9945,-83.97,-4.821,6901.5,로테이션 제외(모멘텀 순위 밖 또는 국면 0)
2024-06-14 09:30:00,WDC,매도,29,59.0068,-23.8,-1.374,8611.44,로테이션 제외(모멘텀 순위 밖 또는 국면 0)
2024-06-14 09:32:04,NVDA,매수,17,129.7734,,,6403.75,K 따라 매수: 주식층 비중 26.0%
2024-06-14 09:32:51,MU,매수,5,141.8931,,,5693.79,K 따라 매수: 주식층 비중 26.0%
2024-06-14 09:35:42,MU,매수,10,142.1155,,,4271.64,K 비중 맞춤(늘림 26.0%)
2024-06-14 14:29:59,MNST,매도,20,23.8631,-21.94,-4.4,4748.55,손절 -4.21%
2024-06-17 09:30:00,DAVE,매도,40,37.0415,45.05,3.14,6229.13,K 비중 맞춤(줄임 9.8%)
2024-06-17 09:30:00,KO,매수,2,62.4012,,,6104.24,K 따라 매수: 주식층 비중 1.5%
2024-06-17 09:30:00,LRCX,매수,1,103.3657,,,6000.8,K 따라 매수: 주식층 비중 1.8%
2024-06-17 09:30:00,MU,매도,13,145.3273,40.05,2.169,7888.68,K 비중 맞춤(줄임 2.0%)
2024-06-17 09:30:00,NET,매수,2,77.0685,,,7734.43,K 따라 매수: 주식층 비중 2.0%
2024-06-17 09:30:00,NVDA,매도,9,132.8385,25.9,2.217,8929.11,K 비중 맞춤(줄임 11.9%)
2024-06-17 09:30:00,SHIP,매수,81,10.6553,,,8065.42,K 따라 매수: 주식층 비중 9.8%
2024-06-17 09:30:00,SHOP,매수,2,67.2836,,,7930.76,K 따라 매수: 주식층 비중 2.2%
2024-06-17 09:30:00,STX,매수,2,104.4722,,,7721.67,K 따라 매수: 주식층 비중 2.4%
2024-06-17 09:30:00,VZ,매수,5,39.6198,,,7523.43,K 따라 매수: 주식층 비중 2.4%
2024-06-17 09:30:00,WDC,매수,3,58.9864,,,7346.35,K 따라 매수: 주식층 비중 2.4%
2024-06-17 09:32:18,CRDO,매수,4,28.9812,,,7230.34,K 따라 매수: 주식층 비중 1.3%
2024-06-17 09:32:18,CRWD,매수,11,95.492,,,6179.2,K 따라 매수: 주식층 비중 12.1%
2024-06-17 15:59:59,FTNT,매도,4,60.8696,6.34,2.676,6422.5,보유기한 청산 +2.87%
2024-06-17 15:59:59,RTX,매도,4,104.4178,-11.07,-2.585,6839.86,보유기한 청산 -2.40%
2024-06-18 09:30:00,AVGO,매수,5,184.08,,,5918.82,K 따라 매수: 주식층 비중 11.0%
2024-06-18 09:30:00,SHIP,매도,80,10.8346,13.11,1.538,6784.95,K 비중 맞춤(줄임 0.1%)
2024-06-20 09:30:00,AVGO,매도,4,179.91,-17.72,-2.407,7504.07,K 비중 맞춤(줄임 1.2%)
2024-06-20 09:30:00,FTNT,매수,2,58.5393,,,7386.91,K 따라 매수: 주식층 비중 1.6%
2024-06-20 09:30:00,MU,매수,4,157.1835,,,6757.73,K 비중 맞춤(늘림 11.7%)
2024-06-20 09:30:00,SHOP,매수,1,64.4122,,,6693.27,K 비중 맞춤(늘림 2.2%)
2024-06-20 15:59:59,SLB,매도,11,45.4323,16.13,3.34,7192.66,보유기한 청산 +3.54%
2024-06-21 09:30:00,AVGO,매수,4,169.9269,,,6512.48,K 비중 맞춤(늘림 11.0%)
2024-06-21 09:30:00,MU,매도,4,137.4812,-59.45,-9.769,7062.0,K 비중 맞춤(줄임 1.9%)
2024-06-24 09:30:00,DAVE,매도,2,39.3603,6.89,9.601,7140.67,K 비중 맞춤(줄임 9.8%)
2024-06-24 10:30:00,ORCL,매수,3,141.2006,,,6716.77,저점 $140.00 대비 +0.81% 반등 (RSI 49)
2024-06-25 09:30:00,AVGO,매도,3,160.0649,-38.79,-7.485,7196.61,K 비중 맞춤(줄임 2.3%)
2024-06-25 09:30:00,MU,매수,5,140.14,,,6495.42,K 비중 맞춤(늘림 11.6%)
2024-06-26 09:30:00,AVGO,매도,2,159.7001,-26.59,-7.696,6814.59,로테이션 제외(모멘텀 순위 밖 또는 국면 0)
2024-06-26 09:30:00,CRDO,매도,4,29.2254,0.81,0.699,6931.41,로테이션 제외(모멘텀 순위 밖 또는 국면 0)
2024-06-26 09:30:00,CROX,매수,4,151.8259,,,6323.68,K 따라 매수: 주식층 비중 7.2%
2024-06-26 09:30:00,CRWD,매도,2,96.3118,1.37,0.715,6516.16,K 비중 맞춤(줄임 9.4%)
2024-06-26 09:30:00,DAVE,매도,4,34.9825,-3.73,-2.597,6655.99,K 비중 맞춤(줄임 7.1%)
2024-06-26 09:30:00,FTNT,매도,2,57.891,-1.46,-1.25,6771.69,로테이션 제외(모멘텀 순위 밖 또는 국면 0)
2024-06-26 09:30:00,LRCX,매도,1,105.3073,1.79,1.734,6876.92,로테이션 제외(모멘텀 순위 밖 또는 국면 0)
2024-06-26 09:30:00,MU,매도,7,143.0185,-5.28,-0.525,7877.31,로테이션 제외(모멘텀 순위 밖 또는 국면 0)
2024-06-26 09:30:00,NVDA,매도,8,126.0869,-30.96,-2.982,8885.27,로테이션 제외(모멘텀 순위 밖 또는 국면 0)
2024-06-26 09:30:00,SHIP,매수,60,10.1651,,,8274.94,K 비중 맞춤(늘림 7.2%)
2024-06-28 09:30:00,CRDO,매수,14,31.5157,,,7833.41,K 따라 매수: 주식층 비중 10.6%
2024-06-28 09:30:00,CROX,매도,3,144.4806,-22.67,-4.977,8266.54,K 비중 맞춤(줄임 0.1%)
2024-06-28 09:30:00,CRWD,매수,1,97.3812,,,8169.09,K 비중 맞춤(늘림 11.7%)
2024-06-28 09:30:00,DAVE,매수,8,30.1551,,,7927.68,K 비중 맞춤(늘림 9.3%)
2024-06-28 09:30:00,NVDA,매수,4,124.6373,,,7428.78,K 따라 매수: 주식층 비중 11.6%
2024-06-28 09:30:00,SHIP,매도,60,10.1649,-1.36,-0.224,8038.23,K 비중 맞춤(줄임 0.1%)
2024-06-28 09:32:08,CRDO,매수,15,31.5057,,,7565.31,K 비중 맞춤(늘림 10.6%)
2024-06-28 09:32:08,NVDA,매수,4,124.4062,,,7067.34,K 비중 맞춤(늘림 11.6%)
2024-06-28 10:40:54,AVGO,매수,1,164.005,,,6903.22,K 따라 매수: 주식층 비중 2.3%
2024-06-28 10:42:00,LRCX,매수,1,108.148,,,6795.0,K 따라 매수: 주식층 비중 1.7%
2024-06-28 15:59:59,ORCL,매도,3,141.1194,-0.85,-0.2,7218.05,보유기한 청산 -0.01%
2024-07-02 11:30:00,MNST,매수,9,24.7574,,,6995.07,저점 $24.60 대비 +0.60% 반등 (RSI 40)
2024-07-03 09:30:00,DAVE,매수,3,30.2151,,,6904.37,K 비중 맞춤(늘림 10.2%)
2024-07-03 12:19:05,USB,매수,1,39.6198,,,6864.72,K 따라 매수: 주식층 비중 0.5%
2024-07-05 09:30:00,AVGO,매수,5,175.4697,,,5986.76,K 비중 맞춤(늘림 13.0%)
2024-07-05 09:30:00,CRDO,매도,25,31.5342,-0.54,-0.068,6774.54,K 비중 맞춤(줄임 1.2%)
2024-07-08 12:12:00,ORCL,매수,1,144.2187,,,6630.22,K 따라 매수: 주식층 비중 2.1%
2024-07-08 12:18:00,RTX,매수,1,100.4269,,,6529.72,K 따라 매수: 주식층 비중 1.2%
2024-07-08 15:59:59,MNST,매도,9,25.0675,2.47,1.109,6755.16,보유기한 청산 +1.30%
2024-07-10 09:30:00,DAVE,매도,3,34.9125,3.48,3.439,6859.82,K 비중 맞춤(줄임 10.1%)
2024-07-10 09:30:00,KO,매도,2,62.6886,0.4,0.317,6985.11,로테이션 제외(모멘텀 순위 밖 또는 국면 0)
2024-07-10 12:30:00,DDOG,매수,4,124.9024,,,6485.15,저점 $124.10 대비 +0.60% 반등 (RSI 31)
2024-07-11 09:30:00,CRDO,매수,27,31.5157,,,5633.63,K 비중 맞춤(늘림 11.2%)
2024-07-11 09:30:00,DAVE,매도,26,35.6822,50.14,5.721,6560.69,로테이션 제외(모멘텀 순위 밖 또는 국면 0)
2024-07-11 12:30:00,DAL,매수,11,44.5172,,,6070.65,저점 $44.15 대비 +0.78% 반등 (RSI 31)
2024-07-12 09:30:00,CRWD,매수,1,92.096,,,5978.49,K 비중 맞춤(늘림 11.8%)
2024-07-12 09:30:00,KO,매수,2,63.4917,,,5851.42,K 따라 매수: 주식층 비중 1.8%
2024-07-15 09:30:00,CRDO,매도,27,31.2344,-8.79,-1.033,6694.13,K 비중 맞춤(줄임 1.2%)
2024-07-15 09:30:00,DAVE,매수,23,38.019,,,5819.08,K 따라 매수: 주식층 비중 10.3%
2024-07-15 09:30:00,PANW,매수,1,166.6133,,,5652.35,K 따라 매수: 주식층 비중 2.3%
2024-07-15 13:29:59,DDOG,매도,4,129.5952,18.04,3.611,6170.36,고점 $130.38 대비 -0.50% → 익절 +3.81%
2024-07-16 09:30:00,AVGO,매도,6,172.3338,-8.83,-0.848,7203.61,로테이션 제외(모멘텀 순위 밖 또는 국면 0)
2024-07-16 09:30:00,CRDO,매도,4,33.1234,6.25,4.957,7336.0,로테이션 제외(모멘텀 순위 밖 또는 국면 0)
2024-07-16 09:30:00,CROX,매도,1,136.1119,-15.92,-10.485,7472.01,로테이션 제외(모멘텀 순위 밖 또는 국면 0)
2024-07-16 09:30:00,CRWD,매도,11,94.5127,-10.76,-1.026,8510.9,로테이션 제외(모멘텀 순위 밖 또는 국면 0)
2024-07-16 09:30:00,DAVE,매도,23,39.1604,24.98,2.857,9410.93,로테이션 제외(모멘텀 순위 밖 또는 국면 0)
2024-07-16 09:30:00,KO,매도,2,63.3983,-0.37,-0.29,9537.63,로테이션 제외(모멘텀 순위 밖 또는 국면 0)
2024-07-16 09:30:00,LRCX,매도,1,107.3463,-0.96,-0.884,9644.9,로테이션 제외(모멘텀 순위 밖 또는 국면 0)
2024-07-16 09:30:00,NET,매도,2,83.7381,13.11,8.505,9812.25,로테이션 제외(모멘텀 순위 밖 또는 국면 0)
2024-07-16 09:30:00,NVDA,매도,8,128.3458,29.15,2.926,10838.27,로테이션 제외(모멘텀 순위 밖 또는 국면 0)
2024-07-16 09:30:00,ORCL,매도,1,142.9985,-1.43,-0.989,10981.16,로테이션 제외(모멘텀 순위 밖 또는 국면 0)
2024-07-16 09:30:00,PANW,매도,1,170.2099,3.36,2.014,11151.25,로테이션 제외(모멘텀 순위 밖 또는 국면 0)
2024-07-16 09:30:00,RTX,매도,1,101.8191,1.25,1.242,11252.99,로테이션 제외(모멘텀 순위 밖 또는 국면 0)
2024-07-16 09:30:00,SHIP,매도,1,9.6652,-0.52,-5.132,11262.65,로테이션 제외(모멘텀 순위 밖 또는 국면 0)
2024-07-16 09:30:00,SHOP,매도,3,67.2264,2.41,1.213,11464.18,로테이션 제외(모멘텀 순위 밖 또는 국면 0)
2024-07-16 09:30:00,STX,매도,2,109.2454,9.24,4.422,11682.52,로테이션 제외(모멘텀 순위 밖 또는 국면 0)
2024-07-16 09:30:00,USB,매도,1,42.5587,2.88,7.269,11725.04,로테이션 제외(모멘텀 순위 밖 또는 국면 0)
2024-07-16 09:30:00,VZ,매도,5,40.8296,5.76,2.908,11929.04,로테이션 제외(모멘텀 순위 밖 또는 국면 0)
2024-07-16 09:30:00,WDC,매도,3,58.7575,-0.94,-0.531,12105.19,로테이션 제외(모멘텀 순위 밖 또는 국면 0)
2024-07-16 10:30:00,MNST,매수,10,25.1376,,,11853.63,저점 $24.90 대비 +0.92% 반등 (RSI 49)
2024-07-16 15:59:59,MNST,매도,10,25.2179,0.44,0.176,12105.63,장마감 청산 +0.37%
2024-07-17 09:30:00,DAL,매도,11,45.3073,7.98,1.631,12603.65,고점 $46.01 대비 -1.00% → 익절 +1.83%
2024-07-18 13:30:00,DDOG,매수,2,119.5297,,,12364.42,저점 $118.59 대비 +0.74% 반등 (RSI 30)
2024-07-18 15:59:59,DDOG,매도,2,118.7606,-1.88,-0.786,12601.77,장마감 청산 -0.59%
2024-07-19 10:30:00,MDB,매수,1,246.9684,,,12354.63,저점 $245.37 대비 +0.60% 반등 (RSI 33)
2024-07-19 10:30:00,NEM,매수,5,46.9335,,,12119.79,저점 $46.57 대비 +0.73% 반등 (RSI 32)
2024-07-19 10:30:00,WDC,매수,4,53.7381,,,11904.69,저점 $53.40 대비 +0.58% 반등 (RSI 36)
2024-07-19 15:59:59,MDB,매도,1,251.4242,4.1,1.66,12155.93,장마감 청산 +1.86%
2024-07-19 15:59:59,NEM,매도,5,46.9965,-0.02,-0.009,12390.74,장마감 청산 +0.18%
2024-07-19 15:59:59,WDC,매도,4,52.7627,-4.21,-1.957,12601.64,장마감 청산 -1.77%
2024-07-22 10:30:00,AMD,매수,1,155.2076,,,12446.32,저점 $154.32 대비 +0.52% 반등 (RSI 38)
2024-07-22 11:30:00,RL,매수,1,165.5777,,,12280.63,저점 $164.01 대비 +0.91% 반등 (RSI 36)
2024-07-22 15:59:59,AMD,매도,1,155.7921,0.36,0.233,12436.31,장마감 청산 +0.43%
2024-07-22 15:59:59,RL,매도,1,168.1659,2.35,1.419,12604.35,장마감 청산 +1.61%
2024-07-23 10:30:00,VZ,매수,6,39.0345,,,12369.98,저점 $38.74 대비 +0.71% 반등 (RSI 26)
2024-07-23 11:30:00,DAL,매수,5,43.8819,,,12150.42,저점 $43.52 대비 +0.78% 반등 (RSI 39)
2024-07-23 15:59:59,DAL,매도,5,43.5782,-1.83,-0.835,12368.15,장마감 청산 -0.64%
2024-07-23 15:59:59,VZ,매도,6,38.8706,-1.32,-0.563,12601.2,장마감 청산 -0.37%
2024-07-25 11:30:00,DASH,매수,2,101.5658,,,12397.93,저점 $100.97 대비 +0.54% 반등 (RSI 38)
2024-07-25 15:59:59,DASH,매도,2,100.6896,-2.04,-1.005,12599.16,장마감 청산 -0.81%
2024-07-29 09:30:00,DAVE,매수,65,36.3181,,,10236.83,K 따라 매수: 주식층 비중 27.1%
2024-07-29 09:30:00,NEM,매수,50,47.2136,,,7874.5,K 따라 매수: 주식층 비중 27.1%
2024-07-29 09:30:00,NVDA,매수,19,113.6768,,,5713.12,K 따라 매수: 주식층 비중 27.1%
2024-07-29 12:30:00,CRDO,매수,1,27.8939,,,5685.21,저점 $27.63 대비 +0.90% 반등 (RSI 35)
2024-07-30 09:30:00,DAVE,매도,39,36.6017,9.02,0.637,7111.64,K 비중 맞춤(줄임 10.7%)
2024-07-30 09:30:00,GS,매수,1,498.5592,,,6612.73,K 따라 매수: 주식층 비중 10.7%
2024-07-30 09:30:00,NEM,매도,30,47.4962,6.45,0.455,8036.57,K 비중 맞춤(줄임 10.7%)
2024-07-30 09:30:00,NVDA,매도,19,111.4542,-45.29,-2.097,10152.66,로테이션 제외(모멘텀 순위 밖 또는 국면 0)
2024-07-30 11:29:59,CRDO,매도,1,26.3268,-1.61,-5.757,10178.97,손절 -5.57%
2024-07-30 14:30:00,AMZN,매수,2,181.4307,,,9815.85,저점 $180.12 대비 +0.68% 반등 (RSI 44)
2024-07-30 14:30:00,MSFT,매수,1,421.0004,,,9394.56,저점 $418.38 대비 +0.58% 반등 (RSI 39)
2024-07-30 14:30:00,MU,매수,4,103.972,,,8978.38,저점 $103.07 대비 +0.82% 반등 (RSI 29)
2024-07-30 14:30:00,NVDA,매수,4,105.983,,,8554.15,저점 $105.33 대비 +0.57% 반등 (RSI 30)
2024-07-31 09:30:00,CRWD,매수,19,58.6968,,,7438.13,K 따라 매수: 주식층 비중 13.3%
2024-07-31 09:30:00,DAVE,매도,26,35.1624,-31.38,-3.323,8351.68,로테이션 제외(모멘텀 순위 밖 또는 국면 0)
2024-07-31 09:30:00,GS,매도,1,504.6076,5.33,1.069,8855.92,로테이션 제외(모멘텀 순위 밖 또는 국면 0)
2024-07-31 09:30:00,NEM,매도,20,48.2059,18.48,1.957,9819.34,로테이션 제외(모멘텀 순위 밖 또는 국면 0)
2024-07-31 09:30:00,PANW,매수,7,160.4027,,,8695.73,K 따라 매수: 주식층 비중 13.3%
2024-07-31 15:29:59,MU,매도,4,108.7356,18.45,4.435,9130.36,고점 $110.20 대비 -1.00% → 익절 +4.63%
2024-08-01 09:30:00,CRWD,매도,19,57.971,-15.38,-1.379,10231.0,로테이션 제외(모멘텀 순위 밖 또는 국면 0)
2024-08-01 09:30:00,DAVE,매수,26,37.1185,,,9265.24,K 따라 매수: 주식층 비중 11.3%
2024-08-01 09:30:00,GS,매수,1,510.255,,,8754.63,K 따라 매수: 주식층 비중 11.3%
2024-08-01 09:30:00,NEM,매수,20,49.2746,,,7768.45,K 따라 매수: 주식층 비중 11.3%
2024-08-01 09:30:00,PANW,매도,7,161.6241,6.94,0.618,8898.99,로테이션 제외(모멘텀 순위 밖 또는 국면 0)
2024-08-01 10:29:59,AMZN,매도,2,187.7161,12.04,3.319,9274.15,고점 $189.29 대비 -0.50% → 익절 +3.52%
2024-08-01 10:29:59,NVDA,매도,4,116.3326,40.76,9.615,9739.14,고점 $117.60 대비 -1.00% → 익절 +9.82%
2024-08-01 10:30:00,LRCX,매수,5,86.043,,,9308.63,저점 $85.30 대비 +0.82% 반등 (RSI 38)
2024-08-01 13:29:59,LRCX,매도,5,82.2688,-19.47,-4.526,9719.67,손절 -4.34%
2024-08-01 14:29:59,MSFT,매도,1,414.2117,-7.39,-1.754,10133.58,시장 급락 -1.8% → 청산
2024-08-02 09:30:00,DAVE,매도,26,33.4932,-95.57,-9.903,11003.77,로테이션 제외(모멘텀 순위 밖 또는 국면 0)
2024-08-02 09:30:00,GS,매도,1,490.6746,-20.3,-3.978,11494.08,로테이션 제외(모멘텀 순위 밖 또는 국면 0)
2024-08-02 09:30:00,NEM,매도,20,49.975,12.59,1.277,12492.85,로테이션 제외(모멘텀 순위 밖 또는 국면 0)
2024-08-05 09:30:00,AVGO,매수,16,131.2456,,,10391.45,K 따라 매수: 주식층 비중 24.8%
2024-08-05 09:30:00,CRDO,매수,95,22.6063,,,8242.35,K 따라 매수: 주식층 비중 24.8%
2024-08-05 09:30:00,NVDA,매수,23,92.046,,,6123.81,K 따라 매수: 주식층 비중 24.8%
2024-08-06 09:30:00,AVGO,매도,4,141.5492,40.43,7.702,6689.6,K 비중 맞춤(줄임 17.9%)
2024-08-06 09:30:00,CRDO,매도,29,24.8875,65.17,9.941,7410.81,K 비중 맞춤(줄임 17.9%)
2024-08-06 09:30:00,NVDA,매도,7,103.7881,81.21,12.604,8136.79,K 비중 맞춤(줄임 17.9%)
2024-08-06 10:30:00,INCY,매수,8,62.2311,,,7638.6,저점 $61.81 대비 +0.63% 반등 (RSI 32)
2024-08-07 09:30:00,AVGO,매도,5,148.1759,83.65,12.747,8378.94,K 비중 맞춤(줄임 10.3%)
2024-08-07 09:30:00,CRDO,매도,29,25.927,95.29,14.536,9130.27,K 비중 맞춤(줄임 10.3%)
2024-08-07 09:30:00,NVDA,매도,7,107.7961,109.25,16.956,9884.29,K 비중 맞춤(줄임 10.3%)
2024-08-07 10:30:00,RTX,매수,4,115.3176,,,9422.7,저점 $114.30 대비 +0.84% 반등 (RSI 48)
2024-08-08 09:30:00,AVGO,매수,4,141.8759,,,8854.8,K 비중 맞춤(늘림 17.4%)
2024-08-08 09:30:00,CRDO,매수,25,25.6328,,,8213.53,K 비중 맞춤(늘림 17.4%)
2024-08-08 09:30:00,NVDA,매수,6,101.6008,,,7603.5,K 비중 맞춤(늘림 17.4%)
2024-08-08 10:30:00,TSLA,매수,2,197.4887,,,7208.24,저점 $195.70 대비 +0.86% 반등 (RSI 43)
2024-08-09 09:30:00,AVGO,매수,4,144.5822,,,6629.51,K 비중 맞춤(늘림 24.6%)
2024-08-09 09:30:00,CRDO,매수,24,26.6433,,,5989.62,K 비중 맞춤(늘림 24.6%)
2024-08-09 09:30:00,NVDA,매수,6,105.6228,,,5355.44,K 비중 맞춤(늘림 24.6%)
2024-08-12 15:59:59,INCY,매도,8,61.0894,-9.84,-1.976,5843.8,보유기한 청산 -1.79%
2024-08-13 15:59:59,RTX,매도,4,116.7916,5.23,1.134,6310.63,보유기한 청산 +1.33%
2024-08-14 09:30:00,AVGO,매도,7,157.951,140.72,14.606,7415.48,K 비중 맞춤(줄임 11.6%)
2024-08-14 09:30:00,CRDO,매도,45,28.8756,190.1,17.164,8713.93,K 비중 맞춤(줄임 11.8%)
2024-08-14 09:30:00,DDOG,매수,2,114.8674,,,8484.03,K 따라 매수: 주식층 비중 2.8%
2024-08-14 09:30:00,FTNT,매수,14,71.7358,,,7479.03,K 따라 매수: 주식층 비중 10.8%
2024-08-14 09:30:00,LRCX,매수,3,84.9184,,,7224.09,K 따라 매수: 주식층 비중 2.8%
2024-08-14 09:30:00,MU,매수,1,100.8854,,,7123.14,K 따라 매수: 주식층 비중 1.7%
2024-08-14 09:30:00,NET,매수,2,82.3412,,,6958.34,K 따라 매수: 주식층 비중 1.9%
2024-08-14 09:30:00,NVDA,매도,10,118.4308,196.2,19.888,8141.78,K 비중 맞춤(줄임 12.4%)
2024-08-14 09:30:00,ORCL,매수,2,134.107,,,7873.38,K 따라 매수: 주식층 비중 3.2%
2024-08-14 09:30:00,PANW,매수,1,168.8369,,,7704.43,K 따라 매수: 주식층 비중 3.2%
2024-08-14 09:30:00,SHOP,매수,2,70.3752,,,7563.58,K 따라 매수: 주식층 비중 2.0%
2024-08-14 09:30:00,STX,매수,3,98.8694,,,7266.76,K 따라 매수: 주식층 비중 3.2%
2024-08-14 09:30:00,WDC,매수,6,47.0832,,,6984.06,K 따라 매수: 주식층 비중 3.1%
2024-08-14 09:32:24,AMD,매수,1,143.1482,,,6840.82,K 따라 매수: 주식층 비중 2.2%
2024-08-14 10:29:59,TSLA,매도,2,201.6213,7.69,1.948,7243.76,고점 $208.04 대비 -1.00% → 익절 +2.14%
2024-08-15 09:30:00,AVGO,매도,6,161.2693,140.51,17.015,8210.67,K 비중 맞춤(줄임 1.7%)
2024-08-15 09:30:00,DAVE,매수,24,37.3186,,,7314.4,K 따라 매수: 주식층 비중 9.4%
2024-08-15 09:30:00,FTNT,매도,12,73.2534,16.97,1.971,8192.8,K 비중 맞춤(줄임 1.1%)
2024-08-15 09:30:00,KO,매수,1,68.8844,,,8123.87,K 따라 매수: 주식층 비중 1.3%
2024-08-15 09:30:00,NVDA,매도,1,118.8605,20.05,20.323,8242.64,K 비중 맞춤(줄임 11.6%)
2024-08-15 09:30:00,SHIP,매수,86,10.8554,,,7308.42,K 따라 매수: 주식층 비중 9.4%
2024-08-15 09:30:00,WDC,매도,1,47.0815,-0.07,-0.147,7355.47,K 비중 맞춤(줄임 2.4%)
2024-08-16 09:30:00,KO,매수,1,68.8744,,,7286.54,K 비중 맞춤(늘림 1.4%)
2024-08-16 09:30:00,LRCX,매도,1,87.1104,2.07,2.436,7373.59,K 비중 맞춤(줄임 1.4%)
2024-08-19 09:30:00,CRDO,매도,6,30.3548,34.22,23.17,7555.59,K 비중 맞춤(줄임 10.5%)
2024-08-19 09:30:00,FTNT,매도,2,74.6626,5.64,3.934,7704.8,로테이션 제외(모멘텀 순위 밖 또는 국면 0)
2024-08-19 09:30:00,NVDA,매도,1,123.7981,24.98,25.324,7828.51,K 비중 맞춤(줄임 10.7%)
2024-08-19 09:30:00,PANW,매도,1,167.916,-1.16,-0.688,7996.3,로테이션 제외(모멘텀 순위 밖 또는 국면 0)
2024-08-19 09:30:00,SHIP,매도,12,11.4943,7.47,5.738,8134.13,K 비중 맞춤(줄임 8.5%)
2024-08-21 09:30:00,FTNT,매수,1,75.1276,,,8058.95,K 따라 매수: 주식층 비중 1.5%
2024-08-21 09:30:00,PANW,매수,1,182.186,,,7876.64,K 따라 매수: 주식층 비중 2.4%
2024-08-21 09:30:00,SHIP,매수,12,10.8354,,,7746.52,K 비중 맞춤(늘림 9.3%)
2024-08-23 09:30:00,CRDO,매도,5,35.6921,55.18,44.839,7924.85,K 비중 맞춤(줄임 10.4%)
2024-08-23 09:30:00,FTNT,매수,1,74.9174,,,7849.89,K 비중 맞춤(늘림 1.5%)
2024-08-26 09:30:00,SHIP,매수,10,10.8804,,,7741.0,K 비중 맞춤(늘림 10.3%)
2024-08-26 09:30:00,SHOP,매수,1,76.1481,,,7664.8,K 비중 맞춤(늘림 2.2%)
2024-08-27 09:30:00,MU,매수,1,97.2236,,,7567.51,K 비중 맞춤(늘림 1.9%)
2024-08-27 10:30:00,DASH,매수,4,128.6343,,,7052.61,저점 $127.31 대비 +0.99% 반등 (RSI 46)
2024-08-28 09:30:00,AMD,매도,1,149.3253,5.97,4.169,7201.83,로테이션 제외(모멘텀 순위 밖 또는 국면 0)
2024-08-28 09:30:00,AVGO,매도,2,160.0,44.3,16.093,7521.6,로테이션 제외(모멘텀 순위 밖 또는 국면 0)
2024-08-28 09:30:00,CRDO,매도,30,34.9425,308.61,41.796,8569.11,로테이션 제외(모멘텀 순위 밖 또는 국면 0)
2024-08-28 09:30:00,DAVE,매도,8,37.0914,-2.24,-0.751,8865.62,K 비중 맞춤(줄임 5.8%)
2024-08-28 09:30:00,FTNT,매도,2,75.962,1.66,1.108,9017.44,로테이션 제외(모멘텀 순위 밖 또는 국면 0)
2024-08-28 09:30:00,LRCX,매도,2,81.952,-6.17,-3.634,9181.22,로테이션 제외(모멘텀 순위 밖 또는 국면 0)
2024-08-28 09:30:00,META,매수,1,517.8188,,,8663.04,K 따라 매수: 주식층 비중 7.8%
2024-08-28 09:30:00,MU,매도,2,97.3413,-3.71,-1.871,8857.58,로테이션 제외(모멘텀 순위 밖 또는 국면 0)
2024-08-28 09:30:00,NVDA,매도,9,128.0559,263.15,29.637,10009.24,로테이션 제외(모멘텀 순위 밖 또는 국면 0)
2024-08-28 09:30:00,PANW,매도,1,174.6476,-7.79,-4.278,10183.76,로테이션 제외(모멘텀 순위 밖 또는 국면 0)
2024-08-28 09:30:00,SHIP,매도,43,11.2344,15.61,3.344,10666.49,K 비중 맞춤(줄임 5.9%)
2024-08-28 09:30:00,SHOP,매도,3,74.1929,5.37,2.474,10888.9,로테이션 제외(모멘텀 순위 밖 또는 국면 0)
2024-08-29 09:30:00,DAVE,매도,7,36.2019,-8.19,-3.133,11142.13,K 비중 맞춤(줄임 3.1%)
2024-08-29 09:30:00,DDOG,매도,2,115.2224,0.38,0.166,11372.41,로테이션 제외(모멘텀 순위 밖 또는 국면 0)
2024-08-29 09:30:00,NET,매도,2,80.3998,-4.12,-2.499,11533.09,로테이션 제외(모멘텀 순위 밖 또는 국면 0)
2024-08-29 09:30:00,ORCL,매도,2,139.0704,9.54,3.555,11811.03,로테이션 제외(모멘텀 순위 밖 또는 국면 0)
2024-08-29 09:30:00,RTX,매수,2,121.1505,,,11568.56,K 따라 매수: 주식층 비중 3.6%
2024-08-29 09:30:00,SHIP,매도,24,11.2544,9.19,3.528,11838.46,K 비중 맞춤(줄임 3.2%)
2024-08-29 09:30:00,STX,매도,3,99.0105,-0.0,-0.0,12135.28,로테이션 제외(모멘텀 순위 밖 또는 국면 0)
2024-08-29 09:30:00,WDC,매도,5,47.7992,3.24,1.377,12374.1,로테이션 제외(모멘텀 순위 밖 또는 국면 0)
2024-08-30 09:30:00,DAVE,매수,5,37.6288,,,12185.83,K 비중 맞춤(늘림 5.4%)
2024-08-30 09:30:00,FTNT,매수,1,76.3482,,,12109.42,K 따라 매수: 주식층 비중 1.5%
2024-08-30 09:30:00,ISRG,매수,1,489.4046,,,11619.68,K 따라 매수: 주식층 비중 5.6%
2024-08-30 09:30:00,PANW,매수,1,179.2996,,,11440.25,K 따라 매수: 주식층 비중 2.4%
2024-08-30 09:30:00,RTX,매도,1,121.989,0.66,0.549,11562.15,K 비중 맞춤(줄임 0.4%)
2024-08-30 09:30:00,SHIP,매수,20,11.0455,,,11341.09,K 비중 맞춤(늘림 5.4%)
2024-08-30 09:30:00,SHOP,매수,3,73.5868,,,11120.17,K 따라 매수: 주식층 비중 2.2%
2024-09-03 09:30:00,DAVE,매도,14,37.6512,2.35,0.449,11646.9,로테이션 제외(모멘텀 순위 밖 또는 국면 0)
2024-09-03 09:30:00,FTNT,매도,1,76.5417,0.08,0.11,11723.39,로테이션 제외(모멘텀 순위 밖 또는 국면 0)
2024-09-03 09:30:00,INCY,매수,1,65.7929,,,11657.55,K 따라 매수: 주식층 비중 0.8%
2024-09-03 09:30:00,PANW,매도,1,179.4402,-0.12,-0.065,11836.86,로테이션 제외(모멘텀 순위 밖 또는 국면 0)
2024-09-03 09:30:00,RTX,매도,1,123.0584,1.73,1.431,11959.83,로테이션 제외(모멘텀 순위 밖 또는 국면 0)
2024-09-03 09:30:00,SHIP,매도,49,11.3143,17.9,3.342,12513.83,로테이션 제외(모멘텀 순위 밖 또는 국면 0)
2024-09-03 09:30:00,SHOP,매도,3,73.1134,-1.73,-0.786,12733.01,로테이션 제외(모멘텀 순위 밖 또는 국면 0)
2024-09-03 14:29:59,DASH,매도,4,125.4772,-13.35,-2.596,13234.55,시장 급락 -1.9% → 청산
2024-09-04 09:30:00,DDOG,매수,2,110.8254,,,13012.74,K 따라 매수: 주식층 비중 2.4%
2024-09-04 09:30:00,FTNT,매수,13,76.5883,,,12016.4,K 따라 매수: 주식층 비중 10.4%
2024-09-04 09:30:00,INCY,매도,1,66.3868,0.5,0.759,12082.74,로테이션 제외(모멘텀 순위 밖 또는 국면 0)
2024-09-04 09:30:00,ISRG,매도,1,480.7195,-9.38,-1.916,12563.1,로테이션 제외(모멘텀 순위 밖 또는 국면 0)
2024-09-04 09:30:00,KO,매도,2,73.2634,8.56,6.217,12709.52,로테이션 제외(모멘텀 순위 밖 또는 국면 0)
2024-09-04 09:30:00,META,매도,1,506.0769,-12.47,-2.409,13215.23,로테이션 제외(모멘텀 순위 밖 또는 국면 0)
2024-09-04 09:30:00,NET,매수,4,77.0385,,,12906.86,K 따라 매수: 주식층 비중 3.3%
2024-09-04 09:30:00,ORCL,매수,8,138.5092,,,11798.01,K 따라 매수: 주식층 비중 11.9%
2024-09-04 09:30:00,PANW,매수,2,171.7358,,,11454.3,K 따라 매수: 주식층 비중 3.6%
2024-09-04 09:30:00,SHOP,매수,5,70.8954,,,11099.58,K 따라 매수: 주식층 비중 3.6%
2024-09-04 09:30:00,STX,매수,12,96.148,,,9944.99,K 따라 매수: 주식층 비중 11.9%
2024-09-04 09:30:00,WDC,매수,25,46.8564,,,8772.76,K 따라 매수: 주식층 비중 11.7%
2024-09-04 10:30:00,CRM,매수,2,247.8339,,,8276.75,저점 $246.47 대비 +0.50% 반등 (RSI 18)
2024-09-04 10:30:00,GOOGL,매수,3,157.9589,,,7802.54,저점 $156.63 대비 +0.80% 반등 (RSI 31)
2024-09-04 10:30:00,LRCX,매수,7,76.1671,,,7269.0,저점 $75.60 대비 +0.71% 반등 (RSI 28)
2024-09-04 10:30:00,MU,매수,6,89.0545,,,6734.29,저점 $88.45 대비 +0.63% 반등 (RSI 27)
2024-09-05 09:30:00,FTNT,매수,1,76.4782,,,6657.76,K 비중 맞춤(늘림 10.9%)
2024-09-06 12:29:59,CRM,매도,2,241.7391,-12.89,-2.6,7140.89,시장 급락 -1.8% → 청산
2024-09-06 12:29:59,GOOGL,매도,3,151.3543,-20.48,-4.321,7594.62,시장 급락 -1.8% → 청산
2024-09-06 12:29:59,LRCX,매도,7,73.2354,-21.27,-3.989,8106.89,시장 급락 -1.8% → 청산
2024-09-06 12:29:59,MU,매도,6,85.2973,-23.29,-4.359,8618.3,시장 급락 -1.8% → 청산
2024-09-09 09:30:00,AMD,매수,1,136.128,,,8482.08,K 따라 매수: 주식층 비중 1.9%
2024-09-09 09:30:00,DDOG,매도,2,108.2159,-5.53,-2.496,8698.35,로테이션 제외(모멘텀 순위 밖 또는 국면 0)
2024-09-09 09:30:00,LRCX,매수,3,74.3386,,,8475.18,K 따라 매수: 주식층 비중 2.8%
2024-09-09 09:30:00,MU,매수,12,87.9089,,,7419.54,K 따라 매수: 주식층 비중 10.6%
2024-09-09 09:30:00,NET,매도,4,76.9715,-0.71,-0.23,7727.2,로테이션 제외(모멘텀 순위 밖 또는 국면 0)
2024-09-09 09:30:00,NVDA,매수,10,104.9174,,,6677.29,K 따라 매수: 주식층 비중 11.1%
2024-09-09 09:30:00,ORCL,매도,8,142.6836,31.79,2.869,7817.92,로테이션 제외(모멘텀 순위 밖 또는 국면 0)
2024-09-09 09:30:00,PANW,매수,4,168.9094,,,7141.81,K 비중 맞춤(늘림 11.3%)
2024-09-09 09:30:00,STX,매도,12,99.4503,37.95,3.289,8334.35,로테이션 제외(모멘텀 순위 밖 또는 국면 0)
2024-09-09 09:30:00,WDC,매도,25,46.7793,-3.6,-0.307,9502.97,로테이션 제외(모멘텀 순위 밖 또는 국면 0)
2024-09-09 10:02:18,MSFT,매수,1,405.7528,,,9096.94,K 따라 매수: 주식층 비중 4.0%
2024-09-09 10:30:00,INCY,매수,9,62.051,,,8538.09,저점 $61.48 대비 +0.88% 반등 (RSI 39)
2024-09-09 13:30:00,AVGO,매수,4,139.9377,,,7977.95,저점 $138.63 대비 +0.89% 반등 (RSI 34)
2024-09-10 11:30:00,EOG,매수,4,119.7598,,,7498.57,저점 $118.78 대비 +0.77% 반등 (RSI 35)
2024-09-10 14:30:00,SLB,매수,14,39.3697,,,6947.01,저점 $39.13 대비 +0.56% 반등 (RSI 29)
2024-09-10 15:59:59,AVGO,매도,4,148.1459,32.01,5.718,7539.16,고점 $149.49 대비 -0.50% → 익절 +5.92%
2024-09-11 09:30:00,DDOG,매수,1,108.4642,,,7430.62,K 따라 매수: 주식층 비중 2.1%
2024-09-11 09:30:00,FTNT,매수,2,75.8329,,,7278.85,K 비중 맞춤(늘림 12.3%)
2024-09-11 09:30:00,MU,매도,8,88.1559,0.97,0.138,7983.58,K 비중 맞춤(줄임 2.8%)
2024-09-11 09:30:00,NET,매수,4,76.6583,,,7676.73,K 따라 매수: 주식층 비중 3.0%
2024-09-11 09:30:00,NVDA,매수,2,109.4547,,,7457.67,K 비중 맞춤(늘림 13.4%)
2024-09-11 09:30:00,ORCL,매수,5,156.6883,,,6673.68,K 따라 매수: 주식층 비중 13.4%
2024-09-11 09:30:00,PANW,매도,4,173.1509,12.22,1.798,7365.78,K 비중 맞춤(줄임 3.4%)
2024-09-11 09:30:00,STX,매수,8,102.3712,,,6546.24,K 따라 매수: 주식층 비중 13.6%
2024-09-11 09:33:00,ORCL,매수,3,156.4849,,,6076.45,K 비중 맞춤(늘림 13.4%)
2024-09-11 09:33:09,STX,매수,5,102.3712,,,5564.24,K 비중 맞춤(늘림 13.6%)
2024-09-11 09:34:36,DDOG,매수,1,108.4659,,,5455.7,K 비중 맞춤(늘림 2.1%)
2024-09-12 09:30:00,FTNT,매도,13,76.8516,3.31,0.333,6454.04,K 비중 맞춤(줄임 1.5%)
2024-09-12 09:30:00,MU,매도,1,85.4573,-2.58,-2.93,6539.43,K 비중 맞춤(줄임 2.0%)
2024-09-12 09:30:00,NET,매도,1,78.8506,2.08,2.715,6618.23,K 비중 맞춤(줄임 2.1%)
2024-09-12 09:30:00,ORCL,매도,6,158.9605,12.74,1.355,7571.29,K 비중 맞춤(줄임 2.3%)
2024-09-12 09:30:00,PGR,매수,3,247.4737,,,6828.35,K 따라 매수: 주식층 비중 10.6%
2024-09-12 09:30:00,SHOP,매도,1,70.6846,-0.31,-0.44,6898.98,K 비중 맞춤(줄임 2.3%)
2024-09-12 09:30:00,STX,매도,10,101.7191,-7.98,-0.779,7915.43,K 비중 맞춤(줄임 2.4%)
2024-09-12 09:30:00,WDC,매수,5,47.8773,,,7675.88,K 따라 매수: 주식층 비중 2.4%
2024-09-12 09:32:18,DAVE,매수,30,34.007,,,6654.95,K 따라 매수: 주식층 비중 10.2%
2024-09-12 09:34:17,PGR,매수,1,247.1952,,,6407.59,K 비중 맞춤(늘림 10.6%)
2024-09-13 09:30:00,NVDA,매도,1,118.9505,13.12,12.412,6526.45,K 비중 맞춤(줄임 12.5%)
2024-09-13 09:30:00,PGR,매도,3,256.1818,25.25,3.402,7294.43,K 비중 맞춤(줄임 0.4%)
2024-09-13 09:32:51,META,매수,1,519.9822,,,6774.09,K 따라 매수: 주식층 비중 11.9%
2024-09-13 09:35:00,KO,매수,1,70.7554,,,6703.28,K 따라 매수: 주식층 비중 1.2%
2024-09-13 09:35:42,META,매수,1,519.1341,,,6183.79,K 비중 맞춤(늘림 11.9%)
2024-09-13 15:59:59,INCY,매도,9,63.5182,12.4,2.22,6755.03,보유기한 청산 +2.42%
2024-09-16 09:30:00,META,매도,1,524.2777,3.97,0.765,7278.93,K 비중 맞춤(줄임 1.7%)
2024-09-16 09:30:00,ORCL,매수,5,165.0725,,,6452.99,K 비중 맞춤(늘림 12.5%)
2024-09-16 10:29:59,SLB,매도,14,40.5147,15.23,2.763,7019.78,고점 $40.80 대비 -0.50% → 익절 +2.96%
2024-09-16 15:59:59,EOG,매도,4,121.6192,6.75,1.408,7505.9,보유기한 청산 +1.60%
2024-09-17 09:30:00,PGR,매수,3,256.148,,,6736.92,K 비중 맞춤(늘림 10.6%)
2024-09-19 09:30:00,DAVE,매도,3,39.98,17.76,17.408,6856.77,K 비중 맞춤(줄임 10.2%)
2024-09-19 09:30:00,META,매수,1,550.1349,,,6306.25,K 비중 맞춤(늘림 11.9%)
2024-09-19 09:30:00,ORCL,매도,5,167.1664,21.38,2.628,7141.47,K 비중 맞춤(줄임 2.3%)
2024-09-23 09:30:00,META,매도,1,569.2153,33.58,6.278,7710.27,K 비중 맞춤(줄임 1.7%)
2024-09-23 09:30:00,SHIP,매수,77,11.3657,,,6834.5,K 따라 매수: 주식층 비중 10.3%
2024-09-23 09:31:30,SHIP,매수,19,11.3447,,,6618.8,K 비중 맞춤(늘림 10.3%)
2024-09-25 09:30:00,AMD,매도,1,158.4207,22.08,16.221,6777.11,로테이션 제외(모멘텀 순위 밖 또는 국면 0)
2024-09-25 09:30:00,DAVE,매도,5,41.0195,34.79,20.463,6982.06,K 비중 맞춤(줄임 8.4%)
2024-09-25 09:30:00,LRCX,매도,3,78.8606,13.24,5.935,7218.47,로테이션 제외(모멘텀 순위 밖 또는 국면 0)
2024-09-25 09:30:00,MU,매도,3,94.1429,18.31,6.943,7500.69,로테이션 제외(모멘텀 순위 밖 또는 국면 0)
2024-09-25 09:30:00,NVDA,매도,11,121.969,177.46,15.266,8841.37,로테이션 제외(모멘텀 순위 밖 또는 국면 0)
2024-09-25 09:30:00,SHIP,매도,21,12.2439,18.17,7.618,9098.3,K 비중 맞춤(줄임 8.5%)
2024-09-26 09:30:00,FTNT,매도,1,77.0994,0.5,0.657,9175.34,K 비중 맞춤(줄임 1.1%)
2024-09-26 09:30:00,INCY,매수,1,63.1315,,,9112.17,K 따라 매수: 주식층 비중 1.0%
2024-09-26 09:30:00,KO,매수,2,70.8954,,,8970.28,K 비중 맞춤(늘림 2.3%)
2024-09-26 09:30:00,LLY,매수,1,920.7151,,,8048.92,K 따라 매수: 주식층 비중 9.2%
2024-09-26 09:30:00,PEP,매수,1,169.0845,,,7879.72,K 따라 매수: 주식층 비중 2.8%
2024-09-26 09:30:00,SHOP,매도,1,80.3998,9.4,13.253,7960.06,K 비중 맞춤(줄임 1.7%)
2024-09-26 09:30:00,STX,매도,1,109.4552,6.93,6.772,8069.43,K 비중 맞춤(줄임 1.9%)
2024-09-26 09:30:00,WDC,매도,1,53.5794,5.63,11.758,8122.97,K 비중 맞춤(줄임 1.8%)
2024-09-26 10:30:00,AMGN,매수,1,317.1085,,,7805.64,저점 $313.99 대비 +0.94% 반등 (RSI 29)
2024-09-26 13:30:00,SLB,매수,14,40.9355,,,7232.14,저점 $40.71 대비 +0.52% 반등 (RSI 32)
2024-09-26 14:30:00,MDB,매수,1,271.8359,,,6960.12,저점 $269.74 대비 +0.73% 반등 (RSI 35)
2024-09-27 09:30:00,CRDO,매수,2,31.3156,,,6897.44,K 따라 매수: 주식층 비중 2.3%
2024-09-27 09:30:00,DAVE,매수,6,40.3302,,,6655.29,K 비중 맞춤(늘림 10.7%)
2024-09-27 09:30:00,SHIP,매수,17,12.3562,,,6445.09,K 비중 맞춤(늘림 10.7%)
2024-09-27 09:32:24,CRDO,매수,5,31.3757,,,6288.1,K 비중 맞춤(늘림 2.3%)
2024-09-27 15:29:59,AMGN,매도,1,323.5681,6.0,1.893,6611.43,고점 $327.32 대비 -1.00% → 익절 +2.09%
2024-09-30 09:30:00,DDOG,매도,2,114.1429,11.04,5.088,6839.55,로테이션 제외(모멘텀 순위 밖 또는 국면 0)
2024-09-30 09:30:00,ORCL,매수,6,169.5847,,,5821.33,K 비중 맞춤(늘림 13.0%)
2024-09-30 09:30:00,PGR,매도,3,252.2088,-6.35,-0.833,6577.41,K 비중 맞춤(줄임 0.5%)
2024-09-30 14:29:59,SLB,매도,14,41.6456,9.11,1.59,7160.02,고점 $42.28 대비 -1.00% → 익절 +1.79%
2024-09-30 14:30:00,LRCX,매수,2,80.5873,,,6998.73,K 따라 매수: 주식층 비중 1.7%
2024-09-30 14:30:00,MU,매수,1,102.8714,,,6895.79,K 따라 매수: 주식층 비중 2.0%
2024-09-30 14:30:00,USB,매수,1,45.2726,,,6850.48,K 따라 매수: 주식층 비중 0.4%
2024-09-30 14:34:17,MU,매수,1,102.763,,,6747.65,K 비중 맞춤(늘림 2.0%)
2024-10-01 12:29:59,MDB,매도,1,260.7496,-11.47,-4.218,7008.21,손절 -4.03%
2024-10-01 12:30:00,NVDA,매수,1,117.5387,,,6890.59,K 따라 매수: 주식층 비중 12.9%
2024-10-01 12:34:00,NVDA,매수,10,117.5788,,,5713.98,K 비중 맞춤(늘림 12.9%)
2024-10-02 09:30:00,CRDO,매수,1,29.975,,,5683.98,K 비중 맞춤(늘림 2.3%)
2024-10-02 09:30:00,META,매수,1,574.6872,,,5108.89,K 비중 맞춤(늘림 12.3%)
2024-10-02 09:30:00,ORCL,매도,6,167.5162,-3.46,-0.343,6113.25,K 비중 맞춤(줄임 2.3%)
2024-10-02 09:30:00,PGR,매수,3,253.6367,,,5351.81,K 비중 맞춤(늘림 11.1%)
2024-10-02 09:30:00,SHIP,매도,90,11.904,30.78,2.962,6422.39,K 비중 맞춤(줄임 0.1%)
2024-10-03 09:30:00,CRDO,매도,3,30.1349,-3.28,-3.51,6512.73,K 비중 맞춤(줄임 1.2%)
2024-10-03 09:30:00,PGR,매도,3,253.913,-0.5,-0.066,7273.92,K 비중 맞춤(줄임 0.6%)
2024-10-03 09:30:00,SHIP,매수,92,12.1061,,,6159.38,K 비중 맞춤(늘림 10.7%)
2024-10-03 09:30:00,WDC,매수,1,49.9116,,,6109.43,K 비중 맞춤(늘림 2.4%)
2024-10-04 09:30:00,CRDO,매수,34,31.8259,,,5026.59,K 비중 맞춤(늘림 11.9%)
2024-10-04 09:30:00,SHIP,매도,92,12.1339,2.07,0.186,6142.1,K 비중 맞춤(줄임 0.1%)
2024-10-07 09:30:00,DAVE,매도,2,43.1484,15.46,21.86,6228.34,K 비중 맞춤(줄임 10.0%)
2024-10-07 09:30:00,KO,매도,3,70.015,-2.8,-1.319,6438.23,로테이션 제외(모멘텀 순위 밖 또는 국면 0)
2024-10-07 09:30:00,PEP,매도,1,167.2763,-2.05,-1.212,6605.38,로테이션 제외(모멘텀 순위 밖 또는 국면 0)
2024-10-07 09:30:00,SHIP,매도,1,12.1639,0.05,0.434,6617.54,K 비중 맞춤(줄임 0.1%)
2024-10-08 09:30:00,META,매도,1,589.3952,33.81,6.094,7206.5,K 비중 맞춤(줄임 0.2%)
2024-10-08 09:31:13,BTSG,매수,1,14.5883,,,7191.9,K 따라 매수: 주식층 비중 0.2%
2024-10-08 09:32:43,DDOG,매수,1,123.6585,,,7068.16,K 따라 매수: 주식층 비중 1.8%
2024-10-10 09:30:00,BTSG,매도,1,15.0425,0.43,2.968,7083.19,로테이션 제외(모멘텀 순위 밖 또는 국면 0)
2024-10-10 09:30:00,CRDO,매도,39,34.8326,118.6,9.58,8440.67,로테이션 제외(모멘텀 순위 밖 또는 국면 0)
2024-10-10 09:30:00,DAVE,매도,26,41.969,170.34,18.527,9531.07,로테이션 제외(모멘텀 순위 밖 또는 국면 0)
2024-10-10 09:30:00,DDOG,매도,1,125.1874,1.35,1.092,9656.16,로테이션 제외(모멘텀 순위 밖 또는 국면 0)
2024-10-10 09:30:00,FTNT,매도,2,79.8101,6.42,4.198,9815.66,로테이션 제외(모멘텀 순위 밖 또는 국면 0)
2024-10-10 09:30:00,INCY,매도,1,65.1574,1.93,3.064,9880.77,로테이션 제외(모멘텀 순위 밖 또는 국면 0)
2024-10-10 09:30:00,LLY,매도,1,919.54,-2.49,-0.271,10799.64,로테이션 제외(모멘텀 순위 밖 또는 국면 0)
2024-10-10 09:30:00,LRCX,매도,2,81.4992,1.59,0.988,10962.52,로테이션 제외(모멘텀 순위 밖 또는 국면 0)
2024-10-10 09:30:00,META,매도,1,586.9564,31.37,5.655,11549.05,로테이션 제외(모멘텀 순위 밖 또는 국면 0)
2024-10-10 09:30:00,MSFT,매도,1,415.0174,8.68,2.139,11963.77,로테이션 제외(모멘텀 순위 밖 또는 국면 0)
2024-10-10 09:30:00,MU,매도,2,101.7591,-2.41,-1.171,12167.13,로테이션 제외(모멘텀 순위 밖 또는 국면 0)
2024-10-10 09:30:00,NET,매도,3,84.5377,23.29,10.128,12420.56,로테이션 제외(모멘텀 순위 밖 또는 국면 0)
2024-10-10 09:30:00,NVDA,매도,11,131.4542,150.71,11.653,13865.5,로테이션 제외(모멘텀 순위 밖 또는 국면 0)
2024-10-10 09:30:00,ORCL,매도,2,177.5612,18.92,5.637,14220.37,로테이션 제외(모멘텀 순위 밖 또는 국면 0)
2024-10-10 09:30:00,PANW,매도,2,179.91,19.62,5.775,14579.92,로테이션 제외(모멘텀 순위 밖 또는 국면 0)
2024-10-10 09:30:00,PGR,매도,1,255.3223,1.24,0.489,14835.06,로테이션 제외(모멘텀 순위 밖 또는 국면 0)
2024-10-10 09:30:00,SHIP,매도,1,10.7846,-1.33,-10.963,14845.84,로테이션 제외(모멘텀 순위 밖 또는 국면 0)
2024-10-10 09:30:00,SHOP,매도,3,82.3188,33.94,15.958,15092.61,로테이션 제외(모멘텀 순위 밖 또는 국면 0)
2024-10-10 09:30:00,STX,매도,2,107.6961,10.35,5.055,15307.85,로테이션 제외(모멘텀 순위 밖 또는 국면 0)
2024-10-10 09:30:00,USB,매도,1,44.8776,-0.46,-1.015,15352.69,로테이션 제외(모멘텀 순위 밖 또는 국면 0)
2024-10-10 09:30:00,WDC,매도,5,48.2185,-0.67,-0.279,15593.61,로테이션 제외(모멘텀 순위 밖 또는 국면 0)
2024-10-10 10:30:00,MRVL,매수,4,72.4362,,,15303.66,저점 $72.01 대비 +0.54% 반등 (RSI 45)
2024-10-10 11:30:00,WDC,매수,6,48.7886,,,15010.73,저점 $48.42 대비 +0.72% 반등 (RSI 36)
2024-10-10 15:59:59,MRVL,매도,4,72.4837,-0.22,-0.077,15300.45,장마감 청산 +0.12%
2024-10-10 15:59:59,WDC,매도,6,48.3885,-2.82,-0.962,15590.57,장마감 청산 -0.77%
2024-10-11 10:30:00,TSLA,매수,1,220.6403,,,15369.77,저점 $219.39 대비 +0.52% 반등 (RSI 17)
2024-10-11 15:59:59,TSLA,매도,1,217.5812,-3.37,-1.528,15587.2,장마감 청산 -1.34%
2024-10-14 10:30:00,FCX,매수,6,48.3442,,,15296.93,저점 $47.92 대비 +0.83% 반등 (RSI 32)
2024-10-14 15:59:59,FCX,매도,6,48.8356,2.53,0.873,15589.73,장마감 청산 +1.07%
2024-10-16 11:30:00,DDOG,매수,2,124.9074,,,15339.74,저점 $123.86 대비 +0.80% 반등 (RSI 35)
2024-10-16 14:30:00,PANW,매수,1,186.128,,,15153.48,저점 $184.59 대비 +0.78% 반등 (RSI 54)
2024-10-16 15:59:59,DDOG,매도,2,125.957,1.74,0.697,15405.21,장마감 청산 +0.89%
2024-10-16 15:59:59,PANW,매도,1,186.4667,0.07,0.039,15591.54,장마감 청산 +0.23%
2024-10-17 09:30:00,BTSG,매수,53,15.7979,,,14753.67,K 따라 매수: 주식층 비중 7.8%
2024-10-17 09:30:00,INCY,매수,12,66.023,,,13960.83,K 따라 매수: 주식층 비중 7.8%
2024-10-18 12:30:00,SLB,매수,14,42.809,,,13361.09,저점 $42.38 대비 +0.95% 반등 (RSI 37)
2024-10-21 09:30:00,INCY,매수,2,65.983,,,13229.03,K 비중 맞춤(늘림 8.6%)
2024-10-21 09:30:00,ISRG,매수,1,519.2995,,,12709.37,K 따라 매수: 주식층 비중 8.6%
2024-10-21 10:30:00,DAL,매수,11,55.0275,,,12103.64,저점 $54.68 대비 +0.59% 반등 (RSI 50)
2024-10-21 12:30:00,AMD,매수,3,156.3644,,,11634.22,저점 $154.80 대비 +0.96% 반등 (RSI 41)
2024-10-22 09:30:00,BTSG,매도,53,16.082,13.85,1.654,12485.94,로테이션 제외(모멘텀 순위 밖 또는 국면 0)
2024-10-22 09:30:00,INCY,매도,14,64.9675,-16.01,-1.732,13394.82,로테이션 제외(모멘텀 순위 밖 또는 국면 0)
2024-10-22 09:30:00,ISRG,매도,1,514.7425,-5.3,-1.02,13909.19,로테이션 제외(모멘텀 순위 밖 또는 국면 0)
2024-10-22 10:30:00,KO,매수,4,69.4447,,,13631.22,저점 $69.00 대비 +0.59% 반등 (RSI 35)
2024-10-22 10:30:00,VZ,매수,7,42.2211,,,13335.46,저점 $41.90 대비 +0.72% 반등 (RSI 19)
2024-10-22 13:30:00,TSLA,매수,1,216.7923,,,13118.52,저점 $215.57 대비 +0.52% 반등 (RSI 39)
2024-10-22 15:59:59,KO,매도,4,69.4153,-0.51,-0.185,13395.98,장마감 청산 +0.01%
2024-10-22 15:59:59,TSLA,매도,1,217.801,0.7,0.322,13613.62,장마감 청산 +0.52%
2024-10-22 15:59:59,VZ,매도,7,41.4992,-5.47,-1.851,13903.9,장마감 청산 -1.66%
2024-10-23 10:30:00,FCX,매수,6,47.8689,,,13616.49,저점 $47.51 대비 +0.71% 반등 (RSI 44)
2024-10-23 11:30:00,SHIP,매수,31,9.8939,,,13309.56,저점 $9.80 대비 +0.93% 반등 (RSI 34)
2024-10-23 15:59:59,FCX,매도,6,47.906,-0.19,-0.066,13596.79,장마감 청산 +0.13%
2024-10-23 15:59:59,SHIP,매도,31,9.8651,-1.33,-0.435,13902.38,장마감 청산 -0.24%
2024-10-24 10:30:00,DDOG,매수,2,123.4867,,,13655.23,저점 $122.38 대비 +0.85% 반등 (RSI 45)
2024-10-24 10:30:00,JPM,매수,1,223.7118,,,13431.36,저점 $221.83 대비 +0.80% 반등 (RSI 50)
2024-10-24 11:30:00,AVGO,매수,1,171.7258,,,13259.52,저점 $170.71 대비 +0.54% 반등 (RSI 31)
2024-10-24 15:59:59,AVGO,매도,1,171.2144,-0.76,-0.441,13430.61,장마감 청산 -0.25%
2024-10-24 15:59:59,DDOG,매도,2,123.858,0.39,0.157,13678.14,장마감 청산 +0.35%
2024-10-24 15:59:59,JPM,매도,1,224.8675,0.83,0.373,13902.85,장마감 청산 +0.57%
2024-10-24 15:59:59,SLB,매도,14,41.2208,-23.08,-3.85,14479.52,보유기한 청산 -3.66%
2024-10-25 15:59:59,AMD,매도,3,156.1419,-1.34,-0.285,14947.6,보유기한 청산 -0.09%
2024-10-25 15:59:59,DAL,매도,11,54.0929,-11.14,-1.84,15542.19,보유기한 청산 -1.65%
2024-10-28 10:30:00,NEM,매수,6,48.6043,,,15250.36,저점 $48.10 대비 +1.00% 반등 (RSI 22)
2024-10-28 15:59:59,NEM,매도,6,48.3458,-1.97,-0.674,15540.22,장마감 청산 -0.48%
2024-10-29 10:30:00,MNST,매수,11,26.6183,,,15247.21,저점 $26.35 대비 +0.97% 반등 (RSI 46)
2024-10-29 10:30:00,VZ,매수,7,41.5508,,,14956.16,저점 $41.31 대비 +0.52% 반등 (RSI 39)
2024-10-29 12:30:00,DHI,매수,1,164.6623,,,14791.38,저점 $163.41 대비 +0.72% 반등 (RSI 29)
2024-10-29 13:30:00,CROX,매수,2,113.4267,,,14564.37,저점 $112.74 대비 +0.56% 반등 (RSI 24)
2024-10-29 15:59:59,CROX,매도,2,111.5042,-4.17,-1.837,14787.21,장마감 청산 -1.65%
2024-10-29 15:59:59,DHI,매도,1,167.3663,2.47,1.498,14954.46,장마감 청산 +1.69%
2024-10-29 15:59:59,MNST,매도,11,26.2219,-4.78,-1.631,15242.69,장마감 청산 -1.44%
2024-10-29 15:59:59,VZ,매도,7,41.3193,-2.03,-0.7,15531.71,장마감 청산 -0.51%
2024-10-30 10:30:00,PGR,매수,1,242.9314,,,15288.61,저점 $241.00 대비 +0.75% 반등 (RSI 36)
2024-10-30 10:30:00,ROST,매수,2,139.4897,,,15009.43,저점 $138.30 대비 +0.81% 반등 (RSI 23)
2024-10-30 15:59:59,ROST,매도,2,139.5602,-0.26,-0.093,15288.35,장마감 청산 +0.10%
2024-10-30 15:59:59,PGR,매도,1,242.9785,-0.3,-0.124,15531.15,장마감 청산 +0.07%
2024-11-01 10:30:00,NEM,매수,6,45.6978,,,15256.77,저점 $45.39 대비 +0.63% 반등 (RSI 27)
2024-11-01 10:30:00,ORCL,매수,1,171.3356,,,15085.32,저점 $170.15 대비 +0.65% 반등 (RSI 48)
2024-11-01 13:30:00,AMD,매수,2,143.1515,,,14798.81,저점 $142.19 대비 +0.63% 반등 (RSI 28)
2024-11-01 13:30:00,CROX,매수,2,106.5532,,,14585.56,저점 $105.89 대비 +0.58% 반등 (RSI 26)
2024-11-01 15:59:59,AMD,매도,2,141.7991,-3.11,-1.087,14868.95,장마감 청산 -0.90%
2024-11-01 15:59:59,CROX,매도,2,106.1769,-1.06,-0.496,15081.15,장마감 청산 -0.30%
2024-11-01 15:59:59,NEM,매도,6,45.2274,-3.21,-1.172,15352.31,장마감 청산 -0.98%
2024-11-01 15:59:59,ORCL,매도,1,169.915,-1.66,-0.972,15522.1,장마감 청산 -0.78%
2024-11-04 10:30:00,AMD,매수,2,142.8414,,,15236.22,저점 $141.66 대비 +0.78% 반등 (RSI 31)
2024-11-04 10:30:00,NEM,매수,6,45.7279,,,14961.66,저점 $45.39 대비 +0.69% 반등 (RSI 36)
2024-11-04 13:30:00,PGR,매수,1,242.4011,,,14719.09,저점 $240.54 대비 +0.72% 반등 (RSI 44)
2024-11-04 15:59:59,AMD,매도,2,140.6696,-4.75,-1.662,15000.23,장마감 청산 -1.47%
2024-11-04 15:59:59,NEM,매도,6,45.7371,-0.34,-0.123,15274.45,장마감 청산 +0.07%
2024-11-04 15:59:59,PGR,매도,1,241.3593,-1.39,-0.573,15515.63,장마감 청산 -0.38%
2024-11-05 09:30:00,CRDO,매수,65,40.7754,,,12863.38,K 따라 매수: 주식층 비중 24.6%
2024-11-05 09:30:00,NVDA,매수,19,137.4987,,,10249.07,K 따라 매수: 주식층 비중 24.6%
2024-11-05 09:30:00,ORCL,매수,15,170.5552,,,7688.95,K 따라 매수: 주식층 비중 24.6%
2024-11-05 11:30:00,CROX,매수,5,105.9329,,,7158.92,저점 $105.10 대비 +0.75% 반등 (RSI 35)
2024-11-06 09:30:00,CRDO,매도,21,43.948,65.35,7.632,8081.15,K 비중 맞춤(줄임 17.1%)
2024-11-06 09:30:00,NVDA,매도,5,142.8585,25.8,3.752,8794.92,K 비중 맞춤(줄임 17.1%)
2024-11-06 09:30:00,ORCL,매도,15,178.4307,114.39,4.471,11469.43,로테이션 제외(모멘텀 순위 밖 또는 국면 0)
2024-11-06 09:30:00,TSLA,매수,6,283.2065,,,9769.0,K 따라 매수: 주식층 비중 17.1%
2024-11-06 10:30:00,DHI,매수,3,164.8324,,,9274.16,저점 $163.52 대비 +0.75% 반등 (RSI 34)
2024-11-06 12:29:59,CROX,매도,5,101.5492,-22.66,-4.278,9781.53,손절 -4.09%
2024-11-06 13:30:00,KO,매수,10,63.7068,,,9144.02,저점 $63.33 대비 +0.54% 반등 (RSI 27)
2024-11-07 09:30:00,CRDO,매도,14,45.1962,61.03,10.691,9776.3,K 비중 맞춤(줄임 11.9%)
2024-11-07 09:30:00,NVDA,매도,4,146.2868,34.34,6.244,10361.02,K 비중 맞춤(줄임 11.9%)
2024-11-07 09:30:00,TSLA,매도,1,288.4357,4.82,1.702,10649.25,K 비중 맞춤(줄임 11.9%)
2024-11-11 09:30:00,CRDO,매수,23,48.5706,,,9531.34,K 비중 맞춤(늘림 22.7%)
2024-11-11 09:30:00,NVDA,매수,7,148.7543,,,8489.34,K 비중 맞춤(늘림 22.7%)
2024-11-11 09:30:00,TSLA,매수,2,343.1815,,,7802.49,K 비중 맞춤(늘림 22.7%)
2024-11-12 09:30:00,NVDA,매도,17,146.6616,73.47,3.041,10293.92,로테이션 제외(모멘텀 순위 밖 또는 국면 0)
2024-11-12 09:30:00,ORCL,매수,12,188.6343,,,8028.72,K 따라 매수: 주식층 비중 19.8%
2024-11-12 10:30:00,ROST,매수,4,140.7003,,,7465.53,저점 $139.85 대비 +0.56% 반등 (RSI 40)
2024-11-12 14:30:00,FCX,매수,3,43.3967,,,7335.25,저점 $43.14 대비 +0.54% 반등 (RSI 30)
2024-11-12 15:59:59,DHI,매도,3,161.829,-9.71,-1.964,7820.38,보유기한 청산 -1.77%
2024-11-12 15:59:59,KO,매도,10,63.1784,-6.19,-0.972,8451.7,보유기한 청산 -0.78%
2024-11-13 09:30:00,CRDO,매도,53,47.0265,148.56,6.348,10942.29,로테이션 제외(모멘텀 순위 밖 또는 국면 0)
2024-11-13 09:30:00,ORCL,매도,12,188.9055,0.02,0.001,13207.5,로테이션 제외(모멘텀 순위 밖 또는 국면 0)
2024-11-13 09:30:00,TSLA,매도,7,336.9974,253.39,12.053,15564.76,로테이션 제외(모멘텀 순위 밖 또는 국면 0)
2024-11-13 13:30:00,AMGN,매수,1,304.3171,,,15260.23,저점 $302.08 대비 +0.69% 반등 (RSI 31)
2024-11-13 13:30:00,WDC,매수,6,47.5861,,,14974.51,저점 $47.11 대비 +0.95% 반등 (RSI 29)
2024-11-13 14:30:00,MU,매수,3,101.1205,,,14670.94,저점 $100.53 대비 +0.54% 반등 (RSI 31)
2024-11-13 15:59:59,AMGN,매도,1,301.2793,-3.47,-1.141,14972.0,장마감 청산 -0.95%
2024-11-13 15:59:59,MU,매도,3,99.8501,-4.24,-1.398,15271.33,장마감 청산 -1.21%
2024-11-13 15:59:59,WDC,매도,6,47.3913,-1.58,-0.552,15555.47,장마감 청산 -0.36%
2024-11-14 10:30:00,NEM,매수,7,41.0505,,,15267.91,저점 $40.72 대비 +0.76% 반등 (RSI 27)
2024-11-14 10:30:00,WDC,매수,6,47.8395,,,14980.67,저점 $47.43 대비 +0.81% 반등 (RSI 35)
2024-11-14 14:30:00,RTX,매수,2,119.0595,,,14742.39,저점 $118.40 대비 +0.50% 반등 (RSI 29)
2024-11-14 15:59:59,NEM,매도,7,40.6497,-3.21,-1.119,15026.73,장마감 청산 -0.93%
2024-11-14 15:59:59,RTX,매도,2,118.8406,-0.78,-0.327,15264.24,장마감 청산 -0.13%
2024-11-14 15:59:59,WDC,매도,6,47.7388,-1.01,-0.353,15550.46,장마감 청산 -0.16%
2024-11-15 09:30:00,CRDO,매수,30,41.2306,,,14312.68,K 따라 매수: 주식층 비중 10.9%
2024-11-15 09:30:00,DAL,매수,15,65.4727,,,13329.9,K 따라 매수: 주식층 비중 8.8%
2024-11-15 09:30:00,FTNT,매수,1,94.8474,,,13234.98,K 따라 매수: 주식층 비중 1.6%
2024-11-15 09:30:00,KO,매수,1,62.5212,,,13172.42,K 따라 매수: 주식층 비중 1.1%
2024-11-15 09:30:00,MU,매수,2,97.6388,,,12977.0,K 따라 매수: 주식층 비중 1.9%
2024-11-15 09:30:00,NET,매수,2,90.4752,,,12795.93,K 따라 매수: 주식층 비중 2.0%
2024-11-15 09:30:00,NVDA,매수,8,144.9424,,,11635.58,K 따라 매수: 주식층 비중 10.8%
2024-11-15 09:30:00,ORCL,매수,6,184.6123,,,10527.13,K 따라 매수: 주식층 비중 10.9%
2024-11-15 09:30:00,PANW,매수,1,193.9565,,,10333.04,K 따라 매수: 주식층 비중 2.4%
2024-11-15 09:30:00,SHIP,매수,1,9.0745,,,10323.95,K 따라 매수: 주식층 비중 0.1%
2024-11-15 09:30:00,SHOP,매수,2,107.1535,,,10109.5,K 따라 매수: 주식층 비중 2.3%
2024-11-15 09:30:00,STX,매수,2,96.1881,,,9916.99,K 따라 매수: 주식층 비중 2.5%
2024-11-15 09:30:00,WDC,매수,5,47.2269,,,9680.69,K 따라 매수: 주식층 비중 2.4%
2024-11-15 14:29:59,FCX,매도,3,42.7536,-2.11,-1.624,9808.85,시장 급락 -1.6% → 청산
2024-11-15 14:29:59,ROST,매도,4,140.4198,-1.93,-0.342,10370.12,시장 급락 -1.6% → 청산
2024-11-18 09:30:00,AVGO,매수,1,166.2131,,,10203.79,K 따라 매수: 주식층 비중 2.4%
2024-11-18 09:30:00,KO,매수,1,61.8809,,,10141.87,K 비중 맞춤(늘림 1.1%)
2024-11-18 09:30:00,NVDA,매수,1,139.9099,,,10001.86,K 비중 맞춤(늘림 11.5%)
2024-11-18 09:30:00,ORCL,매수,1,184.3922,,,9817.34,K 비중 맞춤(늘림 11.7%)
2024-11-18 10:30:00,LRCX,매수,9,70.5352,,,9182.08,저점 $69.99 대비 +0.73% 반등 (RSI 28)
2024-11-19 09:30:00,DAL,매도,14,61.7341,-53.61,-5.849,10045.73,K 비중 맞춤(줄임 0.2%)
2024-11-19 09:30:00,FTNT,매수,1,90.6303,,,9955.03,K 비중 맞춤(늘림 1.7%)
2024-11-19 09:30:00,TSLA,매수,3,335.5977,,,8947.53,K 따라 매수: 주식층 비중 9.0%
2024-11-20 09:30:00,AVGO,매도,1,165.4572,-0.99,-0.597,9112.87,로테이션 제외(모멘텀 순위 밖 또는 국면 0)
2024-11-20 09:30:00,CRDO,매도,30,43.978,80.59,6.516,10431.25,로테이션 제외(모멘텀 순위 밖 또는 국면 0)
2024-11-20 09:30:00,DAL,매수,9,64.132,,,9853.65,K 비중 맞춤(늘림 5.8%)
2024-11-20 09:30:00,DASH,매수,3,175.8579,,,9325.71,K 따라 매수: 주식층 비중 6.0%
2024-11-20 09:30:00,FTNT,매도,2,91.3443,-3.05,-1.646,9508.27,로테이션 제외(모멘텀 순위 밖 또는 국면 0)
2024-11-20 09:30:00,MU,매도,2,97.881,0.2,0.105,9703.89,로테이션 제외(모멘텀 순위 밖 또는 국면 0)
2024-11-20 09:30:00,NVDA,매도,9,146.2868,15.26,1.174,11019.51,로테이션 제외(모멘텀 순위 밖 또는 국면 0)
2024-11-20 09:30:00,ORCL,매도,2,190.8045,11.91,3.226,11400.84,K 비중 맞춤(줄임 8.0%)
2024-11-20 09:30:00,PANW,매도,1,194.6826,0.45,0.231,11595.38,로테이션 제외(모멘텀 순위 밖 또는 국면 0)
2024-11-20 09:30:00,TSLA,매도,1,344.9074,8.82,2.629,11940.03,K 비중 맞춤(줄임 5.6%)
2024-11-20 10:30:00,ROST,매수,4,138.059,,,11387.41,저점 $136.91 대비 +0.79% 반등 (RSI 34)
2024-11-21 09:30:00,DASH,매도,2,172.4138,-7.39,-2.1,11731.99,K 비중 맞춤(줄임 0.4%)
2024-11-21 09:30:00,GS,매수,1,585.2026,,,11146.37,K 따라 매수: 주식층 비중 5.8%
2024-11-21 10:30:00,TGT,매수,5,122.8314,,,10531.79,저점 $122.09 대비 +0.56% 반등 (RSI 15)
2024-11-22 09:30:00,AVGO,매수,1,163.1015,,,10368.57,K 따라 매수: 주식층 비중 2.3%
2024-11-22 09:30:00,CRDO,매수,27,46.6533,,,9108.05,K 따라 매수: 주식층 비중 11.3%
2024-11-22 09:30:00,DAL,매도,9,63.3683,-8.9,-1.539,9677.95,K 비중 맞춤(줄임 0.2%)
2024-11-22 09:30:00,FTNT,매수,1,94.1871,,,9583.7,K 따라 매수: 주식층 비중 1.6%
2024-11-22 09:30:00,MU,매수,2,102.4112,,,9378.73,K 따라 매수: 주식층 비중 2.0%
2024-11-22 09:30:00,NVDA,매수,8,145.983,,,8210.05,K 따라 매수: 주식층 비중 11.3%
2024-11-22 09:30:00,ORCL,매수,1,193.0965,,,8016.82,K 비중 맞춤(늘림 11.4%)
2024-11-22 09:30:00,PANW,매수,1,196.5382,,,7820.14,K 따라 매수: 주식층 비중 2.5%
2024-11-22 09:30:00,TSLA,매수,1,341.2555,,,7478.65,K 비중 맞춤(늘림 9.0%)
2024-11-22 10:29:59,LRCX,매도,9,71.994,12.21,1.924,8126.12,고점 $73.33 대비 -1.00% → 익절 +2.12%
2024-11-22 10:29:59,ROST,매도,4,146.9965,34.93,6.326,8713.68,고점 $153.29 대비 -0.50% → 익절 +6.53%
2024-11-25 09:30:00,FTNT,매수,1,93.1566,,,8620.45,K 비중 맞춤(늘림 1.7%)
2024-11-25 09:30:00,NVDA,매수,1,142.041,,,8478.31,K 비중 맞춤(늘림 12.0%)
2024-11-25 09:30:00,ORCL,매수,1,194.5973,,,8283.58,K 비중 맞춤(늘림 12.2%)
2024-11-25 09:30:00,SHIP,매수,1,8.2841,,,8275.29,K 비중 맞춤(늘림 0.2%)
2024-11-25 14:29:59,TGT,매도,5,130.9145,39.51,6.433,8929.39,고점 $131.64 대비 -0.50% → 익절 +6.63%
2024-11-26 09:30:00,BTSG,매수,53,18.9395,,,7924.89,K 따라 매수: 주식층 비중 8.8%
2024-11-26 09:30:00,FTNT,매도,2,93.923,0.23,0.125,8112.6,로테이션 제외(모멘텀 순위 밖 또는 국면 0)
2024-11-26 09:30:00,PANW,매도,1,194.6226,-2.2,-1.117,8307.08,로테이션 제외(모멘텀 순위 밖 또는 국면 0)
2024-11-26 09:30:00,TSLA,매도,2,341.2743,6.61,0.979,8989.13,K 비중 맞춤(줄임 0.0%)
2024-11-29 09:30:00,BTSG,매수,7,19.3096,,,8853.87,K 비중 맞춤(늘림 10.3%)
2024-11-29 09:30:00,CRDO,매수,3,46.108,,,8715.45,K 비중 맞춤(늘림 12.5%)
2024-11-29 09:30:00,FTNT,매수,2,94.4622,,,8526.39,K 따라 매수: 주식층 비중 1.7%
2024-11-29 09:30:00,NVDA,매수,1,136.9184,,,8389.38,K 비중 맞춤(늘림 12.5%)
2024-11-29 09:30:00,PANW,매수,1,193.2216,,,8196.02,K 따라 매수: 주식층 비중 2.5%
2024-12-02 09:30:00,AVGO,매도,1,163.0085,-0.33,-0.2,8358.91,로테이션 제외(모멘텀 순위 밖 또는 국면 0)
2024-12-02 09:30:00,BTSG,매도,8,18.9725,-0.3,-0.196,8510.58,K 비중 맞춤(줄임 8.4%)
2024-12-02 09:30:00,CRDO,매도,30,49.3553,80.64,5.768,9990.16,로테이션 제외(모멘텀 순위 밖 또는 국면 0)
2024-12-02 09:30:00,MNST,매수,1,27.6988,,,9962.44,K 따라 매수: 주식층 비중 0.4%
2024-12-02 09:30:00,MU,매도,2,97.7811,-9.55,-4.661,10157.86,로테이션 제외(모멘텀 순위 밖 또는 국면 0)
2024-12-02 09:30:00,NVDA,매도,10,138.7706,-61.14,-4.226,11544.55,로테이션 제외(모멘텀 순위 밖 또는 국면 0)
2024-12-02 09:30:00,TSLA,매수,1,352.6913,,,11191.61,K 비중 맞춤(늘림 8.4%)
2024-12-02 11:30:00,VZ,매수,15,43.947,,,10531.95,저점 $43.68 대비 +0.56% 반등 (RSI 48)
2024-12-03 09:30:00,BTSG,매도,10,19.0205,0.11,0.056,10722.01,K 비중 맞춤(줄임 6.9%)
2024-12-03 09:30:00,ORCL,매도,1,181.0894,-6.4,-3.419,10902.97,K 비중 맞춤(줄임 9.2%)
2024-12-03 09:30:00,SHOP,매도,2,112.6936,10.77,5.023,11128.19,로테이션 제외(모멘텀 순위 밖 또는 국면 0)
2024-12-04 09:30:00,BTSG,매도,5,19.0305,0.1,0.109,11223.28,K 비중 맞춤(줄임 6.0%)
2024-12-04 13:30:00,INTC,매수,29,21.976,,,10585.53,저점 $21.85 대비 +0.53% 반등 (RSI 32)
2024-12-05 09:30:00,AVGO,매수,1,170.8354,,,10414.57,K 따라 매수: 주식층 비중 2.4%
2024-12-05 09:30:00,BTSG,매수,26,18.7694,,,9926.23,K 비중 맞춤(늘림 10.3%)
2024-12-05 09:30:00,CRDO,매수,20,69.2746,,,8539.76,K 따라 매수: 주식층 비중 12.4%
2024-12-05 09:30:00,MRVL,매수,1,116.6083,,,8423.07,K 따라 매수: 주식층 비중 1.9%
2024-12-05 09:30:00,MU,매수,2,103.8219,,,8215.28,K 따라 매수: 주식층 비중 2.1%
2024-12-05 09:30:00,NVDA,매수,1,144.3231,,,8070.86,K 따라 매수: 주식층 비중 2.4%
2024-12-05 09:30:00,ORCL,매수,1,189.1145,,,7881.61,K 비중 맞춤(늘림 12.6%)
2024-12-05 09:30:00,SHOP,매수,2,113.1465,,,7655.16,K 따라 매수: 주식층 비중 2.3%
2024-12-05 09:30:00,TSLA,매수,1,360.0499,,,7294.86,K 비중 맞춤(늘림 10.2%)
2024-12-05 10:29:59,INTC,매도,29,20.9844,-29.65,-4.652,7902.96,손절 -4.46%
2024-12-06 10:29:59,VZ,매도,15,42.1039,-28.57,-4.334,8534.06,손절 -4.15%
2024-12-09 09:30:00,BTSG,매도,18,18.2709,-11.71,-3.442,8862.7,K 비중 맞춤(줄임 7.0%)
2024-12-09 09:30:00,CRDO,매도,5,74.0829,23.53,6.793,9232.84,K 비중 맞춤(줄임 9.2%)
2024-12-09 09:30:00,MNST,매도,1,26.2319,-1.51,-5.435,9259.05,로테이션 제외(모멘텀 순위 밖 또는 국면 0)
2024-12-09 09:30:00,NET,매도,2,112.9035,44.57,24.628,9484.7,로테이션 제외(모멘텀 순위 밖 또는 국면 0)
2024-12-09 09:30:00,NVDA,매수,6,138.069,,,8655.7,K 비중 맞춤(늘림 9.3%)
2024-12-09 09:30:00,ORCL,매도,7,196.2019,59.01,4.496,10028.11,로테이션 제외(모멘텀 순위 밖 또는 국면 0)
2024-12-09 09:30:00,STX,매도,2,98.3808,4.11,2.135,10224.73,로테이션 제외(모멘텀 순위 밖 또는 국면 0)
2024-12-09 09:30:00,WDC,매도,5,53.624,31.62,13.392,10492.65,로테이션 제외(모멘텀 순위 밖 또는 국면 0)
2024-12-10 09:30:00,MNST,매수,1,26.4682,,,10466.17,K 따라 매수: 주식층 비중 0.3%
2024-12-10 09:30:00,MRVL,매수,1,107.954,,,10358.14,K 비중 맞춤(늘림 1.9%)
2024-12-10 10:30:00,DHI,매수,4,157.2186,,,9728.82,저점 $156.13 대비 +0.65% 반등 (RSI 31)
2024-12-11 09:30:00,BTSG,매수,13,18.4192,,,9489.21,K 비중 맞춤(늘림 9.3%)
2024-12-11 09:30:00,CRDO,매수,4,67.944,,,9217.24,K 비중 맞춤(늘림 11.5%)
2024-12-11 09:30:00,NET,매수,2,112.4512,,,8992.18,K 따라 매수: 주식층 비중 2.2%
2024-12-11 09:30:00,NVDA,매도,4,137.1315,-8.11,-1.46,9540.31,K 비중 맞춤(줄임 2.4%)
2024-12-11 09:30:00,STX,매수,2,97.8989,,,9344.37,K 따라 매수: 주식층 비중 2.5%
2024-12-11 09:30:00,WDC,매수,5,52.6189,,,9081.09,K 따라 매수: 주식층 비중 2.4%
2024-12-11 10:30:00,MDB,매수,2,300.4201,,,8479.83,저점 $297.70 대비 +0.86% 반등 (RSI 33)
2024-12-11 11:30:00,INTC,매수,33,20.05,,,7817.72,저점 $19.93 대비 +0.53% 반등 (RSI 31)
2024-12-12 09:30:00,AVGO,매도,1,180.8395,9.75,5.709,7998.43,로테이션 제외(모멘텀 순위 밖 또는 국면 0)
2024-12-12 09:30:00,BTSG,매도,16,18.5107,-4.86,-1.618,8294.38,K 비중 맞춤(줄임 6.6%)
2024-12-12 09:30:00,CRDO,매도,19,68.5657,-10.02,-0.764,9596.18,로테이션 제외(모멘텀 순위 밖 또는 국면 0)
2024-12-12 09:30:00,MNST,매도,1,26.1469,-0.36,-1.356,9622.31,로테이션 제외(모멘텀 순위 밖 또는 국면 0)
2024-12-12 09:30:00,MRVL,매도,2,110.4747,-3.93,-1.751,9843.09,로테이션 제외(모멘텀 순위 밖 또는 국면 0)
2024-12-12 09:30:00,MU,매도,2,101.5392,-4.86,-2.34,10046.02,로테이션 제외(모멘텀 순위 밖 또는 국면 0)
2024-12-12 09:30:00,NVDA,매도,3,137.0315,-6.38,-1.532,10456.82,로테이션 제외(모멘텀 순위 밖 또는 국면 0)
2024-12-12 09:30:00,SHOP,매수,6,116.2781,,,9758.66,K 비중 맞춤(늘림 8.8%)
2024-12-12 09:30:00,STX,매수,1,98.119,,,9660.47,K 비중 맞춤(늘림 2.5%)
2024-12-12 09:30:00,TSLA,매도,1,424.6276,74.0,21.138,10084.79,K 비중 맞춤(줄임 6.5%)
2024-12-12 10:29:59,MDB,매도,2,287.0064,-27.67,-4.605,10658.39,손절 -4.42%
2024-12-13 09:30:00,DHI,매도,4,148.7956,-34.57,-5.497,11253.13,손절 -5.31%
2024-12-13 09:30:00,MNST,매수,1,26.1631,,,11226.95,K 따라 매수: 주식층 비중 0.3%
2024-12-13 10:29:59,INTC,매도,33,20.4398,11.91,1.799,11900.97,고점 $20.78 대비 -1.00% → 익절 +1.99%
2024-12-16 09:30:00,AVGO,매수,5,231.9059,,,10740.63,K 따라 매수: 주식층 비중 11.5%
2024-12-16 09:30:00,BTSG,매수,16,18.5293,,,10443.96,K 비중 맞춤(늘림 9.3%)
2024-12-16 09:30:00,CRDO,매수,17,78.2271,,,9113.16,K 따라 매수: 주식층 비중 11.5%
2024-12-16 09:30:00,MRVL,매수,1,122.5713,,,8990.51,K 따라 매수: 주식층 비중 1.9%
2024-12-16 09:30:00,MU,매수,2,105.7929,,,8778.77,K 따라 매수: 주식층 비중 2.1%
2024-12-16 09:30:00,NVDA,매수,2,134.2321,,,8510.12,K 따라 매수: 주식층 비중 2.4%
2024-12-16 09:30:00,SHOP,매도,5,115.6671,0.03,0.006,9088.03,K 비중 맞춤(줄임 2.3%)
2024-12-16 11:30:00,AMD,매수,5,125.9329,,,8457.93,저점 $125.17 대비 +0.56% 반등 (RSI 34)
2024-12-17 09:30:00,AVGO,매도,3,240.5297,24.86,3.573,9178.99,K 비중 맞춤(줄임 2.3%)
2024-12-17 09:30:00,DAVE,매수,9,103.7919,,,8244.21,K 따라 매수: 주식층 비중 8.6%
2024-12-17 09:30:00,MNST,매도,1,26.002,-0.2,-0.758,8270.19,로테이션 제외(모멘텀 순위 밖 또는 국면 0)
2024-12-17 09:30:00,NOW,매수,1,226.113,,,8043.92,K 따라 매수: 주식층 비중 2.2%
2024-12-17 10:30:00,ORCL,매수,3,172.2661,,,7526.76,저점 $170.75 대비 +0.84% 반등 (RSI 37)
2024-12-17 10:30:00,VZ,매수,1,41.0755,,,7485.66,저점 $40.66 대비 +0.97% 반등 (RSI 32)
2024-12-18 09:30:00,AVGO,매도,2,239.4302,14.37,3.099,7964.17,로테이션 제외(모멘텀 순위 밖 또는 국면 0)
2024-12-18 09:30:00,BTSG,매도,20,18.4708,-5.45,-1.456,8333.31,K 비중 맞춤(줄임 6.0%)
2024-12-18 09:30:00,CRDO,매도,17,71.0345,-124.09,-9.331,9540.02,로테이션 제외(모멘텀 순위 밖 또는 국면 0)
2024-12-18 09:30:00,DAVE,매도,2,105.5472,3.21,1.547,9750.96,K 비중 맞춤(줄임 5.9%)
2024-12-18 09:30:00,MRVL,매도,1,112.4438,-10.3,-8.4,9863.32,로테이션 제외(모멘텀 순위 밖 또는 국면 0)
2024-12-18 09:30:00,MU,매도,2,110.0849,8.28,3.911,10083.33,로테이션 제외(모멘텀 순위 밖 또는 국면 0)
2024-12-18 09:30:00,NVDA,매도,2,133.8031,-1.24,-0.462,10350.74,로테이션 제외(모멘텀 순위 밖 또는 국면 0)
2024-12-18 09:30:00,SHOP,매수,4,118.8644,,,9874.95,K 비중 맞춤(늘림 8.0%)
2024-12-18 10:30:00,MNST,매수,25,26.073,,,9222.67,저점 $25.84 대비 +0.83% 반등 (RSI 42)
2024-12-18 15:29:59,AMD,매도,5,122.4787,-18.16,-2.884,9834.61,시장 급락 -1.8% → 청산
2024-12-18 15:29:59,MNST,매도,25,25.937,-4.33,-0.664,10482.57,시장 급락 -1.8% → 청산
2024-12-18 15:29:59,ORCL,매도,3,167.896,-13.84,-2.678,10985.89,시장 급락 -1.8% → 청산
2024-12-18 15:29:59,VZ,매도,1,40.6697,-0.46,-1.13,11026.53,시장 급락 -1.8% → 청산
2024-12-19 09:30:00,BTSG,매수,5,17.0485,,,10941.23,K 비중 맞춤(늘림 6.6%)
2024-12-19 09:30:00,SHOP,매도,4,111.2444,-25.36,-5.399,11385.88,K 비중 맞춤(줄임 2.2%)
2024-12-19 10:30:00,JPM,매수,1,234.0069,,,11151.71,저점 $232.27 대비 +0.70% 반등 (RSI 38)
2024-12-19 13:30:00,AMGN,매수,1,260.7403,,,10890.78,저점 $258.48 대비 +0.82% 반등 (RSI 35)
2024-12-19 13:30:00,BKNG,매수,1,200.2092,,,10690.43,저점 $198.95 대비 +0.58% 반등 (RSI 26)
2024-12-19 13:30:00,MDB,매수,1,248.6143,,,10441.65,저점 $246.95 대비 +0.63% 반등 (RSI 25)
2024-12-20 09:30:00,BTSG,매수,16,16.8484,,,10171.88,K 비중 맞춤(늘림 8.9%)
2024-12-20 09:30:00,CRDO,매수,9,65.5428,,,9581.59,K 따라 매수: 주식층 비중 11.0%
2024-12-20 09:30:00,DAVE,매수,4,83.2316,,,9248.43,K 비중 맞춤(늘림 8.8%)
2024-12-20 09:30:00,MRVL,매수,1,108.054,,,9140.3,K 따라 매수: 주식층 비중 2.3%
2024-12-20 09:30:00,NVDA,매수,1,129.8749,,,9010.33,K 따라 매수: 주식층 비중 2.4%
2024-12-20 09:31:18,CRDO,매수,9,65.4247,,,8421.1,K 비중 맞춤(늘림 11.0%)
2024-12-20 09:32:08,NVDA,매수,1,129.6476,,,8291.36,K 비중 맞춤(늘림 2.4%)
2024-12-20 09:32:30,MRVL,매수,1,107.8439,,,8183.44,K 비중 맞춤(늘림 2.3%)
2024-12-20 10:29:59,AMGN,매도,1,265.0357,3.92,1.503,8448.28,고점 $269.02 대비 -1.00% → 익절 +1.70%
2024-12-20 10:30:00,PEP,매수,2,151.5157,,,8145.04,저점 $150.61 대비 +0.55% 반등 (RSI 29)
2024-12-20 10:30:00,SLB,매수,8,37.1586,,,7847.56,저점 $36.83 대비 +0.84% 반등 (RSI 30)
2024-12-20 10:57:00,AVGO,매수,1,227.1937,,,7620.21,K 따라 매수: 주식층 비중 2.3%
2024-12-20 10:57:16,VZ,매수,1,40.1301,,,7580.05,K 따라 매수: 주식층 비중 0.5%
2024-12-23 09:30:00,AVGO,매도,1,226.5767,-0.94,-0.414,7806.46,로테이션 제외(모멘텀 순위 밖 또는 국면 0)
2024-12-23 09:30:00,BTSG,매도,59,16.9815,-65.62,-6.155,8807.64,로테이션 제외(모멘텀 순위 밖 또는 국면 0)
2024-12-23 09:30:00,CRDO,매도,18,69.7651,75.32,6.39,10062.49,로테이션 제외(모멘텀 순위 밖 또는 국면 0)
2024-12-23 09:30:00,DAL,매도,1,60.5697,-3.79,-5.891,10123.02,로테이션 제외(모멘텀 순위 밖 또는 국면 0)
2024-12-23 09:30:00,DASH,매도,1,170.9545,-5.15,-2.929,10293.85,로테이션 제외(모멘텀 순위 밖 또는 국면 0)
2024-12-23 09:30:00,DAVE,매도,11,88.9155,-82.85,-7.82,11271.2,로테이션 제외(모멘텀 순위 밖 또는 국면 0)
2024-12-23 09:30:00,FTNT,매도,2,96.8216,4.45,2.353,11464.71,로테이션 제외(모멘텀 순위 밖 또는 국면 0)
2024-12-23 09:30:00,GS,매도,1,564.7175,-21.31,-3.641,12029.01,로테이션 제외(모멘텀 순위 밖 또는 국면 0)
2024-12-23 09:30:00,KO,매도,2,62.4688,0.36,0.287,12153.86,로테이션 제외(모멘텀 순위 밖 또는 국면 0)
2024-12-23 09:30:00,MRVL,매도,2,112.0739,7.94,3.675,12377.84,로테이션 제외(모멘텀 순위 밖 또는 국면 0)
2024-12-23 09:30:00,NET,매도,2,112.1039,-1.02,-0.452,12601.89,로테이션 제외(모멘텀 순위 밖 또는 국면 0)
2024-12-23 09:30:00,NOW,매도,1,217.0914,-9.34,-4.13,12818.82,로테이션 제외(모멘텀 순위 밖 또는 국면 0)
2024-12-23 09:30:00,NVDA,매도,2,136.2119,12.52,4.824,13091.04,로테이션 제외(모멘텀 순위 밖 또는 국면 0)
2024-12-23 09:30:00,PANW,매도,1,187.364,-6.13,-3.172,13278.27,로테이션 제외(모멘텀 순위 밖 또는 국면 0)
2024-12-23 09:30:00,SHIP,매도,2,6.9711,-3.44,-19.81,13292.2,로테이션 제외(모멘텀 순위 밖 또는 국면 0)
2024-12-23 09:30:00,SHOP,매도,3,108.4757,-27.32,-7.755,13617.39,로테이션 제외(모멘텀 순위 밖 또는 국면 0)
2024-12-23 09:30:00,STX,매도,3,87.4163,-32.07,-10.91,13879.45,로테이션 제외(모멘텀 순위 밖 또는 국면 0)
2024-12-23 09:30:00,TSLA,매도,2,430.747,160.23,22.884,14740.32,로테이션 제외(모멘텀 순위 밖 또는 국면 0)
2024-12-23 09:30:00,VZ,매도,1,39.91,-0.28,-0.691,14780.2,로테이션 제외(모멘텀 순위 밖 또는 국면 0)
2024-12-23 09:30:00,WDC,매도,5,45.3364,-36.76,-13.973,15006.71,로테이션 제외(모멘텀 순위 밖 또는 국면 0)
2024-12-26 15:59:59,BKNG,매도,1,203.6101,3.11,1.554,15210.17,보유기한 청산 +1.75%
2024-12-26 15:59:59,JPM,매도,1,242.9785,8.63,3.688,15452.98,보유기한 청산 +3.89%
2024-12-26 15:59:59,MDB,매도,1,243.2283,-5.74,-2.308,15696.03,보유기한 청산 -2.12%
2024-12-26 15:59:59,PEP,매도,2,152.3338,1.2,0.397,16000.47,보유기한 청산 +0.59%
2024-12-26 15:59:59,SLB,매도,8,37.7011,3.91,1.316,16301.86,보유기한 청산 +1.51%
2025-01-03 11:30:00,DAL,매수,5,57.999,,,16011.66,저점 $57.68 대비 +0.50% 반등 (RSI 28)
2025-01-03 15:59:59,DAL,매도,5,58.9705,4.44,1.531,16306.3,장마감 청산 +1.73%
2025-01-07 10:30:00,KO,매수,5,61.5408,,,15998.38,저점 $61.11 대비 +0.65% 반등 (RSI 48)
2025-01-07 10:30:00,MNST,매수,12,26.1231,,,15684.68,저점 $25.95 대비 +0.63% 반등 (RSI 46)
2025-01-07 10:30:00,PEP,매수,2,147.5964,,,15389.29,저점 $146.46 대비 +0.73% 반등 (RSI 35)
2025-01-07 10:30:00,SHIP,매수,48,6.7334,,,15065.86,저점 $6.67 대비 +0.90% 반등 (RSI 41)
2025-01-07 11:30:00,ORCL,매수,1,164.3021,,,14901.44,저점 $162.93 대비 +0.79% 반등 (RSI 40)
2025-01-07 15:59:59,KO,매도,5,60.8196,-4.04,-1.314,15205.32,장마감 청산 -1.12%
2025-01-07 15:59:59,MNST,매도,12,25.7571,-4.84,-1.543,15514.18,장마감 청산 -1.35%
2025-01-07 15:59:59,ORCL,매도,1,161.939,-2.6,-1.58,15676.0,장마감 청산 -1.39%
2025-01-07 15:59:59,PEP,매도,2,145.2673,-5.08,-1.72,15966.32,장마감 청산 -1.53%
2025-01-07 15:59:59,SHIP,매도,48,6.8536,5.3,1.641,16295.05,장마감 청산 +1.84%
2025-01-08 10:30:00,DHI,매수,2,138.3241,,,16018.21,저점 $136.92 대비 +0.98% 반등 (RSI 40)
2025-01-08 11:30:00,AMD,매수,2,122.3211,,,15773.4,저점 $121.19 대비 +0.88% 반등 (RSI 37)
2025-01-08 11:30:00,DDOG,매수,2,140.2801,,,15492.64,저점 $139.44 대비 +0.55% 반등 (RSI 31)
2025-01-08 11:30:00,USB,매수,6,48.2891,,,15202.7,저점 $47.94 대비 +0.67% 반등 (RSI 44)
2025-01-08 15:59:59,AMD,매도,2,121.7891,-1.41,-0.578,15446.1,장마감 청산 -0.39%
2025-01-08 15:59:59,DDOG,매도,2,141.919,2.87,1.024,15729.73,장마감 청산 +1.22%
2025-01-08 15:59:59,DHI,매도,2,139.86,2.67,0.967,16009.25,장마감 청산 +1.16%
2025-01-08 15:59:59,USB,매도,6,48.4957,0.82,0.285,16300.01,장마감 청산 +0.48%
2025-01-13 10:30:00,CRM,매수,1,316.8483,,,15982.94,저점 $314.60 대비 +0.66% 반등 (RSI 31)
2025-01-13 10:30:00,UNP,매수,1,225.5427,,,15757.24,저점 $223.73 대비 +0.76% 반등 (RSI 33)
2025-01-13 11:30:00,DASH,매수,1,167.9189,,,15589.2,저점 $166.76 대비 +0.64% 반등 (RSI 39)
2025-01-13 11:30:00,ROST,매수,2,149.3646,,,15290.26,저점 $148.20 대비 +0.74% 반등 (RSI 36)
2025-01-13 15:59:59,CRM,매도,1,318.8305,1.53,0.482,15608.86,장마감 청산 +0.68%
2025-01-13 15:59:59,DASH,매도,1,168.2658,0.11,0.063,15777.01,장마감 청산 +0.26%
2025-01-13 15:59:59,ROST,매도,2,151.0844,3.01,1.008,16078.95,장마감 청산 +1.20%
2025-01-13 15:59:59,UNP,매도,1,226.6266,0.76,0.337,16305.41,장마감 청산 +0.53%
2025-01-16 12:30:00,TGT,매수,2,131.8659,,,16041.5,저점 $130.90 대비 +0.69% 반등 (RSI 33)
2025-01-16 15:59:59,TGT,매도,2,133.1834,2.26,0.855,16307.67,장마감 청산 +1.05%
2025-01-23 10:30:00,EOG,매수,2,135.2476,,,16036.99,저점 $134.33 대비 +0.63% 반등 (RSI 49)
2025-01-23 11:30:00,MNST,매수,13,24.4072,,,15719.47,저점 $24.25 대비 +0.60% 반등 (RSI 39)
2025-01-23 11:30:00,PEP,매수,2,147.994,,,15423.28,저점 $146.95 대비 +0.66% 반등 (RSI 51)
2025-01-23 11:30:00,SHIP,매수,46,7.0235,,,15099.97,저점 $6.97 대비 +0.79% 반등 (RSI 46)
2025-01-23 15:59:59,MNST,매도,13,24.048,-5.12,-1.614,15412.36,장마감 청산 -1.42%
2025-01-23 15:59:59,PEP,매도,2,148.5157,0.62,0.209,15709.18,장마감 청산 +0.40%
2025-01-23 15:59:59,SHIP,매도,46,7.0065,-1.24,-0.385,16031.24,장마감 청산 -0.19%
2025-01-23 15:59:59,EOG,매도,2,133.903,-3.07,-1.136,16298.85,장마감 청산 -0.94%
2025-01-24 10:30:00,MNST,매수,13,24.202,,,15984.01,저점 $24.03 대비 +0.67% 반등 (RSI 38)
2025-01-24 11:30:00,INTC,매수,15,21.1256,,,15666.9,저점 $20.99 대비 +0.62% 반등 (RSI 44)
2025-01-24 15:59:59,INTC,매도,15,20.8096,-5.19,-1.638,15978.82,장마감 청산 -1.45%
2025-01-24 15:59:59,MNST,매도,13,24.1279,-1.41,-0.449,16292.25,장마감 청산 -0.26%
2025-01-27 09:30:00,BTSG,매수,24,22.5613,,,15750.4,K 따라 매수: 주식층 비중 9.7%
2025-01-27 09:30:00,CRDO,매수,9,68.2401,,,15135.81,K 따라 매수: 주식층 비중 11.6%
2025-01-27 09:30:00,DAVE,매수,6,86.043,,,14619.19,K 따라 매수: 주식층 비중 9.6%
2025-01-27 09:30:00,KO,매수,1,63.0365,,,14556.11,K 따라 매수: 주식층 비중 1.7%
2025-01-27 09:30:00,MRVL,매수,1,108.084,,,14447.95,K 따라 매수: 주식층 비중 2.3%
2025-01-27 09:30:00,NVDA,매수,1,124.8524,,,14323.01,K 따라 매수: 주식층 비중 2.5%
2025-01-27 09:30:00,SHOP,매수,1,104.5022,,,14218.44,K 따라 매수: 주식층 비중 2.4%
2025-01-27 09:30:00,STX,매수,1,105.1525,,,14113.21,K 따라 매수: 주식층 비중 2.1%
2025-01-27 09:30:00,TSLA,매수,1,394.7293,,,13718.2,K 따라 매수: 주식층 비중 9.6%
2025-01-27 09:30:36,CRDO,매수,10,68.3549,,,13034.18,K 비중 맞춤(늘림 11.6%)
2025-01-27 09:30:59,DAVE,매수,6,85.8762,,,12518.56,K 비중 맞춤(늘림 9.6%)
2025-01-27 09:31:20,MRVL,매수,1,108.124,,,12410.36,K 비중 맞춤(늘림 2.3%)
2025-01-27 09:31:27,NVDA,매수,1,125.0932,,,12285.18,K 비중 맞춤(늘림 2.5%)
2025-01-27 09:31:32,SHOP,매수,1,104.3091,,,12180.8,K 비중 맞춤(늘림 2.4%)
2025-01-27 09:32:13,STX,매수,1,105.3426,,,12075.38,K 비중 맞춤(늘림 2.1%)
2025-01-27 09:32:24,TSLA,매수,1,394.3494,,,11680.75,K 비중 맞춤(늘림 9.6%)
2025-01-27 09:32:43,BTSG,매수,24,22.5613,,,11138.9,K 비중 맞춤(늘림 9.7%)
2025-01-27 09:33:45,KO,매수,2,63.1503,,,11012.51,K 비중 맞춤(늘림 1.7%)
2025-01-27 10:34:17,FTNT,매수,1,97.8827,,,10914.56,K 따라 매수: 주식층 비중 1.5%
2025-01-27 10:34:17,PANW,매수,1,192.2161,,,10722.21,K 따라 매수: 주식층 비중 2.6%
2025-01-27 10:35:13,ORCL,매수,1,168.9519,,,10553.14,K 따라 매수: 주식층 비중 1.9%
2025-01-27 10:35:27,AAPL,매수,1,227.3436,,,10325.64,K 따라 매수: 주식층 비중 2.8%
2025-01-27 10:35:27,AVGO,매수,1,213.6293,,,10111.86,K 따라 매수: 주식층 비중 2.1%
2025-01-27 10:35:42,NET,매수,1,130.1951,,,9981.57,K 따라 매수: 주식층 비중 1.8%
2025-01-27 10:36:40,NOW,매수,1,231.5477,,,9749.86,K 따라 매수: 주식층 비중 2.7%
2025-01-28 09:30:00,AAPL,매도,1,230.7646,3.09,1.361,9980.46,로테이션 제외(모멘텀 순위 밖 또는 국면 0)
2025-01-28 09:30:00,AVGO,매도,1,207.1164,-6.81,-3.189,10187.43,로테이션 제외(모멘텀 순위 밖 또는 국면 0)
2025-01-28 09:30:00,BTSG,매도,48,23.7081,53.46,4.937,11324.59,로테이션 제외(모멘텀 순위 밖 또는 국면 0)
2025-01-28 09:30:00,CRDO,매도,19,59.4353,-170.17,-13.113,12453.03,로테이션 제외(모멘텀 순위 밖 또는 국면 0)
2025-01-28 09:30:00,DAVE,매도,12,89.2354,37.81,3.665,13523.07,로테이션 제외(모멘텀 순위 밖 또는 국면 0)
2025-01-28 09:30:00,FTNT,매도,1,96.4817,-1.54,-1.573,13619.49,로테이션 제외(모멘텀 순위 밖 또는 국면 0)
2025-01-28 09:30:00,KO,매도,3,63.4782,0.83,0.436,13809.78,로테이션 제외(모멘텀 순위 밖 또는 국면 0)
2025-01-28 09:30:00,MRVL,매도,2,103.2484,-10.01,-4.631,14016.13,로테이션 제외(모멘텀 순위 밖 또는 국면 0)
2025-01-28 09:30:00,NET,매도,1,128.7656,-1.61,-1.24,14144.8,로테이션 제외(모멘텀 순위 밖 또는 국면 0)
2025-01-28 09:30:00,NOW,매도,1,229.885,-1.99,-0.861,14374.52,로테이션 제외(모멘텀 순위 밖 또는 국면 0)
2025-01-28 09:30:00,NVDA,매도,2,121.7441,-6.81,-2.725,14617.83,로테이션 제외(모멘텀 순위 밖 또는 국면 0)
2025-01-28 09:30:00,ORCL,매도,1,162.9085,-6.28,-3.717,14780.62,로테이션 제외(모멘텀 순위 밖 또는 국면 0)
2025-01-28 09:30:00,PANW,매도,1,188.5653,-3.92,-2.041,14969.04,로테이션 제외(모멘텀 순위 밖 또는 국면 0)
2025-01-28 09:30:00,SHOP,매도,2,108.9455,8.77,4.202,15186.78,로테이션 제외(모멘텀 순위 밖 또는 국면 0)
2025-01-28 09:30:00,STX,매도,2,103.5982,-3.6,-1.709,15393.82,로테이션 제외(모멘텀 순위 밖 또는 국면 0)
2025-01-28 09:30:00,TSLA,매도,2,394.8025,-0.6,-0.076,16182.85,로테이션 제외(모멘텀 순위 밖 또는 국면 0)
2025-01-28 11:30:00,DAL,매수,2,67.0335,,,16048.69,저점 $66.64 대비 +0.54% 반등 (RSI 45)
2025-01-28 15:59:59,DAL,매도,2,67.6062,0.95,0.711,16183.8,장마감 청산 +0.90%
2025-01-29 10:30:00,USB,매수,3,48.8244,,,16037.23,저점 $48.35 대비 +0.93% 반등 (RSI 48)
2025-01-29 15:59:59,USB,매도,3,47.6362,-3.77,-2.575,16180.03,장마감 청산 -2.38%
2025-01-31 11:30:00,SLB,매수,3,40.6003,,,16058.14,저점 $40.27 대비 +0.77% 반등 (RSI 39)
2025-01-31 15:59:59,SLB,매도,3,40.2499,-1.22,-1.005,16178.81,장마감 청산 -0.81%
2025-02-03 10:30:00,CROX,매수,1,99.8399,,,16078.9,저점 $98.86 대비 +0.94% 반등 (RSI 29)
2025-02-03 10:30:00,FCX,매수,4,35.5878,,,15936.45,저점 $35.37 대비 +0.58% 반등 (RSI 35)
2025-02-03 10:30:00,NVDA,매수,1,115.8079,,,15820.56,저점 $114.71 대비 +0.91% 반등 (RSI 32)
2025-02-03 10:30:00,PEP,매수,1,151.0595,,,15669.39,저점 $149.55 대비 +0.96% 반등 (RSI 48)
2025-02-03 10:30:00,STX,매수,1,95.3276,,,15574.0,저점 $94.60 대비 +0.72% 반등 (RSI 26)
2025-02-03 15:59:59,CROX,매도,1,96.7016,-3.28,-3.284,15670.63,장마감 청산 -3.09%
2025-02-03 15:59:59,FCX,매도,4,35.8621,0.89,0.627,15813.97,장마감 청산 +0.82%
2025-02-03 15:59:59,NVDA,매도,1,116.6017,0.63,0.542,15930.49,장마감 청산 +0.74%
2025-02-03 15:59:59,PEP,매도,1,150.2148,-1.06,-0.702,16080.59,장마감 청산 -0.51%
2025-02-03 15:59:59,STX,매도,1,93.4433,-2.02,-2.118,16173.97,장마감 청산 -1.93%
2025-02-04 10:30:00,INCY,매수,2,74.1721,,,16025.52,저점 $73.51 대비 +0.85% 반등 (RSI 52)
2025-02-04 10:30:00,STX,매수,1,94.1971,,,15931.26,저점 $93.66 대비 +0.52% 반등 (RSI 32)
2025-02-04 10:30:00,USB,매수,3,47.6321,,,15788.26,저점 $47.15 대비 +0.97% 반등 (RSI 47)
2025-02-04 15:59:59,INCY,매도,2,74.0629,-0.43,-0.29,15936.28,장마감 청산 -0.10%
2025-02-04 15:59:59,USB,매도,3,47.4313,-0.81,-0.564,16078.47,장마감 청산 -0.37%
2025-02-04 15:59:59,STX,매도,1,94.4977,0.17,0.176,16172.9,장마감 청산 +0.37%
2025-02-10 10:30:00,DHI,매수,1,130.8104,,,16042.0,저점 $129.99 대비 +0.58% 반등 (RSI 34)
2025-02-10 13:30:00,ROST,매수,1,142.6063,,,15899.29,저점 $141.48 대비 +0.75% 반등 (RSI 35)
2025-02-10 15:59:59,DHI,매도,1,130.1049,-0.89,-0.682,16029.3,장마감 청산 -0.49%
2025-02-10 15:59:59,ROST,매도,1,142.029,-0.78,-0.548,16171.22,장마감 청산 -0.36%
2025-02-11 11:30:00,CROX,매수,1,89.8799,,,16081.28,저점 $89.18 대비 +0.74% 반등 (RSI 30)
2025-02-11 15:59:59,CROX,매도,1,88.8855,-1.12,-1.249,16170.1,장마감 청산 -1.06%
2025-02-13 10:30:00,MRVL,매수,1,106.2481,,,16063.78,저점 $105.25 대비 +0.90% 반등 (RSI 33)
2025-02-13 15:59:59,MRVL,매도,1,103.4183,-2.98,-2.804,16167.12,장마감 청산 -2.61%
2025-02-14 10:30:00,MRVL,매수,1,103.7919,,,16063.26,저점 $102.93 대비 +0.78% 반등 (RSI 30)
2025-02-14 15:59:59,MRVL,매도,1,106.4368,2.49,2.403,16169.62,장마감 청산 +2.60%
2025-02-18 10:30:00,RTX,매수,1,125.1325,,,16044.4,저점 $124.24 대비 +0.67% 반등 (RSI 49)
2025-02-18 11:30:00,DDOG,매수,1,129.0645,,,15915.24,저점 $128.01 대비 +0.77% 반등 (RSI 31)
2025-02-18 15:59:59,DDOG,매도,1,130.4248,1.17,0.91,16045.57,장마감 청산 +1.10%
2025-02-18 15:59:59,RTX,매도,1,123.6981,-1.61,-1.288,16169.18,장마감 청산 -1.10%
2025-02-21 11:30:00,FCX,매수,4,38.1641,,,16016.42,저점 $37.88 대비 +0.70% 반등 (RSI 41)
2025-02-21 11:30:00,NEM,매수,3,46.7033,,,15876.21,저점 $46.30 대비 +0.82% 반등 (RSI 41)
2025-02-21 14:29:59,FCX,매도,4,36.9815,-4.95,-3.239,16024.03,시장 급락 -1.7% → 청산
2025-02-21 14:29:59,NEM,매도,3,45.942,-2.48,-1.772,16161.75,시장 급락 -1.7% → 청산
2025-02-24 11:30:00,CROX,매수,1,105.3927,,,16056.29,저점 $104.72 대비 +0.59% 반등 (RSI 42)
2025-02-24 11:30:00,MRVL,매수,1,100.8104,,,15955.4,저점 $99.80 대비 +0.96% 반등 (RSI 28)
2025-02-24 11:30:00,NET,매수,1,147.9039,,,15807.4,저점 $146.53 대비 +0.89% 반등 (RSI 28)
2025-02-24 15:59:59,CROX,매도,1,106.037,0.49,0.468,15913.36,장마감 청산 +0.66%
2025-02-24 15:59:59,MRVL,매도,1,97.8311,-3.12,-3.096,16011.12,장마감 청산 -2.91%
2025-02-24 15:59:59,NET,매도,1,147.926,-0.19,-0.128,16158.93,장마감 청산 +0.06%
2025-02-25 13:30:00,CRDO,매수,2,56.5383,,,16045.78,저점 $56.05 대비 +0.82% 반등 (RSI 28)
2025-02-25 14:30:00,CRWD,매수,1,94.8849,,,15950.83,저점 $94.29 대비 +0.58% 반등 (RSI 31)
2025-02-25 15:59:59,CRDO,매도,2,56.9915,0.74,0.658,16064.73,장마감 청산 +0.85%
2025-02-25 15:59:59,CRWD,매도,1,94.8201,-0.2,-0.211,16159.48,장마감 청산 -0.02%
2025-02-27 10:30:00,MNST,매수,6,25.8529,,,16004.25,저점 $25.58 대비 +1.00% 반등 (RSI 43)
2025-02-27 15:59:59,MNST,매도,6,25.937,0.28,0.182,16159.76,시장 급락 -1.6% → 청산
2025-02-28 10:30:00,NEM,매수,3,41.951,,,16033.82,저점 $41.60 대비 +0.79% 반등 (RSI 29)
2025-02-28 15:59:59,NEM,매도,3,42.8186,2.42,1.924,16162.18,장마감 청산 +2.12%
2025-03-03 10:30:00,KO,매수,2,70.8704,,,16020.34,저점 $70.24 대비 +0.85% 반등 (RSI 48)
2025-03-03 15:29:59,KO,매도,2,71.919,1.89,1.336,16164.07,시장 급락 -2.2% → 청산
2025-03-05 12:30:00,WDC,매수,3,43.8069,,,16032.56,저점 $43.56 대비 +0.52% 반등 (RSI 31)
2025-03-05 15:59:59,WDC,매도,3,44.1679,0.89,0.68,16164.97,장마감 청산 +0.87%
2025-03-06 11:30:00,STX,매수,1,90.005,,,16074.9,저점 $89.42 대비 +0.60% 반등 (RSI 25)
2025-03-06 12:29:59,STX,매도,1,88.4857,-1.65,-1.83,16163.32,시장 급락 -1.8% → 청산
2025-03-07 12:30:00,ORCL,매수,1,150.01,,,16013.21,저점 $149.18 대비 +0.51% 반등 (RSI 31)
2025-03-07 13:30:00,MRVL,매수,2,69.1345,,,15874.84,저점 $68.66 대비 +0.64% 반등 (RSI 24)
2025-03-07 13:30:00,TGT,매수,1,113.4367,,,15761.32,저점 $112.41 대비 +0.86% 반등 (RSI 37)
2025-03-07 15:59:59,MRVL,매도,2,70.7846,3.1,2.242,15902.79,장마감 청산 +2.44%
2025-03-07 15:59:59,ORCL,매도,1,154.9325,4.7,3.136,16057.61,장마감 청산 +3.33%
2025-03-07 15:59:59,TGT,매도,1,115.0025,1.4,1.236,16172.53,장마감 청산 +1.43%
2025-03-11 10:30:00,DDOG,매수,1,102.6813,,,16069.78,저점 $101.84 대비 +0.78% 반등 (RSI 32)
2025-03-11 13:29:59,DDOG,매도,1,101.1344,-1.69,-1.648,16170.84,시장 급락 -1.5% → 청산
2025-03-12 13:30:00,DAL,매수,3,45.3226,,,16034.77,저점 $44.96 대비 +0.76% 반등 (RSI 28)
2025-03-12 15:59:59,DAL,매도,3,45.2674,-0.36,-0.265,16170.48,장마감 청산 -0.07%
2025-03-13 10:30:00,DDOG,매수,1,101.3657,,,16069.04,저점 $100.63 대비 +0.68% 반등 (RSI 36)
2025-03-13 10:30:00,SNDK,매수,3,50.4452,,,15917.6,저점 $50.00 대비 +0.84% 반등 (RSI 46)
2025-03-13 15:29:59,SNDK,매도,3,47.951,-7.69,-5.084,16061.35,손절 -4.90%
2025-03-13 15:59:59,DDOG,매도,1,98.6207,-2.89,-2.849,16159.89,장마감 청산 -2.66%
2025-03-14 10:30:00,KO,매수,2,69.0195,,,16021.76,저점 $68.51 대비 +0.69% 반등 (RSI 29)
2025-03-14 13:30:00,ROST,매수,1,124.5648,,,15897.11,저점 $123.71 대비 +0.64% 반등 (RSI 35)
2025-03-14 15:59:59,KO,매도,2,69.1054,-0.03,-0.019,16035.22,장마감 청산 +0.17%
2025-03-14 15:59:59,ROST,매도,1,124.1379,-0.6,-0.485,16159.26,장마감 청산 -0.29%
2025-03-18 09:30:00,CRDO,매수,13,46.8734,,,15549.48,K 따라 매수: 주식층 비중 11.2%
2025-03-18 09:30:00,CRWD,매수,2,90.5452,,,15368.27,K 따라 매수: 주식층 비중 3.5%
2025-03-18 09:30:00,FTNT,매수,7,95.963,,,14696.05,K 따라 매수: 주식층 비중 13.5%
2025-03-18 09:30:00,INTC,매수,4,25.5648,,,14593.72,K 따라 매수: 주식층 비중 2.1%
2025-03-18 09:30:00,NET,매수,6,115.5377,,,13900.01,K 따라 매수: 주식층 비중 12.9%
2025-03-18 09:30:00,PANW,매수,1,183.0415,,,13716.84,K 따라 매수: 주식층 비중 3.9%
2025-03-18 09:30:00,SHOP,매수,2,95.948,,,13524.81,K 따라 매수: 주식층 비중 3.5%
2025-03-18 09:30:00,STX,매수,2,90.045,,,13344.6,K 따라 매수: 주식층 비중 3.4%
2025-03-18 09:31:10,CRDO,매수,14,46.9234,,,12687.21,K 비중 맞춤(늘림 11.2%)
2025-03-18 09:31:49,CRWD,매수,2,90.725,,,12505.63,K 비중 맞춤(늘림 3.5%)
2025-03-18 09:32:13,NET,매수,6,115.7645,,,11810.56,K 비중 맞춤(늘림 12.9%)
2025-03-18 09:32:18,INTC,매수,5,25.5243,,,11682.85,K 비중 맞춤(늘림 2.1%)
2025-03-18 09:32:43,SHOP,매수,2,96.0213,,,11490.67,K 비중 맞춤(늘림 3.5%)
2025-03-18 09:32:51,PANW,매수,1,182.7055,,,11307.84,K 비중 맞춤(늘림 3.9%)
2025-03-18 09:33:09,FTNT,매수,8,95.9546,,,10539.66,K 비중 맞춤(늘림 13.5%)
2025-03-18 09:33:20,STX,매수,2,90.1876,,,10359.16,K 비중 맞춤(늘림 3.4%)
2025-03-19 09:30:00,SNDK,매수,12,56.3281,,,9682.75,K 따라 매수: 주식층 비중 12.1%
2025-03-19 09:32:43,SNDK,매수,12,56.3281,,,9006.34,K 비중 맞춤(늘림 12.1%)
2025-03-19 10:30:00,KO,매수,4,69.1863,,,8729.4,저점 $68.55 대비 +0.88% 반등 (RSI 38)
2025-03-20 09:30:00,CRDO,매도,27,45.5572,-38.02,-3.003,9958.55,로테이션 제외(모멘텀 순위 밖 또는 국면 0)
2025-03-20 09:30:00,CRM,매수,2,277.1985,,,9403.76,K 따라 매수: 주식층 비중 12.2%
2025-03-20 09:30:00,INTC,매도,9,23.7581,-16.37,-7.123,9617.43,로테이션 제외(모멘텀 순위 밖 또는 국면 0)
2025-03-20 09:30:00,SHOP,매수,9,98.5092,,,8730.23,K 비중 맞춤(늘림 11.5%)
2025-03-20 09:30:00,SNDK,매도,24,56.4817,1.75,0.129,10084.8,로테이션 제외(모멘텀 순위 밖 또는 국면 0)
2025-03-20 09:33:45,CRM,매수,2,277.1985,,,9530.01,K 비중 맞춤(늘림 12.2%)
2025-03-20 10:16:40,AAPL,매수,1,217.5986,,,9312.26,K 따라 매수: 주식층 비중 2.7%
2025-03-20 10:30:00,UNP,매수,1,235.6378,,,9076.46,저점 $234.28 대비 +0.53% 반등 (RSI 42)
2025-03-20 11:30:00,NOW,매수,3,164.9454,,,8581.28,저점 $163.58 대비 +0.79% 반등 (RSI 43)
2025-03-21 09:30:00,CRM,매수,1,276.3481,,,8304.73,K 비중 맞춤(늘림 12.9%)
2025-03-21 09:30:00,STX,매수,1,87.9269,,,8216.75,K 비중 맞춤(늘림 4.0%)
2025-03-21 12:30:00,LRCX,매수,4,76.2481,,,7911.54,저점 $75.49 대비 +0.95% 반등 (RSI 42)
2025-03-24 09:30:00,AVGO,매수,1,194.3921,,,7717.01,K 따라 매수: 주식층 비중 3.6%
2025-03-24 09:30:00,CRDO,매수,8,47.6238,,,7335.75,K 따라 매수: 주식층 비중 12.2%
2025-03-24 09:30:00,CRM,매도,3,283.5981,18.51,2.227,8185.93,K 비중 맞춤(줄임 3.2%)
2025-03-24 09:30:00,FTNT,매수,2,99.97,,,7985.85,K 비중 맞춤(늘림 15.1%)
2025-03-24 09:30:00,INTC,매수,11,24.7274,,,7713.66,K 따라 매수: 주식층 비중 2.4%
2025-03-24 09:30:00,SHOP,매수,2,107.0035,,,7499.5,K 비중 맞춤(늘림 14.2%)
2025-03-24 09:30:00,SNDK,매수,2,54.9695,,,7389.48,K 따라 매수: 주식층 비중 3.0%
2025-03-24 09:31:52,SNDK,매수,4,54.8659,,,7169.87,K 비중 맞춤(늘림 3.0%)
2025-03-24 09:32:43,CRDO,매수,21,47.6238,,,6169.07,K 비중 맞춤(늘림 12.2%)
2025-03-24 09:34:00,AVGO,매수,1,194.3004,,,5974.63,K 비중 맞춤(늘림 3.6%)
2025-03-25 09:30:00,CRWD,매도,1,94.4528,3.69,4.066,6069.01,K 비중 맞춤(줄임 2.3%)
2025-03-25 09:30:00,PANW,매수,1,184.8824,,,5884.0,K 비중 맞춤(늘림 4.9%)
2025-03-25 15:59:59,KO,매도,4,68.7856,-2.0,-0.722,6158.94,보유기한 청산 -0.53%
2025-03-26 09:30:00,AAPL,매도,1,223.3982,5.48,2.52,6382.18,로테이션 제외(모멘텀 순위 밖 또는 국면 0)
2025-03-26 09:30:00,AVGO,매도,2,186.5667,-16.1,-4.143,6755.04,로테이션 제외(모멘텀 순위 밖 또는 국면 0)
2025-03-26 09:30:00,CRDO,매도,29,48.5057,23.58,1.708,8160.68,로테이션 제외(모멘텀 순위 밖 또는 국면 0)
2025-03-26 09:30:00,CRM,매도,2,288.1958,21.53,3.885,8736.65,로테이션 제외(모멘텀 순위 밖 또는 국면 0)
2025-03-26 09:30:00,CRWD,매도,3,95.5497,14.34,5.275,9023.09,로테이션 제외(모멘텀 순위 밖 또는 국면 0)
2025-03-26 09:30:00,FTNT,매도,17,101.5692,84.95,5.182,10748.51,로테이션 제외(모멘텀 순위 밖 또는 국면 0)
2025-03-26 09:30:00,INTC,매도,11,24.1979,-6.21,-2.283,11014.49,로테이션 제외(모멘텀 순위 밖 또는 국면 0)
2025-03-26 09:30:00,NET,매도,12,127.4662,139.69,10.066,12542.97,로테이션 제외(모멘텀 순위 밖 또는 국면 0)
2025-03-26 09:30:00,NOW,매도,3,171.1824,17.99,3.635,13056.14,고점 $173.10 대비 -1.00% → 익절 +3.83%
2025-03-26 09:30:00,PANW,매도,3,189.3353,16.58,3.01,13623.73,로테이션 제외(모멘텀 순위 밖 또는 국면 0)
2025-03-26 09:30:00,SHOP,매도,15,109.1154,149.97,10.102,15259.27,로테이션 제외(모멘텀 순위 밖 또는 국면 0)
2025-03-26 09:30:00,SNDK,매도,6,53.2134,-10.59,-3.214,15578.31,로테이션 제외(모멘텀 순위 밖 또는 국면 0)
2025-03-26 09:30:00,STX,매도,5,87.976,-9.15,-2.04,16017.87,로테이션 제외(모멘텀 순위 밖 또는 국면 0)
2025-03-26 15:59:59,UNP,매도,1,237.901,1.92,0.817,16255.6,보유기한 청산 +1.01%
2025-03-27 09:30:00,AAPL,매수,1,221.4407,,,16034.0,K 따라 매수: 주식층 비중 3.6%
2025-03-27 09:30:00,AVGO,매수,2,177.7416,,,15678.27,K 따라 매수: 주식층 비중 4.3%
2025-03-27 09:30:00,CRDO,매수,31,43.4917,,,14329.08,K 따라 매수: 주식층 비중 11.9%
2025-03-27 09:30:00,CRM,매수,1,280.6803,,,14048.21,K 따라 매수: 주식층 비중 4.0%
2025-03-27 09:30:00,CRWD,매수,3,92.2386,,,13771.3,K 따라 매수: 주식층 비중 2.8%
2025-03-27 09:30:00,FTNT,매수,18,100.4502,,,11961.93,K 따라 매수: 주식층 비중 15.8%
2025-03-27 09:30:00,NET,매수,13,119.0595,,,10413.07,K 따라 매수: 주식층 비중 13.5%
2025-03-27 09:30:00,PANW,매수,3,183.1415,,,9863.26,K 따라 매수: 주식층 비중 5.8%
2025-03-27 09:30:00,SHOP,매수,15,102.3712,,,8326.62,K 따라 매수: 주식층 비중 13.7%
2025-03-27 09:30:00,SNDK,매수,7,51.976,,,7962.53,K 따라 매수: 주식층 비중 3.4%
2025-03-27 10:30:00,ORCL,매수,3,146.2131,,,7523.59,저점 $145.38 대비 +0.52% 반등 (RSI 28)
2025-03-27 14:30:00,MRVL,매수,1,64.6523,,,7458.89,저점 $64.12 대비 +0.78% 반등 (RSI 28)
2025-03-27 15:59:59,LRCX,매도,4,74.7926,-6.25,-2.051,7757.84,보유기한 청산 -1.86%
2025-03-28 09:30:00,AAPL,매도,1,221.5382,-0.22,-0.099,7979.22,로테이션 제외(모멘텀 순위 밖 또는 국면 0)
2025-03-28 09:30:00,AVGO,매도,2,171.844,-12.29,-3.459,8322.66,로테이션 제외(모멘텀 순위 밖 또는 국면 0)
2025-03-28 09:30:00,CRDO,매도,31,41.8641,-52.35,-3.883,9619.49,로테이션 제외(모멘텀 순위 밖 또는 국면 0)
2025-03-28 09:30:00,CRM,매도,1,276.5716,-4.51,-1.606,9895.86,로테이션 제외(모멘텀 순위 밖 또는 국면 0)
2025-03-28 09:30:00,CRWD,매도,3,91.3293,-3.12,-1.128,10169.65,로테이션 제외(모멘텀 순위 밖 또는 국면 0)
2025-03-28 09:30:00,FTNT,매도,18,99.0205,-28.3,-1.565,11950.72,로테이션 제외(모멘텀 순위 밖 또는 국면 0)
2025-03-28 09:30:00,NET,매도,13,117.2414,-25.83,-1.669,13473.74,로테이션 제외(모멘텀 순위 밖 또는 국면 0)
2025-03-28 09:30:00,PANW,매도,3,173.933,-28.39,-5.167,13995.16,로테이션 제외(모멘텀 순위 밖 또는 국면 0)
2025-03-28 09:30:00,SHOP,매도,15,99.1004,-51.22,-3.336,15480.58,로테이션 제외(모멘텀 순위 밖 또는 국면 0)
2025-03-28 09:30:00,SNDK,매도,7,52.1839,0.93,0.257,15845.6,로테이션 제외(모멘텀 순위 밖 또는 국면 0)
2025-03-28 12:29:59,MRVL,매도,1,61.8387,-2.9,-4.492,15907.4,시장 급락 -1.8% → 청산
2025-03-28 12:29:59,ORCL,매도,3,139.9,-19.55,-4.458,16326.79,시장 급락 -1.8% → 청산
2025-03-31 09:30:00,AAPL,매수,1,217.3286,,,16109.31,K 따라 매수: 주식층 비중 3.1%
2025-03-31 09:30:00,AVGO,매수,2,164.5672,,,15779.95,K 따라 매수: 주식층 비중 3.8%
2025-03-31 09:30:00,CRDO,매수,36,38.5593,,,14390.84,K 따라 매수: 주식층 비중 12.4%
2025-03-31 09:30:00,CRM,매수,1,264.6823,,,14125.97,K 따라 매수: 주식층 비중 3.4%
2025-03-31 09:30:00,CRWD,매수,3,86.4895,,,13866.32,K 따라 매수: 주식층 비중 2.6%
2025-03-31 09:30:00,FTNT,매수,18,94.6773,,,12160.94,K 따라 매수: 주식층 비중 15.2%
2025-03-31 09:30:00,MRVL,매수,5,60.4052,,,11858.7,K 따라 매수: 주식층 비중 3.0%
2025-03-31 09:30:00,NET,매수,14,110.3051,,,10313.35,K 따라 매수: 주식층 비중 13.8%
2025-03-31 09:30:00,NVDA,매수,3,105.1626,,,9997.64,K 따라 매수: 주식층 비중 3.5%
2025-03-31 09:30:00,PANW,매수,3,169.8749,,,9487.66,K 따라 매수: 주식층 비중 4.5%
2025-03-31 09:30:00,SHOP,매수,17,92.7764,,,7909.36,K 따라 매수: 주식층 비중 14.2%
2025-03-31 09:30:00,SNDK,매수,8,47.4337,,,7529.62,K 따라 매수: 주식층 비중 3.4%
2025-04-01 09:30:00,AAPL,매도,1,219.6951,2.05,0.945,7749.16,로테이션 제외(모멘텀 순위 밖 또는 국면 0)
2025-04-01 09:30:00,AVGO,매도,2,166.2868,2.97,0.901,8081.49,로테이션 제외(모멘텀 순위 밖 또는 국면 0)
2025-04-01 09:30:00,CRDO,매도,36,39.95,48.05,3.461,9518.64,로테이션 제외(모멘텀 순위 밖 또는 국면 0)
2025-04-01 09:30:00,CRM,매도,1,268.7256,3.66,1.383,9787.17,로테이션 제외(모멘텀 순위 밖 또는 국면 0)
2025-04-01 09:30:00,CRWD,매도,3,89.6901,9.22,3.555,10056.04,로테이션 제외(모멘텀 순위 밖 또는 국면 0)
2025-04-01 09:30:00,FTNT,매도,18,95.2823,8.45,0.496,11769.87,로테이션 제외(모멘텀 순위 밖 또는 국면 0)
2025-04-01 09:30:00,MRVL,매도,5,61.4593,4.83,1.601,12076.94,로테이션 제외(모멘텀 순위 밖 또는 국면 0)
2025-04-01 09:30:00,NET,매도,14,114.1079,50.99,3.302,13673.29,로테이션 제외(모멘텀 순위 밖 또는 국면 0)
2025-04-01 09:30:00,NVDA,매도,3,108.4782,9.49,3.008,13998.48,로테이션 제외(모멘텀 순위 밖 또는 국면 0)
2025-04-01 09:30:00,PANW,매도,3,168.4357,-5.04,-0.99,14503.42,로테이션 제외(모멘텀 순위 밖 또는 국면 0)
2025-04-01 09:30:00,SHOP,매도,17,95.8019,49.14,3.116,16130.87,로테이션 제외(모멘텀 순위 밖 또는 국면 0)
2025-04-01 09:30:00,SNDK,매도,8,47.5262,0.2,0.052,16510.8,로테이션 제외(모멘텀 순위 밖 또는 국면 0)
2025-04-02 10:30:00,DHI,매수,2,126.063,,,16258.5,저점 $125.25 대비 +0.60% 반등 (RSI 40)
2025-04-02 15:59:59,DHI,매도,2,127.896,3.3,1.31,16514.1,장마감 청산 +1.50%
2025-04-08 14:30:00,RL,매수,1,182.8414,,,16331.13,저점 $181.27 대비 +0.82% 반등 (RSI 34)
2025-04-08 15:59:59,RL,매도,1,182.2188,-0.88,-0.483,16513.22,시장 급락 -1.5% → 청산
2025-04-16 09:30:00,CRWD,매수,30,96.5758,,,13613.92,K 따라 매수: 주식층 비중 25.8%
2025-04-16 09:30:00,FTNT,매수,30,97.2486,,,10694.42,K 따라 매수: 주식층 비중 25.8%
2025-04-16 09:30:00,NET,매수,27,109.0795,,,7747.21,K 따라 매수: 주식층 비중 25.8%
2025-04-17 11:30:00,DDOG,매수,4,91.1806,,,7382.23,저점 $90.26 대비 +0.97% 반등 (RSI 45)
2025-04-21 09:30:00,CRWD,매도,26,90.9045,-150.94,-6.011,9744.02,K 비중 맞춤(줄임 2.7%)
2025-04-21 09:30:00,FTNT,매도,11,94.8226,-28.2,-2.636,10786.31,K 비중 맞춤(줄임 15.5%)
2025-04-21 09:30:00,NET,매도,11,105.6072,-39.88,-3.324,11947.14,K 비중 맞춤(줄임 14.3%)
2025-04-21 09:30:00,NOW,매수,1,151.9479,,,11795.09,K 따라 매수: 주식층 비중 4.0%
2025-04-21 09:30:00,ORCL,매수,1,126.9484,,,11668.05,K 따라 매수: 주식층 비중 4.1%
2025-04-21 09:30:00,PANW,매수,1,165.1725,,,11502.76,K 따라 매수: 주식층 비중 4.7%
2025-04-21 09:30:00,SHOP,매수,10,82.3111,,,10679.07,K 따라 매수: 주식층 비중 14.6%
2025-04-21 09:30:00,SNDK,매수,6,31.0855,,,10492.43,K 따라 매수: 주식층 비중 3.4%
2025-04-21 09:31:15,SNDK,매수,6,31.0855,,,10305.79,K 비중 맞춤(늘림 3.4%)
2025-04-21 09:31:42,CRDO,매수,20,35.7379,,,9590.53,K 따라 매수: 주식층 비중 12.8%
2025-04-21 09:32:24,PANW,매수,2,165.4594,,,9259.38,K 비중 맞춤(늘림 4.7%)
2025-04-21 09:32:36,ORCL,매수,2,127.0518,,,9005.1,K 비중 맞춤(늘림 4.1%)
2025-04-21 09:32:43,AVGO,매수,1,167.3261,,,8837.65,K 따라 매수: 주식층 비중 3.8%
2025-04-21 09:32:43,NOW,매수,1,152.1955,,,8685.35,K 비중 맞춤(늘림 4.0%)
2025-04-21 09:32:43,SHOP,매수,10,82.4562,,,7860.21,K 비중 맞춤(늘림 14.6%)
2025-04-21 09:33:25,CRDO,매수,20,35.8079,,,7143.55,K 비중 맞춤(늘림 12.8%)
2025-04-21 09:35:27,AVGO,매수,1,167.5788,,,6975.86,K 비중 맞춤(늘림 3.8%)
2025-04-21 10:29:59,DDOG,매도,4,88.5557,-11.01,-3.02,7329.82,시장 급락 -2.0% → 청산
2025-04-23 09:30:00,AVGO,매도,2,177.6911,19.98,5.967,7684.94,로테이션 제외(모멘텀 순위 밖 또는 국면 0)
2025-04-23 09:30:00,CRDO,매도,40,40.7196,195.68,13.675,9312.54,로테이션 제외(모멘텀 순위 밖 또는 국면 0)
2025-04-23 09:30:00,CRWD,매수,5,95.8592,,,8832.91,K 비중 맞춤(늘림 7.8%)
2025-04-23 09:30:00,FTNT,매도,7,97.2414,-1.02,-0.15,9513.1,K 비중 맞춤(줄임 9.8%)
2025-04-23 09:30:00,NET,매도,7,113.1234,27.19,3.562,10304.39,K 비중 맞춤(줄임 8.5%)
2025-04-23 09:30:00,NOW,매도,2,164.1259,23.66,7.778,10632.4,로테이션 제외(모멘텀 순위 밖 또는 국면 0)
2025-04-23 09:30:00,PANW,매수,3,168.8244,,,10125.57,K 비중 맞춤(늘림 9.8%)
2025-04-23 09:30:00,SHOP,매도,20,91.4543,178.92,10.859,11953.32,로테이션 제외(모멘텀 순위 밖 또는 국면 0)
2025-04-23 09:30:00,SNDK,매도,12,32.019,10.66,2.858,12337.27,로테이션 제외(모멘텀 순위 밖 또는 국면 0)
2025-04-24 09:30:00,CRWD,매수,1,96.5482,,,12240.65,K 비중 맞춤(늘림 8.3%)
2025-04-24 09:30:00,ORCL,매도,3,132.4437,15.72,4.126,12637.69,로테이션 제외(모멘텀 순위 밖 또는 국면 0)
2025-04-24 09:30:00,PANW,매수,1,169.5847,,,12467.99,K 비중 맞춤(늘림 10.8%)
2025-04-25 09:30:00,CDNS,매수,1,280.14,,,12187.65,K 따라 매수: 주식층 비중 3.6%
2025-04-25 09:30:00,CRM,매수,2,264.8524,,,11657.58,K 따라 매수: 주식층 비중 4.9%
2025-04-25 09:30:00,CRWD,매수,4,103.7243,,,11242.39,K 비중 맞춤(늘림 13.0%)
2025-04-25 09:30:00,FTNT,매수,6,100.3201,,,10640.05,K 비중 맞춤(늘림 15.3%)
2025-04-25 09:30:00,NET,매수,4,117.9449,,,10167.94,K 비중 맞춤(늘림 13.9%)
2025-04-25 09:30:00,NOW,매수,3,188.8944,,,9600.86,K 따라 매수: 주식층 비중 4.9%
2025-04-25 09:30:00,PANW,매도,3,176.4018,26.12,5.199,10129.68,K 비중 맞춤(줄임 5.9%)
2025-04-25 09:30:00,SHOP,매수,17,95.7128,,,8501.42,K 따라 매수: 주식층 비중 14.2%
2025-04-25 11:30:00,PGR,매수,2,263.0615,,,7974.93,저점 $261.32 대비 +0.62% 반등 (RSI 44)
2025-04-28 09:30:00,AVGO,매수,1,190.5262,,,7784.27,K 따라 매수: 주식층 비중 2.4%
2025-04-28 09:30:00,CDNS,매도,1,287.876,7.33,2.616,8071.94,로테이션 제외(모멘텀 순위 밖 또는 국면 0)
2025-04-28 09:30:00,CRDO,매수,8,43.992,,,7719.75,K 따라 매수: 주식층 비중 8.6%
2025-04-28 09:30:00,CRM,매도,2,268.0109,5.56,1.049,8255.38,로테이션 제외(모멘텀 순위 밖 또는 국면 0)
2025-04-28 09:30:00,CRWD,매도,3,106.1569,22.95,7.778,8573.62,K 비중 맞춤(줄임 9.4%)
2025-04-28 09:30:00,FTNT,매도,4,102.3388,15.69,3.992,8982.68,K 비중 맞춤(줄임 11.3%)
2025-04-28 09:30:00,NET,매도,3,121.3493,28.13,8.385,9346.46,K 비중 맞춤(줄임 10.1%)
2025-04-28 09:30:00,NOW,매도,3,191.874,8.12,1.433,9921.66,로테이션 제외(모멘텀 순위 밖 또는 국면 0)
2025-04-28 09:30:00,SHOP,매도,17,97.0514,20.41,1.255,11570.33,로테이션 제외(모멘텀 순위 밖 또는 국면 0)
2025-04-28 09:30:00,SNDK,매수,13,32.4262,,,11148.5,K 따라 매수: 주식층 비중 3.8%
2025-04-28 09:32:18,CRDO,매수,15,44.002,,,10488.0,K 비중 맞춤(늘림 8.6%)
2025-04-28 14:30:00,SLB,매수,20,33.992,,,9807.69,저점 $33.72 대비 +0.77% 반등 (RSI 41)
2025-04-29 09:30:00,AVGO,매수,3,191.8159,,,9231.84,K 비중 맞춤(늘림 7.8%)
2025-04-29 09:30:00,CRWD,매도,1,106.0607,7.55,7.68,9337.82,K 비중 맞춤(줄임 8.3%)
2025-04-29 09:30:00,FTNT,매도,1,101.969,3.55,3.616,9439.72,K 비중 맞춤(줄임 10.2%)
2025-04-29 09:30:00,NET,매도,10,120.8296,88.56,7.921,10647.13,로테이션 제외(모멘텀 순위 밖 또는 국면 0)
2025-04-30 09:30:00,AVGO,매수,2,185.988,,,10274.89,K 비중 맞춤(늘림 9.5%)
2025-04-30 09:30:00,CRDO,매수,4,40.9205,,,10111.1,K 비중 맞춤(늘림 9.3%)
2025-04-30 09:30:00,CRWD,매수,1,104.8049,,,10006.22,K 비중 맞춤(늘림 10.3%)
2025-04-30 09:30:00,FTNT,매수,1,101.991,,,9904.16,K 비중 맞춤(늘림 12.5%)
2025-04-30 09:30:00,SNDK,매수,4,31.8559,,,9776.64,K 비중 맞춤(늘림 4.6%)
2025-05-01 09:30:00,PGR,매도,2,278.7206,30.54,5.805,10333.68,고점 $281.70 대비 -0.50% → 익절 +6.01%
2025-05-01 13:30:00,KO,매수,9,71.8059,,,9686.97,저점 $71.27 대비 +0.70% 반등 (RSI 46)
2025-05-01 13:30:00,UNH,매수,1,403.5917,,,9283.1,저점 $401.10 대비 +0.57% 반등 (RSI 34)
2025-05-02 09:30:00,AVGO,매도,4,203.5032,54.25,7.152,10096.52,K 비중 맞춤(줄임 2.2%)
2025-05-02 09:30:00,CDNS,매수,1,306.5482,,,9789.75,K 따라 매수: 주식층 비중 2.7%
2025-05-02 09:30:00,CRDO,매수,4,47.4337,,,9599.89,K 비중 맞춤(늘림 12.1%)
2025-05-02 09:30:00,CRM,매수,1,274.5972,,,9325.1,K 따라 매수: 주식층 비중 3.5%
2025-05-02 09:30:00,CRWD,매수,3,109.8049,,,8995.45,K 비중 맞춤(늘림 12.7%)
2025-05-02 09:30:00,FTNT,매수,2,105.7629,,,8783.78,K 비중 맞춤(늘림 14.3%)
2025-05-02 09:30:00,MSFT,매수,1,431.9258,,,8351.55,K 따라 매수: 주식층 비중 4.6%
2025-05-02 09:30:00,NET,매수,3,125.1776,,,7975.75,K 따라 매수: 주식층 비중 3.3%
2025-05-02 09:30:00,PANW,매도,1,189.905,22.2,13.257,8165.52,K 비중 맞춤(줄임 4.3%)
2025-05-02 09:30:00,SHOP,매수,2,98.2091,,,7968.97,K 따라 매수: 주식층 비중 13.6%
2025-05-02 09:30:00,SNDK,매도,4,33.0934,3.02,2.337,8101.24,K 비중 맞춤(줄임 3.3%)
2025-05-02 09:34:17,NOW,매수,1,195.5054,,,7905.6,K 따라 매수: 주식층 비중 3.7%
2025-05-02 09:34:17,SHOP,매수,15,98.0323,,,6434.09,K 비중 맞춤(늘림 13.6%)
2025-05-02 09:38:34,NOW,매수,1,195.1288,,,6238.82,K 비중 맞춤(늘림 3.7%)
2025-05-02 15:59:59,SLB,매도,20,34.6926,13.03,1.917,6932.17,보유기한 청산 +2.11%
2025-05-05 09:30:00,NET,매도,3,122.5287,-8.48,-2.258,7299.48,로테이션 제외(모멘텀 순위 밖 또는 국면 0)
2025-05-06 09:30:00,AVGO,매도,2,196.3418,12.81,3.378,7691.88,로테이션 제외(모멘텀 순위 밖 또는 국면 0)
2025-05-06 09:30:00,CRDO,매도,31,46.6687,79.33,5.81,9137.55,로테이션 제외(모멘텀 순위 밖 또는 국면 0)
2025-05-06 09:30:00,CRWD,매도,1,107.9965,6.57,6.491,9245.47,K 비중 맞춤(줄임 11.0%)
2025-05-06 09:30:00,FTNT,매도,2,105.932,12.69,6.38,9457.18,K 비중 맞춤(줄임 11.9%)
2025-05-06 09:30:00,NOW,매수,5,193.9049,,,8486.98,K 비중 맞춤(늘림 12.2%)
2025-05-06 09:30:00,SHOP,매도,1,97.0015,-1.19,-1.215,8583.91,K 비중 맞춤(줄임 12.0%)
2025-05-06 09:30:00,SNDK,매도,13,34.003,21.63,5.152,9025.62,로테이션 제외(모멘텀 순위 밖 또는 국면 0)
2025-05-06 10:30:00,GS,매수,1,554.6472,,,8470.59,저점 $549.60 대비 +0.87% 반등 (RSI 43)
2025-05-06 10:30:00,MDB,매수,3,171.8209,,,7954.77,저점 $170.45 대비 +0.75% 반등 (RSI 44)
2025-05-06 14:30:00,INCY,매수,1,60.1501,,,7894.57,저점 $59.59 대비 +0.89% 반등 (RSI 34)
2025-05-07 09:30:00,CDNS,매도,1,306.3667,-0.62,-0.202,8200.72,로테이션 제외(모멘텀 순위 밖 또는 국면 0)
2025-05-07 09:30:00,CRM,매도,1,273.5731,-1.42,-0.516,8474.09,로테이션 제외(모멘텀 순위 밖 또는 국면 0)
2025-05-07 09:30:00,CRWD,매도,13,106.3018,63.44,4.819,9855.0,로테이션 제외(모멘텀 순위 밖 또는 국면 0)
2025-05-07 09:30:00,FTNT,매도,14,105.877,88.05,6.324,11336.2,로테이션 제외(모멘텀 순위 밖 또는 국면 0)
2025-05-07 09:30:00,MSFT,매도,1,433.6231,1.08,0.25,11769.51,로테이션 제외(모멘텀 순위 밖 또는 국면 0)
2025-05-07 09:30:00,NET,매수,25,122.141,,,8713.84,K 따라 매수: 주식층 비중 25.8%
2025-05-07 09:30:00,NOW,매도,7,194.1469,-3.07,-0.226,10071.88,로테이션 제외(모멘텀 순위 밖 또는 국면 0)
2025-05-07 09:30:00,PANW,매도,3,188.7056,63.0,12.542,10637.58,로테이션 제외(모멘텀 순위 밖 또는 국면 0)
2025-05-07 09:30:00,SHOP,매도,16,94.5427,-58.37,-3.721,12149.16,로테이션 제외(모멘텀 순위 밖 또는 국면 0)
2025-05-07 15:59:59,KO,매도,9,72.3638,4.09,0.633,12799.96,보유기한 청산 +0.83%
2025-05-07 15:59:59,UNH,매도,1,390.7745,-13.38,-3.316,13190.45,보유기한 청산 -3.13%
2025-05-08 09:30:00,NET,매도,25,123.7481,35.78,1.172,16281.89,로테이션 제외(모멘텀 순위 밖 또는 국면 0)
2025-05-08 11:30:00,PANW,매수,3,187.2036,,,15719.89,저점 $186.05 대비 +0.57% 반등 (RSI 47)
2025-05-08 14:29:59,MDB,매도,3,179.985,23.74,4.605,16259.45,고점 $181.13 대비 -0.50% → 익절 +4.80%
2025-05-09 09:30:00,AVGO,매수,5,209.3646,,,15211.9,K 따라 매수: 주식층 비중 9.7%
2025-05-09 09:30:00,CDNS,매수,1,309.6848,,,14901.99,K 따라 매수: 주식층 비중 2.8%
2025-05-09 09:30:00,CRDO,매수,22,52.3812,,,13748.8,K 따라 매수: 주식층 비중 9.6%
2025-05-09 09:30:00,CRM,매수,1,281.7608,,,13466.84,K 따라 매수: 주식층 비중 3.7%
2025-05-09 09:30:00,CRWD,매수,11,104.7886,,,12313.36,K 따라 매수: 주식층 비중 10.2%
2025-05-09 09:30:00,MSFT,매수,1,440.5001,,,11872.55,K 따라 매수: 주식층 비중 4.7%
2025-05-09 09:30:00,NOW,매수,2,196.098,,,11480.08,K 따라 매수: 주식층 비중 3.8%
2025-05-09 09:30:00,SNDK,매수,10,37.979,,,11100.03,K 따라 매수: 주식층 비중 3.4%
2025-05-09 10:30:00,VZ,매수,15,43.8419,,,10441.94,저점 $43.52 대비 +0.69% 반등 (RSI 49)
2025-05-09 11:30:00,RTX,매수,5,127.0435,,,9806.28,저점 $126.30 대비 +0.54% 반등 (RSI 42)
2025-05-12 09:30:00,AVGO,매수,1,219.8299,,,9586.29,K 비중 맞춤(늘림 11.4%)
2025-05-12 09:30:00,CRDO,매수,2,55.9007,,,9474.41,K 비중 맞춤(늘림 11.3%)
2025-05-12 09:30:00,CRWD,매수,3,104.975,,,9159.27,K 비중 맞춤(늘림 12.0%)
2025-05-12 09:30:00,NOW,매수,5,201.8049,,,8149.54,K 비중 맞춤(늘림 13.0%)
2025-05-12 09:30:00,STX,매수,1,100.1601,,,8049.31,K 따라 매수: 주식층 비중 4.1%
2025-05-12 09:32:24,STX,매수,4,100.1234,,,7648.53,K 비중 맞춤(늘림 4.1%)
2025-05-12 11:29:59,GS,매도,1,592.7435,37.28,6.721,8240.84,고점 $596.26 대비 -0.50% → 익절 +6.92%
2025-05-12 15:59:59,INCY,매도,1,60.7946,0.56,0.928,8301.59,보유기한 청산 +1.12%
2025-05-13 09:30:00,AVGO,매도,5,222.3987,54.9,5.201,9412.78,K 비중 맞춤(줄임 1.5%)
2025-05-13 09:30:00,BTSG,매수,51,22.5113,,,8263.9,K 따라 매수: 주식층 비중 9.4%
2025-05-13 09:30:00,CRWD,매도,1,106.999,2.02,1.926,8370.82,K 비중 맞춤(줄임 10.9%)
2025-05-13 09:30:00,DAVE,매수,2,173.3466,,,8023.88,K 따라 매수: 주식층 비중 9.1%
2025-05-13 09:30:00,NOW,매도,5,204.4977,20.17,2.015,9045.63,K 비중 맞춤(줄임 2.6%)
2025-05-13 09:30:00,ROST,매수,1,149.0045,,,8896.52,K 따라 매수: 주식층 비중 1.6%
2025-05-13 09:30:00,SNDK,매도,2,41.8291,7.59,9.987,8980.11,K 비중 맞춤(줄임 2.4%)
2025-05-13 09:30:00,STX,매도,1,101.8491,1.57,1.572,9081.89,K 비중 맞춤(줄임 2.6%)
2025-05-13 09:32:43,DAVE,매수,4,173.2465,,,8388.42,K 비중 맞춤(늘림 9.1%)
2025-05-13 09:33:09,LRCX,매수,3,82.3645,,,8141.15,K 따라 매수: 주식층 비중 2.1%
2025-05-13 09:33:09,NEM,매수,1,50.5152,,,8090.6,K 따라 매수: 주식층 비중 0.7%
2025-05-13 09:35:00,KO,매수,1,69.6581,,,8020.89,K 따라 매수: 주식층 비중 2.9%
2025-05-13 09:40:00,KO,매수,4,69.6915,,,7741.93,K 비중 맞춤(늘림 2.9%)
2025-05-13 15:59:59,PANW,매도,3,191.814,13.02,2.318,8316.95,고점 $194.92 대비 -1.00% → 익절 +2.51%
2025-05-14 09:30:00,KO,매도,2,68.8456,-1.88,-1.346,8454.54,K 비중 맞춤(줄임 1.4%)
2025-05-14 09:30:00,MU,매수,2,96.3482,,,8261.71,K 따라 매수: 주식층 비중 2.2%
2025-05-14 09:30:00,NVDA,매수,1,133.2366,,,8128.38,K 따라 매수: 주식층 비중 2.4%
2025-05-14 09:30:00,SNDK,매도,1,41.979,3.94,10.382,8170.33,K 비중 맞춤(줄임 2.3%)
2025-05-14 09:30:00,STX,매도,1,105.0974,4.82,4.814,8275.35,K 비중 맞춤(줄임 2.4%)
2025-05-14 09:30:00,WDC,매수,3,48.8544,,,8128.69,K 따라 매수: 주식층 비중 2.4%
2025-05-14 09:32:30,NVDA,매수,1,133.4781,,,7995.12,K 비중 맞춤(늘림 2.4%)
2025-05-14 09:33:09,WDC,매수,3,48.7694,,,7848.7,K 비중 맞춤(늘림 2.4%)
2025-05-14 10:29:59,RTX,매도,5,129.5652,11.69,1.84,8496.06,고점 $131.79 대비 -1.00% → 익절 +2.04%
2025-05-14 10:30:00,ORCL,매수,1,162.5912,,,8333.35,K 따라 매수: 주식층 비중 2.5%
2025-05-14 10:30:00,PANW,매수,1,190.8354,,,8142.38,K 따라 매수: 주식층 비중 2.5%
2025-05-15 10:30:00,INTC,매수,3,21.3408,,,8078.32,저점 $21.19 대비 +0.66% 반등 (RSI 40)
2025-05-15 15:59:59,VZ,매도,15,43.4583,-6.69,-1.017,8729.71,보유기한 청산 -0.83%
2025-05-19 09:30:00,CRWD,매도,11,108.0534,33.8,2.931,9917.43,K 비중 맞춤(줄임 1.7%)
2025-05-19 09:30:00,RL,매수,4,271.9259,,,8828.97,K 따라 매수: 주식층 비중 9.2%
2025-05-19 10:30:00,DDOG,매수,5,116.5082,,,8246.02,저점 $115.50 대비 +0.82% 반등 (RSI 49)
2025-05-20 09:30:00,BTSG,매도,7,23.998,10.17,6.457,8413.88,K 비중 맞춤(줄임 8.2%)
2025-05-20 09:30:00,CRDO,매도,4,61.6442,35.55,16.873,8660.28,K 비중 맞춤(줄임 9.3%)
2025-05-20 09:30:00,CRWD,매도,2,110.4173,10.87,5.184,8880.95,로테이션 제외(모멘텀 순위 밖 또는 국면 0)
2025-05-20 09:30:00,PANW,매도,1,193.903,2.79,1.463,9074.72,로테이션 제외(모멘텀 순위 밖 또는 국면 0)
2025-05-20 09:30:00,RL,매도,4,277.861,22.17,2.038,10185.35,로테이션 제외(모멘텀 순위 밖 또는 국면 0)
2025-05-20 09:30:00,ROST,매도,1,153.2283,4.01,2.69,10338.46,로테이션 제외(모멘텀 순위 밖 또는 국면 0)
2025-05-20 09:30:00,TSLA,매수,2,348.114,,,9641.75,K 따라 매수: 주식층 비중 8.1%
2025-05-21 09:30:00,TSLA,매수,1,344.6022,,,9296.91,K 비중 맞춤(늘림 8.2%)
2025-05-21 09:30:00,USB,매수,1,44.092,,,9252.78,K 따라 매수: 주식층 비중 0.5%
2025-05-21 10:30:00,FTNT,매수,6,104.4622,,,8625.57,저점 $103.69 대비 +0.69% 반등 (RSI 53)
2025-05-21 10:30:00,ROST,매수,2,153.3867,,,8318.58,저점 $151.87 대비 +0.95% 반등 (RSI 53)
2025-05-21 15:29:59,DDOG,매도,5,113.6032,-15.35,-2.635,8886.18,시장 급락 -1.8% → 청산
2025-05-21 15:29:59,FTNT,매도,6,102.7836,-10.96,-1.749,9502.44,시장 급락 -1.8% → 청산
2025-05-21 15:29:59,INTC,매도,3,20.6147,-2.27,-3.543,9564.23,시장 급락 -1.8% → 청산
2025-05-21 15:29:59,ROST,매도,2,152.4687,-2.27,-0.741,9868.95,시장 급락 -1.8% → 청산
2025-05-22 09:30:00,BTSG,매수,6,23.6018,,,9727.24,K 비중 맞춤(늘림 9.3%)
2025-05-22 09:30:00,CRWD,매수,12,107.7326,,,8433.54,K 따라 매수: 주식층 비중 10.7%
2025-05-22 09:30:00,PANW,매수,1,183.1015,,,8250.31,K 따라 매수: 주식층 비중 2.5%
2025-05-22 09:30:00,TSLA,매도,2,331.774,-31.31,-4.512,8913.38,K 비중 맞춤(줄임 0.1%)
2025-05-23 09:30:00,CRDO,매수,2,59.3797,,,8794.54,K 비중 맞춤(늘림 10.5%)
2025-05-23 09:30:00,GOOGL,매수,1,169.1946,,,8625.22,K 따라 매수: 주식층 비중 1.5%
2025-05-23 09:30:00,SNDK,매수,1,36.2681,,,8588.93,K 비중 맞춤(늘림 2.3%)
2025-05-23 10:30:00,AMD,매수,4,108.9144,,,8152.97,저점 $108.12 대비 +0.68% 반등 (RSI 31)
2025-05-23 10:30:00,SHIP,매수,4,5.938,,,8129.2,저점 $5.88 대비 +0.94% 반등 (RSI 41)
2025-05-27 09:30:00,GOOGL,매도,1,170.0649,0.63,0.371,8299.14,로테이션 제외(모멘텀 순위 밖 또는 국면 0)
2025-05-27 09:30:00,MU,매도,2,95.1024,-2.77,-1.435,8489.2,로테이션 제외(모멘텀 순위 밖 또는 국면 0)
2025-05-27 09:30:00,ORCL,매수,1,159.3997,,,8329.69,K 비중 맞춤(늘림 2.6%)
2025-05-27 10:29:59,SHIP,매도,4,6.1044,0.63,2.659,8354.09,고점 $6.25 대비 -0.50% → 익절 +2.86%
2025-05-28 09:30:00,AVGO,매도,1,237.0114,25.58,12.118,8590.93,로테이션 제외(모멘텀 순위 밖 또는 국면 0)
2025-05-28 09:30:00,BTSG,매도,20,23.3783,14.07,3.106,9058.16,K 비중 맞춤(줄임 5.4%)
2025-05-28 09:30:00,CDNS,매도,1,322.7086,12.57,4.059,9380.63,로테이션 제외(모멘텀 순위 밖 또는 국면 0)
2025-05-28 09:30:00,CRDO,매도,22,64.4278,243.31,20.756,10797.01,로테이션 제외(모멘텀 순위 밖 또는 국면 0)
2025-05-28 09:30:00,CRM,매도,1,277.5711,-4.59,-1.629,11074.37,로테이션 제외(모멘텀 순위 밖 또는 국면 0)
2025-05-28 09:30:00,CRWD,매도,4,117.951,40.23,9.335,11545.83,K 비중 맞춤(줄임 6.7%)
2025-05-28 09:30:00,DAVE,매도,2,208.3458,69.59,20.079,11962.22,K 비중 맞춤(줄임 5.2%)
2025-05-28 09:30:00,GOOGL,매수,1,173.2116,,,11788.89,K 따라 매수: 주식층 비중 1.6%
2025-05-28 09:30:00,LRCX,매도,3,83.933,4.35,1.76,12040.5,로테이션 제외(모멘텀 순위 밖 또는 국면 0)
2025-05-28 09:30:00,MSFT,매도,1,460.9894,19.84,4.505,12501.16,로테이션 제외(모멘텀 순위 밖 또는 국면 0)
2025-05-28 09:30:00,NOW,매도,2,205.3753,9.82,2.453,12911.61,로테이션 제외(모멘텀 순위 밖 또는 국면 0)
2025-05-28 09:30:00,NVDA,매도,2,135.982,4.86,1.824,13183.37,로테이션 제외(모멘텀 순위 밖 또는 국면 0)
2025-05-28 09:30:00,SNDK,매도,8,38.3808,4.49,1.486,13490.19,로테이션 제외(모멘텀 순위 밖 또는 국면 0)
2025-05-28 10:29:59,AMD,매도,4,113.893,19.28,4.425,13945.43,고점 $115.33 대비 -1.00% → 익절 +4.62%
2025-05-28 14:30:00,CDNS,매수,2,311.1155,,,13322.77,저점 $308.27 대비 +0.87% 반등 (RSI 36)
2025-05-28 15:29:59,CDNS,매도,2,293.0834,-36.93,-5.935,13908.51,손절 -5.75%
2025-05-29 09:30:00,KO,매수,1,71.0355,,,13837.42,K 비중 맞춤(늘림 2.2%)
2025-05-29 09:30:00,RL,매수,2,285.6728,,,13265.68,K 따라 매수: 주식층 비중 5.8%
2025-05-30 09:30:00,BTSG,매수,11,23.2616,,,13009.62,K 비중 맞춤(늘림 7.5%)
2025-05-30 09:30:00,CRWD,매수,1,115.639,,,12893.9,K 비중 맞춤(늘림 8.7%)
2025-05-30 09:30:00,NOW,매수,1,204.102,,,12689.65,K 따라 매수: 주식층 비중 2.2%
2025-05-30 09:30:00,RL,매도,1,274.8625,-11.21,-3.924,12964.32,K 비중 맞춤(줄임 0.3%)
2025-05-30 09:30:00,TSLA,매수,1,356.5381,,,12607.53,K 비중 맞춤(늘림 7.3%)
2025-05-30 10:30:00,EOG,매수,6,109.1495,,,11952.17,저점 $108.50 대비 +0.55% 반등 (RSI 31)
2025-05-30 10:30:00,TGT,매수,7,94.6673,,,11289.04,저점 $94.04 대비 +0.62% 반등 (RSI 41)
2025-05-30 11:30:00,CRDO,매수,11,61.936,,,10607.26,저점 $61.34 대비 +0.92% 반등 (RSI 43)
2025-05-30 11:30:00,INCY,매수,11,64.6723,,,9895.37,저점 $64.28 대비 +0.56% 반등 (RSI 44)
2025-05-30 14:30:00,FCX,매수,19,38.2791,,,9167.56,저점 $38.03 대비 +0.62% 반등 (RSI 39)
2025-05-30 14:30:00,LRCX,매수,9,80.4602,,,8442.91,저점 $79.86 대비 +0.70% 반등 (RSI 31)
2025-05-30 14:30:00,MU,매수,2,94.7273,,,8253.32,저점 $93.75 대비 +0.99% 반등 (RSI 43)
2025-06-02 09:30:00,BTSG,매수,6,23.962,,,8109.45,K 비중 맞춤(늘림 8.8%)
2025-06-02 09:30:00,CRWD,매수,1,117.8089,,,7991.56,K 비중 맞춤(늘림 10.0%)
2025-06-02 09:30:00,DAVE,매수,1,201.4107,,,7790.01,K 비중 맞춤(늘림 8.6%)
2025-06-02 09:30:00,TSLA,매도,1,342.5786,-9.66,-2.746,8132.34,K 비중 맞춤(줄임 0.1%)
2025-06-02 12:29:59,FCX,매도,19,39.8051,27.93,3.84,8888.08,고점 $40.09 대비 -0.50% → 익절 +4.04%
2025-06-02 12:30:00,MNST,매수,7,31.7083,,,8665.97,K 따라 매수: 주식층 비중 1.8%
2025-06-02 12:30:00,NET,매수,2,166.5482,,,8332.64,K 따라 매수: 주식층 비중 10.6%
2025-06-02 12:35:00,NET,매수,6,166.5466,,,7332.66,K 비중 맞춤(늘림 10.6%)
2025-06-03 09:30:00,BTSG,매도,7,23.8781,6.22,3.872,7499.68,K 비중 맞춤(줄임 7.3%)
2025-06-03 09:30:00,CRWD,매도,10,120.0737,103.78,9.475,8699.54,로테이션 제외(모멘텀 순위 밖 또는 국면 0)
2025-06-03 09:30:00,GOOGL,매도,1,167.3813,-6.07,-3.507,8866.8,로테이션 제외(모멘텀 순위 밖 또는 국면 0)
2025-06-03 09:30:00,MU,매도,2,97.3068,4.88,2.578,9061.27,고점 $98.65 대비 -1.00% → 익절 +2.77%
2025-06-03 09:30:00,NET,매도,1,169.7351,2.95,1.77,9230.88,K 비중 맞춤(줄임 9.1%)
2025-06-03 09:30:00,PANW,매도,1,194.9025,11.53,6.297,9425.64,로테이션 제외(모멘텀 순위 밖 또는 국면 0)
2025-06-03 09:30:00,SHOP,매수,2,104.8524,,,9215.79,K 따라 매수: 주식층 비중 2.3%
2025-06-03 09:30:00,TSLA,매수,1,346.7683,,,8868.78,K 비중 맞춤(늘림 7.2%)
2025-06-03 11:29:59,CRDO,매도,11,77.2214,167.04,24.518,9717.6,고점 $77.83 대비 -0.50% → 익절 +24.74%
2025-06-03 11:30:00,CROX,매수,7,101.4382,,,9007.03,저점 $100.46 대비 +0.92% 반등 (RSI 37)
2025-06-03 12:29:59,INCY,매도,11,67.4762,29.8,4.189,9748.73,고점 $69.08 대비 -0.50% → 익절 +4.39%
2025-06-04 09:30:00,CRDO,매수,14,72.8264,,,8728.45,K 따라 매수: 주식층 비중 8.2%
2025-06-04 09:30:00,MU,매수,2,102.4212,,,8523.46,K 따라 매수: 주식층 비중 2.1%
2025-06-04 09:30:00,NET,매도,7,172.1989,37.87,3.248,9727.97,로테이션 제외(모멘텀 순위 밖 또는 국면 0)
2025-06-04 09:30:00,NVDA,매수,2,142.2911,,,9443.19,K 따라 매수: 주식층 비중 2.4%
2025-06-04 09:30:00,ORCL,매도,2,169.6252,16.79,5.213,9782.19,로테이션 제외(모멘텀 순위 밖 또는 국면 0)
2025-06-04 09:30:00,RL,매수,2,282.2911,,,9217.22,K 비중 맞춤(늘림 7.1%)
2025-06-04 09:30:00,SNDK,매수,7,38.6593,,,8946.41,K 따라 매수: 주식층 비중 2.3%
2025-06-04 09:30:00,STX,매도,3,123.6681,70.13,23.347,9317.15,로테이션 제외(모멘텀 순위 밖 또는 국면 0)
2025-06-04 09:30:00,TSLA,매도,1,344.9225,-4.83,-1.382,9661.82,K 비중 맞춤(줄임 0.1%)
2025-06-04 09:30:00,WDC,매도,6,53.973,30.53,10.423,9985.42,로테이션 제외(모멘텀 순위 밖 또는 국면 0)
2025-06-04 11:29:59,EOG,매도,6,112.1039,16.78,2.562,10657.55,고점 $114.06 대비 -1.00% → 익절 +2.76%
2025-06-05 09:30:00,BTSG,매도,8,23.5582,4.55,2.48,10845.88,K 비중 맞춤(줄임 5.6%)
2025-06-05 09:30:00,CRDO,매도,14,77.0814,58.07,5.695,11924.23,로테이션 제외(모멘텀 순위 밖 또는 국면 0)
2025-06-05 09:30:00,CRWD,매수,7,115.6816,,,11113.89,K 따라 매수: 주식층 비중 6.8%
2025-06-05 09:30:00,DAVE,매도,1,207.866,28.68,16.032,11321.61,K 비중 맞춤(줄임 5.5%)
2025-06-05 09:30:00,MU,매도,2,106.2469,7.35,3.59,11533.95,로테이션 제외(모멘텀 순위 밖 또는 국면 0)
2025-06-05 09:30:00,NVDA,매도,2,142.9325,0.87,0.307,11819.6,로테이션 제외(모멘텀 순위 밖 또는 국면 0)
2025-06-05 09:30:00,PANW,매수,1,194.2071,,,11625.26,K 따라 매수: 주식층 비중 2.5%
2025-06-05 09:30:00,SNDK,매도,7,38.9405,1.58,0.584,11897.64,로테이션 제외(모멘텀 순위 밖 또는 국면 0)
2025-06-05 10:29:59,LRCX,매도,9,85.0874,40.58,5.604,12662.87,고점 $85.60 대비 -0.50% → 익절 +5.80%
2025-06-05 11:30:00,JPM,매수,2,263.0615,,,12136.38,저점 $261.38 대비 +0.59% 반등 (RSI 41)
2025-06-05 15:59:59,TGT,매도,7,93.4533,-9.44,-1.425,12790.08,보유기한 청산 -1.23%
2025-06-06 09:30:00,BTSG,매수,10,23.7219,,,12552.69,K 비중 맞춤(늘림 7.7%)
2025-06-06 09:30:00,CRWD,매수,3,115.9329,,,12204.65,K 비중 맞춤(늘림 9.1%)
2025-06-06 09:30:00,DDOG,매수,1,122.4912,,,12082.07,K 따라 매수: 주식층 비중 1.7%
2025-06-06 09:30:00,KO,매도,1,71.0495,0.93,1.323,12153.07,K 비중 맞춤(줄임 1.5%)
2025-06-06 09:30:00,MNST,매도,2,31.6792,-0.15,-0.235,12216.38,K 비중 맞춤(줄임 1.2%)
2025-06-06 09:30:00,NET,매수,7,178.3091,,,10967.34,K 따라 매수: 주식층 비중 9.7%
2025-06-06 09:30:00,ORCL,매수,1,173.8369,,,10793.39,K 따라 매수: 주식층 비중 2.5%
2025-06-06 09:30:00,RL,매도,2,276.7715,-14.09,-2.486,11346.52,K 비중 맞춤(줄임 0.2%)
2025-06-06 09:30:00,STX,매수,2,129.6048,,,11087.13,K 따라 매수: 주식층 비중 2.4%
2025-06-06 09:30:00,WDC,매수,5,56.1481,,,10806.2,K 따라 매수: 주식층 비중 2.4%
2025-06-09 09:30:00,BTSG,매수,16,24.9124,,,10407.32,K 비중 맞춤(늘림 10.9%)
2025-06-09 09:30:00,CRDO,매수,21,73.2666,,,8867.64,K 따라 매수: 주식층 비중 11.9%
2025-06-09 09:30:00,CRWD,매도,8,117.6411,13.74,1.484,9808.08,K 비중 맞춤(줄임 1.4%)
2025-06-09 09:30:00,DAVE,매수,2,223.2516,,,9361.27,K 비중 맞춤(늘림 10.8%)
2025-06-09 09:30:00,GOOGL,매수,1,174.9274,,,9186.22,K 따라 매수: 주식층 비중 1.5%
2025-06-09 09:30:00,LRCX,매수,2,87.1435,,,9011.81,K 따라 매수: 주식층 비중 1.6%
2025-06-09 09:30:00,MU,매수,2,109.5047,,,8792.65,K 따라 매수: 주식층 비중 1.9%
2025-06-09 09:30:00,NET,매수,2,180.3001,,,8431.79,K 비중 맞춤(늘림 12.7%)
2025-06-09 15:59:59,CROX,매도,7,102.1789,4.17,0.587,9146.52,보유기한 청산 +0.78%
2025-06-10 09:30:00,FTNT,매수,2,102.091,,,8942.2,K 따라 매수: 주식층 비중 1.6%
2025-06-10 09:30:00,NVDA,매수,1,142.7413,,,8799.36,K 따라 매수: 주식층 비중 2.2%
2025-06-10 09:30:00,SNDK,매수,7,41.6508,,,8507.6,K 따라 매수: 주식층 비중 2.3%
2025-06-11 09:30:00,BTSG,매도,57,22.009,-94.12,-6.988,9761.2,K 비중 맞춤(줄임 0.1%)
2025-06-11 09:30:00,CRWD,매수,9,116.9384,,,8708.01,K 비중 맞춤(늘림 9.9%)
2025-06-11 09:30:00,DAVE,매도,1,229.4352,35.44,18.3,8937.28,K 비중 맞춤(줄임 8.6%)
2025-06-11 09:30:00,DDOG,매도,1,119.93,-2.73,-2.232,9057.12,로테이션 제외(모멘텀 순위 밖 또는 국면 0)
2025-06-11 09:30:00,INTC,매수,8,21.7909,,,8882.67,K 따라 매수: 주식층 비중 1.5%
2025-06-11 09:30:00,KO,매도,1,72.2289,2.1,3.006,8954.85,K 비중 맞춤(줄임 1.1%)
2025-06-11 09:30:00,MNST,매도,1,31.4643,-0.29,-0.912,8986.29,K 비중 맞춤(줄임 0.9%)
2025-06-11 09:30:00,MRVL,매수,3,69.5848,,,8777.39,K 따라 매수: 주식층 비중 1.7%
2025-06-11 09:30:00,NET,매도,9,178.9105,-0.87,-0.054,10386.41,로테이션 제외(모멘텀 순위 밖 또는 국면 0)
2025-06-11 09:30:00,ORCL,매도,1,177.4612,3.37,1.94,10563.74,로테이션 제외(모멘텀 순위 밖 또는 국면 0)
2025-06-11 09:30:00,STX,매도,2,128.9855,-1.61,-0.62,10821.52,로테이션 제외(모멘텀 순위 밖 또는 국면 0)
2025-06-11 09:30:00,WDC,매도,5,56.3818,0.77,0.273,11103.23,로테이션 제외(모멘텀 순위 밖 또는 국면 0)
2025-06-11 09:32:30,AVGO,매수,5,246.0555,,,9872.09,K 따라 매수: 주식층 비중 9.7%
2025-06-11 15:59:59,JPM,매도,2,268.0859,9.29,1.766,10407.87,보유기한 청산 +1.96%
2025-06-12 09:30:00,INTC,매도,8,20.4898,-10.65,-6.11,10571.67,로테이션 제외(모멘텀 순위 밖 또는 국면 0)
2025-06-13 09:30:00,AVGO,매도,4,250.1948,15.14,1.538,11571.72,K 비중 맞춤(줄임 1.2%)
2025-06-13 09:30:00,CRDO,매수,3,72.2961,,,11354.68,K 비중 맞춤(늘림 13.4%)
2025-06-13 09:30:00,CRWD,매수,2,118.553,,,11117.4,K 비중 맞춤(늘림 12.5%)
2025-06-13 09:30:00,DAVE,매수,1,228.3141,,,10888.93,K 비중 맞춤(늘림 11.2%)
2025-06-13 09:30:00,DDOG,매수,1,120.4602,,,10768.39,K 따라 매수: 주식층 비중 1.5%
2025-06-13 09:30:00,NET,매수,10,167.2086,,,9095.13,K 따라 매수: 주식층 비중 13.1%
2025-06-13 09:30:00,ORCL,매수,1,201.6808,,,8893.31,K 따라 매수: 주식층 비중 2.2%
2025-06-13 09:30:00,STX,매수,2,125.2826,,,8642.57,K 따라 매수: 주식층 비중 2.4%
2025-06-13 09:30:00,WDC,매수,3,54.6273,,,8478.57,K 따라 매수: 주식층 비중 2.4%
2025-06-13 09:32:43,WDC,매수,2,54.6273,,,8369.24,K 비중 맞춤(늘림 2.4%)
2025-06-16 09:30:00,DAVE,매수,1,210.7353,,,8158.36,K 비중 맞춤(늘림 11.2%)
2025-06-16 09:30:00,MRVL,매도,3,68.5657,-3.35,-1.606,8363.9,로테이션 제외(모멘텀 순위 밖 또는 국면 0)
2025-06-18 09:30:00,CRDO,매도,2,81.7691,17.03,11.638,8527.32,K 비중 맞춤(줄임 13.1%)
2025-06-18 09:30:00,MNST,매도,1,31.4793,-0.27,-0.865,8558.78,K 비중 맞춤(줄임 0.7%)
2025-06-18 09:30:00,NVDA,매수,1,144.077,,,8414.6,K 비중 맞춤(늘림 2.2%)
2025-06-25 09:30:00,AVGO,매도,1,265.917,19.5,7.923,8680.32,로테이션 제외(모멘텀 순위 밖 또는 국면 0)
2025-06-25 09:30:00,BTSG,매수,40,22.9815,,,7760.42,K 비중 맞춤(늘림 6.8%)
2025-06-25 09:30:00,CRDO,매도,22,93.2983,440.74,27.389,9811.49,로테이션 제외(모멘텀 순위 밖 또는 국면 0)
2025-06-25 09:30:00,CRWD,매도,3,121.959,14.35,4.088,10177.1,K 비중 맞춤(줄임 8.1%)
2025-06-25 09:30:00,DAVE,매도,2,231.2643,59.77,14.863,10639.29,K 비중 맞춤(줄임 6.8%)
2025-06-25 09:30:00,LRCX,매도,2,96.2019,17.85,10.244,10831.55,로테이션 제외(모멘텀 순위 밖 또는 국면 0)
2025-06-25 09:30:00,MU,매도,2,126.5467,33.75,15.408,11084.46,로테이션 제외(모멘텀 순위 밖 또는 국면 0)
2025-06-25 09:30:00,NET,매도,3,187.5762,60.34,12.029,11646.78,K 비중 맞춤(줄임 8.8%)
2025-06-25 09:30:00,NVDA,매도,2,149.2353,11.23,3.917,11945.03,로테이션 제외(모멘텀 순위 밖 또는 국면 0)
2025-06-25 09:30:00,SNDK,매도,7,47.4263,39.98,13.713,12276.77,로테이션 제외(모멘텀 순위 밖 또는 국면 0)
2025-06-26 10:30:00,SLB,매수,23,33.5868,,,11503.73,저점 $33.27 대비 +0.90% 반등 (RSI 39)
2025-06-27 09:30:00,AMD,매수,1,144.2321,,,11359.4,K 따라 매수: 주식층 비중 1.1%
2025-06-27 09:30:00,BTSG,매도,40,23.0285,-0.07,-0.007,12279.87,K 비중 맞춤(줄임 0.1%)
2025-06-27 09:30:00,CRDO,매수,19,94.3672,,,10485.64,K 따라 매수: 주식층 비중 13.1%
2025-06-27 09:30:00,CRWD,매수,3,124.4372,,,10112.06,K 비중 맞춤(늘림 12.2%)
2025-06-27 09:30:00,DAVE,매수,1,247.1235,,,9864.77,K 비중 맞춤(늘림 10.8%)
2025-06-27 09:30:00,INTC,매수,9,22.7214,,,9660.13,K 따라 매수: 주식층 비중 1.6%
2025-06-27 09:30:00,LRCX,매수,2,97.0835,,,9465.83,K 따라 매수: 주식층 비중 1.7%
2025-06-27 09:30:00,MRVL,매수,3,78.9094,,,9228.93,K 따라 매수: 주식층 비중 1.8%
2025-06-27 09:30:00,MU,매수,2,125.2976,,,8978.16,K 따라 매수: 주식층 비중 2.0%
2025-06-27 09:30:00,NET,매수,2,191.8059,,,8594.28,K 비중 맞춤(늘림 12.9%)
2025-06-30 09:30:00,INTC,매수,1,22.9815,,,8571.29,K 비중 맞춤(늘림 1.7%)
2025-06-30 09:30:00,MNST,매도,1,30.8316,-0.92,-2.906,8602.1,K 비중 맞춤(줄임 0.4%)
2025-07-01 13:29:59,SLB,매도,23,35.3448,39.3,5.087,9414.43,고점 $35.65 대비 -0.50% → 익절 +5.29%
2025-07-01 13:30:00,NVDA,매수,2,154.4072,,,9105.4,K 따라 매수: 주식층 비중 2.3%
2025-07-01 13:30:00,SNDK,매수,4,45.3026,,,8924.06,K 따라 매수: 주식층 비중 2.3%
2025-07-01 13:35:00,SNDK,매수,2,45.2426,,,8833.52,K 비중 맞춤(늘림 2.3%)
2025-07-02 09:30:00,SNDK,매수,1,44.5423,,,8788.94,K 비중 맞춤(늘림 2.3%)
2025-07-08 09:30:00,AMD,매수,1,137.4037,,,8651.44,K 비중 맞춤(늘림 2.2%)
2025-07-08 09:30:00,CRDO,매도,12,93.2534,-14.98,-1.322,9769.67,K 비중 맞춤(줄임 4.6%)
2025-07-08 09:30:00,CRM,매수,1,270.9254,,,9498.55,K 따라 매수: 주식층 비중 2.9%
2025-07-08 09:30:00,CRWD,매도,9,126.4442,67.94,6.358,10635.72,K 비중 맞춤(줄임 2.9%)
2025-07-08 09:30:00,DAVE,매도,5,282.3588,366.31,35.096,12046.48,K 비중 맞춤(줄임 0.0%)
2025-07-08 09:30:00,DDOG,매수,2,144.7924,,,11756.69,K 비중 맞춤(늘림 3.1%)
2025-07-08 09:30:00,FTNT,매수,2,107.0235,,,11542.5,K 비중 맞춤(늘림 3.3%)
2025-07-08 09:30:00,INTC,매수,11,22.1911,,,11298.22,K 비중 맞춤(늘림 3.3%)
2025-07-08 09:30:00,LRCX,매수,2,98.8694,,,11100.35,K 비중 맞춤(늘림 3.5%)
2025-07-08 09:30:00,MNST,매수,1,31.2881,,,11069.04,K 비중 맞춤(늘림 0.7%)
2025-07-08 09:30:00,MRVL,매수,4,72.2861,,,10779.69,K 비중 맞춤(늘림 3.7%)
2025-07-08 09:30:00,MSFT,매수,1,497.9288,,,10281.41,K 따라 매수: 주식층 비중 4.2%
2025-07-08 09:30:00,MU,매수,2,122.5062,,,10036.23,K 비중 맞춤(늘림 4.1%)
2025-07-08 09:30:00,NET,매도,5,193.903,104.83,12.142,11005.04,K 비중 맞춤(줄임 4.2%)
2025-07-08 09:30:00,NOW,매수,2,207.5397,,,10589.67,K 비중 맞춤(늘림 4.4%)
2025-07-08 09:30:00,NVDA,매수,2,159.4097,,,10270.62,K 비중 맞춤(늘림 4.5%)
2025-07-08 09:30:00,ORCL,매수,1,237.2486,,,10033.21,K 비중 맞춤(늘림 4.6%)
2025-07-08 09:30:00,PANW,매수,2,202.101,,,9628.72,K 비중 맞춤(늘림 4.7%)
2025-07-08 09:30:00,SHOP,매수,3,117.4727,,,9276.06,K 비중 맞춤(늘림 4.6%)
2025-07-08 09:30:00,SNDK,매수,7,45.7829,,,8955.35,K 비중 맞춤(늘림 4.6%)
2025-07-08 09:30:00,STX,매수,2,149.1345,,,8656.88,K 비중 맞춤(늘림 4.7%)
2025-07-08 09:30:00,WDC,매수,5,65.963,,,8326.83,K 비중 맞춤(늘림 4.7%)
2025-07-11 09:30:00,DDOG,매수,1,137.5588,,,8189.18,K 비중 맞춤(늘림 4.7%)
2025-07-11 09:30:00,KO,매수,1,69.5998,,,8119.53,K 비중 맞춤(늘림 1.8%)
2025-07-11 09:30:00,MNST,매수,2,29.4747,,,8060.54,K 비중 맞춤(늘림 1.1%)
2025-07-11 09:30:00,PANW,매도,3,192.8935,-20.57,-3.437,8638.8,로테이션 제외(모멘텀 순위 밖 또는 국면 0)
2025-07-14 09:30:00,CRDO,매도,3,97.1114,7.82,2.763,8929.92,K 비중 맞춤(줄임 2.7%)
2025-07-14 09:30:00,DAVE,매도,1,207.0864,-1.96,-0.937,9136.85,로테이션 제외(모멘텀 순위 밖 또는 국면 0)
2025-07-14 09:30:00,LRCX,매수,1,100.6203,,,9036.16,K 비중 맞춤(늘림 3.6%)
2025-07-16 09:30:00,KO,매도,3,69.3153,-2.0,-0.953,9243.96,로테이션 제외(모멘텀 순위 밖 또는 국면 0)
2025-07-16 09:30:00,MNST,매도,5,29.5502,-6.12,-3.982,9391.6,로테이션 제외(모멘텀 순위 밖 또는 국면 0)
2025-07-16 09:30:00,USB,매도,1,45.937,1.78,4.038,9437.5,로테이션 제외(모멘텀 순위 밖 또는 국면 0)
2025-07-16 09:33:45,AVGO,매수,1,280.4068,,,9156.9,K 따라 매수: 주식층 비중 2.6%
2025-07-16 10:30:00,DHI,매수,1,131.8659,,,9024.94,저점 $130.50 대비 +1.00% 반등 (RSI 39)
2025-07-17 09:30:00,MU,매수,1,113.8669,,,8910.99,K 비중 맞춤(늘림 4.2%)
2025-07-17 09:30:00,SNDK,매수,1,41.4207,,,8869.54,K 비중 맞춤(늘림 4.6%)
2025-07-21 09:30:00,GOOGL,매수,1,186.3431,,,8683.07,K 비중 맞춤(늘림 2.7%)
2025-07-21 09:30:00,INTC,매도,2,23.4083,1.84,4.095,8729.85,K 비중 맞춤(줄임 3.1%)
2025-07-21 09:30:00,NET,매도,1,198.2009,25.26,14.629,8927.91,K 비중 맞춤(줄임 3.8%)
2025-07-22 15:59:59,DHI,매도,1,153.4232,21.35,16.193,9081.22,보유기한 청산 +16.41%
2025-07-23 09:30:00,CRM,매도,1,263.8781,-7.43,-2.742,9344.91,로테이션 제외(모멘텀 순위 밖 또는 국면 0)
2025-07-23 09:30:00,GOOGL,매도,2,191.3843,20.97,5.803,9727.4,로테이션 제외(모멘텀 순위 밖 또는 국면 0)
2025-07-23 09:30:00,KO,매수,2,69.5397,,,9588.22,K 따라 매수: 주식층 비중 1.3%
2025-07-23 09:30:00,MNST,매수,4,29.8099,,,9468.9,K 따라 매수: 주식층 비중 0.9%
2025-07-23 09:30:00,MSFT,매도,1,506.2468,7.6,1.526,9974.77,로테이션 제외(모멘텀 순위 밖 또는 국면 0)
2025-07-23 09:30:00,MU,매수,1,109.4734,,,9865.22,K 비중 맞춤(늘림 4.7%)
2025-07-23 09:30:00,NOW,매도,3,190.2928,-49.15,-7.938,10435.68,로테이션 제외(모멘텀 순위 밖 또는 국면 0)
2025-07-23 09:30:00,SHOP,매도,5,122.4048,49.06,8.728,11047.26,로테이션 제외(모멘텀 순위 밖 또는 국면 0)
2025-07-23 09:30:00,TSLA,매도,1,330.7046,-19.04,-5.45,11377.72,로테이션 제외(모멘텀 순위 밖 또는 국면 0)
2025-07-23 09:30:00,USB,매수,1,46.5383,,,11331.15,K 따라 매수: 주식층 비중 0.6%
2025-07-23 14:30:00,ISRG,매수,1,497.8188,,,10832.99,저점 $494.74 대비 +0.57% 반등 (RSI 29)
2025-07-24 09:30:00,AMD,매도,2,159.0604,36.06,12.802,11150.87,로테이션 제외(모멘텀 순위 밖 또는 국면 0)
2025-07-24 09:30:00,AVGO,매도,1,290.3548,9.54,3.402,11441.02,로테이션 제외(모멘텀 순위 밖 또는 국면 0)
2025-07-24 09:30:00,CRDO,매도,4,100.0699,22.25,5.896,11841.01,로테이션 제외(모멘텀 순위 밖 또는 국면 0)
2025-07-24 09:30:00,CRWD,매수,1,116.6858,,,11724.24,K 비중 맞춤(늘림 4.7%)
2025-07-24 09:30:00,INTC,매도,19,23.4783,18.8,4.406,12170.0,로테이션 제외(모멘텀 순위 밖 또는 국면 0)
2025-07-24 09:30:00,LRCX,매도,5,97.4912,-5.77,-1.172,12657.1,로테이션 제외(모멘텀 순위 밖 또는 국면 0)
2025-07-24 09:30:00,MRVL,매도,7,73.6282,-11.22,-2.134,13172.12,로테이션 제외(모멘텀 순위 밖 또는 국면 0)
2025-07-24 09:30:00,MU,매도,6,110.8795,-54.66,-7.603,13836.91,로테이션 제외(모멘텀 순위 밖 또는 국면 0)
2025-07-24 09:30:00,NEM,매도,1,60.6497,10.05,19.904,13897.52,로테이션 제외(모멘텀 순위 밖 또는 국면 0)
2025-07-24 09:30:00,NVDA,매도,4,172.3638,60.88,9.7,14586.47,로테이션 제외(모멘텀 순위 밖 또는 국면 0)
2025-07-24 09:30:00,SNDK,매도,15,43.0585,-33.21,-4.897,15231.87,로테이션 제외(모멘텀 순위 밖 또는 국면 0)
2025-07-25 09:30:00,CDNS,매수,1,325.1625,,,14906.48,K 따라 매수: 주식층 비중 2.4%
2025-07-25 09:30:00,CRM,매수,1,268.144,,,14638.15,K 따라 매수: 주식층 비중 2.8%
2025-07-25 09:30:00,GOOGL,매수,1,192.076,,,14445.94,K 따라 매수: 주식층 비중 2.5%
2025-07-25 09:30:00,MDB,매수,1,236.118,,,14209.66,K 따라 매수: 주식층 비중 3.1%
2025-07-25 09:30:00,MSFT,매수,1,511.3756,,,13697.93,K 따라 매수: 주식층 비중 3.8%
2025-07-25 09:30:00,NOW,매수,2,199.9409,,,13297.76,K 따라 매수: 주식층 비중 3.7%
2025-07-25 09:30:00,SHIP,매수,2,7.2636,,,13283.23,K 따라 매수: 주식층 비중 0.1%
2025-07-25 09:30:00,SHOP,매수,4,122.2511,,,12793.88,K 따라 매수: 주식층 비중 4.2%
2025-07-28 09:30:00,AMD,매수,1,169.1645,,,12624.6,K 따라 매수: 주식층 비중 2.1%
2025-07-28 09:30:00,AVGO,매수,1,292.6062,,,12331.79,K 따라 매수: 주식층 비중 2.3%
2025-07-28 09:30:00,BTSG,매도,1,20.5497,-2.48,-10.778,12352.32,로테이션 제외(모멘텀 순위 밖 또는 국면 0)
2025-07-28 09:30:00,CDNS,매도,1,333.833,8.2,2.522,12685.91,로테이션 제외(모멘텀 순위 밖 또는 국면 0)
2025-07-28 09:30:00,CRDO,매수,3,104.6823,,,12371.64,K 따라 매수: 주식층 비중 2.4%
2025-07-28 09:30:00,CRM,매도,1,269.3653,0.84,0.312,12640.81,로테이션 제외(모멘텀 순위 밖 또는 국면 0)
2025-07-28 09:30:00,LRCX,매수,4,98.8494,,,12245.14,K 따라 매수: 주식층 비중 3.0%
2025-07-28 09:30:00,MRVL,매수,6,75.1375,,,11794.0,K 따라 매수: 주식층 비중 3.2%
2025-07-28 09:30:00,MSFT,매도,1,513.823,1.71,0.335,12307.44,로테이션 제외(모멘텀 순위 밖 또는 국면 0)
2025-07-28 09:30:00,MU,매수,5,111.8859,,,11747.62,K 따라 매수: 주식층 비중 4.7%
2025-07-28 09:30:00,NOW,매도,2,195.1024,-10.24,-2.561,12137.54,로테이션 제외(모멘텀 순위 밖 또는 국면 0)
2025-07-28 09:30:00,NVDA,매수,3,174.107,,,11614.86,K 따라 매수: 주식층 비중 3.9%
2025-07-28 09:30:00,SHOP,매도,4,125.957,14.11,2.886,12118.32,로테이션 제외(모멘텀 순위 밖 또는 국면 0)
2025-07-28 09:30:00,SNDK,매수,14,43.1015,,,11514.47,K 따라 매수: 주식층 비중 4.3%
2025-07-28 10:30:00,INTC,매수,38,20.9505,,,10717.8,저점 $20.82 대비 +0.60% 반등 (RSI 29)
2025-07-28 12:30:00,INCY,매수,11,70.1851,,,9945.22,저점 $69.75 대비 +0.57% 반등 (RSI 51)
2025-07-29 09:30:00,DDOG,매도,4,150.9145,55.23,10.086,10548.44,로테이션 제외(모멘텀 순위 밖 또는 국면 0)
2025-07-29 09:30:00,MDB,매도,1,244.8775,8.42,3.564,10793.14,로테이션 제외(모멘텀 순위 밖 또는 국면 0)
2025-07-29 09:30:00,NET,매도,3,199.9,80.88,15.612,11392.4,로테이션 제외(모멘텀 순위 밖 또는 국면 0)
2025-07-29 09:30:00,ORCL,매도,2,248.5756,57.55,13.112,11889.19,로테이션 제외(모멘텀 순위 밖 또는 국면 0)
2025-07-29 09:30:00,STX,매도,4,151.5942,56.72,10.334,12495.12,로테이션 제외(모멘텀 순위 밖 또는 국면 0)
2025-07-29 09:30:00,WDC,매도,10,69.4153,90.27,14.972,13188.77,로테이션 제외(모멘텀 순위 밖 또는 국면 0)
2025-07-29 15:29:59,INCY,매도,11,76.9815,73.6,9.533,14034.95,고점 $77.63 대비 -0.50% → 익절 +9.74%
2025-07-29 15:59:59,ISRG,매도,1,496.6316,-1.9,-0.381,14531.21,보유기한 청산 -0.19%
2025-07-30 09:30:00,AMD,매도,1,175.4742,6.06,3.584,14706.56,로테이션 제외(모멘텀 순위 밖 또는 국면 0)
2025-07-30 09:30:00,AVGO,매도,1,297.0014,3.97,1.358,15003.35,로테이션 제외(모멘텀 순위 밖 또는 국면 0)
2025-07-30 09:30:00,CRDO,매도,3,111.914,21.23,6.76,15338.84,로테이션 제외(모멘텀 순위 밖 또는 국면 0)
2025-07-30 09:30:00,LRCX,매도,4,99.4952,2.02,0.51,15736.53,로테이션 제외(모멘텀 순위 밖 또는 국면 0)
2025-07-30 09:30:00,MRVL,매도,6,83.1184,47.21,10.471,16234.88,로테이션 제외(모멘텀 순위 밖 또는 국면 0)
2025-07-30 09:30:00,MU,매도,5,112.6436,2.99,0.534,16797.69,로테이션 제외(모멘텀 순위 밖 또는 국면 0)
2025-07-30 09:30:00,NVDA,매도,3,176.2613,5.71,1.093,17326.08,로테이션 제외(모멘텀 순위 밖 또는 국면 0)
2025-07-30 09:30:00,SHIP,매수,1,7.0139,,,17319.07,K 비중 맞춤(늘림 0.2%)
2025-07-30 09:30:00,SNDK,매도,14,42.3538,-11.32,-1.877,17911.59,로테이션 제외(모멘텀 순위 밖 또는 국면 0)
2025-07-30 10:30:00,BKNG,매수,3,221.9169,,,17245.37,저점 $220.63 대비 +0.54% 반등 (RSI 33)
2025-07-30 10:30:00,PANW,매수,4,180.6703,,,16522.18,저점 $179.00 대비 +0.88% 반등 (RSI 14)
2025-07-31 09:30:00,RL,매도,1,304.1778,20.34,7.176,16826.14,로테이션 제외(모멘텀 순위 밖 또는 국면 0)
2025-07-31 09:30:00,SHIP,매도,3,6.8366,-1.06,-4.928,16846.63,로테이션 제외(모멘텀 순위 밖 또는 국면 0)
2025-07-31 10:29:59,INTC,매도,38,20.005,-37.04,-4.653,17606.27,손절 -4.47%
2025-07-31 10:30:00,AMGN,매수,2,301.0855,,,17003.68,저점 $298.44 대비 +0.84% 반등 (RSI 43)
2025-07-31 10:30:00,ROST,매수,5,138.4192,,,16311.09,저점 $137.23 대비 +0.82% 반등 (RSI 48)
2025-07-31 12:30:00,FCX,매수,20,40.2201,,,15506.13,저점 $39.92 대비 +0.69% 반등 (RSI 31)
2025-08-01 09:30:00,AMD,매수,1,170.115,,,15335.9,K 따라 매수: 주식층 비중 2.2%
2025-08-01 09:30:00,AVGO,매수,1,285.8078,,,15049.89,K 따라 매수: 주식층 비중 2.4%
2025-08-01 09:30:00,CRDO,매수,3,105.0145,,,14734.62,K 따라 매수: 주식층 비중 2.5%
2025-08-01 09:30:00,CRWD,매수,1,111.5933,,,14622.95,K 비중 맞춤(늘림 4.8%)
2025-08-01 09:30:00,LRCX,매수,4,92.7964,,,14251.51,K 따라 매수: 주식층 비중 3.1%
2025-08-01 09:30:00,MRVL,매수,5,77.1035,,,13865.72,K 따라 매수: 주식층 비중 3.2%
2025-08-01 09:30:00,MSFT,매수,1,535.5827,,,13329.76,K 따라 매수: 주식층 비중 4.0%
2025-08-01 09:30:00,MU,매수,6,105.5427,,,12696.06,K 따라 매수: 주식층 비중 4.7%
2025-08-01 09:30:00,NOW,매수,3,187.5517,,,12133.01,K 따라 매수: 주식층 비중 4.0%
2025-08-01 09:30:00,NVDA,매수,3,172.8364,,,11614.14,K 따라 매수: 주식층 비중 4.0%
2025-08-01 09:30:00,PANW,매도,4,173.0534,-31.48,-4.356,12305.85,손절 -4.17%
2025-08-01 09:30:00,SHOP,매수,5,118.4592,,,11713.14,K 따라 매수: 주식층 비중 4.2%
2025-08-01 09:30:00,SNDK,매수,14,42.2011,,,11121.91,K 따라 매수: 주식층 비중 4.4%
2025-08-01 09:30:00,USB,매수,1,44.3422,,,11077.54,K 비중 맞춤(늘림 0.7%)
2025-08-01 10:03:54,CDNS,매수,1,354.5017,,,10722.79,K 따라 매수: 주식층 비중 2.5%
2025-08-01 11:29:59,AMGN,매도,2,295.1623,-12.7,-2.109,11312.68,시장 급락 -1.7% → 청산
2025-08-01 11:29:59,BKNG,매도,3,217.3389,-14.68,-2.204,11964.22,시장 급락 -1.7% → 청산
2025-08-01 11:29:59,FCX,매도,20,39.7151,-11.24,-1.398,12757.94,시장 급락 -1.7% → 청산
2025-08-01 11:29:59,ROST,매도,5,136.1019,-12.57,-1.816,13437.96,시장 급락 -1.7% → 청산
2025-08-04 09:30:00,DDOG,매수,4,137.4587,,,12887.74,K 따라 매수: 주식층 비중 4.7%
2025-08-04 09:30:00,GOOGL,매수,1,190.4052,,,12697.2,K 비중 맞춤(늘림 2.7%)
2025-08-04 09:30:00,KO,매수,1,68.7494,,,12628.4,K 비중 맞춤(늘림 1.7%)
2025-08-04 09:30:00,MNST,매수,1,29.5548,,,12598.83,K 비중 맞춤(늘림 1.1%)
2025-08-04 09:30:00,MRVL,매수,1,75.6978,,,12523.08,K 비중 맞춤(늘림 3.2%)
2025-08-04 09:30:00,NET,매수,2,204.6723,,,12113.44,K 따라 매수: 주식층 비중 3.7%
2025-08-04 09:30:00,ORCL,매수,2,246.0229,,,11621.05,K 따라 매수: 주식층 비중 4.0%
2025-08-04 09:30:00,STX,매수,4,157.6968,,,10989.82,K 따라 매수: 주식층 비중 4.7%
2025-08-04 09:30:00,WDC,매수,9,77.4187,,,10292.57,K 따라 매수: 주식층 비중 4.9%
2025-08-04 10:30:00,CRM,매수,3,252.4762,,,9534.61,저점 $251.00 대비 +0.54% 반등 (RSI 30)
2025-08-04 10:30:00,TGT,매수,3,100.9905,,,9231.43,저점 $100.01 대비 +0.93% 반등 (RSI 44)
2025-08-05 09:30:00,AMD,매도,1,176.9665,6.6,3.882,9408.26,로테이션 제외(모멘텀 순위 밖 또는 국면 0)
2025-08-05 09:30:00,AVGO,매도,1,297.7311,11.51,4.026,9705.78,로테이션 제외(모멘텀 순위 밖 또는 국면 0)
2025-08-05 09:30:00,CDNS,매도,1,366.0669,11.05,3.117,10071.58,로테이션 제외(모멘텀 순위 밖 또는 국면 0)
2025-08-05 09:30:00,CRDO,매도,3,114.9225,29.25,9.285,10416.09,로테이션 제외(모멘텀 순위 밖 또는 국면 0)
2025-08-05 09:30:00,LRCX,매도,4,98.7306,23.19,6.247,10810.73,로테이션 제외(모멘텀 순위 밖 또는 국면 0)
2025-08-05 09:30:00,MNST,매도,1,30.1399,0.34,1.137,10840.85,K 비중 맞춤(줄임 0.7%)
2025-08-05 09:30:00,MRVL,매도,6,76.8616,-0.71,-0.153,11301.68,로테이션 제외(모멘텀 순위 밖 또는 국면 0)
2025-08-05 09:30:00,MSFT,매도,1,536.9514,0.6,0.112,11838.24,로테이션 제외(모멘텀 순위 밖 또는 국면 0)
2025-08-05 09:30:00,MU,매도,6,110.02,25.94,4.096,12497.88,로테이션 제외(모멘텀 순위 밖 또는 국면 0)
2025-08-05 09:30:00,NOW,매도,3,184.3078,-10.53,-1.871,13050.39,로테이션 제외(모멘텀 순위 밖 또는 국면 0)
2025-08-05 09:30:00,NVDA,매도,3,178.6806,16.78,3.236,13586.05,로테이션 제외(모멘텀 순위 밖 또는 국면 0)
2025-08-05 09:30:00,SHOP,매도,5,124.6926,30.3,5.115,14209.05,로테이션 제외(모멘텀 순위 밖 또는 국면 0)
2025-08-05 09:30:00,SNDK,매도,14,42.5087,3.46,0.585,14803.74,로테이션 제외(모멘텀 순위 밖 또는 국면 0)
2025-08-06 09:30:00,CRWD,매도,6,111.1944,-36.97,-5.258,15470.42,로테이션 제외(모멘텀 순위 밖 또는 국면 0)
2025-08-06 09:30:00,DDOG,매도,4,133.0335,-18.47,-3.36,16002.17,로테이션 제외(모멘텀 순위 밖 또는 국면 0)
2025-08-06 09:30:00,FTNT,매도,4,96.9415,-31.04,-7.421,16389.65,로테이션 제외(모멘텀 순위 밖 또는 국면 0)
2025-08-06 09:30:00,GOOGL,매도,1,194.3878,2.87,1.501,16583.89,K 비중 맞춤(줄임 1.3%)
2025-08-06 09:30:00,KO,매도,1,69.0854,-0.29,-0.418,16652.93,K 비중 맞춤(줄임 0.6%)
2025-08-06 09:30:00,MNST,매수,3,29.7424,,,16563.64,K 비중 맞춤(늘림 1.5%)
2025-08-06 09:30:00,NEM,매수,2,66.9735,,,16429.6,K 따라 매수: 주식층 비중 1.3%
2025-08-06 09:30:00,NET,매도,2,209.3453,8.75,2.138,16847.98,로테이션 제외(모멘텀 순위 밖 또는 국면 0)
2025-08-06 09:30:00,ORCL,매도,2,256.7116,20.66,4.198,17361.03,로테이션 제외(모멘텀 순위 밖 또는 국면 0)
2025-08-06 09:30:00,SHIP,매수,1,7.2936,,,17353.73,K 따라 매수: 주식층 비중 0.1%
2025-08-06 09:30:00,STX,매도,4,152.9235,-19.98,-3.168,17964.98,로테이션 제외(모멘텀 순위 밖 또는 국면 0)
2025-08-06 09:30:00,USB,매도,1,44.6777,-0.83,-1.82,18009.63,K 비중 맞춤(줄임 0.3%)
2025-08-06 09:30:00,WDC,매도,9,75.887,-14.77,-2.12,18692.11,로테이션 제외(모멘텀 순위 밖 또는 국면 0)
2025-08-06 15:59:59,TGT,매도,3,105.3573,12.66,4.178,19007.95,고점 $106.28 대비 -0.50% → 익절 +4.38%
2025-08-07 09:30:00,AVGO,매수,3,306.3231,,,18088.34,K 따라 매수: 주식층 비중 6.9%
2025-08-07 09:30:00,CRDO,매수,8,119.7799,,,17129.43,K 따라 매수: 주식층 비중 7.0%
2025-08-07 09:30:00,KO,매도,2,69.4253,0.1,0.072,17268.18,로테이션 제외(모멘텀 순위 밖 또는 국면 0)
2025-08-07 09:30:00,LRCX,매수,2,98.6443,,,17070.75,K 따라 매수: 주식층 비중 1.5%
2025-08-07 09:30:00,MNST,매도,7,29.965,1.19,0.573,17280.35,로테이션 제외(모멘텀 순위 밖 또는 국면 0)
2025-08-07 09:30:00,MRVL,매수,2,76.5382,,,17127.17,K 따라 매수: 주식층 비중 1.6%
2025-08-07 09:30:00,MU,매수,2,114.152,,,16898.71,K 따라 매수: 주식층 비중 2.4%
2025-08-07 09:30:00,NEM,매수,10,68.4942,,,16213.29,K 비중 맞춤(늘림 5.9%)
2025-08-07 09:30:00,NOW,매수,1,184.4922,,,16028.66,K 따라 매수: 주식층 비중 1.9%
2025-08-07 09:30:00,NVDA,매수,1,181.6408,,,15846.9,K 따라 매수: 주식층 비중 2.0%
2025-08-07 09:30:00,SHOP,매수,7,154.5372,,,14764.38,K 따라 매수: 주식층 비중 7.9%
2025-08-07 09:30:00,SNDK,매수,7,42.021,,,14470.03,K 따라 매수: 주식층 비중 2.2%
2025-08-07 12:29:59,CRM,매도,3,240.2298,-37.8,-4.99,15190.19,손절 -4.80%
2025-08-07 13:30:00,MDB,매수,3,218.8394,,,14533.21,저점 $216.77 대비 +0.90% 반등 (RSI 33)
2025-08-08 09:30:00,AVGO,매수,2,304.152,,,13924.48,K 비중 맞춤(늘림 11.2%)
2025-08-08 09:30:00,CRDO,매수,5,120.5703,,,13321.21,K 비중 맞춤(늘림 11.2%)
2025-08-08 09:30:00,CRWD,매수,3,107.7413,,,12997.76,K 따라 매수: 주식층 비중 2.4%
2025-08-08 09:30:00,DDOG,매수,2,136.6583,,,12724.25,K 따라 매수: 주식층 비중 2.3%
2025-08-08 09:30:00,FTNT,매수,2,76.1431,,,12571.86,K 따라 매수: 주식층 비중 1.3%
2025-08-08 09:30:00,MDB,매도,3,225.3373,18.54,2.824,13247.38,고점 $228.00 대비 -1.00% → 익절 +3.02%
2025-08-08 09:30:00,MU,매수,1,112.2061,,,13135.09,K 비중 맞춤(늘림 2.4%)
2025-08-08 09:30:00,NEM,매도,11,69.965,17.88,2.382,13904.14,K 비중 맞춤(줄임 0.1%)
2025-08-08 09:30:00,NET,매수,7,210.6953,,,12428.24,K 따라 매수: 주식층 비중 11.8%
2025-08-08 09:30:00,ORCL,매수,1,250.155,,,12177.91,K 따라 매수: 주식층 비중 2.0%
2025-08-08 09:30:00,SHIP,매수,1,7.5438,,,12170.37,K 비중 맞춤(늘림 0.1%)
2025-08-08 09:30:00,SHOP,매수,4,150.7954,,,11566.76,K 비중 맞춤(늘림 12.0%)
2025-08-08 09:30:00,STX,매수,2,149.6048,,,11267.34,K 따라 매수: 주식층 비중 2.3%
2025-08-08 09:30:00,WDC,매수,4,74.9675,,,10967.26,K 따라 매수: 주식층 비중 2.4%
2025-08-08 11:30:00,EOG,매수,7,115.8479,,,10155.76,저점 $114.97 대비 +0.71% 반등 (RSI 41)
2025-08-08 13:30:00,LLY,매수,1,636.0027,,,9519.31,저점 $632.02 대비 +0.58% 반등 (RSI 18)
2025-08-11 09:30:00,DDOG,매도,2,129.1354,-15.43,-5.644,9777.39,로테이션 제외(모멘텀 순위 밖 또는 국면 0)
2025-08-11 09:30:00,NET,매수,1,202.2111,,,9575.04,K 비중 맞춤(늘림 11.6%)
2025-08-11 09:30:00,PANW,매수,1,167.2836,,,9407.64,K 따라 매수: 주식층 비중 2.1%
2025-08-12 09:30:00,KO,매수,1,70.8504,,,9336.74,K 따라 매수: 주식층 비중 0.7%
2025-08-12 09:30:00,MNST,매수,1,31.8459,,,9304.87,K 따라 매수: 주식층 비중 0.3%
2025-08-12 09:30:00,PANW,매도,1,171.3843,3.86,2.307,9476.13,로테이션 제외(모멘텀 순위 밖 또는 국면 0)
2025-08-12 12:29:59,EOG,매도,7,118.4308,16.91,2.085,10304.54,고점 $119.63 대비 -0.50% → 익절 +2.28%
2025-08-13 09:30:00,AVGO,매도,5,316.1019,51.01,3.34,11883.9,로테이션 제외(모멘텀 순위 밖 또는 국면 0)
2025-08-13 09:30:00,CRDO,매도,13,127.6861,96.52,6.183,13542.61,로테이션 제외(모멘텀 순위 밖 또는 국면 0)
2025-08-13 09:30:00,LRCX,매도,2,106.833,16.08,8.152,13756.12,로테이션 제외(모멘텀 순위 밖 또는 국면 0)
2025-08-13 09:30:00,MRVL,매도,2,78.4108,3.52,2.302,13912.82,로테이션 제외(모멘텀 순위 밖 또는 국면 0)
2025-08-13 09:30:00,MU,매도,3,127.4313,41.27,12.119,14294.84,로테이션 제외(모멘텀 순위 밖 또는 국면 0)
2025-08-13 09:30:00,NEM,매수,13,69.6848,,,13388.3,K 비중 맞춤(늘림 7.0%)
2025-08-13 09:30:00,NET,매도,1,203.898,-6.03,-2.878,13592.05,K 비중 맞춤(줄임 8.7%)
2025-08-13 09:30:00,NVDA,매도,1,182.2638,0.36,0.2,13774.18,로테이션 제외(모멘텀 순위 밖 또는 국면 0)
2025-08-13 09:30:00,SHOP,매도,2,150.0349,-6.72,-2.192,14074.03,K 비중 맞춤(줄임 9.0%)
2025-08-13 09:30:00,SNDK,매도,7,47.3013,36.51,12.414,14404.9,로테이션 제외(모멘텀 순위 밖 또는 국면 0)
2025-08-13 09:30:00,STX,매수,6,156.2281,,,13466.87,K 비중 맞춤(늘림 9.2%)
2025-08-14 15:59:59,LLY,매도,1,684.1178,47.17,7.417,14150.49,보유기한 청산 +7.62%
2025-08-15 10:30:00,TGT,매수,8,102.9464,,,13326.34,저점 $102.30 대비 +0.58% 반등 (RSI 40)
2025-08-18 09:30:00,AVGO,매수,4,302.4311,,,12115.77,K 따라 매수: 주식층 비중 10.1%
2025-08-18 09:30:00,CRDO,매수,12,116.3582,,,10718.5,K 따라 매수: 주식층 비중 10.1%
2025-08-18 09:30:00,CRWD,매도,3,106.4468,-4.34,-1.344,11037.6,로테이션 제외(모멘텀 순위 밖 또는 국면 0)
2025-08-18 09:30:00,FTNT,매도,2,79.97,7.43,4.879,11197.43,로테이션 제외(모멘텀 순위 밖 또는 국면 0)
2025-08-18 09:30:00,KO,매수,1,70.015,,,11127.36,K 비중 맞춤(늘림 1.0%)
2025-08-18 09:30:00,LRCX,매수,2,99.1596,,,10928.91,K 따라 매수: 주식층 비중 1.6%
2025-08-18 09:30:00,MU,매수,2,121.4107,,,10685.91,K 따라 매수: 주식층 비중 2.4%
2025-08-18 09:30:00,NEM,매수,4,69.4947,,,10407.74,K 비중 맞춤(늘림 9.1%)
2025-08-18 09:30:00,NVDA,매수,1,180.7403,,,10226.87,K 따라 매수: 주식층 비중 2.1%
2025-08-18 09:30:00,SHOP,매도,6,141.3393,-72.29,-7.865,11074.29,K 비중 맞춤(줄임 2.1%)
2025-08-18 09:30:00,SNDK,매수,7,44.2721,,,10764.17,K 따라 매수: 주식층 비중 2.2%
2025-08-18 09:30:00,STX,매도,5,154.8725,0.4,0.051,11537.97,K 비중 맞춤(줄임 2.4%)
2025-08-18 10:30:00,MRVL,매수,10,76.3482,,,10773.95,저점 $75.75 대비 +0.74% 반등 (RSI 39)
2025-08-18 11:30:00,EOG,매수,6,118.004,,,10065.43,저점 $117.28 대비 +0.57% 반등 (RSI 44)
2025-08-18 11:30:00,UNP,매수,3,220.8987,,,9402.27,저점 $219.08 대비 +0.78% 반등 (RSI 48)
2025-08-19 11:29:59,TGT,매도,8,105.6372,20.33,2.469,10246.75,고점 $106.39 대비 -0.50% → 익절 +2.67%
2025-08-19 11:30:00,DAVE,매수,4,187.6438,,,9495.65,저점 $186.38 대비 +0.63% 반등 (RSI 35)
2025-08-19 15:29:59,DAVE,매도,4,190.2848,9.48,1.263,10256.23,고점 $193.45 대비 -1.00% → 익절 +1.46%
2025-08-19 15:29:59,MRVL,매도,10,72.4088,-40.46,-5.299,10979.79,손절 -5.11%
2025-08-20 09:30:00,AVGO,매수,1,291.5832,,,10688.01,K 비중 맞춤(늘림 10.9%)
2025-08-20 09:30:00,CRDO,매수,4,104.5523,,,10269.5,K 비중 맞춤(늘림 12.0%)
2025-08-20 09:30:00,CRWD,매수,3,104.4084,,,9956.06,K 따라 매수: 주식층 비중 2.4%
2025-08-20 09:30:00,FTNT,매수,2,78.139,,,9799.67,K 따라 매수: 주식층 비중 1.3%
2025-08-20 09:30:00,NEM,매수,2,67.954,,,9663.67,K 비중 맞춤(늘림 9.9%)
2025-08-20 09:30:00,NET,매수,1,195.0975,,,9468.44,K 비중 맞춤(늘림 11.5%)
2025-08-20 09:30:00,NOW,매도,1,176.7636,-7.99,-4.329,9645.07,로테이션 제외(모멘텀 순위 밖 또는 국면 0)
2025-08-20 09:30:00,SHIP,매수,1,7.4037,,,9637.66,K 비중 맞춤(늘림 0.2%)
2025-08-20 10:30:00,RL,매수,1,285.9229,,,9351.54,저점 $284.10 대비 +0.59% 반등 (RSI 38)
2025-08-20 12:30:00,TGT,매수,2,97.8489,,,9155.7,저점 $97.23 대비 +0.59% 반등 (RSI 28)
2025-08-21 09:30:00,NET,매수,1,191.0955,,,8964.47,K 비중 맞춤(늘림 12.1%)
2025-08-21 09:30:00,STX,매도,1,158.1609,3.36,2.177,9122.52,K 비중 맞춤(줄임 2.2%)
2025-08-22 11:29:59,UNP,매도,3,227.5462,18.98,2.864,9804.66,고점 $230.23 대비 -0.50% → 익절 +3.06%
2025-08-22 12:29:59,TGT,매도,2,99.1904,2.4,1.227,10002.9,고점 $101.04 대비 -1.00% → 익절 +1.42%
2025-08-22 15:59:59,EOG,매도,6,120.9595,16.71,2.36,10728.12,보유기한 청산 +2.56%
2025-08-25 10:30:00,INCY,매수,9,85.6078,,,9957.11,저점 $85.00 대비 +0.66% 반등 (RSI 46)
2025-08-26 09:30:00,CRDO,매도,3,115.2224,4.96,1.457,10302.53,K 비중 맞춤(줄임 9.6%)
2025-08-26 09:30:00,INTC,매수,8,24.5673,,,10105.85,K 따라 매수: 주식층 비중 1.4%
2025-08-26 09:30:00,LRCX,매수,10,101.3507,,,9091.64,K 비중 맞춤(늘림 8.9%)
2025-08-26 09:30:00,NEM,매도,4,70.8745,5.49,1.978,9374.93,K 비중 맞춤(줄임 7.5%)
2025-08-26 09:30:00,NET,매도,9,196.3018,-89.51,-4.829,11140.35,로테이션 제외(모멘텀 순위 밖 또는 국면 0)
2025-08-26 09:30:00,ORCL,매도,1,234.8825,-15.62,-6.244,11375.07,로테이션 제외(모멘텀 순위 밖 또는 국면 0)
2025-08-26 09:30:00,STX,매도,2,163.6381,17.68,5.718,11702.1,로테이션 제외(모멘텀 순위 밖 또는 국면 0)
2025-08-26 09:30:00,WDC,매도,4,79.0604,15.93,5.313,12018.11,로테이션 제외(모멘텀 순위 밖 또는 국면 0)
2025-08-26 15:59:59,RL,매도,1,293.0234,6.69,2.339,12310.92,보유기한 청산 +2.53%
2025-08-27 09:30:00,AVGO,매도,5,297.5012,-15.94,-1.062,13797.34,로테이션 제외(모멘텀 순위 밖 또는 국면 0)
2025-08-27 09:30:00,CRDO,매도,13,120.7774,93.64,6.352,15366.3,로테이션 제외(모멘텀 순위 밖 또는 국면 0)
2025-08-27 09:30:00,CRWD,매도,3,105.3473,2.37,0.756,15682.11,로테이션 제외(모멘텀 순위 밖 또는 국면 0)
2025-08-27 09:30:00,FTNT,매도,2,77.996,-0.51,-0.326,15837.99,로테이션 제외(모멘텀 순위 밖 또는 국면 0)
2025-08-27 09:30:00,INTC,매도,8,24.1779,-3.39,-1.727,16031.27,로테이션 제외(모멘텀 순위 밖 또는 국면 0)
2025-08-27 09:30:00,LRCX,매도,12,103.1234,23.9,1.973,17267.85,로테이션 제외(모멘텀 순위 밖 또는 국면 0)
2025-08-27 09:30:00,MU,매도,2,116.7616,-9.64,-3.969,17501.2,로테이션 제외(모멘텀 순위 밖 또는 국면 0)
2025-08-27 09:30:00,NEM,매도,9,71.874,21.34,3.417,18147.6,K 비중 맞춤(줄임 3.5%)
2025-08-27 09:30:00,NVDA,매도,1,181.979,0.98,0.542,18329.44,로테이션 제외(모멘텀 순위 밖 또는 국면 0)
2025-08-27 09:30:00,RL,매수,1,296.7183,,,18032.52,K 따라 매수: 주식층 비중 3.5%
2025-08-27 09:30:00,SHOP,매수,2,142.166,,,17747.99,K 비중 맞춤(늘림 5.6%)
2025-08-27 09:30:00,SNDK,매도,7,47.3763,21.27,6.863,18079.38,로테이션 제외(모멘텀 순위 밖 또는 국면 0)
2025-08-28 09:30:00,NEM,매수,4,72.4762,,,17789.27,K 비중 맞춤(늘림 5.9%)
2025-08-28 09:30:00,NET,매수,5,205.9029,,,16759.04,K 따라 매수: 주식층 비중 8.1%
2025-08-28 09:30:00,ORCL,매수,1,235.6578,,,16523.21,K 따라 매수: 주식층 비중 1.9%
2025-08-28 09:30:00,SHIP,매도,1,7.946,0.52,7.032,16531.15,K 비중 맞춤(줄임 0.1%)
2025-08-28 09:30:00,SHOP,매도,2,140.7496,-16.46,-5.532,16812.45,K 비중 맞춤(줄임 2.3%)
2025-08-28 09:30:00,STX,매수,6,167.1936,,,15808.58,K 따라 매수: 주식층 비중 7.9%
2025-08-28 09:30:00,WDC,매수,14,80.9405,,,14674.62,K 따라 매수: 주식층 비중 7.9%
2025-08-28 11:30:00,NVDA,매수,4,179.2446,,,13957.14,저점 $177.67 대비 +0.83% 반등 (RSI 45)
2025-08-29 09:30:00,CRWD,매수,3,111.2719,,,13623.1,K 따라 매수: 주식층 비중 2.3%
2025-08-29 09:30:00,FTNT,매수,2,79.2096,,,13464.57,K 따라 매수: 주식층 비중 1.3%
2025-08-29 09:30:00,NEM,매수,1,72.8864,,,13391.63,K 비중 맞춤(늘림 6.4%)
2025-08-29 09:30:00,STX,매수,1,172.086,,,13219.42,K 비중 맞춤(늘림 8.3%)
2025-08-29 15:59:59,INCY,매도,9,84.5777,-10.37,-1.345,13980.07,보유기한 청산 -1.15%
2025-09-02 09:30:00,AMD,매수,1,157.5787,,,13822.38,K 따라 매수: 주식층 비중 2.1%
2025-09-02 09:30:00,AVGO,매수,5,287.6988,,,12382.88,K 따라 매수: 주식층 비중 11.0%
2025-09-02 09:30:00,CRDO,매수,14,117.999,,,10729.73,K 따라 매수: 주식층 비중 12.1%
2025-09-02 09:30:00,INTC,매수,8,23.9219,,,10538.22,K 따라 매수: 주식층 비중 1.3%
2025-09-02 09:30:00,LRCX,매수,2,95.0675,,,10347.96,K 따라 매수: 주식층 비중 1.5%
2025-09-02 09:30:00,MU,매수,2,115.9078,,,10115.98,K 따라 매수: 주식층 비중 1.7%
2025-09-02 09:30:00,NEM,매수,7,75.0075,,,9590.56,K 비중 맞춤(늘림 10.0%)
2025-09-02 09:30:00,NET,매수,3,202.7513,,,8981.88,K 비중 맞춤(늘림 12.2%)
2025-09-02 09:30:00,NVDA,매도,4,168.9155,-42.31,-5.901,9657.05,손절 -5.72%
2025-09-02 09:30:00,SNDK,매수,5,51.0355,,,9401.69,K 따라 매수: 주식층 비중 1.9%
2025-09-02 09:30:00,STX,매도,5,164.3478,-18.91,-2.253,10222.83,K 비중 맞춤(줄임 2.0%)
2025-09-02 09:30:00,WDC,매도,10,78.4757,-25.79,-3.186,11007.01,K 비중 맞춤(줄임 2.1%)
2025-09-03 09:30:00,AMD,매도,1,161.6991,3.89,2.47,11168.6,로테이션 제외(모멘텀 순위 밖 또는 국면 0)
2025-09-03 09:30:00,AVGO,매도,5,302.1389,70.09,4.873,12678.19,로테이션 제외(모멘텀 순위 밖 또는 국면 0)
2025-09-03 09:30:00,CRDO,매도,14,124.9375,94.71,5.733,14426.04,로테이션 제외(모멘텀 순위 밖 또는 국면 0)
2025-09-03 09:30:00,FTNT,매도,2,76.6916,-5.26,-3.32,14579.31,로테이션 제외(모멘텀 순위 밖 또는 국면 0)
2025-09-03 09:30:00,INTC,매도,8,24.068,0.89,0.467,14771.71,로테이션 제외(모멘텀 순위 밖 또는 국면 0)
2025-09-03 09:30:00,LRCX,매도,2,96.9615,3.51,1.848,14965.49,로테이션 제외(모멘텀 순위 밖 또는 국면 0)
2025-09-03 09:30:00,MU,매도,2,119.2154,6.28,2.709,15203.75,로테이션 제외(모멘텀 순위 밖 또는 국면 0)
2025-09-03 09:30:00,NEM,매도,9,76.2619,34.72,5.336,15889.6,K 비중 맞춤(줄임 5.2%)
2025-09-03 09:30:00,NET,매도,2,208.6756,7.32,1.787,16306.65,K 비중 맞춤(줄임 7.4%)
2025-09-03 09:30:00,SHOP,매도,3,139.7971,-27.54,-6.171,16725.74,로테이션 제외(모멘텀 순위 밖 또는 국면 0)
2025-09-03 09:30:00,SNDK,매도,5,51.7391,3.15,1.235,16984.24,로테이션 제외(모멘텀 순위 밖 또는 국면 0)
2025-09-03 09:30:00,STX,매수,4,171.8109,,,16296.52,K 비중 맞춤(늘림 7.1%)
2025-09-03 09:30:00,WDC,매수,8,84.142,,,15622.91,K 비중 맞춤(늘림 7.2%)
2025-09-03 10:30:00,PANW,매수,4,190.2601,,,14861.34,저점 $188.90 대비 +0.67% 반등 (RSI 56)
2025-09-03 11:30:00,RTX,매수,5,157.8489,,,14071.54,저점 $156.63 대비 +0.73% 반등 (RSI 44)
2025-09-04 10:30:00,ISRG,매수,1,444.6922,,,13626.54,저점 $440.56 대비 +0.89% 반등 (RSI 30)
2025-09-05 09:30:00,NEM,매수,2,76.1581,,,13474.11,K 비중 맞춤(늘림 6.5%)
2025-09-05 09:30:00,SHOP,매수,2,146.6633,,,13180.58,K 따라 매수: 주식층 비중 2.3%
2025-09-05 09:30:00,WDC,매수,1,92.5362,,,13087.98,K 비중 맞춤(늘림 8.5%)
2025-09-05 11:30:00,LLY,매수,1,729.5046,,,12357.97,저점 $724.50 대비 +0.64% 반등 (RSI 42)
2025-09-08 09:30:00,AMD,매수,2,151.8759,,,12054.0,K 따라 매수: 주식층 비중 2.1%
2025-09-08 09:30:00,AVGO,매수,4,343.1415,,,10680.47,K 따라 매수: 주식층 비중 11.0%
2025-09-08 09:30:00,CRDO,매수,7,144.3091,,,9669.6,K 따라 매수: 주식층 비중 12.1%
2025-09-08 09:30:00,INTC,매수,4,24.4922,,,9571.57,K 따라 매수: 주식층 비중 1.4%
2025-09-08 09:30:00,NEM,매도,11,76.6517,39.64,4.94,10414.12,K 비중 맞춤(줄임 0.1%)
2025-09-08 09:30:00,NET,매수,2,216.8083,,,9980.2,K 비중 맞춤(늘림 12.2%)
2025-09-08 09:30:00,NVDA,매수,1,167.6438,,,9812.44,K 따라 매수: 주식층 비중 2.0%
2025-09-08 09:30:00,SNDK,매수,3,68.6843,,,9606.24,K 따라 매수: 주식층 비중 1.9%
2025-09-08 09:30:00,STX,매도,4,189.885,76.49,11.215,10365.23,K 비중 맞춤(줄임 2.0%)
2025-09-08 09:30:00,WDC,매도,9,92.6636,78.61,10.423,11198.59,K 비중 맞춤(줄임 2.1%)
2025-09-08 09:31:30,CRDO,매수,5,144.0392,,,10477.89,K 비중 맞춤(늘림 12.1%)
2025-09-08 09:31:40,SNDK,매수,1,68.5547,,,10409.29,K 비중 맞춤(늘림 1.9%)
2025-09-08 09:32:18,DAVE,매수,4,197.7284,,,9617.82,K 따라 매수: 주식층 비중 9.9%
2025-09-08 09:32:51,INTC,매수,4,24.5356,,,9519.61,K 비중 맞춤(늘림 1.4%)
2025-09-08 09:34:36,DAVE,매수,3,197.36,,,8927.11,K 비중 맞춤(늘림 9.9%)
2025-09-09 09:30:00,CRDO,매도,2,149.3753,9.94,3.446,9225.65,K 비중 맞춤(줄임 9.2%)
2025-09-09 09:30:00,DAVE,매도,1,194.003,-3.85,-1.947,9419.51,K 비중 맞춤(줄임 7.0%)
2025-09-09 09:30:00,NET,매도,8,218.1459,80.79,4.861,11163.4,로테이션 제외(모멘텀 순위 밖 또는 국면 0)
2025-09-09 09:30:00,ORCL,매도,1,238.5607,2.56,1.088,11401.79,로테이션 제외(모멘텀 순위 밖 또는 국면 0)
2025-09-09 09:30:00,SNDK,매수,14,70.2951,,,10416.97,K 비중 맞춤(늘림 8.9%)
2025-09-09 09:30:00,STX,매도,2,188.9255,36.33,10.653,10794.54,로테이션 제외(모멘텀 순위 밖 또는 국면 0)
2025-09-09 09:30:00,WDC,매도,4,92.9035,35.9,10.709,11165.88,로테이션 제외(모멘텀 순위 밖 또는 국면 0)
2025-09-09 09:34:00,MU,매수,1,132.2403,,,11033.55,K 따라 매수: 주식층 비중 1.7%
2025-09-09 09:34:36,LRCX,매수,2,104.9525,,,10823.5,K 따라 매수: 주식층 비중 1.5%
2025-09-09 11:29:59,RTX,매도,5,151.0594,-35.05,-4.441,11578.25,손절 -4.25%
2025-09-09 15:29:59,ISRG,매도,1,464.9774,19.63,4.415,12042.88,고점 $470.20 대비 -1.00% → 익절 +4.61%
2025-09-09 15:59:59,PANW,매도,4,197.4712,27.74,3.644,12832.19,보유기한 청산 +3.84%
2025-09-10 11:30:00,INCY,매수,10,85.3727,,,11977.87,저점 $84.75 대비 +0.69% 반등 (RSI 44)
2025-09-11 09:30:00,DDOG,매수,1,139.5697,,,11838.2,K 따라 매수: 주식층 비중 1.3%
2025-09-11 09:30:00,NET,매수,1,225.0124,,,11613.03,K 따라 매수: 주식층 비중 2.4%
2025-09-11 09:30:00,SNDK,매수,4,81.8709,,,11285.32,K 비중 맞춤(늘림 11.8%)
2025-09-11 09:30:00,STX,매수,1,193.3967,,,11091.79,K 따라 매수: 주식층 비중 2.1%
2025-09-11 09:30:00,WDC,매수,3,96.9184,,,10800.83,K 따라 매수: 주식층 비중 2.2%
2025-09-11 15:59:59,LLY,매도,1,755.682,25.12,3.443,11555.96,보유기한 청산 +3.64%
2025-09-12 09:30:00,AVGO,매도,3,362.5686,56.77,5.514,12642.87,K 비중 맞춤(줄임 1.1%)
2025-09-12 09:30:00,CRDO,매수,1,160.11,,,12482.65,K 비중 맞춤(늘림 12.2%)
2025-09-12 09:30:00,INTC,매수,1,24.4522,,,12458.18,K 비중 맞춤(늘림 1.4%)
2025-09-12 09:30:00,STX,매수,8,196.7983,,,10882.69,K 비중 맞춤(늘림 12.0%)
2025-09-15 09:30:00,AVGO,매수,3,360.0499,,,9801.78,K 비중 맞춤(늘림 11.0%)
2025-09-15 09:30:00,CRWD,매도,1,110.1224,-1.31,-1.175,9911.82,K 비중 맞춤(줄임 1.4%)
2025-09-15 09:30:00,STX,매도,7,199.9,22.37,1.627,11310.1,K 비중 맞춤(줄임 2.2%)
2025-09-15 13:30:00,CROX,매수,11,77.0585,,,10461.87,저점 $76.58 대비 +0.57% 반등 (RSI 26)
2025-09-16 09:30:00,AVGO,매도,3,365.2423,26.71,2.502,11556.79,K 비중 맞춤(줄임 1.1%)
2025-09-16 09:30:00,DAVE,매수,1,219.1095,,,11337.53,K 비중 맞춤(늘림 9.9%)
2025-09-16 09:30:00,STX,매수,6,211.4057,,,10068.21,K 비중 맞춤(늘림 12.1%)
2025-09-16 15:59:59,INCY,매도,10,83.8581,-16.36,-1.916,10906.18,보유기한 청산 -1.72%
2025-09-17 10:30:00,PEP,매수,6,141.4657,,,10056.79,저점 $140.30 대비 +0.78% 반등 (RSI 46)
2025-09-17 15:29:59,CROX,매도,11,80.7296,39.14,4.618,10944.17,고점 $81.67 대비 -0.50% → 익절 +4.82%
2025-09-18 09:30:00,INTC,매도,1,31.7641,7.22,29.447,10975.91,K 비중 맞춤(줄임 1.5%)
2025-09-18 09:30:00,SNDK,매도,2,97.2514,50.06,34.714,11170.27,K 비중 맞춤(줄임 11.9%)
2025-09-18 12:30:00,SLB,매수,24,34.8024,,,10334.43,저점 $34.49 대비 +0.87% 반등 (RSI 41)
2025-09-19 09:30:00,CRDO,매도,1,172.7536,26.88,18.458,10507.05,K 비중 맞춤(줄임 10.8%)
2025-09-19 09:30:00,INTC,매수,1,30.4452,,,10476.59,K 비중 맞춤(늘림 1.7%)
2025-09-19 09:30:00,MU,매수,1,162.8314,,,10313.64,K 비중 맞춤(늘림 2.1%)
2025-09-19 09:30:00,NVDA,매수,1,176.1881,,,10137.33,K 비중 맞춤(늘림 2.4%)
2025-09-22 09:30:00,SNDK,매도,2,105.5672,66.68,46.239,10348.31,K 비중 맞춤(줄임 11.7%)
2025-09-23 09:30:00,AMD,매도,2,160.4497,16.7,5.498,10668.97,로테이션 제외(모멘텀 순위 밖 또는 국면 0)
2025-09-23 09:30:00,AVGO,매도,1,340.0699,-16.25,-4.567,11008.8,로테이션 제외(모멘텀 순위 밖 또는 국면 0)
2025-09-23 09:30:00,CRDO,매도,10,163.3383,174.74,11.998,12640.99,로테이션 제외(모멘텀 순위 밖 또는 국면 0)
2025-09-23 09:30:00,DAVE,매도,2,240.9894,80.05,19.948,13122.61,K 비중 맞춤(줄임 6.1%)
2025-09-23 09:30:00,INTC,매도,9,28.9755,33.93,14.98,13383.2,로테이션 제외(모멘텀 순위 밖 또는 국면 0)
2025-09-23 09:30:00,LRCX,매도,2,129.7151,49.19,23.434,13642.44,로테이션 제외(모멘텀 순위 밖 또는 국면 0)
2025-09-23 09:30:00,MU,매도,2,165.7121,35.9,12.168,13973.63,로테이션 제외(모멘텀 순위 밖 또는 국면 0)
2025-09-23 09:30:00,NEM,매수,10,84.3321,,,13129.71,K 비중 맞춤(늘림 6.2%)
2025-09-23 09:30:00,NVDA,매도,2,181.849,19.36,5.631,13493.15,로테이션 제외(모멘텀 순위 밖 또는 국면 0)
2025-09-23 09:30:00,SNDK,매도,18,104.9475,588.95,45.38,15380.82,로테이션 제외(모멘텀 순위 밖 또는 국면 0)
2025-09-23 09:30:00,STX,매도,2,229.2553,42.57,10.249,15839.0,K 비중 맞춤(줄임 8.5%)
2025-09-23 09:30:00,WDC,매수,9,112.5362,,,14825.46,K 비중 맞춤(늘림 8.5%)
2025-09-23 10:30:00,TGT,매수,10,87.4937,,,13949.91,저점 $86.89 대비 +0.64% 반등 (RSI 44)
2025-09-23 15:59:59,PEP,매도,6,141.849,1.08,0.128,14800.39,보유기한 청산 +0.32%
2025-09-24 15:59:59,SLB,매도,24,34.5927,-6.22,-0.745,15630.01,보유기한 청산 -0.55%
2025-09-25 09:30:00,AMD,매수,2,157.1886,,,15315.41,K 따라 매수: 주식층 비중 2.4%
2025-09-25 09:30:00,CRDO,매수,2,139.5147,,,15036.18,K 따라 매수: 주식층 비중 2.3%
2025-09-25 09:30:00,DAVE,매수,2,220.11,,,14595.66,K 비중 맞춤(늘림 9.9%)
2025-09-25 09:30:00,INTC,매수,8,31.6258,,,14342.47,K 따라 매수: 주식층 비중 1.6%
2025-09-25 09:30:00,LRCX,매수,2,126.3194,,,14089.66,K 따라 매수: 주식층 비중 1.8%
2025-09-25 09:30:00,MU,매수,2,157.4687,,,13774.5,K 따라 매수: 주식층 비중 2.0%
2025-09-25 09:30:00,NEM,매도,10,83.4483,0.32,0.039,14608.37,K 비중 맞춤(줄임 0.2%)
2025-09-25 09:30:00,NVDA,매수,2,174.5672,,,14258.99,K 따라 매수: 주식층 비중 2.4%
2025-09-25 09:30:00,SNDK,매수,20,95.958,,,12338.49,K 따라 매수: 주식층 비중 12.2%
2025-09-25 09:30:00,STX,매수,2,221.1005,,,11895.98,K 비중 맞춤(늘림 12.3%)
2025-09-25 09:30:00,WDC,매수,6,106.8034,,,11254.71,K 비중 맞춤(늘림 12.3%)
2025-09-25 10:30:00,ORCL,매수,3,296.9302,,,10363.3,저점 $295.27 대비 +0.51% 반등 (RSI 35)
2025-09-26 09:30:00,CRDO,매수,5,146.5933,,,9629.82,K 비중 맞춤(늘림 7.0%)
2025-09-26 09:30:00,DAVE,매도,7,223.4582,118.6,8.216,11192.88,로테이션 제외(모멘텀 순위 밖 또는 국면 0)
2025-09-26 09:30:00,GOOGL,매도,1,246.8465,55.29,28.912,11439.55,로테이션 제외(모멘텀 순위 밖 또는 국면 0)
2025-09-26 09:30:00,INTC,매도,3,35.0025,9.99,10.526,11544.48,K 비중 맞춤(줄임 1.0%)
2025-09-26 09:30:00,KO,매도,2,66.037,-8.99,-6.379,11676.46,로테이션 제외(모멘텀 순위 밖 또는 국면 0)
2025-09-26 09:30:00,MNST,매도,1,32.3638,0.47,1.482,11708.8,로테이션 제외(모멘텀 순위 밖 또는 국면 0)
2025-09-26 09:30:00,NEM,매도,1,83.8081,0.39,0.471,11792.54,로테이션 제외(모멘텀 순위 밖 또는 국면 0)
2025-09-26 09:30:00,RL,매도,1,309.3253,12.17,4.103,12101.64,로테이션 제외(모멘텀 순위 밖 또는 국면 0)
2025-09-26 09:30:00,SHIP,매도,2,8.8456,2.84,19.157,12119.32,로테이션 제외(모멘텀 순위 밖 또는 국면 0)
2025-09-26 09:30:00,SNDK,매도,8,95.952,-1.15,-0.149,12886.38,K 비중 맞춤(줄임 7.1%)
2025-09-26 09:30:00,STX,매도,3,220.2198,26.68,4.214,13546.56,K 비중 맞춤(줄임 6.8%)
2025-09-26 09:30:00,USB,매도,1,49.3753,3.87,8.511,13595.89,로테이션 제외(모멘텀 순위 밖 또는 국면 0)
2025-09-26 09:30:00,WDC,매도,7,107.6961,-3.36,-0.445,14349.22,K 비중 맞춤(줄임 6.9%)
2025-09-26 12:29:59,ORCL,매도,3,284.6936,-37.96,-4.261,15202.67,손절 -4.07%
2025-09-29 09:30:00,WDC,매도,1,112.014,3.83,3.55,15314.61,K 비중 맞춤(줄임 6.9%)
2025-09-29 14:30:00,SHIP,매수,109,8.4518,,,14392.71,저점 $8.40 대비 +0.51% 반등 (RSI 30)
2025-09-29 15:59:59,TGT,매도,10,88.7856,11.66,1.332,15279.92,보유기한 청산 +1.53%
2025-09-30 09:30:00,SNDK,매도,1,113.943,17.83,18.586,15393.78,K 비중 맞춤(줄임 7.2%)
2025-09-30 12:30:00,JPM,매수,2,313.7968,,,14765.75,저점 $311.25 대비 +0.77% 반등 (RSI 47)
2025-09-30 14:30:00,CDNS,매수,2,349.2895,,,14066.68,저점 $347.24 대비 +0.54% 반등 (RSI 41)
2025-09-30 14:30:00,NOW,매수,5,182.6913,,,13152.58,저점 $181.16 대비 +0.80% 반등 (RSI 36)
2025-09-30 14:30:00,USB,매수,19,47.8039,,,12243.67,저점 $47.54 대비 +0.50% 반등 (RSI 32)
2025-10-01 09:30:00,AMD,매도,1,160.8395,3.42,2.178,12404.4,K 비중 맞춤(줄임 0.8%)
2025-10-01 09:30:00,CRDO,매수,2,144.112,,,12115.97,K 비중 맞춤(늘림 8.6%)
2025-10-01 09:30:00,MRVL,매수,2,82.3424,,,11951.17,K 따라 매수: 주식층 비중 1.4%
2025-10-01 09:30:00,SNDK,매수,1,113.1165,,,11837.97,K 비중 맞춤(늘림 8.7%)
2025-10-01 09:30:00,WDC,매수,1,118.2341,,,11719.66,K 비중 맞춤(늘림 8.4%)
2025-10-03 09:30:00,CRDO,매도,6,155.8121,66.77,7.703,12653.85,K 비중 맞춤(줄임 2.0%)
2025-10-03 09:30:00,MU,매수,5,185.1825,,,11727.29,K 비중 맞춤(늘림 8.1%)
2025-10-03 11:30:00,TSLA,매수,2,431.0504,,,10864.58,저점 $428.12 대비 +0.63% 반등 (RSI 35)
2025-10-03 15:59:59,SHIP,매도,109,8.2559,-22.66,-2.46,11763.82,보유기한 청산 -2.27%
2025-10-06 15:59:59,CDNS,매도,2,353.1833,6.78,0.971,12469.67,보유기한 청산 +1.17%
2025-10-06 15:59:59,JPM,매도,2,309.0254,-10.43,-1.662,13087.27,보유기한 청산 -1.47%
2025-10-06 15:59:59,NOW,매도,5,182.5687,-1.92,-0.21,13999.44,보유기한 청산 -0.02%
2025-10-06 15:59:59,USB,매도,19,47.6961,-3.34,-0.368,14905.01,보유기한 청산 -0.18%
2025-10-07 09:30:00,TSLA,매도,2,447.6361,31.91,3.702,15799.63,고점 $453.36 대비 -1.00% → 익절 +3.90%
2025-10-07 13:30:00,DAL,매수,8,56.9084,,,15344.04,저점 $56.52 대비 +0.64% 반등 (RSI 43)
2025-10-08 09:30:00,STX,매수,1,225.1125,,,15118.77,K 비중 맞춤(늘림 8.7%)
2025-10-09 09:30:00,AMD,매도,1,236.0869,78.62,50.014,15354.68,로테이션 제외(모멘텀 순위 밖 또는 국면 0)
2025-10-09 09:30:00,CRDO,매도,3,145.4972,2.46,0.568,15790.86,로테이션 제외(모멘텀 순위 밖 또는 국면 0)
2025-10-09 09:30:00,CRWD,매도,2,127.4238,31.96,14.362,16045.52,로테이션 제외(모멘텀 순위 밖 또는 국면 0)
2025-10-09 09:30:00,DDOG,매도,1,163.0185,23.23,16.645,16208.42,로테이션 제외(모멘텀 순위 밖 또는 국면 0)
2025-10-09 09:30:00,INTC,매도,5,37.5112,29.18,18.453,16395.84,로테이션 제외(모멘텀 순위 밖 또는 국면 0)
2025-10-09 09:30:00,LRCX,매도,2,141.7916,30.56,12.096,16679.21,로테이션 제외(모멘텀 순위 밖 또는 국면 0)
2025-10-09 09:30:00,MRVL,매도,2,91.894,18.85,11.448,16862.87,로테이션 제외(모멘텀 순위 밖 또는 국면 0)
2025-10-09 09:30:00,MU,매도,7,192.8685,107.38,8.653,18211.96,로테이션 제외(모멘텀 순위 밖 또는 국면 0)
2025-10-09 09:30:00,NET,매도,1,218.6506,-6.68,-2.968,18430.45,로테이션 제외(모멘텀 순위 밖 또는 국면 0)
2025-10-09 09:30:00,NVDA,매도,2,192.1839,34.71,9.941,18814.54,로테이션 제외(모멘텀 순위 밖 또는 국면 0)
2025-10-09 09:30:00,SHOP,매도,2,166.6117,39.45,13.449,19147.52,로테이션 제외(모멘텀 순위 밖 또는 국면 0)
2025-10-09 09:30:00,SNDK,매도,12,126.9365,352.65,30.176,20669.65,로테이션 제외(모멘텀 순위 밖 또는 국면 0)
2025-10-09 09:30:00,STX,매도,6,223.7081,60.16,4.699,22010.92,로테이션 제외(모멘텀 순위 밖 또는 국면 0)
2025-10-09 09:30:00,WDC,매도,11,119.8301,117.87,9.835,23328.08,로테이션 제외(모멘텀 순위 밖 또는 국면 0)
2025-10-09 10:29:59,DAL,매도,8,59.2504,18.07,3.969,23801.74,고점 $61.90 대비 -0.50% → 익절 +4.17%
2025-10-10 10:30:00,STX,매수,2,221.9609,,,23357.51,저점 $220.40 대비 +0.66% 반등 (RSI 31)
2025-10-10 13:29:59,STX,매도,2,216.3918,-11.77,-2.65,23789.98,시장 급락 -1.7% → 청산
2025-10-13 10:30:00,ISRG,매수,1,436.0179,,,23353.65,저점 $432.50 대비 +0.76% 반등 (RSI 39)
2025-10-13 10:30:00,RL,매수,1,317.1685,,,23036.26,저점 $314.20 대비 +0.89% 반등 (RSI 48)
2025-10-13 15:59:59,ISRG,매도,1,435.5021,-1.14,-0.261,23471.45,장마감 청산 -0.07%
2025-10-13 15:59:59,RL,매도,1,316.9015,-0.72,-0.227,23788.12,장마감 청산 -0.03%
2025-10-14 09:30:00,AVGO,매수,1,350.3001,,,23437.57,K 따라 매수: 주식층 비중 2.2%
2025-10-14 09:30:00,CRDO,매수,2,143.9349,,,23149.5,K 따라 매수: 주식층 비중 2.3%
2025-10-14 09:30:00,CRWD,매수,1,125.1976,,,23024.21,K 따라 매수: 주식층 비중 1.4%
2025-10-14 09:30:00,DDOG,매수,1,160.7103,,,22863.39,K 따라 매수: 주식층 비중 1.4%
2025-10-14 09:30:00,INTC,매수,6,35.918,,,22647.73,K 따라 매수: 주식층 비중 1.5%
2025-10-14 09:30:00,KO,매수,2,66.9034,,,22513.83,K 따라 매수: 주식층 비중 1.1%
2025-10-14 09:30:00,LRCX,매수,2,134.3777,,,22244.89,K 따라 매수: 주식층 비중 2.4%
2025-10-14 09:30:00,MNST,매수,1,33.5918,,,22211.27,K 따라 매수: 주식층 비중 0.3%
2025-10-14 09:30:00,MRVL,매수,3,86.8434,,,21950.56,K 따라 매수: 주식층 비중 1.7%
2025-10-14 09:30:00,MU,매수,1,187.0535,,,21763.38,K 따라 매수: 주식층 비중 1.8%
2025-10-14 09:30:00,NEM,매수,20,87.7438,,,20007.27,K 따라 매수: 주식층 비중 10.9%
2025-10-14 09:30:00,NET,매수,1,217.4387,,,19789.68,K 따라 매수: 주식층 비중 2.0%
2025-10-14 09:30:00,NVDA,매수,2,184.8724,,,19419.68,K 따라 매수: 주식층 비중 2.2%
2025-10-14 09:30:00,ORCL,매수,1,303.7218,,,19115.74,K 따라 매수: 주식층 비중 2.3%
2025-10-14 09:30:00,SHIP,매수,2,7.994,,,19099.74,K 따라 매수: 주식층 비중 0.1%
2025-10-14 09:30:00,SHOP,매수,2,148.1891,,,18803.16,K 따라 매수: 주식층 비중 2.3%
2025-10-14 09:30:00,SNDK,매수,17,123.4017,,,16703.86,K 따라 매수: 주식층 비중 13.0%
2025-10-14 09:30:00,STX,매수,10,215.5978,,,14546.37,K 따라 매수: 주식층 비중 13.0%
2025-10-14 09:30:00,USB,매수,1,46.013,,,14500.33,K 따라 매수: 주식층 비중 0.5%
2025-10-14 09:30:00,VZ,매수,2,39.8199,,,14420.63,K 따라 매수: 주식층 비중 0.6%
2025-10-14 09:30:00,WDC,매수,18,116.8584,,,12315.71,K 따라 매수: 주식층 비중 13.0%
2025-10-14 10:30:00,UNP,매수,4,225.5927,,,11412.71,저점 $223.92 대비 +0.70% 반등 (RSI 27)
2025-10-14 12:30:00,CDNS,매수,1,328.4892,,,11083.99,저점 $325.15 대비 +0.98% 반등 (RSI 37)
2025-10-15 09:30:00,DAVE,매수,1,220.11,,,10863.72,K 따라 매수: 주식층 비중 10.7%
2025-10-15 09:30:00,NEM,매도,19,92.2139,82.48,4.948,12614.51,K 비중 맞춤(줄임 0.2%)
2025-10-15 09:30:00,SHIP,매수,1,8.034,,,12606.47,K 비중 맞춤(늘림 0.1%)
2025-10-15 09:30:00,USB,매도,1,47.3363,1.26,2.731,12653.77,로테이션 제외(모멘텀 순위 밖 또는 국면 0)
2025-10-15 09:30:00,VZ,매도,2,40.3998,1.05,1.312,12734.51,로테이션 제외(모멘텀 순위 밖 또는 국면 0)
2025-10-15 09:31:56,DAVE,매수,7,219.7129,,,11195.44,K 비중 맞춤(늘림 10.7%)
2025-10-16 09:30:00,AVGO,매도,1,356.5217,5.72,1.632,11551.71,로테이션 제외(모멘텀 순위 밖 또는 국면 0)
2025-10-16 09:30:00,CRDO,매도,2,133.933,-20.4,-7.087,11819.38,로테이션 제외(모멘텀 순위 밖 또는 국면 0)
2025-10-16 09:30:00,CRWD,매도,1,122.3713,-3.0,-2.399,11941.66,로테이션 제외(모멘텀 순위 밖 또는 국면 0)
2025-10-16 09:30:00,DAVE,매도,8,223.928,30.78,1.751,13731.77,로테이션 제외(모멘텀 순위 밖 또는 국면 0)
2025-10-16 09:30:00,DDOG,매도,1,160.5097,-0.43,-0.268,13892.17,로테이션 제외(모멘텀 순위 밖 또는 국면 0)
2025-10-16 09:30:00,INTC,매도,6,37.1264,6.94,3.219,14114.76,로테이션 제외(모멘텀 순위 밖 또는 국면 0)
2025-10-16 09:30:00,KO,매도,2,67.1414,0.28,0.212,14248.95,로테이션 제외(모멘텀 순위 밖 또는 국면 0)
2025-10-16 09:30:00,LRCX,매도,2,147.3463,25.53,9.501,14543.42,로테이션 제외(모멘텀 순위 밖 또는 국면 0)
2025-10-16 09:30:00,MNST,매도,1,34.3678,0.73,2.165,14577.77,로테이션 제외(모멘텀 순위 밖 또는 국면 0)
2025-10-16 09:30:00,MRVL,매도,3,89.6052,7.91,3.035,14846.39,로테이션 제외(모멘텀 순위 밖 또는 국면 0)
2025-10-16 09:30:00,MU,매도,1,199.8,12.47,6.666,15046.04,로테이션 제외(모멘텀 순위 밖 또는 국면 0)
2025-10-16 09:30:00,NEM,매도,1,94.9925,7.12,8.112,15140.96,로테이션 제외(모멘텀 순위 밖 또는 국면 0)
2025-10-16 09:30:00,NET,매도,1,218.6706,0.92,0.423,15359.47,로테이션 제외(모멘텀 순위 밖 또는 국면 0)
2025-10-16 09:30:00,NVDA,매도,2,182.0989,-6.07,-1.642,15723.41,로테이션 제외(모멘텀 순위 밖 또는 국면 0)
2025-10-16 09:30:00,ORCL,매도,1,305.4472,1.29,0.425,16028.63,로테이션 제외(모멘텀 순위 밖 또는 국면 0)
2025-10-16 09:30:00,SHIP,매도,3,8.086,0.2,0.838,16052.87,로테이션 제외(모멘텀 순위 밖 또는 국면 0)
2025-10-16 09:30:00,SHOP,매도,2,163.7781,30.73,10.369,16380.19,로테이션 제외(모멘텀 순위 밖 또는 국면 0)
2025-10-16 09:30:00,SNDK,매도,17,145.927,379.65,18.097,18859.14,로테이션 제외(모멘텀 순위 밖 또는 국면 0)
2025-10-16 09:30:00,STX,매도,10,223.888,79.76,3.699,21096.38,로테이션 제외(모멘텀 순위 밖 또는 국면 0)
2025-10-16 09:30:00,WDC,매도,18,123.2754,112.41,5.344,23313.72,로테이션 제외(모멘텀 순위 밖 또는 국면 0)
2025-10-17 09:30:00,AVGO,매수,1,349.8248,,,22963.65,K 따라 매수: 주식층 비중 2.2%
2025-10-17 09:30:00,CRDO,매수,2,132.5662,,,22698.33,K 따라 매수: 주식층 비중 2.3%
2025-10-17 09:30:00,CRWD,매수,1,119.6448,,,22578.6,K 따라 매수: 주식층 비중 1.4%
2025-10-17 09:30:00,DAVE,매수,8,208.104,,,20912.61,K 따라 매수: 주식층 비중 10.8%
2025-10-17 09:30:00,DDOG,매수,1,152.3762,,,20760.12,K 따라 매수: 주식층 비중 1.4%
2025-10-17 09:30:00,INTC,매수,7,36.3332,,,20505.61,K 따라 매수: 주식층 비중 1.5%
2025-10-17 09:30:00,KO,매수,3,68.034,,,20301.37,K 따라 매수: 주식층 비중 1.2%
2025-10-17 09:30:00,LRCX,매수,2,141.3456,,,20018.48,K 따라 매수: 주식층 비중 2.4%
2025-10-17 09:30:00,MNST,매수,1,35.1876,,,19983.27,K 따라 매수: 주식층 비중 0.3%
2025-10-17 09:30:00,MRVL,매수,3,86.7634,,,19722.79,K 따라 매수: 주식층 비중 1.7%
2025-10-17 09:30:00,MU,매수,1,198.144,,,19524.51,K 따라 매수: 주식층 비중 1.8%
2025-10-17 09:30:00,NET,매수,1,208.3291,,,19316.04,K 따라 매수: 주식층 비중 2.0%
2025-10-17 09:30:00,NVDA,매수,2,179.9499,,,18955.89,K 따라 매수: 주식층 비중 2.2%
2025-10-17 09:30:00,ORCL,매수,1,303.9019,,,18651.77,K 따라 매수: 주식층 비중 2.3%
2025-10-17 09:30:00,SHIP,매수,3,8.004,,,18627.74,K 따라 매수: 주식층 비중 0.1%
2025-10-17 09:30:00,SHOP,매수,2,155.9579,,,18315.61,K 따라 매수: 주식층 비중 2.3%
2025-10-17 09:30:00,SNDK,매수,16,139.2397,,,16086.21,K 따라 매수: 주식층 비중 13.0%
2025-10-17 09:30:00,STX,매수,10,221.2005,,,13872.66,K 따라 매수: 주식층 비중 13.1%
2025-10-17 09:30:00,USB,매수,1,46.3131,,,13826.31,K 따라 매수: 주식층 비중 0.5%
2025-10-17 09:30:00,WDC,매수,17,125.2326,,,11695.87,K 따라 매수: 주식층 비중 13.1%
2025-10-17 10:30:00,PANW,매수,2,205.5577,,,11284.47,저점 $204.00 대비 +0.71% 반등 (RSI 40)
2025-10-20 09:30:00,KO,매도,3,68.3908,0.78,0.381,11489.49,로테이션 제외(모멘텀 순위 밖 또는 국면 0)
2025-10-20 09:30:00,MNST,매도,1,35.2199,-0.02,-0.051,11524.68,로테이션 제외(모멘텀 순위 밖 또는 국면 0)
2025-10-20 09:30:00,SNDK,매도,1,145.907,6.46,4.642,11670.48,K 비중 맞춤(줄임 11.8%)
2025-10-20 09:30:00,STX,매도,1,229.895,8.37,3.785,11900.21,K 비중 맞춤(줄임 11.9%)
2025-10-20 15:59:59,CDNS,매도,1,329.6151,0.66,0.2,12229.59,보유기한 청산 +0.39%
2025-10-20 15:59:59,UNP,매도,4,227.1564,4.96,0.55,13137.55,보유기한 청산 +0.74%
2025-10-22 09:30:00,AVGO,매도,1,347.1863,-3.14,-0.897,13484.48,로테이션 제외(모멘텀 순위 밖 또는 국면 0)
2025-10-22 09:30:00,CRDO,매도,2,143.888,22.25,8.391,13772.05,로테이션 제외(모멘텀 순위 밖 또는 국면 0)
2025-10-22 09:30:00,DAVE,매도,3,226.6766,54.78,8.775,14451.58,K 비중 맞춤(줄임 5.8%)
2025-10-22 09:30:00,INTC,매도,7,37.8161,10.01,3.935,14716.1,로테이션 제외(모멘텀 순위 밖 또는 국면 0)
2025-10-22 09:30:00,KO,매수,1,71.3957,,,14644.65,K 따라 매수: 주식층 비중 0.8%
2025-10-22 09:30:00,LRCX,매도,2,144.8226,6.54,2.315,14934.09,로테이션 제외(모멘텀 순위 밖 또는 국면 0)
2025-10-22 09:30:00,MNST,매수,1,34.4772,,,14899.59,K 따라 매수: 주식층 비중 0.3%
2025-10-22 09:30:00,MRVL,매도,3,81.2294,-16.96,-6.517,15143.1,로테이션 제외(모멘텀 순위 밖 또는 국면 0)
2025-10-22 09:30:00,MU,매도,1,202.1489,3.72,1.877,15345.1,로테이션 제외(모멘텀 순위 밖 또는 국면 0)
2025-10-22 09:30:00,NET,매수,5,212.026,,,14284.23,K 비중 맞춤(늘림 7.6%)
2025-10-22 09:30:00,NVDA,매도,2,181.0394,1.66,0.462,14646.04,로테이션 제외(모멘텀 순위 밖 또는 국면 0)
2025-10-22 09:30:00,SHIP,매도,3,7.976,-0.12,-0.492,14669.95,로테이션 제외(모멘텀 순위 밖 또는 국면 0)
2025-10-22 09:30:00,SNDK,매도,15,149.0255,143.69,6.88,16903.7,로테이션 제외(모멘텀 순위 밖 또는 국면 0)
2025-10-22 09:30:00,STX,매도,2,213.5632,-15.9,-3.593,17330.51,K 비중 맞춤(줄임 8.1%)
2025-10-22 09:30:00,WDC,매도,5,121.1094,-21.5,-3.433,17935.62,K 비중 맞춤(줄임 8.1%)
2025-10-22 10:29:59,PANW,매도,2,212.1439,12.57,3.059,18359.6,고점 $214.88 대비 -1.00% → 익절 +3.26%
2025-10-22 10:30:00,VZ,매수,24,39.8749,,,17401.93,저점 $39.57 대비 +0.72% 반등 (RSI 35)
2025-10-23 10:30:00,UNH,매수,2,358.214,,,16685.0,저점 $355.58 대비 +0.69% 반등 (RSI 40)
2025-10-24 09:30:00,SHIP,매수,2,8.4542,,,16668.08,K 따라 매수: 주식층 비중 0.1%
2025-10-27 09:30:00,CRDO,매수,2,162.4512,,,16342.95,K 따라 매수: 주식층 비중 2.0%
2025-10-27 09:30:00,DAVE,매수,1,253.4767,,,16089.3,K 비중 맞춤(늘림 9.7%)
2025-10-27 09:30:00,INTC,매수,6,38.3342,,,15859.13,K 따라 매수: 주식층 비중 1.4%
2025-10-27 09:30:00,KO,매수,1,69.8149,,,15789.27,K 비중 맞춤(늘림 1.0%)
2025-10-27 09:30:00,LRCX,매수,2,156.1881,,,15476.67,K 따라 매수: 주식층 비중 2.2%
2025-10-27 09:30:00,MRVL,매수,4,86.123,,,15131.94,K 따라 매수: 주식층 비중 2.2%
2025-10-27 09:30:00,MU,매수,1,224.7423,,,14907.04,K 따라 매수: 주식층 비중 1.6%
2025-10-27 09:30:00,NET,매도,4,222.3288,42.43,5.018,15795.7,K 비중 맞춤(줄임 1.8%)
2025-10-27 09:30:00,NVDA,매수,1,190.075,,,15605.5,K 따라 매수: 주식층 비중 2.0%
2025-10-27 09:30:00,ROST,매수,1,159.5948,,,15445.79,K 따라 매수: 주식층 비중 1.0%
2025-10-27 09:30:00,SHIP,매수,1,8.1641,,,15437.62,K 비중 맞춤(늘림 0.2%)
2025-10-27 09:30:00,SHOP,매도,2,174.9325,37.48,12.015,15787.23,로테이션 제외(모멘텀 순위 밖 또는 국면 0)
2025-10-27 09:30:00,SNDK,매수,10,191.8904,,,13866.98,K 따라 매수: 주식층 비중 11.9%
2025-10-27 09:30:00,STX,매수,1,242.3911,,,13624.42,K 비중 맞춤(늘림 12.0%)
2025-10-27 09:30:00,WDC,매수,3,133.0665,,,13224.94,K 비중 맞춤(늘림 12.0%)
2025-10-28 09:30:00,CRDO,매수,7,156.078,,,12131.63,K 비중 맞춤(늘림 8.1%)
2025-10-28 09:30:00,DAVE,매도,1,257.4812,41.48,19.232,12388.93,K 비중 맞춤(줄임 6.1%)
2025-10-28 09:30:00,DDOG,매도,1,158.9105,6.31,4.142,12547.72,로테이션 제외(모멘텀 순위 밖 또는 국면 0)
2025-10-28 09:30:00,MU,매수,5,219.0094,,,11451.91,K 비중 맞춤(늘림 7.6%)
2025-10-28 09:30:00,NET,매도,2,226.1369,28.83,6.818,11903.85,로테이션 제외(모멘텀 순위 밖 또는 국면 0)
2025-10-28 09:30:00,ORCL,매도,1,282.8585,-21.46,-7.062,12186.5,로테이션 제외(모멘텀 순위 밖 또는 국면 0)
2025-10-28 09:30:00,SLB,매수,1,36.1981,,,12150.28,K 따라 매수: 주식층 비중 0.2%
2025-10-28 09:30:00,SNDK,매도,1,175.3523,-16.8,-8.755,12325.5,K 비중 맞춤(줄임 8.3%)
2025-10-28 09:30:00,STX,매도,8,229.0054,38.66,2.159,14156.21,로테이션 제외(모멘텀 순위 밖 또는 국면 0)
2025-10-28 09:30:00,WDC,매도,15,126.6267,-5.31,-0.279,16054.22,로테이션 제외(모멘텀 순위 밖 또는 국면 0)
2025-10-28 10:29:59,UNH,매도,2,367.0864,16.71,2.332,16787.86,고점 $380.68 대비 -0.50% → 익절 +2.53%
2025-10-28 11:30:00,EOG,매수,9,106.4832,,,15828.84,저점 $105.82 대비 +0.58% 반등 (RSI 43)
2025-10-28 11:30:00,PGR,매수,4,215.4277,,,14966.52,저점 $214.16 대비 +0.54% 반등 (RSI 28)
2025-10-28 15:59:59,VZ,매도,24,39.3003,-15.15,-1.583,15909.04,보유기한 청산 -1.39%
2025-10-29 09:30:00,CRDO,매도,9,165.867,73.27,5.169,17400.76,로테이션 제외(모멘텀 순위 밖 또는 국면 0)
2025-10-29 09:30:00,CRWD,매도,1,135.1824,15.36,12.834,17535.84,로테이션 제외(모멘텀 순위 밖 또는 국면 0)
2025-10-29 09:30:00,DAVE,매도,5,247.7061,158.54,14.702,18773.47,로테이션 제외(모멘텀 순위 밖 또는 국면 0)
2025-10-29 09:30:00,INTC,매도,6,41.5792,19.13,8.316,19022.76,로테이션 제외(모멘텀 순위 밖 또는 국면 0)
2025-10-29 09:30:00,KO,매도,2,69.885,-1.64,-1.162,19162.43,로테이션 제외(모멘텀 순위 밖 또는 국면 0)
2025-10-29 09:30:00,LRCX,매도,2,158.1709,3.52,1.126,19478.54,로테이션 제외(모멘텀 순위 밖 또는 국면 0)
2025-10-29 09:30:00,MNST,매도,1,34.4178,-0.11,-0.315,19512.93,로테이션 제외(모멘텀 순위 밖 또는 국면 0)
2025-10-29 09:30:00,MRVL,매도,4,90.3048,16.22,4.709,19873.89,로테이션 제외(모멘텀 순위 밖 또는 국면 0)
2025-10-29 09:30:00,MU,매도,6,229.82,57.2,4.334,21251.8,로테이션 제외(모멘텀 순위 밖 또는 국면 0)
2025-10-29 09:30:00,NVDA,매도,1,207.876,17.52,9.215,21459.53,로테이션 제외(모멘텀 순위 밖 또는 국면 0)
2025-10-29 09:30:00,ROST,매도,1,159.0205,-0.8,-0.503,21618.43,로테이션 제외(모멘텀 순위 밖 또는 국면 0)
2025-10-29 09:30:00,SHIP,매도,3,8.4658,0.29,1.151,21643.81,로테이션 제외(모멘텀 순위 밖 또는 국면 0)
2025-10-29 09:30:00,SLB,매도,1,35.902,-0.35,-0.96,21679.68,로테이션 제외(모멘텀 순위 밖 또는 국면 0)
2025-10-29 09:30:00,SNDK,매도,9,186.5267,-50.71,-2.936,23357.2,로테이션 제외(모멘텀 순위 밖 또는 국면 0)
2025-10-29 09:30:00,USB,매도,1,46.8865,0.51,1.094,23404.05,로테이션 제외(모멘텀 순위 밖 또는 국면 0)
2025-10-29 10:30:00,DAL,매수,8,58.3091,,,22937.25,저점 $57.90 대비 +0.66% 반등 (RSI 34)
2025-10-29 10:30:00,DHI,매수,3,152.6413,,,22479.01,저점 $151.06 대비 +1.00% 반등 (RSI 29)
2025-10-29 11:30:00,BKNG,매수,2,204.4718,,,22069.78,저점 $202.56 대비 +0.90% 반등 (RSI 40)
2025-10-29 11:30:00,ORCL,매수,1,276.168,,,21793.42,저점 $273.79 대비 +0.82% 반등 (RSI 38)
2025-10-29 15:59:59,BKNG,매도,2,203.2935,-2.94,-0.719,22199.71,장마감 청산 -0.53%
2025-10-29 15:59:59,DAL,매도,8,58.7406,2.78,0.596,22669.29,장마감 청산 +0.79%
2025-10-29 15:59:59,DHI,매도,3,148.2158,-13.92,-3.04,23113.61,장마감 청산 -2.85%
2025-10-29 15:59:59,ORCL,매도,1,275.2223,-1.34,-0.485,23388.63,장마감 청산 -0.29%
2025-10-30 10:30:00,MNST,매수,14,33.6218,,,22917.6,저점 $33.44 대비 +0.51% 반등 (RSI 34)
2025-10-30 10:30:00,PEP,매수,3,147.5799,,,22474.55,저점 $146.46 대비 +0.72% 반등 (RSI 36)
2025-10-30 10:30:00,TGT,매수,5,93.997,,,22004.23,저점 $93.31 대비 +0.69% 반등 (RSI 34)
2025-10-30 15:59:59,MNST,매도,14,33.2584,-5.76,-1.223,22469.51,장마감 청산 -1.03%
2025-10-30 15:59:59,PEP,매도,3,147.4862,-0.91,-0.206,22911.65,장마감 청산 -0.01%
2025-10-30 15:59:59,TGT,매도,5,92.8685,-6.31,-1.343,23375.65,장마감 청산 -1.15%
2025-10-31 09:30:00,PGR,매도,4,205.3073,-41.68,-4.837,24196.28,손절 -4.65%
2025-10-31 10:30:00,ORCL,매수,1,262.221,,,23933.88,저점 $259.51 대비 +0.99% 반등 (RSI 36)
2025-10-31 11:30:00,CROX,매수,6,80.7003,,,23449.34,저점 $80.15 대비 +0.64% 반등 (RSI 28)
2025-10-31 15:59:59,CROX,매도,6,81.6591,5.06,1.044,23938.93,장마감 청산 +1.24%
2025-10-31 15:59:59,ORCL,매도,1,262.4787,-0.12,-0.045,24201.22,장마감 청산 +0.15%
2025-11-03 11:30:00,NOW,매수,2,179.4117,,,23842.15,저점 $178.35 대비 +0.54% 반등 (RSI 36)
2025-11-03 11:30:00,RTX,매수,2,176.7883,,,23488.32,저점 $175.64 대비 +0.60% 반등 (RSI 45)
2025-11-03 11:30:00,USB,매수,10,46.4132,,,23023.86,저점 $46.02 대비 +0.80% 반등 (RSI 41)
2025-11-03 12:30:00,SHIP,매수,60,8.3592,,,22521.96,저점 $8.29 대비 +0.78% 반등 (RSI 44)
2025-11-03 15:59:59,NOW,매도,2,182.7066,6.07,1.692,22887.11,장마감 청산 +1.89%
2025-11-03 15:59:59,RTX,매도,2,176.9515,-0.18,-0.051,23240.75,장마감 청산 +0.14%
2025-11-03 15:59:59,SHIP,매도,60,8.3338,-2.24,-0.446,23740.42,장마감 청산 -0.25%
2025-11-03 15:59:59,USB,매도,10,46.6117,1.32,0.284,24206.2,장마감 청산 +0.48%
2025-11-03 15:59:59,EOG,매도,9,105.5872,-9.43,-0.984,25155.79,보유기한 청산 -0.79%
2025-11-04 11:30:00,RL,매수,1,312.3961,,,24843.17,저점 $309.64 대비 +0.84% 반등 (RSI 34)
2025-11-04 15:59:59,RL,매도,1,309.0654,-3.78,-1.208,25152.01,장마감 청산 -1.02%
2025-11-05 10:30:00,RTX,매수,2,176.158,,,24799.45,저점 $174.90 대비 +0.67% 반등 (RSI 44)
2025-11-05 11:30:00,DHI,매수,3,145.1625,,,24363.66,저점 $144.21 대비 +0.61% 반등 (RSI 36)
2025-11-05 15:59:59,DHI,매도,3,145.1874,-0.55,-0.126,24798.9,장마감 청산 +0.07%
2025-11-05 15:59:59,RTX,매도,2,173.903,-5.01,-1.422,25146.45,장마감 청산 -1.23%
2025-11-06 09:30:00,BTSG,매수,6,32.8764,,,24949.06,K 따라 매수: 주식층 비중 1.3%
2025-11-06 10:30:00,BKNG,매수,5,196.7723,,,23964.5,저점 $195.20 대비 +0.76% 반등 (RSI 37)
2025-11-06 10:30:00,RTX,매수,5,174.9861,,,23088.96,저점 $174.01 대비 +0.51% 반등 (RSI 40)
2025-11-06 13:30:00,CRM,매수,4,239.4697,,,22130.41,저점 $238.05 대비 +0.55% 반등 (RSI 27)
2025-11-06 13:30:00,PANW,매수,4,209.5647,,,21291.57,저점 $208.25 대비 +0.58% 반등 (RSI 30)
2025-11-07 09:30:00,BTSG,매수,1,32.6363,,,21258.91,K 비중 맞춤(늘림 1.4%)
2025-11-07 09:30:00,ROST,매수,1,160.9905,,,21097.8,K 따라 매수: 주식층 비중 1.0%
2025-11-07 12:30:00,GS,매수,1,772.1359,,,20325.13,저점 $765.86 대비 +0.77% 반등 (RSI 38)
2025-11-07 13:30:00,AMD,매수,4,229.6448,,,19405.91,저점 $227.93 대비 +0.70% 반등 (RSI 30)
2025-11-07 13:30:00,META,매수,1,613.1514,,,18792.33,저점 $608.11 대비 +0.78% 반등 (RSI 32)
2025-11-07 13:30:00,NOW,매수,5,170.8434,,,17937.51,저점 $169.42 대비 +0.79% 반등 (RSI 36)
2025-11-07 13:30:00,ORCL,매수,4,236.208,,,16992.02,저점 $234.22 대비 +0.80% 반등 (RSI 31)
2025-11-07 13:30:00,UNH,매수,3,318.7123,,,16035.21,저점 $315.77 대비 +0.88% 반등 (RSI 31)
2025-11-07 14:30:00,DHI,매수,6,144.012,,,15170.53,저점 $142.89 대비 +0.73% 반등 (RSI 41)
2025-11-10 09:30:00,BTSG,매수,6,33.4467,,,14969.71,K 비중 맞춤(늘림 2.5%)
2025-11-10 09:30:00,KO,매수,2,70.045,,,14829.53,K 따라 매수: 주식층 비중 1.1%
2025-11-10 09:30:00,MNST,매수,17,34.9325,,,14235.26,K 따라 매수: 주식층 비중 3.4%
2025-11-10 09:30:00,PEP,매수,2,142.5712,,,13949.92,K 따라 매수: 주식층 비중 1.8%
2025-11-10 09:30:00,RL,매수,1,329.5047,,,13620.18,K 따라 매수: 주식층 비중 2.1%
2025-11-10 09:30:00,ROST,매수,1,161.3907,,,13458.68,K 비중 맞춤(늘림 2.1%)
2025-11-10 11:29:59,AMD,매도,4,243.1485,52.66,5.733,14430.56,고점 $247.16 대비 -1.00% → 익절 +5.93%
2025-11-10 11:29:59,GS,매도,1,788.5155,15.26,1.977,15218.5,고점 $798.07 대비 -1.00% → 익절 +2.17%
2025-11-10 11:29:59,ORCL,매도,4,240.3878,15.36,1.625,16179.35,고점 $245.95 대비 -1.00% → 익절 +1.82%
2025-11-11 10:29:59,META,매도,1,622.0588,8.02,1.309,16800.95,고점 $633.93 대비 -1.00% → 익절 +1.50%
2025-11-12 09:30:00,AMGN,매수,1,338.8093,,,16461.91,K 따라 매수: 주식층 비중 2.4%
2025-11-12 09:30:00,ROST,매도,1,162.9485,1.53,0.947,16624.74,K 비중 맞춤(줄임 0.2%)
2025-11-12 10:29:59,PANW,매도,4,214.0729,16.82,2.007,17480.4,고점 $218.34 대비 -1.00% → 익절 +2.20%
2025-11-12 11:29:59,UNH,매도,3,337.741,55.68,5.823,18492.89,고점 $341.27 대비 -0.50% → 익절 +6.02%
2025-11-12 15:59:59,BKNG,매도,5,207.12,50.29,5.112,19527.73,보유기한 청산 +5.31%
2025-11-12 15:59:59,CRM,매도,4,245.907,24.36,2.543,20510.64,보유기한 청산 +2.74%
2025-11-12 15:59:59,RTX,매도,5,177.6012,11.81,1.35,21398.0,보유기한 청산 +1.55%
2025-11-13 09:30:00,ROST,매수,1,163.0915,,,21234.79,K 비중 맞춤(늘림 2.1%)
2025-11-13 13:29:59,DHI,매도,6,145.0376,4.91,0.569,22104.38,시장 급락 -1.5% → 청산
2025-11-13 13:29:59,NOW,매도,5,169.0233,-10.32,-1.208,22948.88,시장 급락 -1.5% → 청산
2025-11-14 09:30:00,BTSG,매수,1,31.3156,,,22917.55,K 비중 맞춤(늘림 2.6%)
2025-11-14 09:30:00,ROST,매도,1,161.0195,-1.35,-0.834,23078.45,K 비중 맞춤(줄임 0.2%)
2025-11-14 10:30:00,CRM,매수,4,240.12,,,22117.3,저점 $238.31 대비 +0.71% 반등 (RSI 36)
2025-11-14 10:30:00,CROX,매수,13,74.062,,,21153.82,저점 $73.42 대비 +0.82% 반등 (RSI 38)
2025-11-14 10:30:00,FCX,매수,25,40.0,,,20153.12,저점 $39.62 대비 +0.90% 반등 (RSI 34)
2025-11-14 10:30:00,INTC,매수,28,35.2826,,,19164.51,저점 $35.01 대비 +0.73% 반등 (RSI 25)
2025-11-14 10:30:00,TGT,매수,11,90.6253,,,18166.93,저점 $89.99 대비 +0.66% 반등 (RSI 41)
2025-11-17 11:30:00,DDOG,매수,5,182.4087,,,17254.25,저점 $181.34 대비 +0.54% 반등 (RSI 35)
2025-11-17 12:30:00,MRVL,매수,11,84.9124,,,16319.56,저점 $84.30 대비 +0.68% 반등 (RSI 36)
2025-11-17 14:29:59,CROX,매도,13,77.6512,45.25,4.7,17328.29,고점 $78.19 대비 -0.50% → 익절 +4.90%
2025-11-18 09:30:00,AMGN,매도,1,343.5581,4.26,1.258,17671.6,로테이션 제외(모멘텀 순위 밖 또는 국면 0)
2025-11-18 09:30:00,BTSG,매도,14,31.1244,-26.79,-5.8,18107.02,로테이션 제외(모멘텀 순위 밖 또는 국면 0)
2025-11-18 09:30:00,KO,매도,2,70.9545,1.62,1.154,18248.83,로테이션 제외(모멘텀 순위 밖 또는 국면 0)
2025-11-18 09:30:00,MNST,매도,17,35.972,16.81,2.831,18859.9,로테이션 제외(모멘텀 순위 밖 또는 국면 0)
2025-11-18 09:30:00,MRVL,매도,11,80.4298,-50.61,-5.418,19743.99,손절 -5.23%
2025-11-18 09:30:00,MU,매수,2,235.4377,,,19272.78,K 따라 매수: 주식층 비중 3.2%
2025-11-18 09:30:00,PEP,매도,2,148.4757,11.39,3.995,19569.52,로테이션 제외(모멘텀 순위 밖 또는 국면 0)
2025-11-18 09:30:00,RL,매도,1,321.0494,-8.92,-2.707,19890.33,로테이션 제외(모멘텀 순위 밖 또는 국면 0)
2025-11-18 09:30:00,ROST,매도,1,158.9205,-3.45,-2.128,20049.14,로테이션 제외(모멘텀 순위 밖 또는 국면 0)
2025-11-18 09:30:00,SNDK,매수,2,257.1585,,,19534.46,K 따라 매수: 주식층 비중 3.6%
2025-11-18 09:30:00,STX,매수,2,255.3276,,,19023.45,K 따라 매수: 주식층 비중 3.6%
2025-11-18 09:30:00,WDC,매수,3,158.4342,,,18547.81,K 따라 매수: 주식층 비중 3.3%
2025-11-18 10:29:59,FCX,매도,25,40.5797,13.05,1.305,19561.56,고점 $41.75 대비 -0.50% → 익절 +1.50%
2025-11-18 10:30:00,DAL,매수,18,55.7729,,,18556.95,저점 $55.42 대비 +0.59% 반등 (RSI 24)
2025-11-18 10:30:00,DHI,매수,7,137.3386,,,17594.9,저점 $136.39 대비 +0.65% 반등 (RSI 19)
2025-11-18 10:30:00,SLB,매수,28,35.6678,,,16595.51,저점 $35.43 대비 +0.62% 반등 (RSI 32)
2025-11-18 10:30:00,USB,매수,22,45.6878,,,15589.67,저점 $45.27 대비 +0.87% 반등 (RSI 28)
2025-11-18 13:30:00,BKNG,매수,5,192.4544,,,14626.72,저점 $191.00 대비 +0.71% 반등 (RSI 31)
2025-11-18 13:30:00,ISRG,매수,1,547.7236,,,14078.62,저점 $542.14 대비 +0.98% 반등 (RSI 38)
2025-11-18 13:30:00,JPM,매수,3,301.6908,,,13172.91,저점 $299.01 대비 +0.85% 반등 (RSI 39)
2025-11-18 13:30:00,NOW,매수,6,163.7308,,,12189.84,저점 $162.68 대비 +0.60% 반등 (RSI 29)
2025-11-19 09:30:00,BTSG,매수,26,31.6958,,,11365.17,K 따라 매수: 주식층 비중 5.4%
2025-11-19 09:30:00,MU,매도,2,226.7965,-17.94,-3.811,11818.43,로테이션 제외(모멘텀 순위 밖 또는 국면 0)
2025-11-19 09:30:00,NET,매수,2,197.0985,,,11423.96,K 따라 매수: 주식층 비중 2.3%
2025-11-19 09:30:00,SHIP,매수,2,9.5047,,,11404.94,K 따라 매수: 주식층 비중 0.1%
2025-11-19 09:30:00,SNDK,매도,2,250.9844,-13.07,-2.542,11906.54,로테이션 제외(모멘텀 순위 밖 또는 국면 0)
2025-11-19 09:30:00,STX,매수,3,255.4277,,,11139.72,K 비중 맞춤(늘림 7.5%)
2025-11-19 09:30:00,TGT,매도,11,86.3768,-48.12,-4.828,12089.17,손절 -4.64%
2025-11-19 09:30:00,WDC,매수,5,153.3967,,,11321.65,K 비중 맞춤(늘림 7.5%)
2025-11-19 09:32:36,BTSG,매수,3,31.6438,,,11226.65,K 비중 맞춤(늘림 5.4%)
2025-11-19 10:29:59,CRM,매도,4,229.3103,-44.58,-4.642,12143.22,손절 -4.45%
2025-11-19 10:30:00,CDNS,매수,1,309.2546,,,11833.75,K 따라 매수: 주식층 비중 2.0%
2025-11-19 10:30:00,GOOGL,매수,1,301.2506,,,11532.29,K 따라 매수: 주식층 비중 5.4%
2025-11-19 10:30:00,KO,매수,1,71.03,,,11461.21,K 따라 매수: 주식층 비중 0.6%
2025-11-19 10:30:00,MNST,매수,1,36.4082,,,11424.78,K 따라 매수: 주식층 비중 0.3%
2025-11-19 10:33:31,GOOGL,매수,2,301.3406,,,10821.68,K 비중 맞춤(늘림 5.4%)
2025-11-19 11:29:59,DAL,매도,18,56.9931,20.51,2.043,11846.8,고점 $57.79 대비 -1.00% → 익절 +2.24%
2025-11-19 11:30:00,ORCL,매수,1,224.182,,,11622.46,K 따라 매수: 주식층 비중 2.3%
2025-11-19 13:30:00,RTX,매수,1,174.5072,,,11447.83,저점 $173.45 대비 +0.56% 반등 (RSI 44)
2025-11-20 09:30:00,CDNS,매도,1,311.9889,2.29,0.741,11759.59,로테이션 제외(모멘텀 순위 밖 또는 국면 0)
2025-11-20 09:30:00,DDOG,매도,5,174.3228,-41.7,-4.573,12630.57,손절 -4.39%
2025-11-20 09:30:00,MSFT,매수,1,492.9563,,,12137.27,K 따라 매수: 주식층 비중 2.8%
2025-11-20 11:29:59,SLB,매도,28,36.1719,12.68,1.269,13149.34,고점 $36.81 대비 -0.50% → 익절 +1.46%
2025-11-20 11:29:59,USB,매도,22,47.3563,35.24,3.506,14190.42,고점 $47.69 대비 -0.50% → 익절 +3.70%
2025-11-20 11:38:00,SLB,매수,1,36.2398,,,14154.16,K 따라 매수: 주식층 비중 0.2%
2025-11-20 11:38:00,USB,매수,1,47.432,,,14106.69,K 따라 매수: 주식층 비중 0.4%
2025-11-20 12:29:59,BKNG,매도,5,183.3487,-46.87,-4.871,15022.77,손절 -4.68%
2025-11-20 12:29:59,ISRG,매도,1,560.2348,11.72,2.14,15582.59,고점 $570.96 대비 -1.00% → 익절 +2.34%
2025-11-20 13:30:00,CRWD,매수,7,127.3637,,,14690.42,저점 $126.13 대비 +0.93% 반등 (RSI 40)
2025-11-20 15:29:59,INTC,매도,28,33.8332,-41.97,-4.248,15637.06,손절 -4.06%
2025-11-20 15:59:59,CRWD,매도,7,125.2623,-15.97,-1.792,16513.26,시장 급락 -1.5% → 청산
2025-11-20 15:59:59,DHI,매도,7,137.2713,-1.85,-0.192,17473.45,시장 급락 -1.5% → 청산
2025-11-20 15:59:59,JPM,매도,3,298.2708,-11.55,-1.276,18367.61,시장 급락 -1.5% → 청산
2025-11-20 15:59:59,NOW,매도,6,160.0549,-23.44,-2.386,19327.24,시장 급락 -1.5% → 청산
2025-11-20 15:59:59,RTX,매도,1,172.6736,-2.08,-1.193,19499.79,시장 급락 -1.5% → 청산
2025-11-21 09:30:00,BTSG,매도,29,32.7036,28.05,3.052,20447.5,로테이션 제외(모멘텀 순위 밖 또는 국면 0)
2025-11-21 09:30:00,CRDO,매수,2,130.8054,,,20185.71,K 따라 매수: 주식층 비중 1.7%
2025-11-21 09:30:00,CRWD,매수,2,124.2652,,,19937.0,K 따라 매수: 주식층 비중 1.8%
2025-11-21 09:30:00,GOOGL,매도,3,296.2668,-16.41,-1.816,20825.16,로테이션 제외(모멘텀 순위 밖 또는 국면 0)
2025-11-21 09:30:00,KO,매도,1,71.6442,0.51,0.721,20896.75,로테이션 제외(모멘텀 순위 밖 또는 국면 0)
2025-11-21 09:30:00,LRCX,매수,2,139.3646,,,20617.82,K 따라 매수: 주식층 비중 2.1%
2025-11-21 09:30:00,MDB,매수,1,326.9034,,,20290.69,K 따라 매수: 주식층 비중 2.2%
2025-11-21 09:30:00,MNST,매도,1,36.1719,-0.29,-0.792,20326.84,로테이션 제외(모멘텀 순위 밖 또는 국면 0)
2025-11-21 09:30:00,MU,매수,9,204.6173,,,18483.99,K 따라 매수: 주식층 비중 11.3%
2025-11-21 09:30:00,ORCL,매수,1,207.1835,,,18276.66,K 비중 맞춤(늘림 2.4%)
2025-11-21 09:30:00,SHIP,매도,2,9.2954,-0.45,-2.344,18295.24,로테이션 제외(모멘텀 순위 밖 또는 국면 0)
2025-11-21 09:30:00,SLB,매도,1,35.1524,-1.14,-3.141,18330.37,로테이션 제외(모멘텀 순위 밖 또는 국면 0)
2025-11-21 09:30:00,SNDK,매수,9,205.4727,,,16479.82,K 따라 매수: 주식층 비중 11.3%
2025-11-21 09:30:00,STX,매수,3,243.0715,,,15750.09,K 비중 맞춤(늘림 11.3%)
2025-11-21 09:30:00,USB,매도,1,46.8066,-0.69,-1.461,15796.87,로테이션 제외(모멘텀 순위 밖 또는 국면 0)
2025-11-21 09:30:00,WDC,매수,6,139.9299,,,14956.7,K 비중 맞춤(늘림 11.3%)
2025-11-21 10:30:00,AMGN,매수,1,338.6192,,,14617.84,저점 $335.75 대비 +0.80% 반등 (RSI 46)
2025-11-21 11:30:00,JPM,매수,1,296.8283,,,14320.81,저점 $294.21 대비 +0.84% 반등 (RSI 39)
2025-11-21 11:30:00,TSLA,매수,1,391.6657,,,13928.87,저점 $388.21 대비 +0.84% 반등 (RSI 40)
2025-11-24 09:30:00,CRDO,매수,11,137.1085,,,12419.62,K 비중 맞춤(늘림 10.7%)
2025-11-24 09:30:00,MRVL,매수,5,78.5231,,,12026.73,K 따라 매수: 주식층 비중 2.3%
2025-11-24 09:30:00,MU,매도,6,213.3783,50.77,4.136,13306.06,K 비중 맞춤(줄임 2.5%)
2025-11-24 10:43:50,CDNS,매수,1,302.0309,,,13003.82,K 따라 매수: 주식층 비중 1.7%
2025-11-25 09:30:00,CDNS,매도,1,302.1289,-0.33,-0.111,13305.73,로테이션 제외(모멘텀 순위 밖 또는 국면 0)
2025-11-25 09:30:00,KO,매수,1,72.8314,,,13232.85,K 따라 매수: 주식층 비중 0.6%
2025-11-25 09:30:00,MNST,매수,1,36.7484,,,13196.07,K 따라 매수: 주식층 비중 0.3%
2025-11-25 09:30:00,MU,매도,1,218.5906,13.67,6.681,13414.5,K 비중 맞춤(줄임 2.1%)
2025-11-25 09:30:00,SHIP,매수,1,10.025,,,13404.47,K 따라 매수: 주식층 비중 0.1%
2025-11-25 09:30:00,TSLA,매도,1,414.2028,21.96,5.607,13818.37,고점 $419.30 대비 -1.00% → 익절 +5.81%
2025-11-25 09:30:00,USB,매수,1,48.074,,,13770.26,K 따라 매수: 주식층 비중 0.4%
2025-11-26 09:30:00,DDOG,매수,1,159.7348,,,13610.42,K 따라 매수: 주식층 비중 1.7%
2025-11-26 09:30:00,INTC,매수,8,36.2181,,,13320.47,K 따라 매수: 주식층 비중 1.8%
2025-11-26 11:30:00,NOW,매수,6,161.7022,,,12349.58,저점 $160.68 대비 +0.58% 반등 (RSI 41)
2025-11-28 09:30:00,CRDO,매도,1,167.5112,31.15,22.885,12516.97,K 비중 맞춤(줄임 10.7%)
2025-12-01 09:30:00,BTSG,매수,15,35.8579,,,11978.72,K 따라 매수: 주식층 비중 2.9%
2025-12-01 09:30:00,CRDO,매도,12,171.936,426.92,26.132,14040.45,로테이션 제외(모멘텀 순위 밖 또는 국면 0)
2025-12-01 09:30:00,DDOG,매도,1,158.3305,-1.63,-1.022,14198.66,로테이션 제외(모멘텀 순위 밖 또는 국면 0)
2025-12-01 09:30:00,GOOGL,매수,1,317.8589,,,13880.58,K 따라 매수: 주식층 비중 3.0%
2025-12-01 09:30:00,INTC,매도,8,39.8451,28.58,9.864,14199.11,로테이션 제외(모멘텀 순위 밖 또는 국면 0)
2025-12-01 09:30:00,LRCX,매도,2,154.5727,30.0,10.761,14508.03,로테이션 제외(모멘텀 순위 밖 또는 국면 0)
2025-12-01 09:30:00,MDB,매도,1,326.2668,-1.1,-0.338,14834.06,로테이션 제외(모멘텀 순위 밖 또는 국면 0)
2025-12-01 09:30:00,MRVL,매도,5,89.0255,51.91,13.222,15278.86,로테이션 제외(모멘텀 순위 밖 또는 국면 0)
2025-12-01 09:30:00,MU,매도,2,232.1689,54.48,13.312,15742.86,로테이션 제외(모멘텀 순위 밖 또는 국면 0)
2025-12-01 09:30:00,NET,매도,2,197.2313,-0.3,-0.076,16137.03,로테이션 제외(모멘텀 순위 밖 또는 국면 0)
2025-12-01 09:30:00,ORCL,매도,2,200.3998,-31.16,-7.224,16537.54,로테이션 제외(모멘텀 순위 밖 또는 국면 0)
2025-12-01 09:30:00,SHIP,매수,51,10.5053,,,16001.4,K 비중 맞춤(늘림 3.0%)
2025-12-01 09:30:00,SNDK,매도,9,212.1039,56.99,3.082,17908.94,로테이션 제외(모멘텀 순위 밖 또는 국면 0)
2025-12-01 09:30:00,STX,매도,8,271.954,166.49,8.299,20082.98,로테이션 제외(모멘텀 순위 밖 또는 국면 0)
2025-12-01 09:30:00,TSLA,매수,1,425.5627,,,19657.12,K 따라 매수: 주식층 비중 3.6%
2025-12-01 09:30:00,WDC,매도,14,160.5197,162.31,7.796,21902.76,로테이션 제외(모멘텀 순위 밖 또는 국면 0)
2025-12-01 10:29:59,JPM,매도,1,310.2848,13.02,4.387,22212.81,고점 $313.41 대비 -0.50% → 익절 +4.59%
2025-12-01 10:30:00,SHOP,매수,6,154.3171,,,21286.26,저점 $152.80 대비 +0.94% 반등 (RSI 45)
2025-12-01 15:59:59,AMGN,매도,1,337.5112,-1.59,-0.47,21623.53,보유기한 청산 -0.28%
2025-12-02 09:30:00,BTSG,매수,6,35.998,,,21407.39,K 비중 맞춤(늘림 4.3%)
2025-12-02 09:30:00,CRWD,매도,2,127.936,6.98,2.809,21663.07,로테이션 제외(모멘텀 순위 밖 또는 국면 0)
2025-12-02 09:30:00,GOOGL,매수,1,316.8033,,,21346.05,K 비중 맞춤(늘림 3.7%)
2025-12-02 09:30:00,INCY,매수,1,102.5212,,,21243.46,K 따라 매수: 주식층 비중 0.8%
2025-12-02 09:30:00,KO,매수,3,71.8359,,,21027.8,K 비중 맞춤(늘림 1.6%)
2025-12-02 09:30:00,MNST,매수,7,37.8789,,,20762.46,K 비중 맞춤(늘림 1.7%)
2025-12-02 09:30:00,PEP,매수,2,149.5747,,,20463.1,K 따라 매수: 주식층 비중 2.1%
2025-12-02 09:30:00,SHIP,매수,12,10.5253,,,20336.71,K 비중 맞춤(늘림 3.7%)
2025-12-02 11:30:00,PGR,매수,4,228.144,,,19423.49,저점 $226.26 대비 +0.78% 반등 (RSI 48)
2025-12-02 11:30:00,VZ,매수,25,40.6554,,,18406.4,저점 $40.40 대비 +0.57% 반등 (RSI 46)
2025-12-02 15:59:59,NOW,매도,6,164.7916,17.14,1.766,19394.42,보유기한 청산 +1.96%
2025-12-03 09:30:00,BTSG,매수,11,35.5978,,,19002.58,K 비중 맞춤(늘림 6.3%)
2025-12-03 09:30:00,DDOG,매수,1,156.2581,,,18846.21,K 따라 매수: 주식층 비중 1.3%
2025-12-03 09:30:00,GOOGL,매수,1,315.9179,,,18530.07,K 비중 맞춤(늘림 5.8%)
2025-12-03 09:30:00,MSFT,매도,1,476.0519,-17.6,-3.57,19005.77,로테이션 제외(모멘텀 순위 밖 또는 국면 0)
2025-12-03 09:30:00,NET,매수,1,199.7998,,,18805.83,K 따라 매수: 주식층 비중 1.7%
2025-12-03 09:30:00,SHIP,매도,62,10.7925,17.1,2.626,19474.48,K 비중 맞춤(줄임 0.1%)
2025-12-03 09:30:00,STX,매수,5,268.134,,,18132.87,K 따라 매수: 주식층 비중 7.4%
2025-12-03 09:30:00,WDC,매수,8,159.4397,,,16856.46,K 따라 매수: 주식층 비중 7.5%
2025-12-04 09:30:00,BTSG,매도,31,35.0425,-24.89,-2.243,17941.98,K 비중 맞춤(줄임 0.1%)
2025-12-04 09:30:00,CRDO,매수,10,187.2736,,,16067.94,K 따라 매수: 주식층 비중 10.2%
2025-12-04 09:30:00,CRWD,매수,2,130.9342,,,15805.89,K 따라 매수: 주식층 비중 1.6%
2025-12-04 09:30:00,GOOGL,매도,2,322.0389,9.44,1.49,16449.49,K 비중 맞춤(줄임 0.2%)
2025-12-04 09:30:00,INTC,매수,7,43.2516,,,16146.52,K 따라 매수: 주식층 비중 1.8%
2025-12-04 09:30:00,KO,매도,2,70.7946,-2.78,-1.932,16288.01,K 비중 맞춤(줄임 0.5%)
2025-12-04 09:30:00,LRCX,매수,2,157.5587,,,15972.67,K 따라 매수: 주식층 비중 1.9%
2025-12-04 09:30:00,MNST,매도,6,36.8666,-5.55,-2.45,16193.71,K 비중 맞춤(줄임 0.2%)
2025-12-04 09:30:00,MRVL,매수,3,99.4597,,,15895.12,K 따라 매수: 주식층 비중 2.0%
2025-12-04 09:30:00,MU,매수,1,230.125,,,15664.83,K 따라 매수: 주식층 비중 2.2%
2025-12-04 09:30:00,NET,매수,1,203.9119,,,15460.78,K 비중 맞춤(늘림 2.3%)
2025-12-04 09:30:00,ORCL,매수,1,207.9639,,,15252.67,K 따라 매수: 주식층 비중 1.3%
2025-12-04 09:30:00,PEP,매도,1,147.7061,-2.08,-1.391,15400.27,K 비중 맞춤(줄임 0.4%)
2025-12-04 09:30:00,SNDK,매수,10,192.4262,,,13474.66,K 따라 매수: 주식층 비중 11.0%
2025-12-04 09:30:00,STX,매수,2,255.5777,,,12963.14,K 비중 맞춤(늘림 11.0%)
2025-12-04 09:30:00,WDC,매수,5,154.8274,,,12188.47,K 비중 맞춤(늘림 11.0%)
2025-12-04 10:29:59,SHOP,매도,6,159.2603,28.31,3.058,13143.33,고점 $161.10 대비 -1.00% → 익절 +3.25%
2025-12-05 09:30:00,DDOG,매수,1,153.0765,,,12990.15,K 비중 맞춤(늘림 1.7%)
2025-12-05 09:30:00,STX,매수,1,265.1854,,,12724.78,K 비중 맞춤(늘림 11.6%)
2025-12-08 09:30:00,CRDO,매수,1,179.6298,,,12545.02,K 비중 맞춤(늘림 10.8%)
2025-12-08 09:30:00,MNST,매도,1,36.8366,-0.95,-2.529,12581.83,K 비중 맞춤(줄임 0.2%)
2025-12-08 09:30:00,MRVL,매수,1,90.4952,,,12491.27,K 비중 맞춤(늘림 2.0%)
2025-12-08 10:29:59,VZ,매도,25,40.904,4.76,0.468,13513.13,고점 $41.97 대비 -1.00% → 익절 +0.66%
2025-12-08 11:30:00,CROX,매수,12,85.6828,,,12484.21,저점 $85.15 대비 +0.58% 반등 (RSI 38)
2025-12-08 11:30:00,UNH,매수,1,326.2969,,,12157.69,저점 $323.70 대비 +0.75% 반등 (RSI 40)
2025-12-08 15:59:59,PGR,매도,4,223.0984,-21.47,-2.353,13049.43,보유기한 청산 -2.16%
2025-12-09 09:30:00,AMD,매수,1,221.2206,,,12828.05,K 따라 매수: 주식층 비중 1.3%
2025-12-09 09:30:00,CRDO,매수,1,179.0295,,,12648.9,K 비중 맞춤(늘림 11.7%)
2025-12-09 09:30:00,INTC,매수,1,40.3201,,,12608.55,K 비중 맞춤(늘림 1.7%)
2025-12-09 09:30:00,SHOP,매수,2,158.4892,,,12291.35,K 따라 매수: 주식층 비중 2.3%
2025-12-09 11:30:00,VZ,매수,6,40.7153,,,12046.89,저점 $40.47 대비 +0.54% 반등 (RSI 40)
2025-12-10 09:30:00,CRDO,매도,2,168.1859,-36.03,-9.689,12383.01,K 비중 맞춤(줄임 8.5%)
2025-12-10 09:30:00,DAVE,매수,2,193.5167,,,11995.71,K 따라 매수: 주식층 비중 7.0%
2025-12-10 09:30:00,DDOG,매도,2,151.924,-5.92,-1.915,12299.33,로테이션 제외(모멘텀 순위 밖 또는 국면 0)
2025-12-10 09:30:00,MU,매수,5,255.3076,,,11021.9,K 비중 맞춤(늘림 9.1%)
2025-12-10 09:30:00,NET,매도,2,208.6356,12.97,3.213,11438.87,로테이션 제외(모멘텀 순위 밖 또는 국면 0)
2025-12-10 09:30:00,ORCL,매도,1,221.6891,13.42,6.452,11660.4,로테이션 제외(모멘텀 순위 밖 또는 국면 0)
2025-12-10 09:30:00,SNDK,매도,2,217.891,50.34,13.081,12095.86,K 비중 맞춤(줄임 9.2%)
2025-12-10 09:30:00,STX,매도,8,282.9085,143.12,6.761,14357.48,로테이션 제외(모멘텀 순위 밖 또는 국면 0)
2025-12-10 09:30:00,WDC,매도,13,169.4053,149.57,7.297,16558.14,로테이션 제외(모멘텀 순위 밖 또는 국면 0)
2025-12-10 09:31:40,DAVE,매수,4,193.1421,,,15785.03,K 비중 맞춤(늘림 7.0%)
2025-12-11 09:30:00,AMD,매도,1,217.7011,-3.83,-1.733,16002.57,로테이션 제외(모멘텀 순위 밖 또는 국면 0)
2025-12-11 09:30:00,BTSG,매수,17,35.6878,,,15395.45,K 비중 맞춤(늘림 3.5%)
2025-12-11 09:30:00,CRDO,매도,10,159.6801,-265.16,-14.26,16991.09,로테이션 제외(모멘텀 순위 밖 또는 국면 0)
2025-12-11 09:30:00,DAVE,매도,2,197.5912,8.09,2.093,17385.98,K 비중 맞춤(줄임 3.4%)
2025-12-11 09:30:00,GOOGL,매수,1,320.24,,,17065.52,K 비중 맞춤(늘림 3.5%)
2025-12-11 09:30:00,INTC,매도,8,40.06,-23.08,-6.726,17385.76,로테이션 제외(모멘텀 순위 밖 또는 국면 0)
2025-12-11 09:30:00,LRCX,매도,2,165.5772,15.57,4.942,17716.68,로테이션 제외(모멘텀 순위 밖 또는 국면 0)
2025-12-11 09:30:00,MRVL,매도,4,90.9345,-25.67,-6.602,18080.15,로테이션 제외(모멘텀 순위 밖 또는 국면 0)
2025-12-11 09:30:00,MU,매도,6,261.3992,59.53,3.951,19647.4,로테이션 제외(모멘텀 순위 밖 또는 국면 0)
2025-12-11 09:30:00,SNDK,매도,8,229.885,297.25,19.309,21485.14,로테이션 제외(모멘텀 순위 밖 또는 국면 0)
2025-12-11 12:30:00,DDOG,매수,7,149.7148,,,20436.4,저점 $148.82 대비 +0.55% 반등 (RSI 37)
2025-12-11 12:30:00,INTC,매수,27,39.4697,,,19369.97,저점 $39.20 대비 +0.64% 반등 (RSI 40)
2025-12-11 14:29:59,UNH,매도,1,336.6513,9.88,3.028,19706.38,고점 $338.93 대비 -0.50% → 익절 +3.22%
2025-12-12 09:30:00,BTSG,매도,17,36.3168,9.72,1.601,20323.31,K 비중 맞춤(줄임 0.1%)
2025-12-12 09:30:00,DAVE,매수,1,204.9424,,,20118.23,K 비중 맞춤(늘림 6.3%)
2025-12-12 09:30:00,GOOGL,매도,1,313.5631,-5.44,-1.707,20431.56,K 비중 맞춤(줄임 0.2%)
2025-12-12 09:30:00,MDB,매수,3,418.0489,,,19176.54,K 따라 매수: 주식층 비중 8.2%
2025-12-12 09:30:00,NET,매수,2,207.3836,,,18761.48,K 따라 매수: 주식층 비중 2.2%
2025-12-12 09:30:00,STX,매수,5,303.4516,,,17243.16,K 따라 매수: 주식층 비중 8.5%
2025-12-12 09:30:00,WDC,매수,8,183.0915,,,15777.4,K 따라 매수: 주식층 비중 8.5%
2025-12-12 15:29:59,INTC,매도,27,37.8311,-45.74,-4.292,16798.09,손절 -4.10%
2025-12-12 15:59:59,CROX,매도,12,89.885,48.92,4.758,17875.93,보유기한 청산 +4.96%
2025-12-15 09:30:00,AMD,매수,1,212.4762,,,17663.3,K 따라 매수: 주식층 비중 1.4%
2025-12-15 09:30:00,CRDO,매수,13,146.4682,,,15757.88,K 따라 매수: 주식층 비중 10.9%
2025-12-15 09:30:00,DAVE,매도,4,199.93,16.18,2.068,16557.02,K 비중 맞춤(줄임 0.0%)
2025-12-15 09:30:00,LRCX,매수,2,163.3666,,,16230.06,K 따라 매수: 주식층 비중 1.9%
2025-12-15 09:30:00,MDB,매도,2,420.6496,4.0,0.479,17070.74,K 비중 맞춤(줄임 1.9%)
2025-12-15 09:30:00,MRVL,매수,4,84.8924,,,16730.93,K 따라 매수: 주식층 비중 2.0%
2025-12-15 09:30:00,MU,매수,1,247.2336,,,16483.53,K 따라 매수: 주식층 비중 2.2%
2025-12-15 09:30:00,SNDK,매수,10,214.037,,,14341.66,K 따라 매수: 주식층 비중 11.6%
2025-12-15 09:30:00,STX,매수,2,292.036,,,13757.18,K 비중 맞춤(늘림 11.6%)
2025-12-15 09:30:00,WDC,매수,4,178.089,,,13044.32,K 비중 맞춤(늘림 11.6%)
2025-12-15 10:29:59,DDOG,매도,7,143.0784,-47.92,-4.572,14045.14,손절 -4.38%
2025-12-15 11:30:00,FTNT,매수,12,81.5858,,,13065.43,저점 $80.87 대비 +0.83% 반등 (RSI 41)
2025-12-15 11:30:00,PANW,매수,5,188.6743,,,12121.4,저점 $187.17 대비 +0.75% 반등 (RSI 38)
2025-12-15 15:59:59,VZ,매도,6,40.8096,0.22,0.088,12366.07,보유기한 청산 +0.28%
2025-12-16 09:30:00,MNST,매수,1,37.5137,,,12328.53,K 비중 맞춤(늘림 0.4%)
2025-12-16 09:30:00,SHIP,매수,1,9.6948,,,12318.83,K 비중 맞춤(늘림 0.2%)
2025-12-16 09:30:00,USB,매수,4,53.9169,,,12103.01,K 비중 맞춤(늘림 1.5%)
2025-12-16 09:54:00,SLB,매수,1,38.6193,,,12064.37,K 따라 매수: 주식층 비중 0.3%
2025-12-17 09:30:00,AMD,매도,1,209.795,-2.98,-1.404,12274.01,로테이션 제외(모멘텀 순위 밖 또는 국면 0)
2025-12-17 09:30:00,BTSG,매도,1,36.3018,0.56,1.559,12310.28,로테이션 제외(모멘텀 순위 밖 또는 국면 0)
2025-12-17 09:30:00,CRDO,매도,13,142.2538,-57.47,-3.018,14158.23,로테이션 제외(모멘텀 순위 밖 또는 국면 0)
2025-12-17 09:30:00,CRWD,매도,2,122.1064,-18.02,-6.88,14402.27,로테이션 제외(모멘텀 순위 밖 또는 국면 0)
2025-12-17 09:30:00,DAVE,매도,1,200.6796,4.79,2.451,14602.8,로테이션 제외(모멘텀 순위 밖 또는 국면 0)
2025-12-17 09:30:00,GOOGL,매도,1,307.856,-11.14,-3.498,14910.43,로테이션 제외(모멘텀 순위 밖 또는 국면 0)
2025-12-17 09:30:00,INCY,매도,1,97.2114,-5.45,-5.319,15007.57,로테이션 제외(모멘텀 순위 밖 또는 국면 0)
2025-12-17 09:30:00,KO,매도,2,70.5347,-3.3,-2.292,15148.54,로테이션 제외(모멘텀 순위 밖 또는 국면 0)
2025-12-17 09:30:00,LRCX,매도,2,163.7781,0.36,0.109,15475.86,로테이션 제외(모멘텀 순위 밖 또는 국면 0)
2025-12-17 09:30:00,MDB,매수,6,422.211,,,12940.82,K 비중 맞춤(늘림 16.7%)
2025-12-17 09:30:00,MNST,매도,2,37.5862,-0.19,-0.248,13015.94,로테이션 제외(모멘텀 순위 밖 또는 국면 0)
2025-12-17 09:30:00,MRVL,매도,4,86.4567,5.77,1.698,13361.51,로테이션 제외(모멘텀 순위 밖 또는 국면 0)
2025-12-17 09:30:00,MU,매도,1,236.4367,-11.14,-4.507,13597.77,로테이션 제외(모멘텀 순위 밖 또는 국면 0)
2025-12-17 09:30:00,NET,매도,2,198.7006,-17.95,-4.327,13994.89,로테이션 제외(모멘텀 순위 밖 또는 국면 0)
2025-12-17 09:30:00,PEP,매도,1,150.3048,0.52,0.345,14145.08,로테이션 제외(모멘텀 순위 밖 또는 국면 0)
2025-12-17 09:30:00,SHIP,매도,3,9.5952,-1.95,-6.368,14173.84,로테이션 제외(모멘텀 순위 밖 또는 국면 0)
2025-12-17 09:30:00,SHOP,매도,2,166.4467,15.45,4.874,14506.5,로테이션 제외(모멘텀 순위 밖 또는 국면 0)
2025-12-17 09:30:00,SLB,매도,1,37.8111,-0.86,-2.234,14544.28,로테이션 제외(모멘텀 순위 밖 또는 국면 0)
2025-12-17 09:30:00,SNDK,매도,10,215.882,15.38,0.718,16701.52,로테이션 제외(모멘텀 순위 밖 또는 국면 0)
2025-12-17 09:30:00,STX,매수,3,294.3471,,,15817.86,K 비중 맞춤(늘림 16.7%)
2025-12-17 09:30:00,TSLA,매도,1,487.9709,61.75,14.511,16305.48,로테이션 제외(모멘텀 순위 밖 또는 국면 0)
2025-12-17 09:30:00,USB,매도,5,53.6732,4.24,1.609,16573.65,로테이션 제외(모멘텀 순위 밖 또는 국면 0)
2025-12-17 09:30:00,WDC,매수,5,179.9899,,,15673.07,K 비중 맞춤(늘림 16.7%)
2025-12-17 13:30:00,BTSG,매수,14,35.8449,,,15170.89,저점 $35.51 대비 +0.89% 반등 (RSI 44)
2025-12-18 10:30:00,NET,매수,5,195.9979,,,14190.21,저점 $194.76 대비 +0.59% 반등 (RSI 45)
2025-12-18 11:29:59,BTSG,매도,14,36.7116,11.41,2.273,14703.8,고점 $36.95 대비 -0.50% → 익절 +2.47%
2025-12-18 11:30:00,AAPL,매수,3,272.4262,,,13885.95,저점 $270.86 대비 +0.53% 반등 (RSI 42)
2025-12-18 13:30:00,UNH,매수,3,328.204,,,12900.65,저점 $325.46 대비 +0.79% 반등 (RSI 39)
2025-12-19 09:30:00,MDB,매도,7,427.861,39.46,1.337,15893.49,로테이션 제외(모멘텀 순위 밖 또는 국면 0)
2025-12-19 09:30:00,SNDK,매수,17,222.4011,,,12110.02,K 따라 매수: 주식층 비중 25.3%
2025-12-19 09:30:00,STX,매수,5,295.4677,,,10631.65,K 비중 맞춤(늘림 25.3%)
2025-12-19 09:30:00,WDC,매수,9,176.806,,,9039.28,K 비중 맞춤(늘림 25.3%)
2025-12-19 09:30:50,SNDK,매수,4,221.9743,,,8150.76,K 비중 맞춤(늘림 25.3%)
2025-12-19 15:59:59,FTNT,매도,12,80.1899,-18.14,-1.853,9112.34,보유기한 청산 -1.66%
2025-12-19 15:59:59,PANW,매도,5,186.7866,-10.78,-1.143,10045.59,보유기한 청산 -0.95%
2025-12-22 09:30:00,SNDK,매도,3,249.5202,80.59,12.083,10793.61,K 비중 맞춤(줄임 22.3%)
2025-12-22 09:30:00,WDC,매도,3,186.3718,19.68,3.654,11352.31,K 비중 맞춤(줄임 22.3%)
2025-12-22 12:29:59,NET,매도,5,201.839,27.78,2.835,12360.77,고점 $203.21 대비 -0.50% → 익절 +3.03%
2025-12-23 09:30:00,MU,매수,1,275.8428,,,12084.74,K 따라 매수: 주식층 비중 24.5%
2025-12-23 09:30:00,STX,매도,15,280.8595,-255.02,-5.716,16294.55,로테이션 제외(모멘텀 순위 밖 또는 국면 0)
2025-12-23 09:30:00,WDC,매수,3,175.6078,,,15767.36,K 비중 맞춤(늘림 24.5%)
2025-12-23 09:31:49,MU,매수,15,276.356,,,11619.12,K 비중 맞춤(늘림 24.5%)
2025-12-26 15:59:59,AAPL,매도,3,273.1134,0.89,0.109,12437.86,보유기한 청산 +0.30%
2025-12-26 15:59:59,UNH,매도,3,331.7041,9.08,0.923,13432.25,보유기한 청산 +1.12%
2025-12-29 10:30:00,AMD,매수,5,213.7268,,,12362.86,저점 $211.62 대비 +0.95% 반등 (RSI 49)
2025-12-29 10:30:00,BTSG,매수,6,37.7589,,,12136.15,저점 $37.46 대비 +0.76% 반등 (RSI 50)
2026-01-02 15:59:59,AMD,매도,5,223.3283,46.44,4.346,13251.98,보유기한 청산 +4.54%
2026-01-02 15:59:59,BTSG,매도,6,38.3908,3.46,1.529,13482.16,보유기한 청산 +1.72%
2026-01-08 09:30:00,SNDK,매도,2,353.823,262.18,58.964,14189.28,K 비중 맞춤(줄임 26.4%)
2026-01-09 09:30:00,WDC,매수,3,187.9439,,,13625.06,K 비중 맞춤(늘림 26.4%)
2026-01-12 09:30:00,MU,매도,8,340.3797,508.91,23.021,16346.11,K 비중 맞춤(줄임 11.7%)
2026-01-12 09:30:00,SNDK,매도,9,374.6076,1366.73,68.306,19715.12,K 비중 맞춤(줄임 11.7%)
2026-01-12 09:30:00,WDC,매도,15,193.4033,196.89,7.292,22614.05,K 비중 맞춤(줄임 11.7%)
2026-01-12 10:30:00,LLY,매수,1,1068.2488,,,21545.05,"저점 $1,058.00 대비 +0.92% 반등 (RSI 43)"
2026-01-12 10:30:00,MRVL,매수,14,83.1916,,,20379.55,저점 $82.42 대비 +0.89% 반등 (RSI 37)
2026-01-13 09:30:00,BTSG,매수,54,39.2496,,,18258.59,K 따라 매수: 주식층 비중 9.9%
2026-01-13 09:30:00,GOOGL,매수,6,335.1175,,,16246.48,K 따라 매수: 주식층 비중 9.9%
2026-01-13 09:30:00,INCY,매수,20,106.6133,,,14112.72,K 따라 매수: 주식층 비중 9.9%
2026-01-13 09:30:00,MU,매도,8,346.2818,556.09,25.156,16880.95,로테이션 제외(모멘텀 순위 밖 또는 국면 0)
2026-01-13 09:30:00,SNDK,매도,7,393.1133,1192.46,76.624,19630.74,로테이션 제외(모멘텀 순위 밖 또는 국면 0)
2026-01-13 09:30:00,WDC,매도,14,208.3758,393.22,15.603,22545.87,로테이션 제외(모멘텀 순위 밖 또는 국면 0)
2026-01-14 10:30:00,CRM,매수,5,240.6703,,,21341.67,저점 $239.18 대비 +0.57% 반등 (RSI 14)
2026-01-14 10:30:00,VZ,매수,31,39.4297,,,20118.5,저점 $39.12 대비 +0.74% 반등 (RSI 41)
2026-01-14 13:29:59,MRVL,매도,14,79.7601,-49.67,-4.265,21234.32,손절 -4.08%
2026-01-14 13:30:00,GS,매수,1,932.3809,,,20301.29,저점 $925.65 대비 +0.68% 반등 (RSI 44)
2026-01-14 13:30:00,JPM,매수,3,309.7148,,,19371.49,저점 $307.35 대비 +0.72% 반등 (RSI 26)
2026-01-14 14:30:00,BKNG,매수,6,204.543,,,18143.38,저점 $203.17 대비 +0.63% 반등 (RSI 26)
2026-01-15 09:30:00,BTSG,매도,5,38.9405,-1.82,-0.93,18337.94,K 비중 맞춤(줄임 8.8%)
2026-01-15 09:30:00,INCY,매도,2,106.6465,-0.24,-0.112,18551.07,K 비중 맞춤(줄임 8.8%)
2026-01-15 10:29:59,LLY,매도,1,1018.1307,-51.61,-4.831,19568.46,손절 -4.64%
2026-01-16 09:30:00,INCY,매수,2,105.5028,,,19357.31,K 비중 맞춤(늘림 9.9%)
2026-01-16 10:29:59,CRM,매도,5,229.7051,-56.51,-4.696,20505.0,손절 -4.51%
2026-01-16 10:29:59,GS,매도,1,964.8373,31.1,3.335,21469.13,고점 $976.43 대비 -0.50% → 익절 +3.53%
2026-01-16 10:30:00,MSFT,매수,2,459.9859,,,20548.51,저점 $457.20 대비 +0.56% 반등 (RSI 37)
2026-01-16 11:30:00,FCX,매수,21,58.6243,,,19316.54,저점 $58.07 대비 +0.90% 반등 (RSI 46)
2026-01-20 09:30:00,BTSG,매수,9,38.6593,,,18968.36,K 비중 맞춤(늘림 10.4%)
2026-01-20 13:29:59,BKNG,매도,6,200.468,-26.19,-2.134,20170.29,시장 급락 -1.6% → 청산
2026-01-20 13:29:59,FCX,매도,21,59.6402,19.56,1.589,21421.82,시장 급락 -1.6% → 청산
2026-01-20 13:29:59,JPM,매도,3,306.5766,-10.74,-1.155,22340.88,시장 급락 -1.6% → 청산
2026-01-20 13:29:59,MSFT,매도,2,453.3532,-14.57,-1.584,23246.93,시장 급락 -1.6% → 청산
2026-01-20 13:29:59,VZ,매도,31,39.1454,-10.55,-0.863,24459.55,시장 급락 -1.6% → 청산
2026-01-21 09:30:00,BTSG,매도,58,38.9105,-17.59,-0.775,26714.71,로테이션 제외(모멘텀 순위 밖 또는 국면 0)
2026-01-21 09:30:00,GOOGL,매도,6,320.7046,-89.29,-4.441,28637.53,로테이션 제외(모멘텀 순위 밖 또는 국면 0)
2026-01-21 09:30:00,INCY,매도,20,102.4488,-84.06,-3.946,30685.01,로테이션 제외(모멘텀 순위 밖 또는 국면 0)
2026-01-21 09:30:00,MU,매수,17,373.0564,,,24338.61,K 따라 매수: 주식층 비중 29.6%
2026-01-21 09:30:00,SNDK,매수,13,463.0314,,,18314.99,K 따라 매수: 주식층 비중 29.6%
2026-01-21 09:30:00,WDC,매수,19,228.119,,,13977.7,K 따라 매수: 주식층 비중 29.6%
2026-01-21 09:31:49,WDC,매수,8,227.7378,,,12154.52,K 비중 맞춤(늘림 29.6%)
2026-01-22 09:30:00,MU,매도,17,389.0254,262.21,4.134,18763.12,로테이션 제외(모멘텀 순위 밖 또는 국면 0)
2026-01-22 09:30:00,SNDK,매도,13,490.5546,348.93,5.797,25135.68,로테이션 제외(모멘텀 순위 밖 또는 국면 0)
2026-01-22 09:30:00,STX,매수,12,350.635,,,20925.11,K 따라 매수: 주식층 비중 19.5%
2026-01-22 09:30:00,WDC,매도,9,243.898,139.99,6.822,23118.59,K 비중 맞춤(줄임 19.5%)
2026-01-22 09:32:18,BTSG,매수,109,39.6465,,,18794.1,K 따라 매수: 주식층 비중 19.5%
2026-01-23 13:30:00,INCY,매수,12,101.4407,,,17575.96,저점 $100.62 대비 +0.77% 반등 (RSI 36)
2026-01-26 09:30:00,BTSG,매도,109,39.8001,10.55,0.244,21911.0,로테이션 제외(모멘텀 순위 밖 또는 국면 0)
2026-01-26 09:30:00,MU,매수,15,395.8278,,,15969.43,K 따라 매수: 주식층 비중 27.7%
2026-01-26 09:30:00,SNDK,매수,3,476.7232,,,14538.26,K 따라 매수: 주식층 비중 27.7%
2026-01-26 09:30:00,STX,매도,12,348.6256,-30.11,-0.716,18718.71,로테이션 제외(모멘텀 순위 밖 또는 국면 0)
2026-01-26 09:30:00,WDC,매수,7,236.5182,,,17061.93,K 비중 맞춤(늘림 27.7%)
2026-01-26 09:30:41,SNDK,매수,9,475.7996,,,12776.73,K 비중 맞춤(늘림 27.7%)
2026-01-27 09:30:00,MU,매도,4,404.4077,32.03,2.023,14393.18,K 비중 맞춤(줄임 18.4%)
2026-01-27 09:30:00,SNDK,매도,3,481.5491,14.5,1.015,15836.77,K 비중 맞춤(줄임 18.4%)
2026-01-27 09:30:00,WDC,매도,25,243.878,328.73,5.707,21929.27,로테이션 제외(모멘텀 순위 밖 또는 국면 0)
2026-01-27 09:32:13,LRCX,매수,17,230.3711,,,18010.22,K 따라 매수: 주식층 비중 18.4%
2026-01-27 15:59:59,INCY,매도,12,103.4183,21.97,1.805,19250.34,고점 $104.94 대비 -1.00% → 익절 +2.00%
2026-01-28 09:30:00,BTSG,매수,42,39.1596,,,17604.48,K 따라 매수: 주식층 비중 7.4%
2026-01-28 09:30:00,GOOGL,매수,4,335.8578,,,16260.11,K 따라 매수: 주식층 비중 7.4%
2026-01-28 09:30:00,LRCX,매도,17,241.1494,177.5,4.532,20356.66,로테이션 제외(모멘텀 순위 밖 또는 국면 0)
2026-01-28 09:30:00,MU,매도,11,422.2238,283.92,6.521,24997.73,로테이션 제외(모멘텀 순위 밖 또는 국면 0)
2026-01-28 09:30:00,SHIP,매수,161,10.4052,,,23321.32,K 따라 매수: 주식층 비중 7.4%
2026-01-28 09:30:00,SNDK,매도,9,499.75,207.19,4.836,27815.79,로테이션 제외(모멘텀 순위 밖 또는 국면 0)
2026-01-28 09:35:00,GOOGL,매수,1,335.3676,,,27480.18,K 비중 맞춤(늘림 7.4%)
2026-01-28 11:30:00,INCY,매수,12,101.0255,,,26267.03,저점 $100.03 대비 +0.94% 반등 (RSI 39)
2026-01-29 09:30:00,BTSG,매수,7,39.5097,,,25990.27,K 비중 맞춤(늘림 8.7%)
2026-01-29 09:30:00,SHIP,매수,23,10.7154,,,25743.64,K 비중 맞춤(늘림 8.7%)
2026-01-30 09:30:00,BTSG,매수,12,39.2996,,,25271.72,K 비중 맞춤(늘림 10.7%)
2026-01-30 09:30:00,FCX,매수,39,61.7659,,,22861.16,K 따라 매수: 주식층 비중 10.7%
2026-01-30 09:30:00,GOOGL,매수,2,334.4872,,,22191.72,K 비중 맞춤(늘림 10.7%)
2026-01-30 09:30:00,SHIP,매도,184,10.7946,61.72,3.212,24176.47,로테이션 제외(모멘텀 순위 밖 또는 국면 0)
2026-02-02 13:30:00,BTSG,매도,61,40.8196,93.64,3.913,26664.65,로테이션 제외(모멘텀 순위 밖 또는 국면 0)
2026-02-02 13:30:00,FCX,매도,39,60.7037,-44.84,-1.861,29030.37,로테이션 제외(모멘텀 순위 밖 또는 국면 0)
2026-02-02 13:30:00,GOOGL,매도,7,343.1583,50.94,2.17,31430.72,로테이션 제외(모멘텀 순위 밖 또는 국면 0)
2026-02-02 13:30:00,MU,매수,12,440.0499,,,26146.43,K 따라 매수: 주식층 비중 24.7%
2026-02-02 13:30:00,SNDK,매수,8,667.5506,,,20802.28,K 따라 매수: 주식층 비중 24.7%
2026-02-02 13:30:00,STX,매수,13,433.0214,,,15169.07,K 따라 매수: 주식층 비중 24.7%
2026-02-03 09:30:00,BTSG,매수,12,40.7504,,,14679.72,K 따라 매수: 주식층 비중 15.1%
2026-02-03 09:30:00,MU,매도,12,441.2992,7.43,0.141,19971.44,로테이션 제외(모멘텀 순위 밖 또는 국면 0)
2026-02-03 09:30:00,SNDK,매도,8,694.5775,208.42,3.903,25524.01,로테이션 제외(모멘텀 순위 밖 또는 국면 0)
2026-02-03 09:30:00,STX,매도,5,444.1778,52.65,2.432,27743.28,K 비중 맞춤(줄임 15.1%)
2026-02-03 09:33:00,BTSG,매수,73,40.8154,,,24761.67,K 비중 맞춤(늘림 15.1%)
2026-02-03 09:33:00,GOOGL,매수,10,348.0673,,,21278.56,K 따라 매수: 주식층 비중 15.1%
2026-02-03 11:30:00,LRCX,매수,5,234.5272,,,20105.1,저점 $232.50 대비 +0.82% 반등 (RSI 43)
2026-02-03 11:30:00,ORCL,매수,8,156.5232,,,18852.04,저점 $155.26 대비 +0.77% 반등 (RSI 30)
2026-02-03 15:59:59,INCY,매도,12,100.8246,-4.14,-0.342,20061.05,보유기한 청산 -0.15%
2026-02-04 09:30:00,FCX,매수,54,65.0125,,,16547.92,K 따라 매수: 주식층 비중 15.4%
2026-02-04 09:30:00,GOOGL,매도,10,342.7885,-57.73,-1.658,19973.3,로테이션 제외(모멘텀 순위 밖 또는 국면 0)
2026-02-04 10:29:59,LRCX,매도,5,218.7606,-80.45,-6.861,21066.3,손절 -6.68%
2026-02-04 10:30:00,CDNS,매수,4,272.3861,,,19976.0,저점 $269.87 대비 +0.88% 반등 (RSI 31)
2026-02-04 11:29:59,ORCL,매도,8,148.1458,-68.76,-5.491,21160.3,손절 -5.30%
2026-02-04 11:30:00,DASH,매수,6,196.5682,,,19980.06,저점 $195.00 대비 +0.75% 반등 (RSI 33)
2026-02-04 11:30:00,PANW,매수,7,166.1831,,,18815.97,저점 $164.82 대비 +0.78% 반등 (RSI 33)
2026-02-04 13:30:00,AMD,매수,3,202.3629,,,18208.45,저점 $200.61 대비 +0.82% 반등 (RSI 19)
2026-02-04 13:30:00,GOOGL,매수,1,333.4166,,,17874.8,저점 $331.10 대비 +0.65% 반등 (RSI 42)
2026-02-04 13:30:00,ISRG,매수,1,477.9389,,,17396.53,저점 $474.58 대비 +0.66% 반등 (RSI 23)
2026-02-04 14:30:00,MDB,매수,1,329.7948,,,17066.5,저점 $326.73 대비 +0.89% 반등 (RSI 27)
2026-02-04 14:30:00,UNH,매수,2,276.7208,,,16512.68,저점 $274.65 대비 +0.70% 반등 (RSI 29)
2026-02-05 09:30:00,BTSG,매도,85,37.1714,-313.69,-9.044,19669.94,로테이션 제외(모멘텀 순위 밖 또는 국면 0)
2026-02-05 09:30:00,FCX,매도,54,59.92,-279.81,-7.97,22903.26,로테이션 제외(모멘텀 순위 밖 또는 국면 0)
2026-02-05 09:30:00,GOOGL,매도,1,312.0689,-21.81,-6.541,23215.1,손절 -6.36%
2026-02-05 09:30:00,MU,매수,6,370.105,,,20992.91,K 따라 매수: 주식층 비중 21.1%
2026-02-05 09:30:00,SNDK,매수,4,564.0319,,,18735.21,K 따라 매수: 주식층 비중 21.1%
2026-02-05 09:30:00,STX,매수,3,399.6997,,,17535.27,K 비중 맞춤(늘림 21.1%)
2026-02-05 09:30:38,SNDK,매수,4,563.4816,,,15279.76,K 비중 맞춤(늘림 21.1%)
2026-02-05 09:30:56,MU,매수,6,370.8298,,,13053.23,K 비중 맞춤(늘림 21.1%)
2026-02-05 10:29:59,AMD,매도,3,192.9635,-29.05,-4.784,13631.7,손절 -4.60%
2026-02-05 10:29:59,DASH,매도,6,184.0729,-76.6,-6.495,14735.33,손절 -6.31%
2026-02-05 13:29:59,MDB,매도,1,336.4617,6.19,1.877,15071.54,고점 $340.16 대비 -1.00% → 익절 +2.07%
2026-02-05 14:29:59,PANW,매도,7,158.9489,-52.27,-4.493,16183.37,손절 -4.31%
2026-02-06 15:29:59,CDNS,매도,4,283.5332,43.0,3.946,17316.68,고점 $285.27 대비 -0.50% → 익절 +4.14%
2026-02-09 09:30:00,MU,매도,1,380.4197,9.42,2.541,17696.82,K 비중 맞춤(줄임 16.8%)
2026-02-09 09:30:00,SNDK,매도,1,591.3442,26.76,4.747,18287.73,K 비중 맞춤(줄임 16.8%)
2026-02-09 09:30:00,STX,매도,11,423.688,-9.37,-0.201,22944.9,로테이션 제외(모멘텀 순위 밖 또는 국면 0)
2026-02-10 09:30:00,LRCX,매수,14,229.3946,,,19731.13,K 따라 매수: 주식층 비중 14.8%
2026-02-10 09:30:00,MU,매도,2,375.802,9.6,1.296,20482.18,K 비중 맞춤(줄임 14.8%)
2026-02-10 09:30:00,SNDK,매도,1,573.743,9.17,1.627,21055.51,K 비중 맞춤(줄임 14.8%)
2026-02-10 13:30:00,KO,매수,8,76.8634,,,20440.17,저점 $76.38 대비 +0.59% 반등 (RSI 41)
2026-02-10 15:59:59,ISRG,매도,1,495.1423,16.51,3.454,20934.95,보유기한 청산 +3.65%
2026-02-10 15:59:59,UNH,매도,2,272.9734,-8.28,-1.496,21480.5,보유기한 청산 -1.30%
2026-02-11 10:30:00,UNH,매수,4,274.0369,,,20383.58,저점 $272.44 대비 +0.54% 반등 (RSI 43)
2026-02-11 14:30:00,DASH,매수,7,177.1584,,,19142.6,저점 $175.74 대비 +0.76% 반등 (RSI 32)
2026-02-12 09:30:00,LRCX,매도,14,235.937,86.93,2.707,22443.31,로테이션 제외(모멘텀 순위 밖 또는 국면 0)
2026-02-12 09:30:00,MU,매수,3,423.0965,,,21173.13,K 비중 맞춤(늘림 22.1%)
2026-02-12 09:30:00,SNDK,매수,1,640.32,,,20532.37,K 비중 맞춤(늘림 22.1%)
2026-02-12 09:30:00,STX,매수,12,424.5322,,,15434.41,K 따라 매수: 주식층 비중 22.1%
2026-02-12 11:29:59,DASH,매도,7,166.2119,-78.34,-6.317,16597.05,손절 -6.13%
2026-02-12 11:29:59,UNH,매도,4,279.1703,18.95,1.729,17712.91,고점 $283.21 대비 -0.50% → 익절 +1.92%
2026-02-12 12:29:59,KO,매도,8,79.9,23.4,3.805,18351.65,고점 $80.35 대비 -0.50% → 익절 +4.00%
2026-02-13 10:30:00,META,매수,2,649.0344,,,17052.67,저점 $644.73 대비 +0.62% 반등 (RSI 35)
2026-02-13 12:30:00,BKNG,매수,7,165.8641,,,15890.81,저점 $164.79 대비 +0.60% 반등 (RSI 35)
2026-02-17 09:30:00,AAPL,매수,2,258.179,,,15374.09,K 따라 매수: 주식층 비중 2.8%
2026-02-17 09:30:00,AVGO,매수,1,319.8348,,,15054.03,K 따라 매수: 주식층 비중 3.5%
2026-02-17 09:30:00,BTSG,매수,1,38.8494,,,15015.15,K 따라 매수: 주식층 비중 0.3%
2026-02-17 09:30:00,CRDO,매수,2,117.6188,,,14779.75,K 따라 매수: 주식층 비중 3.6%
2026-02-17 09:30:00,MU,매도,9,400.7495,149.07,4.318,18383.86,K 비중 맞춤(줄임 4.4%)
2026-02-17 09:30:00,NVDA,매수,6,181.8109,,,17292.23,K 따라 매수: 주식층 비중 4.8%
2026-02-17 09:30:00,ORCL,매수,4,158.059,,,16659.56,K 따라 매수: 주식층 비중 3.1%
2026-02-17 09:30:00,PEP,매수,1,166.2731,,,16493.17,K 따라 매수: 주식층 비중 1.0%
2026-02-17 09:30:00,SLB,매수,1,50.6453,,,16442.49,K 따라 매수: 주식층 비중 0.3%
2026-02-17 09:30:00,SNDK,매도,5,611.694,180.75,6.29,19498.72,K 비중 맞춤(줄임 4.5%)
2026-02-17 09:30:00,STX,매도,9,419.5901,-49.91,-1.306,23272.28,K 비중 맞춤(줄임 4.6%)
2026-02-17 09:30:00,USB,매수,3,58.2991,,,23097.26,K 따라 매수: 주식층 비중 0.9%
2026-02-17 09:31:25,CRDO,매수,4,117.8395,,,22625.57,K 비중 맞춤(늘림 3.6%)
2026-02-17 09:31:32,MDB,매수,2,364.182,,,21896.7,K 따라 매수: 주식층 비중 4.0%
2026-02-17 09:32:18,AVGO,매수,1,319.2737,,,21577.2,K 비중 맞춤(늘림 3.5%)
2026-02-17 09:32:24,LRCX,매수,3,231.1372,,,20883.3,K 따라 매수: 주식층 비중 3.9%
2026-02-17 09:32:36,MRVL,매수,12,76.8842,,,19960.05,K 따라 매수: 주식층 비중 4.3%
2026-02-17 09:33:45,DAL,매수,6,69.5181,,,19542.65,K 따라 매수: 주식층 비중 2.0%
2026-02-17 09:33:45,MNST,매수,7,40.8791,,,19256.29,K 따라 매수: 주식층 비중 1.4%
2026-02-17 09:35:00,KO,매수,4,78.9911,,,18940.11,K 따라 매수: 주식층 비중 1.5%
2026-02-17 09:55:23,EOG,매수,1,120.5105,,,18819.51,K 따라 매수: 주식층 비중 0.5%
2026-02-18 09:30:00,CRDO,매수,1,124.4122,,,18695.01,K 비중 맞춤(늘림 3.9%)
2026-02-18 09:30:00,DAL,매도,5,69.1454,-2.36,-0.679,19040.49,K 비중 맞춤(줄임 0.2%)
2026-02-18 09:30:00,LRCX,매수,1,236.9984,,,18803.32,K 비중 맞춤(늘림 4.2%)
2026-02-18 09:30:00,MNST,매도,1,41.4293,0.49,1.202,18844.72,K 비중 맞춤(줄임 1.0%)
2026-02-18 09:30:00,SHIP,매수,3,12.9465,,,18805.85,K 따라 매수: 주식층 비중 0.2%
2026-02-18 10:30:00,AMD,매수,6,200.3151,,,17603.12,저점 $198.57 대비 +0.83% 반등 (RSI 37)
2026-02-18 12:30:00,PANW,매수,8,154.8724,,,16363.28,저점 $153.64 대비 +0.75% 반등 (RSI 36)
2026-02-19 09:30:00,BKNG,매도,7,163.4254,-18.72,-1.612,17506.42,고점 $171.15 대비 -1.00% → 익절 -1.42%
2026-02-19 09:30:00,CRWD,매수,5,104.4572,,,16983.77,K 따라 매수: 주식층 비중 2.7%
2026-02-19 09:30:00,KO,매도,1,79.4203,0.32,0.4,17063.13,K 비중 맞춤(줄임 0.8%)
2026-02-19 09:30:00,MNST,매도,2,41.4418,1.01,1.232,17145.95,K 비중 맞춤(줄임 0.7%)
2026-02-19 09:30:00,MRVL,매수,1,78.4192,,,17067.48,K 비중 맞춤(늘림 4.6%)
2026-02-19 09:30:00,USB,매도,1,58.1809,-0.2,-0.346,17125.62,K 비중 맞춤(줄임 0.4%)
2026-02-19 14:30:00,BKNG,매수,8,156.9684,,,15868.99,저점 $156.04 대비 +0.54% 반등 (RSI 31)
2026-02-19 15:59:59,META,매도,2,644.2977,-11.32,-0.872,17156.64,보유기한 청산 -0.68%
2026-02-20 09:30:00,MNST,매수,1,41.2581,,,17115.36,K 비중 맞춤(늘림 1.0%)
2026-02-20 11:30:00,NEM,매수,10,120.7353,,,15907.16,저점 $119.98 대비 +0.58% 반등 (RSI 40)
2026-02-20 15:29:59,PANW,매도,8,148.4803,-52.87,-4.267,17094.13,손절 -4.08%
2026-02-23 09:30:00,AAPL,매도,2,263.3582,9.61,1.862,17620.47,로테이션 제외(모멘텀 순위 밖 또는 국면 0)
2026-02-23 09:30:00,AVGO,매도,2,332.0839,24.13,3.775,18284.15,로테이션 제외(모멘텀 순위 밖 또는 국면 0)
2026-02-23 09:30:00,BTSG,매도,1,40.6896,1.78,4.59,18324.81,로테이션 제외(모멘텀 순위 밖 또는 국면 0)
2026-02-23 09:30:00,CRDO,매도,7,122.0989,22.48,2.705,19178.88,로테이션 제외(모멘텀 순위 밖 또는 국면 0)
2026-02-23 09:30:00,CRWD,매도,5,96.1132,-42.44,-8.125,19659.09,로테이션 제외(모멘텀 순위 밖 또는 국면 0)
2026-02-23 09:30:00,DAL,매도,1,68.5657,-1.05,-1.512,19727.61,로테이션 제외(모멘텀 순위 밖 또는 국면 0)
2026-02-23 09:30:00,EOG,매도,1,123.4882,2.8,2.326,19851.01,로테이션 제외(모멘텀 순위 밖 또는 국면 0)
2026-02-23 09:30:00,KO,매도,3,79.4802,1.13,0.476,20089.27,로테이션 제외(모멘텀 순위 밖 또는 국면 0)
2026-02-23 09:30:00,LRCX,매도,4,245.2273,49.13,5.281,21069.47,로테이션 제외(모멘텀 순위 밖 또는 국면 0)
2026-02-23 09:30:00,MDB,매도,2,337.5212,-54.32,-7.458,21744.02,로테이션 제외(모멘텀 순위 밖 또는 국면 0)
2026-02-23 09:30:00,MNST,매도,5,41.6342,3.1,1.514,21952.04,로테이션 제외(모멘텀 순위 밖 또는 국면 0)
2026-02-23 09:30:00,MRVL,매도,13,78.3058,15.5,1.549,22969.27,로테이션 제외(모멘텀 순위 밖 또는 국면 0)
2026-02-23 09:30:00,MU,매도,3,422.0988,113.69,9.879,24234.64,로테이션 제외(모멘텀 순위 밖 또는 국면 0)
2026-02-23 09:30:00,NVDA,매도,6,191.3493,55.63,5.1,25381.9,로테이션 제외(모멘텀 순위 밖 또는 국면 0)
2026-02-23 09:30:00,ORCL,매도,4,145.6172,-50.64,-8.009,25963.94,로테이션 제외(모멘텀 순위 밖 또는 국면 0)
2026-02-23 09:30:00,PEP,매도,1,164.4178,-2.09,-1.258,26128.24,로테이션 제외(모멘텀 순위 밖 또는 국면 0)
2026-02-23 09:30:00,SHIP,매도,3,13.8131,2.54,6.546,26169.65,로테이션 제외(모멘텀 순위 밖 또는 국면 0)
2026-02-23 09:30:00,SLB,매도,1,50.8845,0.17,0.329,26220.5,로테이션 제외(모멘텀 순위 밖 또는 국면 0)
2026-02-23 09:30:00,SNDK,매도,2,659.1753,167.19,14.546,27537.88,로테이션 제외(모멘텀 순위 밖 또는 국면 0)
2026-02-23 09:30:00,STX,매도,3,409.795,-46.0,-3.612,28766.37,로테이션 제외(모멘텀 순위 밖 또는 국면 0)
2026-02-23 09:30:00,USB,매도,2,58.6007,0.44,0.374,28883.49,로테이션 제외(모멘텀 순위 밖 또는 국면 0)
2026-02-23 10:29:59,BKNG,매도,8,152.2019,-39.9,-3.177,30100.21,고점 $163.11 대비 -1.00% → 익절 -2.99%
2026-02-23 11:30:00,SHOP,매수,5,118.5592,,,29507.0,저점 $117.61 대비 +0.76% 반등 (RSI 42)
2026-02-23 13:30:00,CRDO,매수,5,120.2751,,,28905.2,저점 $119.41 대비 +0.67% 반등 (RSI 39)
2026-02-23 15:59:59,CRDO,매도,5,124.0579,18.04,3.0,29525.04,장마감 청산 +3.20%
2026-02-23 15:59:59,SHOP,매도,5,117.2114,-7.58,-1.279,30110.67,장마감 청산 -1.09%
2026-02-24 09:30:00,AAPL,매수,2,268.134,,,29574.03,K 따라 매수: 주식층 비중 2.8%
2026-02-24 09:30:00,AVGO,매수,2,322.9594,,,28927.66,K 따라 매수: 주식층 비중 4.0%
2026-02-24 09:30:00,BTSG,매수,1,39.99,,,28887.64,K 따라 매수: 주식층 비중 0.2%
2026-02-24 09:30:00,CRDO,매수,4,124.072,,,28391.0,K 따라 매수: 주식층 비중 2.4%
2026-02-24 09:30:00,CRWD,매수,7,87.2586,,,27779.77,K 따라 매수: 주식층 비중 2.9%
2026-02-24 09:30:00,KO,매수,3,80.5803,,,27537.86,K 따라 매수: 주식층 비중 1.3%
2026-02-24 09:30:00,LRCX,매수,3,243.5717,,,26806.63,K 따라 매수: 주식층 비중 4.2%
2026-02-24 09:30:00,MDB,매수,3,304.102,,,25893.68,K 따라 매수: 주식층 비중 4.4%
2026-02-24 09:30:00,MNST,매수,6,42.3111,,,25639.64,K 따라 매수: 주식층 비중 1.1%
2026-02-24 09:30:00,MRVL,매수,13,78.039,,,24624.42,K 따라 매수: 주식층 비중 4.7%
2026-02-24 09:30:00,MU,매수,2,429.4846,,,23764.85,K 따라 매수: 주식층 비중 4.6%
2026-02-24 09:30:00,NVDA,매수,5,191.5807,,,22806.28,K 따라 매수: 주식층 비중 4.8%
2026-02-24 09:30:00,ORCL,매수,5,140.9104,,,22101.23,K 따라 매수: 주식층 비중 3.5%
2026-02-24 09:30:00,PEP,매수,1,168.3641,,,21932.75,K 따라 매수: 주식층 비중 0.8%
2026-02-24 09:30:00,SHIP,매수,3,13.6168,,,21891.87,K 따라 매수: 주식층 비중 0.2%
2026-02-24 09:30:00,SLB,매수,1,51.4907,,,21840.34,K 따라 매수: 주식층 비중 0.3%
2026-02-24 09:30:00,SNDK,매수,1,681.6406,,,21158.23,K 따라 매수: 주식층 비중 4.5%
2026-02-24 09:30:00,STX,매수,2,414.8773,,,20327.89,K 따라 매수: 주식층 비중 4.6%
2026-02-24 09:30:00,USB,매수,2,55.1576,,,20217.5,K 따라 매수: 주식층 비중 0.7%
2026-02-24 11:29:59,AMD,매도,6,210.9045,61.77,5.14,21482.0,고점 $212.49 대비 -0.50% → 익절 +5.34%
2026-02-24 11:30:00,WDC,매수,4,279.0595,,,20364.98,저점 $276.98 대비 +0.70% 반등 (RSI 41)
2026-02-25 09:30:00,AAPL,매도,2,271.5442,6.05,1.128,20907.67,로테이션 제외(모멘텀 순위 밖 또는 국면 0)
2026-02-25 09:30:00,AVGO,매도,2,330.5696,14.29,2.212,21568.33,로테이션 제외(모멘텀 순위 밖 또는 국면 0)
2026-02-25 09:30:00,BTSG,매도,1,40.5647,0.52,1.293,21608.87,로테이션 제외(모멘텀 순위 밖 또는 국면 0)
2026-02-25 09:30:00,CRDO,매도,4,118.7456,-22.0,-4.433,22083.5,로테이션 제외(모멘텀 순위 밖 또는 국면 0)
2026-02-25 09:30:00,CRWD,매도,7,87.3488,-0.24,-0.04,22694.5,로테이션 제외(모멘텀 순위 밖 또는 국면 0)
2026-02-25 09:30:00,KO,매도,3,80.3598,-1.01,-0.416,22935.4,로테이션 제외(모멘텀 순위 밖 또는 국면 0)
2026-02-25 09:30:00,LRCX,매도,3,249.7251,17.4,2.381,23684.03,로테이션 제외(모멘텀 순위 밖 또는 국면 0)
2026-02-25 09:30:00,MDB,매도,3,311.1344,19.78,2.168,24616.75,로테이션 제외(모멘텀 순위 밖 또는 국면 0)
2026-02-25 09:30:00,MNST,매도,6,42.4438,0.43,0.17,24871.23,로테이션 제외(모멘텀 순위 밖 또는 국면 0)
2026-02-25 09:30:00,MRVL,매도,13,78.9605,10.52,1.037,25896.96,로테이션 제외(모멘텀 순위 밖 또는 국면 0)
2026-02-25 09:30:00,MU,매도,2,426.7545,-6.68,-0.778,26749.85,로테이션 제외(모멘텀 순위 밖 또는 국면 0)
2026-02-25 09:30:00,NVDA,매도,5,194.3728,12.58,1.313,27721.0,로테이션 제외(모멘텀 순위 밖 또는 국면 0)
2026-02-25 09:30:00,ORCL,매도,5,149.0854,39.84,5.654,28465.89,로테이션 제외(모멘텀 순위 밖 또는 국면 0)
2026-02-25 09:30:00,PEP,매도,1,168.5257,-0.08,-0.047,28634.29,로테이션 제외(모멘텀 순위 밖 또는 국면 0)
2026-02-25 09:30:00,SHIP,매도,3,14.023,1.16,2.838,28676.33,로테이션 제외(모멘텀 순위 밖 또는 국면 0)
2026-02-25 09:30:00,SLB,매도,1,51.974,0.41,0.795,28728.26,로테이션 제외(모멘텀 순위 밖 또는 국면 0)
2026-02-25 09:30:00,SNDK,매도,1,643.9678,-38.62,-5.666,29371.76,로테이션 제외(모멘텀 순위 밖 또는 국면 0)
2026-02-25 09:30:00,STX,매도,2,407.796,-15.34,-1.849,30186.76,로테이션 제외(모멘텀 순위 밖 또는 국면 0)
2026-02-25 09:30:00,USB,매도,2,55.5022,0.53,0.481,30297.68,로테이션 제외(모멘텀 순위 밖 또는 국면 0)
2026-02-25 11:30:00,RTX,매수,3,195.7728,,,29709.95,저점 $194.44 대비 +0.64% 반등 (RSI 31)
2026-02-25 11:30:00,UNP,매수,2,264.5272,,,29180.53,저점 $262.20 대비 +0.84% 반등 (RSI 50)
2026-02-25 13:29:59,WDC,매도,4,289.6551,40.76,3.651,30338.3,고점 $295.07 대비 -1.00% → 익절 +3.85%
2026-02-25 14:29:59,NEM,매도,10,125.7421,48.3,4.001,31594.81,고점 $126.66 대비 -0.50% → 익절 +4.20%
2026-02-25 15:59:59,RTX,매도,3,195.872,-0.54,-0.092,32181.99,장마감 청산 +0.10%
2026-02-25 15:59:59,UNP,매도,2,264.2278,-1.35,-0.256,32710.06,장마감 청산 -0.06%
2026-02-26 11:30:00,CRDO,매수,5,115.4077,,,32132.62,저점 $114.60 대비 +0.65% 반등 (RSI 35)
2026-02-26 11:30:00,NVDA,매수,3,187.8739,,,31568.6,저점 $186.10 대비 +0.90% 반등 (RSI 38)
2026-02-26 15:59:59,CRDO,매도,5,114.3378,-6.17,-1.069,32139.88,장마감 청산 -0.88%
2026-02-26 15:59:59,NVDA,매도,3,184.8075,-10.0,-1.774,32693.89,장마감 청산 -1.58%
2026-02-27 11:30:00,UNP,매수,2,264.102,,,32165.32,저점 $261.92 대비 +0.78% 반등 (RSI 48)
2026-02-27 13:30:00,JPM,매수,2,296.6332,,,31571.64,저점 $294.48 대비 +0.68% 반등 (RSI 40)
2026-02-27 13:30:00,USB,매수,11,54.5973,,,30970.65,저점 $54.10 대비 +0.87% 반등 (RSI 37)
2026-02-27 15:59:59,JPM,매도,2,299.7701,5.42,0.914,31569.75,장마감 청산 +1.11%
2026-02-27 15:59:59,UNP,매도,2,264.8375,0.71,0.135,32099.04,장마감 청산 +0.33%
2026-02-27 15:59:59,USB,매도,11,54.6077,-0.74,-0.124,32699.28,장마감 청산 +0.07%
2026-03-02 10:30:00,AAPL,매수,2,263.9519,,,32171.01,저점 $262.44 대비 +0.53% 반등 (RSI 32)
2026-03-02 10:30:00,GOOGL,매수,2,304.8724,,,31560.84,저점 $303.13 대비 +0.52% 반등 (RSI 42)
2026-03-02 12:30:00,DAL,매수,10,64.052,,,30919.87,저점 $63.42 대비 +0.94% 반등 (RSI 30)
2026-03-02 15:59:59,AAPL,매도,2,264.4677,0.28,0.052,31448.42,장마감 청산 +0.25%
2026-03-02 15:59:59,DAL,매도,10,64.1979,0.54,0.085,32089.93,장마감 청산 +0.28%
2026-03-02 15:59:59,GOOGL,매도,2,306.1069,1.6,0.262,32701.7,장마감 청산 +0.46%
2026-03-06 13:30:00,INCY,매수,6,95.6978,,,32127.11,저점 $94.76 대비 +0.93% 반등 (RSI 36)
2026-03-06 15:59:59,INCY,매도,6,95.902,0.4,0.07,32702.1,장마감 청산 +0.26%
2026-03-09 11:30:00,JPM,매수,2,284.2554,,,32133.19,저점 $282.21 대비 +0.67% 반등 (RSI 31)
2026-03-09 11:30:00,ORCL,매수,4,149.2346,,,31535.84,저점 $147.71 대비 +0.99% 반등 (RSI 42)
2026-03-09 11:30:00,ROST,매수,3,208.2141,,,30910.76,저점 $206.13 대비 +0.96% 반등 (RSI 47)
2026-03-09 11:30:00,UNP,매수,2,249.9149,,,30410.58,저점 $248.46 대비 +0.54% 반등 (RSI 28)
2026-03-09 11:30:00,USB,매수,12,51.0355,,,29797.72,저점 $50.60 대비 +0.81% 반등 (RSI 30)
2026-03-09 14:30:00,UNH,매수,2,281.4857,,,29234.36,저점 $279.93 대비 +0.51% 반등 (RSI 40)
2026-03-09 15:59:59,JPM,매도,2,289.7451,10.16,1.787,29813.42,장마감 청산 +1.98%
2026-03-09 15:59:59,ORCL,매도,4,151.4742,8.1,1.357,30418.88,장마감 청산 +1.55%
2026-03-09 15:59:59,ROST,매도,3,212.0139,10.5,1.681,31054.46,장마감 청산 +1.88%
2026-03-09 15:59:59,UNH,매도,2,284.8975,6.01,1.068,31623.83,장마감 청산 +1.26%
2026-03-09 15:59:59,UNP,매도,2,253.3633,6.18,1.236,32130.19,장마감 청산 +1.43%
2026-03-09 15:59:59,USB,매도,12,52.1039,11.94,1.949,32754.98,장마감 청산 +2.14%
2026-03-10 11:30:00,CRM,매수,3,195.0775,,,32169.34,저점 $193.11 대비 +0.97% 반등 (RSI 44)
2026-03-10 11:30:00,EOG,매수,5,130.6753,,,31515.51,저점 $129.76 대비 +0.66% 반등 (RSI 45)
2026-03-10 15:59:59,CRM,매도,3,194.8025,-1.66,-0.284,32099.49,장마감 청산 -0.09%
2026-03-10 15:59:59,EOG,매도,5,127.866,-14.97,-2.291,32738.35,장마감 청산 -2.10%
2026-03-11 11:30:00,ISRG,매수,1,484.232,,,32253.78,저점 $480.60 대비 +0.71% 반등 (RSI 43)
2026-03-11 11:30:00,UNP,매수,2,249.7548,,,31753.92,저점 $247.94 대비 +0.68% 반등 (RSI 38)
2026-03-11 15:59:59,ISRG,매도,1,492.6436,7.71,1.593,32246.2,장마감 청산 +1.79%
2026-03-11 15:59:59,UNP,매도,2,250.9745,1.72,0.345,32747.79,장마감 청산 +0.54%
2026-03-13 10:30:00,META,매수,1,627.0383,,,32120.31,저점 $623.27 대비 +0.55% 반등 (RSI 27)
2026-03-13 13:30:00,BTSG,매수,17,38.2141,,,31470.22,저점 $37.82 대비 +0.99% 반등 (RSI 31)
2026-03-13 15:59:59,META,매도,1,613.3232,-14.6,-2.329,32083.09,장마감 청산 -2.14%
2026-03-13 15:59:59,BTSG,매도,17,38.3308,1.05,0.162,32734.24,장마감 청산 +0.36%
2026-03-17 13:30:00,AVGO,매수,2,320.9504,,,32091.89,저점 $317.89 대비 +0.91% 반등 (RSI 37)
2026-03-17 15:59:59,AVGO,매도,2,321.1294,-0.56,-0.087,32733.68,장마감 청산 +0.11%
2026-03-18 10:30:00,FTNT,매수,7,83.3517,,,32149.81,저점 $82.51 대비 +0.97% 반등 (RSI 43)
2026-03-18 10:30:00,PGR,매수,3,205.3426,,,31533.35,저점 $203.54 대비 +0.84% 반등 (RSI 44)
2026-03-18 15:59:59,FTNT,매도,7,83.3483,-0.86,-0.147,32116.36,장마감 청산 +0.05%
2026-03-18 15:59:59,PGR,매도,3,201.0644,-13.71,-2.225,32719.11,장마감 청산 -2.03%
2026-03-19 10:30:00,MRVL,매수,7,86.9835,,,32109.8,저점 $86.30 대비 +0.74% 반등 (RSI 34)
2026-03-19 15:59:59,MRVL,매도,7,89.4453,16.35,2.685,32735.46,장마감 청산 +2.88%
2026-03-23 13:30:00,STX,매수,1,398.7693,,,32336.42,저점 $396.06 대비 +0.63% 반등 (RSI 40)
2026-03-23 15:59:59,STX,매도,1,403.798,4.45,1.117,32739.92,장마감 청산 +1.31%
2026-03-24 10:30:00,UNH,매수,2,270.7153,,,32198.11,저점 $268.87 대비 +0.64% 반등 (RSI 28)
2026-03-24 11:30:00,DDOG,매수,5,125.2626,,,31571.36,저점 $124.56 대비 +0.51% 반등 (RSI 41)
2026-03-24 11:30:00,FTNT,매수,8,80.8404,,,30924.18,저점 $80.32 대비 +0.60% 반등 (RSI 39)
2026-03-24 14:30:00,ISRG,매수,1,473.6167,,,30450.23,저점 $470.03 대비 +0.71% 반등 (RSI 42)
2026-03-24 15:59:59,DDOG,매도,5,122.5287,-14.56,-2.324,31062.43,장마감 청산 -2.13%
2026-03-24 15:59:59,FTNT,매도,8,79.3003,-13.24,-2.047,31696.37,장마감 청산 -1.86%
2026-03-24 15:59:59,ISRG,매도,1,471.674,-2.62,-0.553,32167.7,장마감 청산 -0.36%
2026-03-24 15:59:59,UNH,매도,2,272.1439,2.08,0.384,32711.59,장마감 청산 +0.58%
2026-03-27 11:30:00,NOW,매수,6,99.3847,,,32114.86,저점 $98.65 대비 +0.69% 반등 (RSI 27)
2026-03-27 15:29:59,NOW,매도,6,99.7701,1.46,0.245,32713.05,시장 급락 -1.6% → 청산
2026-03-30 10:30:00,BKNG,매수,3,164.2807,,,32219.86,저점 $162.60 대비 +0.98% 반등 (RSI 34)
2026-03-30 10:30:00,ISRG,매수,1,456.228,,,31763.31,저점 $453.05 대비 +0.65% 반등 (RSI 34)
2026-03-30 11:30:00,ORCL,매수,4,140.04,,,31202.76,저점 $138.77 대비 +0.86% 반등 (RSI 36)
2026-03-30 15:59:59,BKNG,매도,3,164.67,0.46,0.094,31696.41,장마감 청산 +0.29%
2026-03-30 15:59:59,ISRG,매도,1,452.5736,-4.3,-0.943,32148.65,장마감 청산 -0.75%
2026-03-30 15:59:59,ORCL,매도,4,138.7206,-6.07,-1.084,32703.13,장마감 청산 -0.89%
2026-03-31 10:30:00,CRDO,매수,7,90.2451,,,32070.97,저점 $89.39 대비 +0.91% 반등 (RSI 38)
2026-03-31 10:30:00,DAL,매수,10,64.5973,,,31424.55,저점 $63.95 대비 +0.96% 반등 (RSI 46)
2026-03-31 10:30:00,MU,매수,2,324.7123,,,30774.67,저점 $321.73 대비 +0.88% 반등 (RSI 25)
2026-03-31 12:30:00,PGR,매수,3,198.9194,,,30177.49,저점 $197.22 대비 +0.81% 반등 (RSI 37)
2026-03-31 15:59:59,CRDO,매도,7,93.7631,23.7,3.752,30833.36,장마감 청산 +3.95%
2026-03-31 15:59:59,DAL,매도,10,66.4668,17.76,2.749,31497.54,장마감 청산 +2.95%
2026-03-31 15:59:59,MU,매도,2,337.4462,24.52,3.776,32171.94,장마감 청산 +3.97%
2026-03-31 15:59:59,PGR,매도,3,198.0909,-3.34,-0.559,32765.78,장마감 청산 -0.37%
2026-04-01 11:30:00,PGR,매수,3,194.9374,,,32180.56,저점 $193.32 대비 +0.79% 반등 (RSI 27)
2026-04-01 15:59:59,PGR,매도,3,193.2733,-5.82,-0.996,32759.95,장마감 청산 -0.80%
2026-04-02 10:30:00,BTSG,매수,15,41.5007,,,32137.0,저점 $41.10 대비 +0.92% 반등 (RSI 39)
2026-04-02 14:29:59,BTSG,매도,15,42.6287,16.02,2.573,32775.97,고점 $43.22 대비 -1.00% → 익절 +2.77%
2026-04-06 10:30:00,AMGN,매수,1,347.4687,,,32428.26,저점 $345.45 대비 +0.53% 반등 (RSI 39)
2026-04-06 15:59:59,AMGN,매도,1,342.3887,-5.57,-1.604,32770.4,장마감 청산 -1.41%
2026-04-07 12:30:00,NOW,매수,6,101.0155,,,32163.88,저점 $100.16 대비 +0.80% 반등 (RSI 40)
2026-04-07 15:59:59,NOW,매도,6,100.4897,-4.02,-0.663,32766.38,장마감 청산 -0.47%
2026-04-08 10:30:00,PEP,매수,4,153.0265,,,32153.84,저점 $151.75 대비 +0.79% 반등 (RSI 35)
2026-04-08 15:59:59,PEP,매도,4,154.7126,5.86,0.958,32772.24,장마감 청산 +1.15%
2026-04-09 09:30:00,AMGN,매수,2,347.6337,,,32076.49,K 따라 매수: 주식층 비중 3.7%
2026-04-09 09:30:00,BTSG,매수,18,46.1431,,,31245.33,K 따라 매수: 주식층 비중 3.7%
2026-04-09 09:30:00,KO,매수,11,76.6883,,,30401.17,K 따라 매수: 주식층 비중 3.7%
2026-04-09 11:30:00,ORCL,매수,9,139.2296,,,29147.22,저점 $138.25 대비 +0.66% 반등 (RSI 36)
2026-04-09 14:30:00,NET,매수,6,187.7938,,,28019.67,저점 $185.88 대비 +0.98% 반등 (RSI 26)
2026-04-10 09:30:00,AMGN,매도,2,357.2813,18.29,2.63,28733.71,로테이션 제외(모멘텀 순위 밖 또는 국면 0)
2026-04-10 09:30:00,BTSG,매도,18,45.6072,-10.83,-1.303,29554.04,로테이션 제외(모멘텀 순위 밖 또는 국면 0)
2026-04-10 09:30:00,KO,매도,11,77.941,12.56,1.489,30410.77,로테이션 제외(모멘텀 순위 밖 또는 국면 0)
2026-04-10 09:30:00,MU,매수,14,420.4951,,,24519.72,K 따라 매수: 주식층 비중 26.5%
2026-04-10 09:30:00,SNDK,매수,6,873.9367,,,19272.42,K 따라 매수: 주식층 비중 26.5%
2026-04-10 09:30:00,WDC,매수,13,344.172,,,14795.06,K 따라 매수: 주식층 비중 26.5%
2026-04-10 09:31:15,WDC,매수,4,344.7313,,,13415.17,K 비중 맞춤(늘림 26.5%)
2026-04-10 10:29:59,NET,매도,6,165.2673,-136.67,-12.13,14406.05,손절 -11.95%
2026-04-13 09:30:00,MU,매도,14,416.2618,-67.64,-1.149,20229.46,로테이션 제외(모멘텀 순위 밖 또는 국면 0)
2026-04-13 09:30:00,STX,매수,11,500.33,,,14721.97,K 따라 매수: 주식층 비중 26.4%
2026-04-14 10:29:59,ORCL,매도,9,165.1474,231.3,18.459,16207.22,고점 $167.93 대비 -0.50% → 익절 +18.67%
2026-04-14 10:30:00,PEP,매수,7,155.8979,,,15115.17,저점 $154.51 대비 +0.85% 반등 (RSI 48)
2026-04-14 10:30:00,SLB,매수,1,51.6208,,,15063.51,저점 $51.30 대비 +0.58% 반등 (RSI 46)
2026-04-15 09:30:00,STX,매도,11,520.4197,212.95,3.869,20783.95,로테이션 제외(모멘텀 순위 밖 또는 국면 0)
2026-04-15 09:31:34,MU,매수,12,458.1915,,,15281.8,K 따라 매수: 주식층 비중 24.5%
2026-04-16 09:30:00,MU,매도,12,452.4587,-76.61,-1.393,20707.34,로테이션 제외(모멘텀 순위 밖 또는 국면 0)
2026-04-16 09:30:00,STX,매수,11,512.0159,,,15071.22,K 따라 매수: 주식층 비중 24.5%
2026-04-17 09:30:00,SNDK,매도,4,920.3796,180.64,5.167,18750.05,K 비중 맞춤(줄임 4.6%)
2026-04-17 09:30:00,STX,매도,8,544.7275,255.64,6.241,23104.69,K 비중 맞춤(줄임 4.7%)
2026-04-17 09:30:00,TGT,매수,1,124.162,,,22980.44,K 따라 매수: 주식층 비중 0.9%
2026-04-17 09:30:00,UNP,매수,1,252.5662,,,22727.7,K 따라 매수: 주식층 비중 2.0%
2026-04-17 09:30:00,USB,매수,6,55.978,,,22391.6,K 따라 매수: 주식층 비중 1.4%
2026-04-17 09:30:00,VZ,매수,4,46.1331,,,22206.94,K 따라 매수: 주식층 비중 1.0%
2026-04-17 09:30:00,WDC,매도,14,370.1648,354.9,7.363,27385.46,K 비중 맞춤(줄임 4.6%)
2026-04-17 09:31:30,CRDO,매수,3,164.1483,,,26892.67,K 따라 매수: 주식층 비중 2.3%
2026-04-17 09:31:49,FCX,매수,1,69.273,,,26823.35,K 따라 매수: 주식층 비중 0.4%
2026-04-17 09:31:56,MDB,매수,2,254.9763,,,26313.04,K 따라 매수: 주식층 비중 3.1%
2026-04-17 09:31:56,SHIP,매수,5,14.6604,,,26239.69,K 따라 매수: 주식층 비중 0.3%
2026-04-17 09:32:08,MU,매수,2,467.9078,,,25303.22,K 따라 매수: 주식층 비중 4.7%
2026-04-17 09:32:13,DHI,매수,1,146.7633,,,25156.35,K 따라 매수: 주식층 비중 0.9%
2026-04-17 09:32:13,MRVL,매수,8,134.6973,,,24078.02,K 따라 매수: 주식층 비중 4.6%
2026-04-17 09:32:30,DAL,매수,1,74.326,,,24003.64,K 따라 매수: 주식층 비중 0.4%
2026-04-17 09:32:36,LRCX,매수,3,268.3675,,,23197.97,K 따라 매수: 주식층 비중 4.5%
2026-04-17 09:32:43,AMD,매수,3,279.0628,,,22360.2,K 따라 매수: 주식층 비중 4.2%
2026-04-17 09:32:43,EOG,매수,1,126.6199,,,22233.49,K 따라 매수: 주식층 비중 1.1%
2026-04-17 09:32:43,INCY,매수,2,96.5621,,,22040.23,K 따라 매수: 주식층 비중 0.9%
2026-04-17 09:32:43,INTC,매수,14,68.7504,,,21077.05,K 따라 매수: 주식층 비중 4.3%
2026-04-17 09:32:43,SHOP,매수,7,130.15,,,20165.36,K 따라 매수: 주식층 비중 4.1%
2026-04-17 09:33:00,RTX,매수,1,195.6678,,,19969.56,K 따라 매수: 주식층 비중 1.4%
2026-04-17 09:33:09,BTSG,매수,2,46.5413,,,19876.41,K 따라 매수: 주식층 비중 0.5%
2026-04-17 09:33:45,AVGO,매수,1,400.7403,,,19475.39,K 따라 매수: 주식층 비중 2.5%
2026-04-17 09:34:00,NVDA,매수,4,199.7765,,,18675.73,K 따라 매수: 주식층 비중 4.1%
2026-04-17 09:34:00,ROST,매수,1,223.7752,,,18451.79,K 따라 매수: 주식층 비중 1.4%
2026-04-17 09:34:17,KO,매수,10,75.0204,,,17701.06,K 따라 매수: 주식층 비중 3.3%
2026-04-17 09:34:36,AAPL,매수,2,267.1055,,,17166.48,K 따라 매수: 주식층 비중 3.2%
2026-04-17 14:29:59,SLB,매도,1,52.8386,1.14,2.214,17219.28,고점 $53.32 대비 -0.50% → 익절 +2.41%
2026-04-17 14:35:27,SLB,매수,2,52.9565,,,17113.29,K 따라 매수: 주식층 비중 0.7%
2026-04-20 09:30:00,BTSG,매도,2,46.9565,0.7,0.749,17207.14,로테이션 제외(모멘텀 순위 밖 또는 국면 0)
2026-04-20 09:30:00,DHI,매도,1,148.4957,1.52,1.037,17355.52,로테이션 제외(모멘텀 순위 밖 또는 국면 0)
2026-04-20 09:30:00,LRCX,매수,1,267.3036,,,17088.03,K 비중 맞춤(늘림 4.5%)
2026-04-20 09:30:00,RTX,매도,1,197.7011,1.75,0.895,17285.59,로테이션 제외(모멘텀 순위 밖 또는 국면 0)
2026-04-20 15:59:59,PEP,매도,7,156.9015,5.46,0.5,18383.1,보유기한 청산 +0.69%
2026-04-21 09:30:00,PEP,매수,2,156.8184,,,18069.24,K 따라 매수: 주식층 비중 1.8%
2026-04-21 09:30:00,VZ,매수,1,46.5433,,,18022.67,K 비중 맞춤(늘림 1.0%)
2026-04-22 09:30:00,AMD,매도,3,291.0644,34.78,4.155,18895.22,로테이션 제외(모멘텀 순위 밖 또는 국면 0)
2026-04-22 09:30:00,AVGO,매도,1,406.7765,5.46,1.362,19301.7,로테이션 제외(모멘텀 순위 밖 또는 국면 0)
2026-04-22 09:30:00,BTSG,매수,1,46.7834,,,19254.89,K 따라 매수: 주식층 비중 0.4%
2026-04-22 09:30:00,CRDO,매도,3,186.5267,66.38,13.48,19814.06,로테이션 제외(모멘텀 순위 밖 또는 국면 0)
2026-04-22 09:30:00,FCX,매도,1,69.3553,-0.02,-0.024,19883.36,로테이션 제외(모멘텀 순위 밖 또는 국면 0)
2026-04-22 09:30:00,FTNT,매수,9,86.3081,,,19106.05,K 따라 매수: 주식층 비중 3.3%
2026-04-22 09:30:00,INTC,매도,14,67.926,-12.91,-1.341,20056.32,로테이션 제외(모멘텀 순위 밖 또는 국면 0)
2026-04-22 09:30:00,KO,매도,1,74.8626,-0.27,-0.353,20131.12,K 비중 맞춤(줄임 2.8%)
2026-04-22 09:30:00,LRCX,매도,4,261.5791,-27.6,-2.574,21176.68,로테이션 제외(모멘텀 순위 밖 또는 국면 0)
2026-04-22 09:30:00,MRVL,매도,8,153.5832,149.44,13.868,22404.44,로테이션 제외(모멘텀 순위 밖 또는 국면 0)
2026-04-22 09:30:00,MU,매도,2,462.6186,-11.91,-1.273,23329.01,로테이션 제외(모멘텀 순위 밖 또는 국면 0)
2026-04-22 09:30:00,NVDA,매도,4,200.8995,3.35,0.419,24132.02,로테이션 제외(모멘텀 순위 밖 또는 국면 0)
2026-04-22 09:30:00,RTX,매수,1,187.8389,,,23944.05,K 따라 매수: 주식층 비중 1.1%
2026-04-22 09:30:00,SHIP,매도,5,14.4228,-1.29,-1.763,24016.11,로테이션 제외(모멘텀 순위 밖 또는 국면 0)
2026-04-22 09:30:00,SHOP,매도,7,133.3233,20.89,2.293,24948.69,로테이션 제외(모멘텀 순위 밖 또는 국면 0)
2026-04-22 09:30:00,SNDK,매도,2,921.549,92.66,5.301,26790.44,로테이션 제외(모멘텀 순위 밖 또는 국면 0)
2026-04-22 09:30:00,STX,매도,1,579.72,66.92,13.07,27369.74,K 비중 맞춤(줄임 4.6%)
2026-04-22 09:30:00,UNP,매도,1,253.1134,0.19,0.073,27622.67,로테이션 제외(모멘텀 순위 밖 또는 국면 0)
2026-04-22 09:30:00,USB,매도,1,57.0215,0.96,1.72,27679.65,K 비중 맞춤(줄임 1.1%)
2026-04-22 10:30:00,NEM,매수,12,112.3962,,,26329.95,저점 $111.49 대비 +0.76% 반등 (RSI 46)
2026-04-23 09:30:00,CRWD,매수,5,113.3066,,,25763.02,K 따라 매수: 주식층 비중 2.7%
2026-04-23 09:30:00,RTX,매도,1,181.2693,-6.83,-3.638,25944.16,로테이션 제외(모멘텀 순위 밖 또는 국면 0)
2026-04-23 09:30:00,SLB,매도,2,54.5327,3.0,2.831,26053.14,로테이션 제외(모멘텀 순위 밖 또는 국면 0)
2026-04-23 09:30:00,VZ,매도,1,46.4568,0.18,0.38,26099.57,K 비중 맞춤(줄임 0.7%)
2026-04-23 11:30:00,DASH,매수,7,176.6883,,,24861.88,저점 $175.17 대비 +0.82% 반등 (RSI 37)
2026-04-23 14:30:00,RTX,매수,7,179.7448,,,23602.79,저점 $178.66 대비 +0.56% 반등 (RSI 28)
2026-04-24 09:30:00,BTSG,매수,1,47.0235,,,23555.73,K 비중 맞춤(늘림 0.4%)
2026-04-24 09:30:00,CRWD,매도,5,111.9278,-7.7,-1.359,24114.96,로테이션 제외(모멘텀 순위 밖 또는 국면 0)
2026-04-24 09:30:00,DHI,매수,1,164.062,,,23950.78,K 따라 매수: 주식층 비중 0.8%
2026-04-24 09:30:00,FTNT,매도,9,83.0584,-30.34,-3.905,24697.76,로테이션 제외(모멘텀 순위 밖 또는 국면 0)
2026-04-24 09:30:00,SHIP,매수,5,14.1571,,,24626.93,K 따라 매수: 주식층 비중 0.3%
2026-04-24 09:30:00,SHOP,매수,8,124.5622,,,23629.73,K 따라 매수: 주식층 비중 4.2%
2026-04-24 09:30:00,UNP,매수,1,273.0164,,,23356.53,K 따라 매수: 주식층 비중 1.4%
2026-04-24 09:30:00,USB,매수,1,56.7784,,,23299.71,K 비중 맞춤(늘림 1.4%)
2026-04-24 09:30:00,VZ,매도,4,47.0365,3.02,1.633,23487.72,로테이션 제외(모멘텀 순위 밖 또는 국면 0)
2026-04-24 11:29:59,NEM,매도,12,117.3939,58.0,4.3,24895.42,고점 $118.08 대비 -0.50% → 익절 +4.50%
2026-04-24 11:29:59,RTX,매도,7,172.3188,-53.74,-4.271,26100.77,손절 -4.08%
2026-04-27 09:30:00,AMD,매수,3,346.7333,,,25059.84,K 따라 매수: 주식층 비중 4.4%
2026-04-27 09:30:00,AVGO,매수,1,420.6052,,,24638.94,K 따라 매수: 주식층 비중 2.4%
2026-04-27 09:30:00,CRDO,매수,2,189.7248,,,24259.22,K 따라 매수: 주식층 비중 2.3%
2026-04-27 09:30:00,FTNT,매수,9,84.142,,,23501.42,K 따라 매수: 주식층 비중 3.3%
2026-04-27 09:30:00,INCY,매도,2,94.4528,-4.49,-2.326,23690.18,로테이션 제외(모멘텀 순위 밖 또는 국면 0)
2026-04-27 09:30:00,INTC,매수,12,83.6518,,,22685.66,K 따라 매수: 주식층 비중 4.5%
2026-04-27 09:30:00,KO,매도,9,76.6716,13.88,2.056,23375.2,로테이션 제외(모멘텀 순위 밖 또는 국면 0)
2026-04-27 09:30:00,LRCX,매수,4,267.8939,,,22302.87,K 따라 매수: 주식층 비중 4.7%
2026-04-27 09:30:00,MRVL,매수,6,162.2111,,,21328.93,K 따라 매수: 주식층 비중 4.7%
2026-04-27 09:30:00,MU,매수,1,510.8153,,,20817.75,K 따라 매수: 주식층 비중 3.4%
2026-04-27 09:30:00,NVDA,매수,4,209.7498,,,19978.17,K 따라 매수: 주식층 비중 4.0%
2026-04-27 09:30:00,PEP,매도,2,155.4522,-3.18,-1.014,20288.84,로테이션 제외(모멘텀 순위 밖 또는 국면 0)
2026-04-27 09:30:00,SHOP,매도,8,124.3428,-3.18,-0.319,21282.86,로테이션 제외(모멘텀 순위 밖 또는 국면 0)
2026-04-27 09:30:00,SLB,매수,2,56.1431,,,21170.5,K 따라 매수: 주식층 비중 0.5%
2026-04-27 09:30:00,USB,매도,1,55.6022,-0.59,-1.05,21226.06,K 비중 맞춤(줄임 1.1%)
2026-04-28 09:30:00,AAPL,매도,2,272.1988,9.42,1.762,21770.06,로테이션 제외(모멘텀 순위 밖 또는 국면 0)
2026-04-28 09:30:00,CRDO,매수,1,169.2896,,,21600.65,K 비중 맞춤(늘림 2.3%)
2026-04-28 09:30:00,INTC,매수,1,81.3206,,,21519.27,K 비중 맞춤(늘림 4.6%)
2026-04-28 09:30:00,LRCX,매도,1,252.4337,-15.83,-5.91,21771.52,K 비중 맞춤(줄임 3.1%)
2026-04-28 09:30:00,MDB,매도,2,264.8375,18.98,3.722,22300.81,로테이션 제외(모멘텀 순위 밖 또는 국면 0)
2026-04-28 09:30:00,MRVL,매수,1,147.8089,,,22152.9,K 비중 맞춤(늘림 4.7%)
2026-04-28 09:30:00,STX,매도,2,565.2173,104.86,10.24,23282.51,로테이션 제외(모멘텀 순위 밖 또는 국면 0)
2026-04-28 09:30:00,VZ,매수,3,48.014,,,23138.36,K 따라 매수: 주식층 비중 0.7%
2026-04-28 09:30:00,WDC,매도,3,383.9479,117.37,11.363,24289.37,로테이션 제외(모멘텀 순위 밖 또는 국면 0)
2026-04-28 10:12:37,SNDK,매수,1,1025.926,,,23262.72,K 따라 매수: 주식층 비중 4.3%
2026-04-28 12:30:00,INCY,매수,14,93.7869,,,21948.79,저점 $92.87 대비 +0.94% 반등 (RSI 40)
2026-04-28 12:30:00,ORCL,매수,8,166.7733,,,20613.67,저점 $165.72 대비 +0.59% 반등 (RSI 33)
2026-04-29 09:30:00,CRDO,매수,3,171.6458,,,20098.37,K 비중 맞춤(늘림 4.6%)
2026-04-29 09:30:00,DASH,매도,7,169.3503,-53.1,-4.293,21282.96,손절 -4.11%
2026-04-29 09:30:00,INTC,매도,4,87.2064,14.45,4.327,21631.53,K 비중 맞춤(줄임 2.9%)
2026-04-29 09:30:00,KO,매수,6,78.4092,,,21160.74,K 따라 매수: 주식층 비중 2.1%
2026-04-29 09:30:00,PEP,매수,2,155.8879,,,20848.75,K 따라 매수: 주식층 비중 1.4%
2026-04-29 09:30:00,ROST,매도,1,224.9475,0.85,0.38,21073.53,로테이션 제외(모멘텀 순위 밖 또는 국면 0)
2026-04-29 09:30:00,TGT,매도,1,126.5267,2.19,1.76,21199.97,로테이션 제외(모멘텀 순위 밖 또는 국면 0)
2026-04-29 10:29:59,INCY,매도,14,96.8465,40.93,3.117,22554.83,고점 $99.18 대비 -0.50% → 익절 +3.31%
2026-04-29 11:30:00,MNST,매수,35,38.3742,,,21210.79,저점 $38.16 대비 +0.51% 반등 (RSI 44)
2026-04-29 13:30:00,BKNG,매수,7,173.5167,,,19995.32,저점 $172.38 대비 +0.61% 반등 (RSI 32)
2026-04-30 09:30:00,AMD,매도,3,341.1843,-18.12,-1.742,21018.13,로테이션 제외(모멘텀 순위 밖 또는 국면 0)
2026-04-30 09:30:00,AVGO,매도,1,415.3122,-5.89,-1.4,21433.14,로테이션 제외(모멘텀 순위 밖 또는 국면 0)
2026-04-30 09:30:00,BTSG,매도,2,48.1059,2.27,2.419,21529.28,로테이션 제외(모멘텀 순위 밖 또는 국면 0)
2026-04-30 09:30:00,CRDO,매도,6,179.5202,11.91,1.12,22605.61,로테이션 제외(모멘텀 순위 밖 또는 국면 0)
2026-04-30 09:30:00,INCY,매수,2,100.6203,,,22404.23,K 따라 매수: 주식층 비중 0.9%
2026-04-30 09:30:00,INTC,매도,9,94.1229,94.71,12.607,23250.72,로테이션 제외(모멘텀 순위 밖 또는 국면 0)
2026-04-30 09:30:00,KO,매수,8,78.8344,,,22619.6,K 비중 맞춤(늘림 4.8%)
2026-04-30 09:30:00,LRCX,매도,3,252.1739,-48.27,-6.007,23375.57,로테이션 제외(모멘텀 순위 밖 또는 국면 0)
2026-04-30 09:30:00,MRVL,매도,7,160.3898,0.05,0.004,24497.48,로테이션 제외(모멘텀 순위 밖 또는 국면 0)
2026-04-30 09:30:00,MU,매도,1,531.9238,20.36,3.986,25029.02,로테이션 제외(모멘텀 순위 밖 또는 국면 0)
2026-04-30 09:30:00,NVDA,매도,4,209.834,-0.86,-0.103,25867.74,로테이션 제외(모멘텀 순위 밖 또는 국면 0)
2026-04-30 09:30:00,PEP,매수,6,156.058,,,24930.74,K 비중 맞춤(늘림 5.4%)
2026-04-30 09:30:00,SNDK,매도,1,1110.5844,83.13,8.103,26040.51,로테이션 제외(모멘텀 순위 밖 또는 국면 0)
2026-04-30 09:30:00,VZ,매수,1,46.8834,,,25993.6,K 비중 맞춤(늘림 0.9%)
2026-04-30 10:30:00,PGR,매수,6,199.6898,,,24794.62,저점 $198.24 대비 +0.68% 반등 (RSI 34)
2026-05-01 09:30:00,CDNS,매수,1,336.6683,,,24457.71,K 따라 매수: 주식층 비중 2.6%
2026-05-01 09:30:00,ROST,매수,1,225.7228,,,24231.83,K 따라 매수: 주식층 비중 1.4%
2026-05-01 09:30:00,SHOP,매수,8,124.052,,,23238.72,K 따라 매수: 주식층 비중 4.6%
2026-05-01 09:30:00,TGT,매수,1,129.8749,,,23108.76,K 따라 매수: 주식층 비중 1.0%
2026-05-01 14:29:59,ORCL,매도,8,172.3438,42.62,3.195,24486.5,고점 $173.66 대비 -0.50% → 익절 +3.39%
2026-05-04 09:30:00,AAPL,매수,2,279.7948,,,23926.52,K 따라 매수: 주식층 비중 2.9%
2026-05-04 09:30:00,AMD,매수,1,360.4902,,,23565.78,K 따라 매수: 주식층 비중 2.1%
2026-05-04 09:30:00,AVGO,매수,1,418.4791,,,23147.0,K 따라 매수: 주식층 비중 2.5%
2026-05-04 09:30:00,BTSG,매수,1,52.5563,,,23094.41,K 따라 매수: 주식층 비중 0.3%
2026-05-04 09:30:00,CDNS,매도,1,342.2088,5.06,1.502,23436.37,로테이션 제외(모멘텀 순위 밖 또는 국면 0)
2026-05-04 09:30:00,CRDO,매수,5,187.3236,,,22499.1,K 따라 매수: 주식층 비중 4.6%
2026-05-04 09:30:00,DDOG,매수,4,141.5958,,,21932.32,K 따라 매수: 주식층 비중 2.8%
2026-05-04 09:30:00,EOG,매도,1,139.7801,12.97,10.243,22072.0,로테이션 제외(모멘텀 순위 밖 또는 국면 0)
2026-05-04 09:30:00,INTC,매수,7,99.2196,,,21376.97,K 따라 매수: 주식층 비중 3.1%
2026-05-04 09:30:00,LRCX,매수,3,257.2486,,,20604.69,K 따라 매수: 주식층 비중 3.3%
2026-05-04 09:30:00,MDB,매수,3,263.7818,,,19812.79,K 따라 매수: 주식층 비중 3.4%
2026-05-04 09:30:00,MRVL,매수,5,165.5627,,,18984.39,K 따라 매수: 주식층 비중 3.5%
2026-05-04 09:30:00,MU,매수,1,561.1604,,,18422.84,K 따라 매수: 주식층 비중 3.8%
2026-05-04 09:30:00,NVDA,매수,5,198.6193,,,17429.05,K 따라 매수: 주식층 비중 4.4%
2026-05-04 09:30:00,SHOP,매도,8,126.5867,18.84,1.899,18441.0,로테이션 제외(모멘텀 순위 밖 또는 국면 0)
2026-05-04 09:30:00,STX,매수,1,742.0958,,,17698.39,K 따라 매수: 주식층 비중 4.7%
2026-05-04 09:30:00,VZ,매수,3,47.8439,,,17554.76,K 비중 맞춤(늘림 1.5%)
2026-05-04 09:30:00,WDC,매수,2,430.9454,,,16692.26,K 따라 매수: 주식층 비중 4.6%
2026-05-04 12:29:59,BKNG,매도,7,165.8071,-55.67,-4.583,17852.06,손절 -4.40%
2026-05-05 09:30:00,AMD,매도,1,351.2543,-9.74,-2.703,18203.06,로테이션 제외(모멘텀 순위 밖 또는 국면 0)
2026-05-05 09:30:00,AVGO,매도,1,421.4492,2.37,0.566,18624.2,로테이션 제외(모멘텀 순위 밖 또는 국면 0)
2026-05-05 09:30:00,CRDO,매도,5,184.4078,-15.91,-1.698,19545.57,로테이션 제외(모멘텀 순위 밖 또는 국면 0)
2026-05-05 09:30:00,CRWD,매수,5,118.6843,,,18951.73,K 따라 매수: 주식층 비중 2.7%
2026-05-05 09:30:00,INTC,매도,7,100.4547,7.65,1.101,19654.4,로테이션 제외(모멘텀 순위 밖 또는 국면 0)
2026-05-05 09:30:00,LRCX,매도,3,266.7366,27.34,3.543,20454.03,로테이션 제외(모멘텀 순위 밖 또는 국면 0)
2026-05-05 09:30:00,MRVL,매도,5,168.6156,14.07,1.7,21296.49,로테이션 제외(모멘텀 순위 밖 또는 국면 0)
2026-05-05 09:30:00,MU,매도,1,609.1652,47.17,8.405,21905.21,로테이션 제외(모멘텀 순위 밖 또는 국면 0)
2026-05-05 09:30:00,NVDA,매도,5,199.2004,1.48,0.149,22900.49,로테이션 제외(모멘텀 순위 밖 또는 국면 0)
2026-05-05 09:30:00,SHIP,매도,1,15.8521,1.67,11.821,22916.33,K 비중 맞춤(줄임 0.2%)
2026-05-05 12:30:00,DASH,매수,8,167.4337,,,21575.92,저점 $166.00 대비 +0.81% 반등 (RSI 36)
2026-05-05 15:59:59,MNST,매도,35,37.8811,-19.17,-1.427,22900.79,보유기한 청산 -1.24%
2026-05-06 09:30:00,AAPL,매도,2,281.7741,3.16,0.564,23463.92,로테이션 제외(모멘텀 순위 밖 또는 국면 0)
2026-05-06 09:30:00,AMGN,매수,1,329.2145,,,23134.48,K 따라 매수: 주식층 비중 1.6%
2026-05-06 09:30:00,BTSG,매수,5,52.4862,,,22871.86,K 비중 맞춤(늘림 1.4%)
2026-05-06 09:30:00,CDNS,매수,1,353.6767,,,22517.94,K 따라 매수: 주식층 비중 2.6%
2026-05-06 09:30:00,CRWD,매도,5,116.7366,-10.58,-1.783,23101.2,로테이션 제외(모멘텀 순위 밖 또는 국면 0)
2026-05-06 09:30:00,DDOG,매도,4,143.6481,7.39,1.305,23675.37,로테이션 제외(모멘텀 순위 밖 또는 국면 0)
2026-05-06 09:30:00,EOG,매수,1,136.068,,,23539.21,K 따라 매수: 주식층 비중 0.7%
2026-05-06 09:30:00,FTNT,매도,9,88.4827,37.95,5.012,24334.97,로테이션 제외(모멘텀 순위 밖 또는 국면 0)
2026-05-06 09:30:00,INCY,매수,3,98.6693,,,24038.76,K 비중 맞춤(늘림 2.0%)
2026-05-06 09:30:00,KO,매도,7,78.7406,-0.17,-0.031,24589.54,K 비중 맞춤(줄임 2.0%)
2026-05-06 09:30:00,MDB,매도,3,265.2573,3.29,0.416,25384.73,로테이션 제외(모멘텀 순위 밖 또는 국면 0)
2026-05-06 09:30:00,PEP,매도,5,155.7121,-2.63,-0.337,26162.72,K 비중 맞춤(줄임 1.6%)
2026-05-06 09:30:00,STX,매도,1,767.616,24.44,3.293,26929.78,로테이션 제외(모멘텀 순위 밖 또는 국면 0)
2026-05-06 09:30:00,UNH,매수,1,363.2816,,,26566.24,K 따라 매수: 주식층 비중 2.5%
2026-05-06 09:30:00,WDC,매도,2,471.764,80.35,9.322,27509.08,로테이션 제외(모멘텀 순위 밖 또는 국면 0)
2026-05-06 15:59:59,PGR,매도,6,196.7016,-19.63,-1.638,28688.43,보유기한 청산 -1.45%
2026-05-07 09:30:00,BTSG,매도,2,52.4738,-0.2,-0.189,28793.3,K 비중 맞춤(줄임 0.7%)
2026-05-07 09:30:00,CRDO,매수,2,195.6978,,,28401.63,K 따라 매수: 주식층 비중 2.3%
2026-05-07 09:30:00,INCY,매도,2,99.6302,0.08,0.038,28600.74,K 비중 맞춤(줄임 1.0%)
2026-05-07 09:30:00,INTC,매수,18,111.1005,,,26599.53,K 따라 매수: 주식층 비중 8.4%
2026-05-07 09:30:00,KO,매도,7,78.7506,-0.1,-0.018,27150.39,로테이션 제외(모멘텀 순위 밖 또는 국면 0)
2026-05-07 09:30:00,LRCX,매수,6,297.4637,,,25364.36,K 따라 매수: 주식층 비중 8.5%
2026-05-07 09:30:00,MRVL,매수,2,171.2856,,,25021.54,K 따라 매수: 주식층 비중 1.8%
2026-05-07 09:30:00,MU,매수,3,650.6852,,,23068.12,K 따라 매수: 주식층 비중 8.7%
2026-05-07 09:30:00,NVDA,매수,2,208.4192,,,22650.99,K 따라 매수: 주식층 비중 2.2%
2026-05-07 09:30:00,PEP,매도,3,154.9325,-3.92,-0.837,23115.45,로테이션 제외(모멘텀 순위 밖 또는 국면 0)
2026-05-07 09:30:00,SHIP,매도,2,16.1019,3.85,13.585,23147.63,K 비중 맞춤(줄임 0.1%)
2026-05-07 09:30:00,SNDK,매수,1,1380.59,,,21766.07,K 따라 매수: 주식층 비중 9.1%
2026-05-07 09:30:00,USB,매도,2,56.1919,0.0,0.0,21878.38,K 비중 맞춤(줄임 0.5%)
2026-05-07 09:30:00,VZ,매도,3,47.2064,-1.92,-1.342,22019.89,K 비중 맞춤(줄임 0.7%)
2026-05-07 10:29:59,DASH,매도,8,170.4447,22.16,1.654,23382.45,고점 $182.35 대비 -0.50% → 익절 +1.85%
2026-05-07 10:30:00,SHOP,매수,12,107.8039,,,22087.9,저점 $106.80 대비 +0.89% 반등 (RSI 33)
2026-05-08 09:30:00,CRWD,매수,2,125.9379,,,21835.85,K 따라 매수: 주식층 비중 1.4%
2026-05-08 09:30:00,FTNT,매수,3,106.7233,,,21515.46,K 따라 매수: 주식층 비중 1.5%
2026-05-08 09:30:00,LRCX,매수,1,295.6578,,,21219.59,K 비중 맞춤(늘림 9.2%)
2026-05-08 09:30:00,SHOP,매도,12,110.3848,29.1,2.249,22543.24,고점 $111.76 대비 -1.00% → 익절 +2.45%
2026-05-11 09:30:00,AAPL,매수,1,292.125,,,22250.91,K 따라 매수: 주식층 비중 1.3%
2026-05-11 09:30:00,CRDO,매수,1,187.4037,,,22063.38,K 비중 맞춤(늘림 2.3%)
2026-05-11 09:30:00,DDOG,매수,1,196.7483,,,21866.49,K 따라 매수: 주식층 비중 1.4%
2026-05-11 09:30:00,INTC,매수,3,131.0155,,,21473.17,K 비중 맞춤(늘림 11.5%)
2026-05-11 09:30:00,KO,매수,2,78.009,,,21317.04,K 따라 매수: 주식층 비중 0.8%
2026-05-11 09:30:00,LRCX,매도,5,292.5287,-25.49,-1.716,22778.62,K 비중 맞춤(줄임 1.7%)
2026-05-11 09:30:00,MDB,매수,1,295.1275,,,22483.28,K 따라 매수: 주식층 비중 1.7%
2026-05-11 09:30:00,PEP,매수,1,154.4672,,,22328.71,K 따라 매수: 주식층 비중 0.7%
2026-05-11 09:30:00,SLB,매도,1,53.6382,-2.58,-4.601,22382.31,K 비중 맞춤(줄임 0.2%)
2026-05-11 09:30:00,USB,매도,1,55.5022,-0.69,-1.228,22437.77,K 비중 맞춤(줄임 0.4%)
2026-05-11 09:30:00,VZ,매도,1,47.4763,-0.37,-0.777,22485.21,K 비중 맞춤(줄임 0.6%)
2026-05-11 09:30:00,WDC,매수,6,488.6792,,,19551.08,K 따라 매수: 주식층 비중 12.2%
2026-05-12 09:30:00,SNDK,매수,1,1492.746,,,18057.29,K 비중 맞춤(늘림 12.1%)
2026-05-14 09:30:00,INTC,매수,3,114.7023,,,17712.94,K 비중 맞춤(늘림 11.5%)
2026-05-15 09:30:00,AAPL,매도,1,297.6061,5.06,1.732,18010.33,로테이션 제외(모멘텀 순위 밖 또는 국면 0)
2026-05-15 09:30:00,BTSG,매수,6,57.6488,,,17664.2,K 비중 맞춤(늘림 2.5%)
2026-05-15 09:30:00,CDNS,매도,1,351.6341,-2.55,-0.72,18015.58,로테이션 제외(모멘텀 순위 밖 또는 국면 0)
2026-05-15 09:30:00,CRDO,매도,3,177.0115,-48.56,-8.389,18546.22,로테이션 제외(모멘텀 순위 밖 또는 국면 0)
2026-05-15 09:30:00,CRWD,매도,2,143.2508,34.24,13.594,18832.51,로테이션 제외(모멘텀 순위 밖 또는 국면 0)
2026-05-15 09:30:00,DAL,매도,1,70.4947,-3.93,-5.294,18902.96,로테이션 제외(모멘텀 순위 밖 또는 국면 0)
2026-05-15 09:30:00,DDOG,매도,1,200.3998,3.37,1.712,19103.21,로테이션 제외(모멘텀 순위 밖 또는 국면 0)
2026-05-15 09:30:00,DHI,매도,1,138.9605,-25.32,-15.432,19242.07,로테이션 제외(모멘텀 순위 밖 또는 국면 0)
2026-05-15 09:30:00,EOG,매도,1,138.4208,2.16,1.585,19380.39,로테이션 제외(모멘텀 순위 밖 또는 국면 0)
2026-05-15 09:30:00,FTNT,매도,3,121.6691,44.35,13.851,19745.13,로테이션 제외(모멘텀 순위 밖 또는 국면 0)
2026-05-15 09:30:00,INCY,매도,1,97.3913,-2.2,-2.211,19842.45,K 비중 맞춤(줄임 0.8%)
2026-05-15 09:30:00,INTC,매도,24,109.7301,-107.28,-3.92,22474.05,로테이션 제외(모멘텀 순위 밖 또는 국면 0)
2026-05-15 09:30:00,KO,매수,1,81.4007,,,22392.59,K 비중 맞춤(늘림 1.2%)
2026-05-15 09:30:00,LRCX,매도,2,288.7156,-17.82,-2.998,22969.6,로테이션 제외(모멘텀 순위 밖 또는 국면 0)
2026-05-15 09:30:00,MDB,매도,1,303.3982,7.84,2.657,23272.78,로테이션 제외(모멘텀 순위 밖 또는 국면 0)
2026-05-15 09:30:00,MRVL,매도,2,173.913,4.76,1.39,23620.35,로테이션 제외(모멘텀 순위 밖 또는 국면 0)
2026-05-15 09:30:00,MU,매도,3,732.0238,241.05,12.348,25814.82,로테이션 제외(모멘텀 순위 밖 또는 국면 0)
2026-05-15 09:30:00,NVDA,매도,2,229.6351,41.8,10.029,26273.76,로테이션 제외(모멘텀 순위 밖 또는 국면 0)
2026-05-15 09:30:00,PEP,매수,2,149.6348,,,25974.28,K 비중 맞춤(늘림 2.1%)
2026-05-15 09:30:00,ROST,매도,1,213.2233,-12.81,-5.676,26187.34,로테이션 제외(모멘텀 순위 밖 또는 국면 0)
2026-05-15 09:30:00,SHIP,매도,2,15.942,3.53,12.456,26219.21,로테이션 제외(모멘텀 순위 밖 또는 국면 0)
2026-05-15 09:30:00,SLB,매도,1,55.5972,-0.63,-1.115,26274.76,로테이션 제외(모멘텀 순위 밖 또는 국면 0)
2026-05-15 09:30:00,SNDK,매도,2,1320.8493,-235.58,-8.199,28914.53,로테이션 제외(모멘텀 순위 밖 또는 국면 0)
2026-05-15 09:30:00,TGT,매도,1,123.3783,-6.68,-5.142,29037.82,로테이션 제외(모멘텀 순위 밖 또는 국면 0)
2026-05-15 09:30:00,UNP,매도,1,268.8655,-4.54,-1.662,29306.49,로테이션 제외(모멘텀 순위 밖 또는 국면 0)
2026-05-15 09:30:00,USB,매도,2,53.3733,-5.63,-5.019,29413.16,로테이션 제외(모멘텀 순위 밖 또는 국면 0)
2026-05-15 09:30:00,VZ,매도,3,47.4563,-1.17,-0.819,29555.42,로테이션 제외(모멘텀 순위 밖 또는 국면 0)
2026-05-15 09:30:00,WDC,매도,6,470.5146,-113.1,-3.857,32376.45,로테이션 제외(모멘텀 순위 밖 또는 국면 0)
2026-05-18 09:30:00,AMGN,매도,1,324.0279,-5.65,-1.717,32700.24,로테이션 제외(모멘텀 순위 밖 또는 국면 0)
2026-05-18 09:30:00,BTSG,매도,10,58.4708,28.01,5.038,33284.52,로테이션 제외(모멘텀 순위 밖 또는 국면 0)
2026-05-18 09:30:00,INCY,매도,2,95.4223,-8.33,-4.19,33475.23,로테이션 제외(모멘텀 순위 밖 또는 국면 0)
2026-05-18 09:30:00,KO,매도,3,80.8296,4.73,1.991,33717.54,로테이션 제외(모멘텀 순위 밖 또는 국면 0)
2026-05-18 09:30:00,PEP,매도,3,149.915,-4.64,-1.022,34166.96,로테이션 제외(모멘텀 순위 밖 또는 국면 0)
2026-05-18 09:30:00,UNH,매도,1,389.805,25.98,7.153,34556.48,로테이션 제외(모멘텀 순위 밖 또는 국면 0)
2026-05-18 13:30:00,CDNS,매수,1,345.2025,,,34211.03,저점 $341.86 대비 +0.93% 반등 (RSI 35)
2026-05-18 15:59:59,CDNS,매도,1,345.882,0.19,0.054,34556.66,장마감 청산 +0.25%
2026-05-19 11:30:00,SHIP,매수,22,15.1065,,,34224.08,저점 $15.00 대비 +0.65% 반등 (RSI 33)
2026-05-19 13:30:00,DAL,매수,5,68.9094,,,33879.3,저점 $68.39 대비 +0.71% 반등 (RSI 38)
2026-05-19 15:59:59,DAL,매도,5,67.7461,-6.31,-1.83,34217.78,장마감 청산 -1.64%
2026-05-19 15:59:59,SHIP,매도,22,15.2024,1.63,0.491,34551.99,장마감 청산 +0.68%
2026-05-20 09:30:00,BTSG,매수,10,57.4187,,,33977.4,K 따라 매수: 주식층 비중 4.9%
2026-05-20 09:30:00,CRWD,매수,1,153.8281,,,33823.46,K 따라 매수: 주식층 비중 1.5%
2026-05-20 09:30:00,FTNT,매수,1,125.8329,,,33697.54,K 따라 매수: 주식층 비중 1.7%
2026-05-20 09:30:00,KO,매수,1,82.2111,,,33615.27,K 따라 매수: 주식층 비중 0.8%
2026-05-20 09:30:00,SHIP,매수,38,15.3357,,,33032.11,K 따라 매수: 주식층 비중 4.9%
2026-05-20 09:30:00,STX,매수,1,757.5986,,,32273.98,K 따라 매수: 주식층 비중 7.1%
2026-05-20 09:30:00,VZ,매수,1,47.7539,,,32226.19,K 따라 매수: 주식층 비중 0.5%
2026-05-20 09:30:00,WDC,매수,1,469.6097,,,31756.26,K 따라 매수: 주식층 비중 7.1%
2026-05-20 09:31:52,SHIP,매수,39,15.3082,,,31158.82,K 비중 맞춤(늘림 4.9%)
2026-05-20 09:32:08,STX,매수,1,758.8909,,,30399.4,K 비중 맞춤(늘림 7.1%)
2026-05-20 09:32:24,WDC,매수,2,469.6514,,,29459.44,K 비중 맞춤(늘림 7.1%)
2026-05-20 09:32:43,CRWD,매수,1,153.7497,,,29305.58,K 비중 맞춤(늘림 1.5%)
2026-05-20 09:33:00,BTSG,매수,10,57.3203,,,28731.98,K 비중 맞춤(늘림 4.9%)
2026-05-20 09:33:20,FTNT,매수,2,125.6863,,,28480.43,K 비중 맞춤(늘림 1.7%)
2026-05-20 09:35:00,KO,매수,1,82.2511,,,28398.12,K 비중 맞춤(늘림 0.8%)
2026-05-20 09:35:00,VZ,매수,1,47.7439,,,28350.34,K 비중 맞춤(늘림 0.5%)
2026-05-20 10:30:00,NEM,매수,6,106.123,,,27713.16,저점 $105.17 대비 +0.86% 반등 (RSI 36)
2026-05-20 11:10:00,USB,매수,1,54.5973,,,27658.52,K 따라 매수: 주식층 비중 0.4%
2026-05-20 11:12:00,AAPL,매수,1,299.2496,,,27359.06,K 따라 매수: 주식층 비중 1.5%
2026-05-20 11:12:21,MDB,매수,1,329.8173,,,27029.01,K 따라 매수: 주식층 비중 1.8%
2026-05-20 11:12:51,DDOG,매수,1,212.6763,,,26816.19,K 따라 매수: 주식층 비중 1.6%
2026-05-21 11:30:00,META,매수,2,602.4311,,,25610.48,저점 $596.90 대비 +0.88% 반등 (RSI 43)
2026-05-22 09:30:00,BTSG,매도,19,58.7006,23.71,2.176,26724.98,K 비중 맞춤(줄임 0.1%)
2026-05-22 09:30:00,CRDO,매수,2,197.0885,,,26330.53,K 따라 매수: 주식층 비중 2.3%
2026-05-22 09:30:00,INTC,매수,4,120.3551,,,25848.77,K 따라 매수: 주식층 비중 2.3%
2026-05-22 09:30:00,LRCX,매수,1,305.8779,,,25542.68,K 따라 매수: 주식층 비중 1.8%
2026-05-22 09:30:00,MRVL,매수,2,194.7073,,,25152.99,K 따라 매수: 주식층 비중 1.9%
2026-05-22 09:30:00,MU,매수,3,757.1934,,,22879.82,K 따라 매수: 주식층 비중 11.5%
2026-05-22 09:30:00,NVDA,매수,2,221.0145,,,22437.48,K 따라 매수: 주식층 비중 2.2%
2026-05-22 09:30:00,SHIP,매도,75,15.4623,8.89,0.773,23596.31,K 비중 맞춤(줄임 0.1%)
2026-05-22 09:30:00,SNDK,매수,1,1521.5604,,,22073.68,K 따라 매수: 주식층 비중 11.5%
2026-05-22 09:30:00,STX,매수,1,816.388,,,21256.72,K 비중 맞춤(늘림 11.5%)
2026-05-22 09:30:00,WDC,매수,2,487.2435,,,20281.55,K 비중 맞춤(늘림 11.5%)
2026-05-22 13:30:00,DAVE,매수,6,229.7248,,,18902.24,저점 $227.42 대비 +0.96% 반등 (RSI 41)
2026-05-26 09:30:00,PANW,매수,2,258.2991,,,18385.28,K 따라 매수: 주식층 비중 2.3%
2026-05-26 11:29:59,NEM,매도,6,110.1449,23.2,3.644,19045.67,고점 $111.20 대비 -0.50% → 익절 +3.84%
2026-05-27 09:30:00,BTSG,매수,20,60.4302,,,17836.22,K 비중 맞춤(늘림 5.2%)
2026-05-27 09:30:00,CRDO,매도,2,224.7975,54.81,13.906,18285.48,로테이션 제외(모멘텀 순위 밖 또는 국면 0)
2026-05-27 09:30:00,GOOGL,매수,3,386.8583,,,17124.09,K 따라 매수: 주식층 비중 5.3%
2026-05-27 09:30:00,INTC,매도,4,124.5427,16.05,3.334,17621.9,로테이션 제외(모멘텀 순위 밖 또는 국면 0)
2026-05-27 09:30:00,LRCX,매도,1,331.4992,25.17,8.227,17953.16,로테이션 제외(모멘텀 순위 밖 또는 국면 0)
2026-05-27 09:30:00,MRVL,매도,2,217.931,45.86,11.776,18388.7,로테이션 제외(모멘텀 순위 밖 또는 국면 0)
2026-05-27 09:30:00,MU,매도,3,954.8024,589.15,25.936,21251.02,로테이션 제외(모멘텀 순위 밖 또는 국면 0)
2026-05-27 09:30:00,NVDA,매도,2,214.0129,-14.62,-3.309,21678.73,로테이션 제외(모멘텀 순위 밖 또는 국면 0)
2026-05-27 09:30:00,SHIP,매도,2,15.2724,-0.14,-0.465,21709.25,로테이션 제외(모멘텀 순위 밖 또는 국면 0)
2026-05-27 09:30:00,SNDK,매도,1,1645.9166,122.09,8.024,23353.97,로테이션 제외(모멘텀 순위 밖 또는 국면 0)
2026-05-27 09:30:00,WDC,매도,1,539.2852,61.88,12.981,23892.86,K 비중 맞춤(줄임 7.4%)
2026-05-27 10:30:00,MSFT,매수,3,415.3376,,,22645.98,저점 $411.05 대비 +0.99% 반등 (RSI 43)
2026-05-27 11:29:59,DAVE,매도,6,255.782,154.26,11.192,24179.55,고점 $258.73 대비 -0.50% → 익절 +11.40%
2026-05-27 15:59:59,META,매도,2,634.9374,63.24,5.249,25448.5,보유기한 청산 +5.45%
2026-05-28 09:30:00,AAPL,매도,1,310.5247,10.84,3.622,25758.79,로테이션 제외(모멘텀 순위 밖 또는 국면 0)
2026-05-28 09:30:00,BTSG,매도,8,60.5297,1.27,0.264,26242.68,K 비중 맞춤(줄임 2.9%)
2026-05-28 09:30:00,DDOG,매도,1,232.5137,19.52,9.178,26475.02,로테이션 제외(모멘텀 순위 밖 또는 국면 0)
2026-05-28 09:30:00,FTNT,매수,5,128.5342,,,25831.9,K 비중 맞춤(늘림 4.4%)
2026-05-28 09:30:00,GOOGL,매도,1,387.761,0.35,0.09,26219.38,K 비중 맞춤(줄임 2.9%)
2026-05-28 09:30:00,MDB,매도,1,321.3342,-8.95,-2.713,26540.48,로테이션 제외(모멘텀 순위 밖 또는 국면 0)
2026-05-28 09:30:00,SLB,매수,13,56.1581,,,25809.91,K 따라 매수: 주식층 비중 2.9%
2026-05-28 09:30:00,STX,매도,3,889.0703,330.75,14.178,28475.18,로테이션 제외(모멘텀 순위 밖 또는 국면 0)
2026-05-28 09:30:00,WDC,매도,4,540.5496,252.57,13.246,30635.8,로테이션 제외(모멘텀 순위 밖 또는 국면 0)
2026-05-28 10:30:00,ISRG,매수,3,422.5887,,,29367.14,저점 $418.21 대비 +1.00% 반등 (RSI 37)
2026-05-29 09:30:00,AMD,매수,4,520.6902,,,27282.92,K 따라 매수: 주식층 비중 8.7%
2026-05-29 09:30:00,BTSG,매도,12,61.1994,9.94,1.374,28016.78,K 비중 맞춤(줄임 0.1%)
2026-05-29 09:30:00,CRDO,매수,2,228.3641,,,27559.73,K 따라 매수: 주식층 비중 2.3%
2026-05-29 09:30:00,FTNT,매도,4,129.5202,7.41,1.453,28077.44,K 비중 맞춤(줄임 1.7%)
2026-05-29 09:30:00,GOOGL,매도,1,385.0474,-2.36,-0.611,28462.2,K 비중 맞춤(줄임 0.2%)
2026-05-29 09:30:00,INTC,매수,20,123.8619,,,25983.23,K 따라 매수: 주식층 비중 9.8%
2026-05-29 09:30:00,LRCX,매수,1,322.161,,,25660.84,K 따라 매수: 주식층 비중 1.7%
2026-05-29 09:30:00,MRVL,매수,2,204.5322,,,25251.49,K 따라 매수: 주식층 비중 1.9%
2026-05-29 09:30:00,MU,매수,2,956.9433,,,23336.27,K 따라 매수: 주식층 비중 9.8%
2026-05-29 09:30:00,NVDA,매수,2,214.5572,,,22906.85,K 따라 매수: 주식층 비중 2.2%
2026-05-29 09:30:00,SHIP,매수,1,14.5873,,,22892.25,K 따라 매수: 주식층 비중 0.1%
2026-05-29 09:30:00,SLB,매도,12,54.7826,-17.46,-2.59,23549.17,K 비중 맞춤(줄임 0.2%)
2026-05-29 09:30:00,SNDK,매수,1,1684.2217,,,21863.76,K 따라 매수: 주식층 비중 9.8%
2026-05-29 09:30:00,USB,매수,1,54.4472,,,21809.28,K 비중 맞춤(늘림 0.4%)
2026-06-01 09:30:00,AMD,매도,4,500.1048,-85.26,-4.094,23808.24,로테이션 제외(모멘텀 순위 밖 또는 국면 0)
2026-06-01 09:30:00,BTSG,매도,1,61.5892,1.22,2.02,23869.78,로테이션 제외(모멘텀 순위 밖 또는 국면 0)
2026-06-01 09:30:00,CRDO,매도,2,237.983,18.57,4.066,24345.4,로테이션 제외(모멘텀 순위 밖 또는 국면 0)
2026-06-01 09:30:00,DDOG,매수,1,251.9009,,,24093.32,K 따라 매수: 주식층 비중 1.5%
2026-06-01 09:30:00,FTNT,매도,1,140.9295,13.25,10.396,24234.15,K 비중 맞춤(줄임 1.6%)
2026-06-01 09:30:00,GOOGL,매도,1,376.4117,-10.99,-2.841,24610.29,로테이션 제외(모멘텀 순위 밖 또는 국면 0)
2026-06-01 09:30:00,INTC,매도,20,109.3903,-292.76,-11.818,26796.5,로테이션 제외(모멘텀 순위 밖 또는 국면 0)
2026-06-01 09:30:00,KO,매도,2,78.5357,-7.62,-4.634,26953.45,로테이션 제외(모멘텀 순위 밖 또는 국면 0)
2026-06-01 09:30:00,LRCX,매도,1,309.4452,-13.17,-4.087,27262.67,로테이션 제외(모멘텀 순위 밖 또는 국면 0)
2026-06-01 09:30:00,MDB,매수,1,345.6871,,,26916.74,K 따라 매수: 주식층 비중 1.7%
2026-06-01 09:30:00,MRVL,매도,2,198.8105,-12.02,-2.938,27314.07,로테이션 제외(모멘텀 순위 밖 또는 국면 0)
2026-06-01 09:30:00,MU,매도,2,1009.0652,101.43,5.3,29330.73,로테이션 제외(모멘텀 순위 밖 또는 국면 0)
2026-06-01 09:30:00,NVDA,매도,2,215.6721,1.61,0.376,29761.76,로테이션 제외(모멘텀 순위 밖 또는 국면 0)
2026-06-01 09:30:00,ORCL,매수,2,230.6152,,,29300.21,K 따라 매수: 주식층 비중 2.0%
2026-06-01 09:30:00,SHIP,매도,1,15.3423,0.73,5.029,29315.54,로테이션 제외(모멘텀 순위 밖 또는 국면 0)
2026-06-01 09:30:00,SLB,매도,1,55.0125,-1.23,-2.181,29370.51,로테이션 제외(모멘텀 순위 밖 또는 국면 0)
2026-06-01 09:30:00,SNDK,매도,1,1731.9886,45.32,2.691,31101.23,로테이션 제외(모멘텀 순위 밖 또는 국면 0)
2026-06-01 09:30:00,USB,매도,2,53.8531,-1.49,-1.369,31208.86,로테이션 제외(모멘텀 순위 밖 또는 국면 0)
2026-06-01 09:30:00,VZ,매도,2,47.4763,-0.68,-0.714,31303.75,로테이션 제외(모멘텀 순위 밖 또는 국면 0)
2026-06-01 09:30:00,WDC,매수,1,536.268,,,30767.1,K 따라 매수: 주식층 비중 2.7%
2026-06-01 10:29:59,MSFT,매도,3,461.5641,136.8,10.979,32150.78,고점 $465.06 대비 -0.50% → 익절 +11.19%
2026-06-01 11:30:00,BKNG,매수,8,167.3736,,,30810.86,저점 $166.21 대비 +0.65% 반등 (RSI 51)
2026-06-01 11:30:00,META,매수,2,613.7067,,,29582.58,저점 $610.07 대비 +0.55% 반등 (RSI 42)
2026-06-01 13:30:00,TSLA,매수,3,421.1905,,,28318.13,저점 $418.80 대비 +0.52% 반등 (RSI 35)
2026-06-02 09:30:00,CRWD,매도,2,191.1169,74.16,24.112,28700.08,로테이션 제외(모멘텀 순위 밖 또는 국면 0)
2026-06-02 09:30:00,FTNT,매도,3,143.4909,47.44,12.403,29130.24,로테이션 제외(모멘텀 순위 밖 또는 국면 0)
2026-06-02 09:30:00,MSFT,매수,1,447.3926,,,28682.54,K 따라 매수: 주식층 비중 1.9%
2026-06-02 09:30:00,PANW,매도,2,287.2197,57.06,11.045,29256.56,로테이션 제외(모멘텀 순위 밖 또는 국면 0)
2026-06-02 10:29:59,ISRG,매도,3,400.6796,-67.49,-5.324,30457.72,손절 -5.14%
2026-06-02 10:30:00,RTX,매수,8,175.1075,,,29055.88,저점 $173.89 대비 +0.65% 반등 (RSI 40)
2026-06-03 09:30:00,MSFT,매도,1,438.2308,-9.79,-2.189,29493.79,로테이션 제외(모멘텀 순위 밖 또는 국면 0)
2026-06-03 11:30:00,RL,매수,4,362.7413,,,28041.81,저점 $360.63 대비 +0.53% 반등 (RSI 42)
2026-06-03 13:30:00,GOOGL,매수,4,361.7908,,,26593.63,저점 $359.08 대비 +0.70% 반등 (RSI 24)
2026-06-04 10:30:00,CRWD,매수,8,170.2238,,,25230.89,저점 $168.52 대비 +0.96% 반등 (RSI 30)
2026-06-04 10:30:00,PANW,매수,5,272.076,,,23869.55,저점 $269.79 대비 +0.80% 반등 (RSI 38)
2026-06-04 12:29:59,META,매도,2,633.2832,37.37,3.045,25135.2,고점 $638.49 대비 -0.50% → 익절 +3.24%
2026-06-05 09:30:00,CRDO,매수,2,208.2241,,,24718.46,K 따라 매수: 주식층 비중 2.1%
2026-06-05 09:30:00,CRWD,매도,8,174.0979,29.02,2.131,26110.22,고점 $180.19 대비 -1.00% → 익절 +2.33%
2026-06-05 09:30:00,DDOG,매수,1,237.5187,,,25872.54,K 비중 맞춤(늘림 2.2%)
2026-06-05 09:30:00,FTNT,매수,2,149.1045,,,25574.12,K 따라 매수: 주식층 비중 1.4%
2026-06-05 09:30:00,GOOGL,매도,4,366.1568,15.38,1.063,27037.68,고점 $373.12 대비 -1.00% → 익절 +1.26%
2026-06-05 09:30:00,INTC,매수,5,106.4632,,,26504.99,K 따라 매수: 주식층 비중 2.3%
2026-06-05 09:30:00,LRCX,매수,1,318.8997,,,26185.87,K 따라 매수: 주식층 비중 1.5%
2026-06-05 09:30:00,MRVL,매수,1,299.5747,,,25886.08,K 따라 매수: 주식층 비중 1.6%
2026-06-05 09:30:00,NVDA,매수,2,214.5372,,,25456.71,K 따라 매수: 주식층 비중 2.4%
2026-06-05 09:35:27,CRWD,매수,1,175.2883,,,25281.3,K 따라 매수: 주식층 비중 1.3%
2026-06-05 10:29:59,PANW,매도,5,276.4617,19.97,1.468,26662.6,고점 $280.40 대비 -1.00% → 익절 +1.66%
2026-06-05 10:39:13,PANW,매수,1,277.6738,,,26384.73,K 따라 매수: 주식층 비중 2.0%
2026-06-05 11:29:59,TSLA,매도,3,402.4887,-57.87,-4.58,27591.31,손절 -4.39%
2026-06-05 12:29:59,BKNG,매도,8,166.3518,-10.08,-0.753,28921.16,시장 급락 -1.6% → 청산
2026-06-05 12:29:59,RL,매도,4,367.3762,16.45,1.134,30389.59,시장 급락 -1.6% → 청산
2026-06-05 12:29:59,RTX,매도,8,181.6791,50.53,3.607,31841.96,시장 급락 -1.6% → 청산
2026-06-08 09:30:00,AAPL,매수,2,308.8934,,,31223.74,K 따라 매수: 주식층 비중 2.8%
2026-06-08 09:30:00,AMD,매수,1,485.2725,,,30738.13,K 따라 매수: 주식층 비중 3.5%
2026-06-08 09:30:00,CDNS,매수,1,383.1915,,,30354.67,K 따라 매수: 주식층 비중 2.4%
2026-06-08 09:30:00,CRDO,매도,2,217.941,18.82,4.52,30790.23,로테이션 제외(모멘텀 순위 밖 또는 국면 0)
2026-06-08 09:30:00,CRWD,매도,1,168.6531,-6.88,-3.926,30958.76,로테이션 제외(모멘텀 순위 밖 또는 국면 0)
2026-06-08 09:30:00,DDOG,매수,1,236.8384,,,30721.76,K 비중 맞춤(늘림 3.7%)
2026-06-08 09:30:00,FTNT,매수,2,146.073,,,30429.41,K 비중 맞춤(늘림 2.7%)
2026-06-08 09:30:00,INCY,매수,1,102.8234,,,30326.51,K 따라 매수: 주식층 비중 0.4%
2026-06-08 09:30:00,INTC,매수,3,111.0555,,,29993.11,K 비중 맞춤(늘림 3.9%)
2026-06-08 09:30:00,KO,매수,3,79.3497,,,29754.9,K 따라 매수: 주식층 비중 1.0%
2026-06-08 09:30:00,LRCX,매수,2,318.7043,,,29117.04,K 비중 맞춤(늘림 4.1%)
2026-06-08 09:30:00,MDB,매수,2,348.8944,,,28418.76,K 비중 맞춤(늘림 4.3%)
2026-06-08 09:30:00,MRVL,매수,2,288.8343,,,27840.69,K 비중 맞춤(늘림 4.4%)
2026-06-08 09:30:00,MU,매수,1,938.7341,,,26901.3,K 따라 매수: 주식층 비중 4.5%
2026-06-08 09:30:00,NVDA,매수,3,210.2851,,,26270.0,K 비중 맞춤(늘림 4.7%)
2026-06-08 09:30:00,ORCL,매수,3,217.8589,,,25615.97,K 비중 맞춤(늘림 4.6%)
2026-06-08 09:30:00,PANW,매수,2,269.7648,,,25076.06,K 비중 맞춤(늘림 3.3%)
2026-06-08 09:30:00,PEP,매수,1,140.8584,,,24935.11,K 따라 매수: 주식층 비중 0.9%
2026-06-08 09:30:00,SHIP,매수,1,15.4877,,,24919.61,K 따라 매수: 주식층 비중 0.1%
2026-06-08 09:30:00,SLB,매수,1,55.6078,,,24863.96,K 따라 매수: 주식층 비중 0.3%
2026-06-08 09:30:00,STX,매수,1,881.7607,,,23981.58,K 따라 매수: 주식층 비중 4.6%
2026-06-08 09:30:00,USB,매수,3,55.6178,,,23814.61,K 따라 매수: 주식층 비중 0.7%
2026-06-08 09:30:00,VZ,매수,4,45.3226,,,23633.19,K 따라 매수: 주식층 비중 0.8%
2026-06-08 09:30:00,WDC,매수,1,540.4801,,,23092.34,K 비중 맞춤(늘림 4.6%)
2026-06-09 09:30:00,PANW,매수,1,265.2326,,,22826.92,K 비중 맞춤(늘림 4.6%)
2026-06-10 09:30:00,AAPL,매도,2,290.6196,-37.4,-6.055,23407.73,로테이션 제외(모멘텀 순위 밖 또는 국면 0)
2026-06-10 09:30:00,DDOG,매도,3,223.6581,-56.28,-7.75,24078.22,로테이션 제외(모멘텀 순위 밖 또는 국면 0)
2026-06-10 09:30:00,KO,매수,1,82.7213,,,23995.44,K 비중 맞춤(늘림 1.3%)
2026-06-10 09:30:00,MDB,매도,3,334.6526,-40.98,-3.927,24998.66,로테이션 제외(모멘텀 순위 밖 또는 국면 0)
2026-06-10 09:30:00,ORCL,매도,5,198.4008,-124.31,-11.151,25989.94,로테이션 제외(모멘텀 순위 밖 또는 국면 0)
2026-06-10 09:30:00,PEP,매수,1,143.7418,,,25846.1,K 비중 맞춤(늘림 1.2%)
2026-06-10 09:30:00,RTX,매수,1,183.0915,,,25662.88,K 따라 매수: 주식층 비중 0.7%
2026-06-10 09:30:00,SHIP,매수,1,15.3777,,,25647.49,K 비중 맞춤(늘림 0.2%)
2026-06-10 09:30:00,STX,매도,1,822.5885,-60.39,-6.849,26469.48,로테이션 제외(모멘텀 순위 밖 또는 국면 0)
2026-06-10 09:30:00,TGT,매수,1,127.7138,,,26341.68,K 따라 매수: 주식층 비중 0.6%
2026-06-10 09:30:00,USB,매수,1,56.088,,,26285.55,K 비중 맞춤(늘림 0.9%)
2026-06-10 09:30:00,VZ,매수,2,46.4832,,,26192.52,K 비중 맞춤(늘림 1.1%)
2026-06-10 09:30:00,WDC,매도,2,502.5486,-73.14,-6.793,27196.88,로테이션 제외(모멘텀 순위 밖 또는 국면 0)
2026-06-11 09:30:00,AMD,매수,1,461.8308,,,26734.73,K 비중 맞춤(늘림 4.8%)
2026-06-11 09:30:00,CDNS,매수,1,381.5307,,,26352.93,K 비중 맞춤(늘림 3.6%)
2026-06-11 09:30:00,FTNT,매수,3,141.0705,,,25929.42,K 비중 맞춤(늘림 3.9%)
2026-06-11 09:30:00,INCY,매도,1,105.917,2.94,2.863,26035.26,로테이션 제외(모멘텀 순위 밖 또는 국면 0)
2026-06-11 09:30:00,INTC,매수,3,113.5167,,,25694.47,K 비중 맞춤(늘림 5.2%)
2026-06-11 09:30:00,KO,매도,4,83.878,14.27,4.449,26029.74,로테이션 제외(모멘텀 순위 밖 또는 국면 0)
2026-06-11 09:30:00,LRCX,매수,1,336.8183,,,25692.69,K 비중 맞춤(늘림 5.6%)
2026-06-11 09:30:00,MRVL,매수,2,260.6703,,,25170.98,K 비중 맞춤(늘림 5.9%)
2026-06-11 09:30:00,NVDA,매수,3,201.4957,,,24566.07,K 비중 맞춤(늘림 7.0%)
2026-06-11 09:30:00,PANW,매수,2,261.1255,,,24043.45,K 비중 맞춤(늘림 6.8%)
2026-06-11 09:30:00,PEP,매도,2,144.7876,4.56,1.604,24332.82,로테이션 제외(모멘텀 순위 밖 또는 국면 0)
2026-06-11 09:30:00,RTX,매도,1,177.931,-5.42,-2.959,24510.62,로테이션 제외(모멘텀 순위 밖 또는 국면 0)
2026-06-11 09:30:00,SHIP,매도,2,15.5122,0.11,0.372,24541.62,로테이션 제외(모멘텀 순위 밖 또는 국면 0)
2026-06-11 09:30:00,SLB,매도,1,55.7121,0.02,0.044,24597.29,로테이션 제외(모멘텀 순위 밖 또는 국면 0)
2026-06-11 09:30:00,TGT,매도,1,128.9655,1.07,0.836,24726.16,로테이션 제외(모멘텀 순위 밖 또는 국면 0)
2026-06-11 09:30:00,USB,매도,4,56.8616,4.18,1.876,24953.44,로테이션 제외(모멘텀 순위 밖 또는 국면 0)
2026-06-11 09:30:00,VZ,매도,6,47.3263,9.3,3.392,25237.19,로테이션 제외(모멘텀 순위 밖 또는 국면 0)
2026-06-11 13:30:00,AMZN,매수,6,238.4792,,,23805.32,저점 $236.77 대비 +0.67% 반등 (RSI 34)
2026-06-11 13:30:00,ORCL,매수,8,179.1375,,,22371.21,저점 $178.05 대비 +0.56% 반등 (RSI 22)
2026-06-12 09:30:00,AAPL,매수,2,296.228,,,21778.34,K 따라 매수: 주식층 비중 3.2%
2026-06-12 09:30:00,BTSG,매수,1,63.6218,,,21714.68,K 따라 매수: 주식층 비중 0.3%
2026-06-12 09:30:00,DDOG,매수,3,233.6017,,,21013.38,K 따라 매수: 주식층 비중 3.5%
2026-06-12 09:30:00,EOG,매수,1,135.6278,,,20877.66,K 따라 매수: 주식층 비중 0.7%
2026-06-12 09:30:00,FTNT,매도,2,143.5702,-2.86,-0.988,21164.59,K 비중 맞춤(줄임 2.7%)
2026-06-12 09:30:00,INCY,매수,1,108.3341,,,21056.18,K 따라 매수: 주식층 비중 0.7%
2026-06-12 09:30:00,INTC,매도,3,117.3563,22.66,6.89,21407.99,K 비중 맞춤(줄임 3.6%)
2026-06-12 09:30:00,KO,매수,4,82.7514,,,21076.75,K 따라 매수: 주식층 비중 1.6%
2026-06-12 09:30:00,LRCX,매도,1,359.2103,35.44,10.963,21435.7,K 비중 맞춤(줄임 3.9%)
2026-06-12 09:30:00,MDB,매수,2,354.5372,,,20726.13,K 따라 매수: 주식층 비중 4.0%
2026-06-12 09:30:00,MRVL,매도,1,269.747,-10.36,-3.705,20995.68,K 비중 맞춤(줄임 4.2%)
2026-06-12 09:30:00,NVDA,매도,1,204.6276,-3.72,-1.788,21200.16,K 비중 맞춤(줄임 4.9%)
2026-06-12 09:30:00,PANW,매도,1,276.7915,8.95,3.348,21476.75,K 비중 맞춤(줄임 4.7%)
2026-06-12 09:30:00,PEP,매수,2,143.8669,,,21188.81,K 따라 매수: 주식층 비중 1.5%
2026-06-12 09:30:00,RTX,매수,1,184.7823,,,21003.9,K 따라 매수: 주식층 비중 0.9%
2026-06-12 09:30:00,SHIP,매수,3,15.6178,,,20957.02,K 따라 매수: 주식층 비중 0.2%
2026-06-12 09:30:00,SLB,매수,2,56.5182,,,20843.9,K 따라 매수: 주식층 비중 0.5%
2026-06-12 09:30:00,STX,매수,1,880.6301,,,19962.65,K 따라 매수: 주식층 비중 4.6%
2026-06-12 09:30:00,TGT,매수,1,133.5167,,,19829.04,K 따라 매수: 주식층 비중 0.7%
2026-06-12 09:30:00,USB,매수,5,58.3492,,,19537.09,K 따라 매수: 주식층 비중 1.2%
2026-06-12 09:30:00,VZ,매수,7,47.4337,,,19204.83,K 따라 매수: 주식층 비중 1.4%
2026-06-12 09:30:00,WDC,매수,2,541.1404,,,18121.79,K 따라 매수: 주식층 비중 4.6%
2026-06-12 10:29:59,ORCL,매도,8,181.3593,15.71,1.096,19571.6,고점 $185.01 대비 -1.00% → 익절 +1.29%
2026-06-16 09:30:00,AAPL,매도,2,295.0974,-3.11,-0.524,20161.37,로테이션 제외(모멘텀 순위 밖 또는 국면 0)
2026-06-16 09:30:00,AMD,매도,2,546.6166,144.67,15.275,21253.8,로테이션 제외(모멘텀 순위 밖 또는 국면 0)
2026-06-16 09:30:00,BTSG,매도,1,64.1579,0.44,0.699,21317.91,로테이션 제외(모멘텀 순위 밖 또는 국면 0)
2026-06-16 09:30:00,CDNS,매도,2,386.9964,8.17,1.068,22091.34,로테이션 제외(모멘텀 순위 밖 또는 국면 0)
2026-06-16 09:30:00,DDOG,매도,3,231.5841,-7.05,-1.006,22785.58,로테이션 제외(모멘텀 순위 밖 또는 국면 0)
2026-06-16 09:30:00,EOG,매도,1,130.6147,-5.2,-3.837,22916.1,로테이션 제외(모멘텀 순위 밖 또는 국면 0)
2026-06-16 09:30:00,FTNT,매도,5,148.8056,19.0,2.625,23659.59,로테이션 제외(모멘텀 순위 밖 또는 국면 0)
2026-06-16 09:30:00,INCY,매도,1,102.9485,-5.54,-5.111,23762.46,로테이션 제외(모멘텀 순위 밖 또는 국면 0)
2026-06-16 09:30:00,INTC,매도,8,125.0425,121.88,13.896,24762.07,로테이션 제외(모멘텀 순위 밖 또는 국면 0)
2026-06-16 09:30:00,KO,매도,4,81.1094,-7.04,-2.126,25086.27,로테이션 제외(모멘텀 순위 밖 또는 국면 0)
2026-06-16 09:30:00,LRCX,매도,3,384.9424,183.46,18.916,26240.26,로테이션 제외(모멘텀 순위 밖 또는 국면 0)
2026-06-16 09:30:00,MDB,매도,2,350.3245,-9.43,-1.33,26940.39,로테이션 제외(모멘텀 순위 밖 또는 국면 0)
2026-06-16 09:30:00,MRVL,매도,4,298.9804,75.4,6.739,28135.44,로테이션 제외(모멘텀 순위 밖 또는 국면 0)
2026-06-16 09:30:00,MU,매도,1,1098.8303,158.64,16.899,29233.47,로테이션 제외(모멘텀 순위 밖 또는 국면 0)
2026-06-16 09:30:00,NVDA,매도,7,211.0094,18.6,1.277,30709.46,로테이션 제외(모멘텀 순위 밖 또는 국면 0)
2026-06-16 09:30:00,PANW,매도,5,283.0584,76.08,5.69,32123.72,로테이션 제외(모멘텀 순위 밖 또는 국면 0)
2026-06-16 09:30:00,PEP,매도,2,146.7966,5.44,1.892,32417.1,로테이션 제외(모멘텀 순위 밖 또는 국면 0)
2026-06-16 09:30:00,RTX,매도,1,184.1579,-0.89,-0.481,32601.12,로테이션 제외(모멘텀 순위 밖 또는 국면 0)
2026-06-16 09:30:00,SHIP,매도,3,16.2419,1.8,3.85,32649.81,로테이션 제외(모멘텀 순위 밖 또는 국면 0)
2026-06-16 09:30:00,SLB,매도,2,53.8231,-5.55,-4.908,32757.38,로테이션 제외(모멘텀 순위 밖 또는 국면 0)
2026-06-16 09:30:00,STX,매도,1,1047.2047,165.19,18.759,33803.82,로테이션 제외(모멘텀 순위 밖 또는 국면 0)
2026-06-16 09:30:00,TGT,매도,1,133.1034,-0.6,-0.452,33936.82,로테이션 제외(모멘텀 순위 밖 또는 국면 0)
2026-06-16 09:30:00,USB,매도,5,58.4508,0.09,0.031,34228.86,로테이션 제외(모멘텀 순위 밖 또는 국면 0)
2026-06-16 09:30:00,VZ,매도,7,47.0764,-2.97,-0.896,34558.16,로테이션 제외(모멘텀 순위 밖 또는 국면 0)
2026-06-16 09:30:00,WDC,매도,2,686.4316,288.82,26.686,35930.02,로테이션 제외(모멘텀 순위 밖 또는 국면 0)
2026-06-16 13:29:59,AMZN,매도,6,245.7071,41.29,2.886,37403.19,고점 $248.74 대비 -1.00% → 익절 +3.08%
2026-06-18 09:30:00,AAPL,매수,2,298.5892,,,36805.59,K 따라 매수: 주식층 비중 3.2%
2026-06-18 09:30:00,AMD,매수,1,532.6612,,,36272.56,K 따라 매수: 주식층 비중 3.3%
2026-06-18 09:30:00,BTSG,매수,1,65.0825,,,36207.43,K 따라 매수: 주식층 비중 0.4%
2026-06-18 09:30:00,CDNS,매수,1,392.9914,,,35814.16,K 따라 매수: 주식층 비중 2.5%
2026-06-18 09:30:00,DAL,매수,1,84.1721,,,35729.93,K 따라 매수: 주식층 비중 0.3%
2026-06-18 09:30:00,DDOG,매수,4,224.152,,,34832.7,K 따라 매수: 주식층 비중 3.5%
2026-06-18 09:30:00,EOG,매수,1,133.0665,,,34699.54,K 따라 매수: 주식층 비중 0.7%
2026-06-18 09:30:00,FTNT,매수,5,143.4617,,,33981.72,K 따라 매수: 주식층 비중 2.8%
2026-06-18 09:30:00,INCY,매수,1,99.4897,,,33882.17,K 따라 매수: 주식층 비중 0.6%
2026-06-18 09:30:00,INTC,매수,7,131.8559,,,32958.53,K 따라 매수: 주식층 비중 3.6%
2026-06-18 09:30:00,KO,매수,5,79.9099,,,32558.7,K 따라 매수: 주식층 비중 1.6%
2026-06-18 09:30:00,LRCX,매수,2,395.3216,,,31767.5,K 따라 매수: 주식층 비중 3.9%
2026-06-18 09:30:00,MDB,매수,3,332.166,,,30770.31,K 따라 매수: 주식층 비중 4.0%
2026-06-18 09:30:00,MRVL,매수,3,305.6527,,,29852.71,K 따라 매수: 주식층 비중 4.1%
2026-06-18 09:30:00,MU,매수,1,1108.619,,,28743.31,K 따라 매수: 주식층 비중 4.3%
2026-06-18 09:30:00,NVDA,매수,6,207.3786,,,27498.17,K 따라 매수: 주식층 비중 4.9%
2026-06-18 09:30:00,PANW,매수,4,285.7428,,,26354.4,K 따라 매수: 주식층 비중 4.7%
2026-06-18 09:30:00,PEP,매수,2,141.1205,,,26071.96,K 따라 매수: 주식층 비중 1.5%
2026-06-18 09:30:00,RTX,매수,1,194.097,,,25877.73,K 따라 매수: 주식층 비중 0.8%
2026-06-18 09:30:00,SHIP,매수,3,15.2576,,,25831.92,K 따라 매수: 주식층 비중 0.2%
2026-06-18 09:30:00,SLB,매수,2,50.125,,,25731.6,K 따라 매수: 주식층 비중 0.5%
2026-06-18 09:30:00,STX,매수,1,1133.9267,,,24596.88,K 따라 매수: 주식층 비중 4.6%
2026-06-18 09:30:00,TGT,매수,1,129.0645,,,24467.73,K 따라 매수: 주식층 비중 0.7%
2026-06-18 09:30:00,USB,매수,5,58.6393,,,24174.32,K 따라 매수: 주식층 비중 1.1%
2026-06-18 09:30:00,VZ,매수,7,45.8079,,,23853.44,K 따라 매수: 주식층 비중 1.3%
2026-06-18 09:30:00,WDC,매수,1,764.382,,,23088.53,K 따라 매수: 주식층 비중 4.6%
2026-06-18 12:30:00,PGR,매수,7,203.0765,,,21666.0,저점 $201.83 대비 +0.57% 반등 (RSI 45)
2026-06-18 13:30:00,FCX,매수,21,68.6143,,,20224.09,저점 $68.08 대비 +0.73% 반등 (RSI 44)
2026-06-18 13:30:00,NET,매수,6,222.8614,,,18885.98,저점 $221.02 대비 +0.78% 반등 (RSI 36)
2026-06-22 09:30:00,SHIP,매수,1,14.4072,,,18871.57,K 비중 맞춤(늘림 0.2%)
2026-06-22 10:30:00,CRM,매수,9,151.1455,,,17510.3,저점 $150.16 대비 +0.61% 반등 (RSI 22)
2026-06-22 12:29:59,NET,매도,6,212.8985,-61.65,-4.61,18786.76,손절 -4.42%
2026-06-22 13:29:59,PGR,매도,7,207.986,32.31,2.273,20241.6,고점 $209.35 대비 -0.50% → 익절 +2.47%
2026-06-22 13:30:00,SHOP,매수,13,107.2536,,,18846.33,저점 $106.65 대비 +0.52% 반등 (RSI 34)
2026-06-23 09:30:00,FCX,매도,21,65.3923,-69.67,-4.835,20218.56,손절 -4.65%
2026-06-23 12:30:00,AVGO,매수,3,382.4211,,,19070.5,저점 $379.50 대비 +0.72% 반등 (RSI 37)
2026-06-24 09:30:00,AMD,매도,1,520.8314,-12.58,-2.362,19590.95,로테이션 제외(모멘텀 순위 밖 또는 국면 0)
2026-06-24 09:30:00,INTC,매도,7,132.8515,5.64,0.612,20520.23,로테이션 제외(모멘텀 순위 밖 또는 국면 0)
2026-06-24 09:30:00,LRCX,매도,2,366.6816,-58.37,-7.382,21253.06,로테이션 제외(모멘텀 순위 밖 또는 국면 0)
2026-06-24 09:30:00,MRVL,매도,3,281.3542,-74.15,-8.087,22096.51,로테이션 제외(모멘텀 순위 밖 또는 국면 0)
2026-06-24 09:30:00,MU,매도,1,1082.3286,-27.86,-2.513,23178.04,로테이션 제외(모멘텀 순위 밖 또는 국면 0)
2026-06-24 09:30:00,NVDA,매도,6,199.97,-46.2,-3.713,24376.99,로테이션 제외(모멘텀 순위 밖 또는 국면 0)
2026-06-24 09:30:00,PGR,매수,1,217.7088,,,24159.13,K 따라 매수: 주식층 비중 1.0%
2026-06-24 11:30:00,NVDA,매수,7,201.0055,,,22751.1,저점 $199.88 대비 +0.51% 반등 (RSI 34)
2026-06-24 12:29:59,SHOP,매도,13,111.5292,53.55,3.841,24199.92,고점 $112.32 대비 -0.50% → 익절 +4.04%
2026-06-24 14:30:00,CRWD,매수,8,169.3909,,,22843.85,저점 $167.70 대비 +0.96% 반등 (RSI 46)
2026-06-25 09:30:00,AAPL,매도,2,287.3663,-23.28,-3.899,23418.16,로테이션 제외(모멘텀 순위 밖 또는 국면 0)
2026-06-25 09:30:00,BTSG,매도,1,68.3958,3.22,4.944,23486.51,로테이션 제외(모멘텀 순위 밖 또는 국면 0)
2026-06-25 09:30:00,CDNS,매도,1,378.3007,-15.24,-3.878,23864.53,로테이션 제외(모멘텀 순위 밖 또는 국면 0)
2026-06-25 09:30:00,DAL,매도,1,91.4143,7.12,8.455,23955.88,로테이션 제외(모멘텀 순위 밖 또는 국면 0)
2026-06-25 09:30:00,DDOG,매도,4,219.3903,-20.32,-2.266,24832.8,로테이션 제외(모멘텀 순위 밖 또는 국면 0)
2026-06-25 09:30:00,EOG,매도,1,132.8236,-0.43,-0.325,24965.53,로테이션 제외(모멘텀 순위 밖 또는 국면 0)
2026-06-25 09:30:00,FTNT,매도,5,145.837,10.84,1.512,25694.18,로테이션 제외(모멘텀 순위 밖 또는 국면 0)
2026-06-25 09:30:00,INCY,매도,1,108.2958,8.66,8.702,25802.4,로테이션 제외(모멘텀 순위 밖 또는 국면 0)
2026-06-25 09:30:00,KO,매도,5,80.4897,2.33,0.582,26204.55,로테이션 제외(모멘텀 순위 밖 또는 국면 0)
2026-06-25 09:30:00,MDB,매도,3,300.9395,-95.04,-9.537,27106.71,로테이션 제외(모멘텀 순위 밖 또는 국면 0)
2026-06-25 09:30:00,PANW,매도,4,288.7955,10.57,0.925,28261.05,로테이션 제외(모멘텀 순위 밖 또는 국면 0)
2026-06-25 09:30:00,PEP,매도,2,141.949,1.25,0.444,28544.74,로테이션 제외(모멘텀 순위 밖 또는 국면 0)
2026-06-25 09:30:00,PGR,매도,1,218.6506,0.63,0.289,28763.23,로테이션 제외(모멘텀 순위 밖 또는 국면 0)
2026-06-25 09:30:00,RTX,매도,1,184.9075,-9.46,-4.874,28948.0,로테이션 제외(모멘텀 순위 밖 또는 국면 0)
2026-06-25 09:30:00,SHIP,매도,4,14.7126,-1.41,-2.351,29006.81,로테이션 제외(모멘텀 순위 밖 또는 국면 0)
2026-06-25 09:30:00,SLB,매도,2,46.5567,-7.27,-7.257,29099.86,로테이션 제외(모멘텀 순위 밖 또는 국면 0)
2026-06-25 09:30:00,STX,매도,1,1094.4525,-41.07,-3.622,30193.51,로테이션 제외(모멘텀 순위 밖 또는 국면 0)
2026-06-25 09:30:00,TGT,매도,1,140.6796,11.42,8.85,30334.09,로테이션 제외(모멘텀 순위 밖 또는 국면 0)
2026-06-25 09:30:00,USB,매도,5,60.4498,8.63,2.942,30636.12,로테이션 제외(모멘텀 순위 밖 또는 국면 0)
2026-06-25 09:30:00,VZ,매도,7,45.5172,-2.49,-0.777,30954.5,로테이션 제외(모멘텀 순위 밖 또는 국면 0)
2026-06-25 09:30:00,WDC,매도,1,708.7155,-56.72,-7.42,31662.7,로테이션 제외(모멘텀 순위 밖 또는 국면 0)
2026-06-26 10:30:00,ORCL,매수,4,151.2056,,,31057.46,저점 $150.26 대비 +0.58% 반등 (RSI 25)
2026-06-26 15:59:59,AVGO,매도,3,363.758,-57.59,-5.02,32147.93,손절 -4.83%
2026-06-26 15:59:59,CRM,매도,9,158.2408,61.87,4.548,33571.06,보유기한 청산 +4.75%
2026-06-26 15:59:59,NVDA,매도,7,191.6241,-67.63,-4.807,34911.45,손절 -4.62%
2026-06-26 15:59:59,ORCL,매도,4,148.5157,-11.62,-1.921,35505.08,장마감 청산 -1.73%
2026-06-29 11:29:59,CRWD,매도,8,186.7178,136.58,10.079,36997.73,고점 $188.09 대비 -0.50% → 익절 +10.28%
2026-06-30 10:30:00,ORCL,매수,4,148.4442,,,36403.54,저점 $147.25 대비 +0.76% 반등 (RSI 26)
2026-06-30 10:30:00,RL,매수,1,399.1895,,,36004.07,저점 $395.73 대비 +0.82% 반등 (RSI 31)
2026-06-30 11:30:00,VZ,매수,17,42.3812,,,35283.09,저점 $42.15 대비 +0.51% 반등 (RSI 27)
2026-06-30 15:59:59,ORCL,매도,4,146.6266,-8.11,-1.366,35869.17,장마감 청산 -1.17%
2026-06-30 15:59:59,RL,매도,1,401.1993,1.44,0.36,36270.07,장마감 청산 +0.55%
2026-06-30 15:59:59,VZ,매도,17,42.2938,-2.51,-0.349,36988.54,장마감 청산 -0.16%
2026-07-01 11:30:00,SLB,매수,16,45.9029,,,36253.58,저점 $45.63 대비 +0.55% 반등 (RSI 37)
2026-07-01 11:30:00,TGT,매수,5,128.8444,,,35608.91,저점 $127.51 대비 +1.00% 반등 (RSI 30)
2026-07-01 15:59:59,SLB,매도,16,45.0725,-14.33,-1.951,36329.54,장마감 청산 -1.76%
2026-07-01 15:59:59,TGT,매도,5,130.2548,6.13,0.951,36980.34,장마감 청산 +1.15%
2026-07-02 10:30:00,AVGO,매수,2,369.4446,,,36240.93,저점 $365.73 대비 +0.97% 반등 (RSI 42)
2026-07-02 10:30:00,ORCL,매수,5,144.4272,,,35518.29,저점 $143.30 대비 +0.74% 반등 (RSI 31)
2026-07-02 14:30:00,TSLA,매수,1,393.8468,,,35124.17,저점 $391.07 대비 +0.66% 반등 (RSI 37)
2026-07-02 15:59:59,AVGO,매도,2,360.1598,-19.61,-2.654,35843.96,장마감 청산 -2.46%
2026-07-02 15:59:59,ORCL,매도,5,140.2612,-21.85,-3.025,36544.76,장마감 청산 -2.84%
2026-07-02 15:59:59,TSLA,매도,1,392.6236,-1.79,-0.453,36937.09,장마감 청산 -0.26%
2026-07-06 14:30:00,TGT,매수,5,126.093,,,36306.19,저점 $124.83 대비 +0.96% 반등 (RSI 33)
2026-07-06 15:59:59,TGT,매도,5,126.0469,-1.13,-0.18,36935.96,장마감 청산 +0.01%
2026-07-07 11:30:00,CDNS,매수,1,370.6953,,,36565.01,저점 $367.33 대비 +0.87% 반등 (RSI 43)
2026-07-07 15:59:59,CDNS,매도,1,370.9244,-0.3,-0.081,36935.66,장마감 청산 +0.11%
2026-07-08 10:30:00,DAVE,매수,1,372.186,,,36563.22,저점 $370.12 대비 +0.51% 반등 (RSI 39)
2026-07-08 10:30:00,DDOG,매수,2,254.9574,,,36052.94,저점 $252.50 대비 +0.92% 반등 (RSI 43)
2026-07-08 13:30:00,BKNG,매수,4,174.5372,,,35354.31,저점 $173.26 대비 +0.69% 반등 (RSI 33)
2026-07-08 13:30:00,DHI,매수,4,149.6047,,,34755.47,저점 $148.65 대비 +0.59% 반등 (RSI 24)
2026-07-08 15:59:59,BKNG,매도,4,174.1729,-2.45,-0.352,35451.65,장마감 청산 -0.16%
2026-07-08 15:59:59,DAVE,매도,1,374.4027,1.68,0.452,35825.78,장마감 청산 +0.65%
2026-07-08 15:59:59,DDOG,매도,2,261.0494,11.45,2.245,36347.5,장마감 청산 +2.44%
2026-07-08 15:59:59,DHI,매도,4,148.4258,-5.57,-0.93,36940.77,장마감 청산 -0.74%
2026-07-09 10:30:00,DHI,매수,4,150.4502,,,36338.55,저점 $149.14 대비 +0.83% 반등 (RSI 34)
2026-07-09 10:30:00,MSFT,매수,1,376.7333,,,35961.55,저점 $374.45 대비 +0.56% 반등 (RSI 34)
2026-07-09 10:30:00,RTX,매수,3,195.6903,,,35374.07,저점 $193.99 대비 +0.83% 반등 (RSI 41)
2026-07-09 15:59:59,DHI,매도,4,149.4752,-4.76,-0.791,35971.53,장마감 청산 -0.60%
2026-07-09 15:59:59,MSFT,매도,1,384.1578,6.88,1.826,36355.41,장마감 청산 +2.02%
2026-07-09 15:59:59,RTX,매도,3,195.0924,-2.63,-0.448,36940.26,장마감 청산 -0.26%
2026-07-14 10:30:00,ROST,매수,3,220.7503,,,36277.54,저점 $219.04 대비 +0.73% 반등 (RSI 52)
2026-07-14 12:30:00,DASH,매수,3,189.2777,,,35709.31,저점 $188.06 대비 +0.60% 반등 (RSI 42)
2026-07-14 15:59:59,DASH,매도,3,187.7161,-5.49,-0.967,36272.05,장마감 청산 -0.78%
2026-07-14 15:59:59,ROST,매도,3,220.7796,-0.86,-0.13,36933.91,장마감 청산 +0.06%
2026-07-15 10:30:00,BTSG,매수,10,68.4192,,,36249.24,저점 $67.90 대비 +0.71% 반등 (RSI 32)
2026-07-15 10:30:00,PEP,매수,5,135.9379,,,35569.07,저점 $134.79 대비 +0.80% 반등 (RSI 35)
2026-07-15 15:59:59,PEP,매도,5,135.4123,-3.6,-0.529,36245.64,장마감 청산 -0.34%
2026-07-15 15:59:59,BTSG,매도,10,68.2559,-2.61,-0.382,36927.7,장마감 청산 -0.19%
2026-07-16 14:30:00,SLB,매수,15,47.1536,,,36219.9,저점 $46.89 대비 +0.51% 반등 (RSI 46)
2026-07-16 15:59:59,SLB,매도,15,47.0565,-2.47,-0.349,36925.23,장마감 청산 -0.16%
2026-07-17 10:30:00,AVGO,매수,1,370.6052,,,36554.37,저점 $366.83 대비 +0.98% 반등 (RSI 27)
2026-07-17 10:30:00,NEM,매수,8,90.4852,,,35829.98,저점 $89.85 대비 +0.66% 반등 (RSI 31)
2026-07-17 10:30:00,NVDA,매수,3,203.9219,,,35217.78,저점 $202.74 대비 +0.54% 반등 (RSI 39)
2026-07-17 10:30:00,PGR,매수,3,210.2751,,,34586.52,저점 $208.99 대비 +0.56% 반등 (RSI 41)
2026-07-17 12:30:00,SLB,매수,15,46.9335,,,33882.02,저점 $46.58 대비 +0.70% 반등 (RSI 44)
2026-07-17 15:59:59,AVGO,매도,1,370.6546,-0.48,-0.13,34252.41,장마감 청산 +0.06%
2026-07-17 15:59:59,NEM,매도,8,89.6452,-7.75,-1.071,34969.04,장마감 청산 -0.88%
2026-07-17 15:59:59,NVDA,매도,3,202.5387,-5.02,-0.821,35576.22,장마감 청산 -0.63%
2026-07-17 15:59:59,SLB,매도,15,46.9665,-0.51,-0.073,36280.2,장마감 청산 +0.12%
2026-07-17 15:59:59,PGR,매도,3,207.856,-8.15,-1.293,36903.31,장마감 청산 -1.10%
2026-07-20 11:30:00,BKNG,매수,4,179.4497,,,36185.01,저점 $178.06 대비 +0.73% 반등 (RSI 47)
2026-07-20 15:59:59,BKNG,매도,4,179.3403,-1.46,-0.204,36901.85,장마감 청산 -0.01%
2026-07-21 11:30:00,MNST,매수,15,47.3086,,,36191.72,저점 $46.99 대비 +0.63% 반등 (RSI 34)
2026-07-21 15:59:59,MNST,매도,15,47.2064,-2.55,-0.359,36899.3,장마감 청산 -0.17%
2026-07-22 11:30:00,DAVE,매수,1,427.2335,,,36471.77,저점 $423.25 대비 +0.89% 반등 (RSI 42)
2026-07-22 15:59:59,DAVE,매도,1,423.1593,-4.68,-1.096,36894.62,장마감 청산 -0.90%
2026-07-24 10:30:00,CRM,매수,4,161.3206,,,36248.88,저점 $160.38 대비 +0.54% 반등 (RSI 44)
2026-07-24 11:30:00,CRWD,매수,4,183.9369,,,35512.62,저점 $182.82 대비 +0.56% 반등 (RSI 34)
2026-07-24 15:59:59,CRM,매도,4,163.5282,7.9,1.224,36166.26,장마감 청산 +1.42%
2026-07-24 15:59:59,CRWD,매도,4,183.1684,-4.12,-0.561,36898.4,장마감 청산 -0.37%
2026-07-27 14:30:00,AMD,매수,1,484.4371,,,36413.62,저점 $479.88 대비 +0.90% 반등 (RSI 31)
2026-07-27 14:30:00,NVDA,매수,3,196.7934,,,35822.83,저점 $195.58 대비 +0.57% 반등 (RSI 32)
2026-07-27 15:59:59,AMD,매도,1,494.8225,9.69,1.999,36317.29,장마감 청산 +2.19%
2026-07-27 15:59:59,NVDA,매도,3,196.4217,-1.96,-0.332,36906.12,장마감 청산 -0.14%
2026-07-28 09:30:00,MRVL,매수,26,180.09,,,32220.5,K 따라 매수: 주식층 비중 18.7%
2026-07-28 09:30:00,MU,매수,5,840.8902,,,28013.11,K 따라 매수: 주식층 비중 18.7%
2026-07-28 09:30:00,SNDK,매수,4,1172.9512,,,23318.02,K 따라 매수: 주식층 비중 18.7%
2026-07-29 09:30:00,MRVL,매도,26,173.933,-166.66,-3.559,27836.98,로테이션 제외(모멘텀 순위 밖 또는 국면 0)
2026-07-29 09:30:00,MU,매도,5,832.5035,-47.92,-1.14,31996.46,로테이션 제외(모멘텀 순위 밖 또는 국면 0)
2026-07-29 09:30:00,SNDK,매도,4,1118.7683,-223.28,-4.759,36468.26,로테이션 제외(모멘텀 순위 밖 또는 국면 0)
2026-07-29 11:30:00,META,매수,2,591.7357,,,35283.96,저점 $588.49 대비 +0.50% 반등 (RSI 36)
2026-07-29 11:30:00,SNDK,매수,1,1024.512,,,34258.73,"저점 $1,014.63 대비 +0.92% 반등 (RSI 25)"
2026-07-29 15:59:59,META,매도,2,586.7065,-11.74,-0.992,35431.29,시장 급락 -1.5% → 청산
2026-07-29 15:59:59,SNDK,매도,1,1015.542,-10.43,-1.018,36446.09,시장 급락 -1.5% → 청산
2026-07-30 10:30:00,ISRG,매수,2,349.0744,,,35747.45,저점 $346.51 대비 +0.69% 반등 (RSI 41)
2026-07-30 11:30:00,SHOP,매수,5,124.3121,,,35125.46,저점 $123.16 대비 +0.89% 반등 (RSI 44)
2026-07-31 10:29:59,SHOP,매도,5,117.911,-32.87,-5.288,35714.58,손절 -5.10%
2026-07-31 11:30:00,INCY,매수,3,120.1,,,35354.03,저점 $119.19 대비 +0.71% 반등 (RSI 40)
2026-07-31 15:59:59,INCY,매도,3,119.4303,-2.52,-0.7,35712.06,장마감 청산 -0.51%
2026-08-03 14:30:00,MNST,매수,7,46.6983,,,35384.94,저점 $46.33 대비 +0.73% 반등 (RSI 33)
2026-08-03 15:29:59,ISRG,매도,2,371.774,44.37,6.355,36127.95,고점 $374.36 대비 -0.50% → 익절 +6.56%
2026-08-03 15:59:59,MNST,매도,7,46.7466,-0.13,-0.04,36454.94,장마감 청산 +0.15%
2026-08-04 10:30:00,INCY,매수,3,117.8789,,,36101.05,저점 $117.00 대비 +0.70% 반등 (RSI 35)
2026-08-04 10:30:00,PEP,매수,2,138.3692,,,35824.12,저점 $137.50 대비 +0.58% 반등 (RSI 39)
2026-08-04 15:59:59,INCY,매도,3,120.5397,7.47,2.113,36185.47,장마감 청산 +2.31%
2026-08-04 15:59:59,PEP,매도,2,139.0504,0.97,0.349,36463.37,장마감 청산 +0.54%
2026-08-06 10:30:00,NOW,매수,3,114.117,,,36120.78,저점 $113.00 대비 +0.94% 반등 (RSI 45)
2026-08-06 15:59:59,NOW,매도,3,117.3013,9.06,2.645,36472.43,장마감 청산 +2.84%
2026-08-07 10:30:00,PEP,매수,5,138.3641,,,35780.12,저점 $137.50 대비 +0.58% 반등 (RSI 47)
2026-08-07 10:30:00,TGT,매수,4,147.5437,,,35189.54,저점 $146.07 대비 +0.96% 반등 (RSI 50)
2026-08-07 10:30:00,UNP,매수,2,294.4471,,,34600.23,저점 $292.74 대비 +0.53% 반등 (RSI 49)
2026-08-07 13:30:00,MNST,매수,16,45.1175,,,33877.84,저점 $44.76 대비 +0.76% 반등 (RSI 30)
2026-08-07 15:59:59,MNST,매도,16,45.1474,-0.55,-0.077,34599.67,장마감 청산 +0.12%
2026-08-07 15:59:59,PEP,매도,5,138.9525,1.95,0.282,35293.93,장마감 청산 +0.48%
2026-08-07 15:59:59,TGT,매도,4,149.6152,7.44,1.26,35891.95,장마감 청산 +1.45%
2026-08-07 15:59:59,UNP,매도,2,292.9235,-3.89,-0.66,36477.37,장마감 청산 -0.47%
2026-08-10 10:30:00,USB,매수,11,64.082,,,35771.98,저점 $63.51 대비 +0.85% 반등 (RSI 52)
2026-08-10 15:59:59,USB,매도,11,64.1629,-0.12,-0.017,36477.25,장마감 청산 +0.18%
2026-08-11 10:30:00,INTC,매수,7,97.3286,,,35795.48,저점 $96.75 대비 +0.55% 반등 (RSI 41)
2026-08-11 10:30:00,PGR,매수,3,213.9618,,,35153.14,저점 $212.67 대비 +0.56% 반등 (RSI 50)
2026-08-11 12:30:00,ROST,매수,2,253.8869,,,34645.01,저점 $251.70 대비 +0.82% 반등 (RSI 50)
2026-08-11 13:30:00,CROX,매수,5,133.3265,,,33977.91,저점 $132.60 대비 +0.50% 반등 (RSI 38)
2026-08-11 15:59:59,CROX,매도,5,131.7441,-8.86,-1.329,34636.15,장마감 청산 -1.14%
2026-08-11 15:59:59,INTC,매도,7,97.6511,1.28,0.188,35319.21,장마감 청산 +0.38%
2026-08-11 15:59:59,ROST,매도,2,251.6841,-5.13,-1.01,35822.21,장마감 청산 -0.82%
2026-08-11 15:59:59,PGR,매도,3,212.2638,-6.01,-0.936,36458.54,장마감 청산 -0.74%
2026-08-12 10:30:00,INCY,매수,3,120.4752,,,36096.86,저점 $119.54 대비 +0.73% 반등 (RSI 48)
2026-08-12 10:30:00,KO,매수,4,86.3532,,,35751.21,저점 $85.78 대비 +0.62% 반등 (RSI 39)
2026-08-12 11:30:00,RTX,매수,1,221.9809,,,35529.07,저점 $220.33 대비 +0.70% 반등 (RSI 46)
2026-08-12 15:59:59,INCY,매도,3,120.6896,0.13,0.035,35890.87,장마감 청산 +0.23%
2026-08-12 15:59:59,KO,매도,4,86.7016,0.9,0.26,36237.43,장마감 청산 +0.45%
2026-08-12 15:59:59,RTX,매도,1,222.6486,0.35,0.158,36459.91,장마감 청산 +0.35%
2026-08-14 10:30:00,FCX,매수,5,67.2386,,,36123.48,저점 $66.72 대비 +0.73% 반등 (RSI 36)
2026-08-14 11:30:00,CDNS,매수,1,324.6622,,,35798.6,저점 $322.38 대비 +0.66% 반등 (RSI 43)
2026-08-14 15:59:59,CDNS,매도,1,324.6576,-0.47,-0.144,36123.02,장마감 청산 +0.05%
2026-08-14 15:59:59,FCX,매도,5,66.4568,-4.39,-1.305,36455.06,장마감 청산 -1.11%
2026-08-17 11:30:00,FTNT,매수,2,156.9885,,,36140.86,저점 $156.10 대비 +0.52% 반등 (RSI 33)
2026-08-17 15:59:59,FTNT,매도,2,155.7121,-3.0,-0.955,36452.06,장마감 청산 -0.76%
2026-08-18 12:30:00,CRWD,매수,1,211.5876,,,36240.32,저점 $209.40 대비 +0.99% 반등 (RSI 36)
2026-08-18 15:59:59,CRWD,매도,1,212.8635,0.97,0.46,36453.03,장마감 청산 +0.65%
2026-08-19 11:30:00,CDNS,매수,1,316.4532,,,36136.35,저점 $313.88 대비 +0.77% 반등 (RSI 36)
2026-08-19 11:30:00,CRDO,매수,1,234.6873,,,35901.5,저점 $232.95 대비 +0.70% 반등 (RSI 32)
2026-08-19 11:30:00,CRWD,매수,1,200.4602,,,35700.9,저점 $199.07 대비 +0.65% 반등 (RSI 26)
2026-08-19 11:30:00,INTC,매수,3,93.2566,,,35420.94,저점 $92.55 대비 +0.71% 반등 (RSI 28)
2026-08-19 11:30:00,NET,매수,1,290.3651,,,35130.37,저점 $287.65 대비 +0.89% 반등 (RSI 30)
2026-08-19 15:59:59,CDNS,매도,1,314.8125,-2.09,-0.661,35444.95,장마감 청산 -0.47%
2026-08-19 15:59:59,CRDO,매도,1,234.5826,-0.44,-0.188,35679.36,장마감 청산 +0.01%
2026-08-19 15:59:59,CRWD,매도,1,201.5092,0.76,0.38,35880.72,장마감 청산 +0.57%
2026-08-19 15:59:59,INTC,매도,3,92.8236,-1.7,-0.607,36158.99,장마감 청산 -0.41%
2026-08-19 15:59:59,NET,매도,1,291.789,1.01,0.347,36450.57,장마감 청산 +0.54%
2026-08-20 12:30:00,PANW,매수,1,353.5067,,,36096.81,저점 $350.96 대비 +0.68% 반등 (RSI 33)
2026-08-20 13:30:00,INTC,매수,3,92.3361,,,35819.61,저점 $91.65 대비 +0.70% 반등 (RSI 33)
2026-08-20 15:59:59,INTC,매도,3,92.0989,-1.11,-0.4,36095.71,장마감 청산 -0.21%
2026-08-20 15:59:59,PANW,매도,1,349.2653,-4.74,-1.342,36444.72,장마감 청산 -1.15%
2026-08-21 10:30:00,DAL,매수,4,82.8914,,,36112.92,저점 $82.22 대비 +0.77% 반등 (RSI 38)
2026-08-21 11:30:00,AAPL,매수,1,310.7703,,,35801.93,저점 $307.82 대비 +0.91% 반등 (RSI 46)
2026-08-21 11:30:00,NVDA,매수,1,215.9279,,,35585.85,저점 $214.65 대비 +0.55% 반등 (RSI 36)
2026-08-21 15:59:59,AAPL,매도,1,309.2653,-1.95,-0.627,35894.89,장마감 청산 -0.43%
2026-08-21 15:59:59,DAL,매도,4,82.3738,-2.54,-0.767,36224.15,장마감 청산 -0.57%
2026-08-21 15:59:59,NVDA,매도,1,214.6426,-1.59,-0.738,36438.63,장마감 청산 -0.55%
2026-08-24 11:30:00,DDOG,매수,1,229.3296,,,36209.14,저점 $227.43 대비 +0.78% 반등 (RSI 37)
2026-08-24 11:30:00,LRCX,매수,1,303.6618,,,35905.27,저점 $301.24 대비 +0.75% 반등 (RSI 36)
2026-08-24 14:30:00,INTC,매수,4,87.8539,,,35553.61,저점 $87.04 대비 +0.89% 반등 (RSI 34)
2026-08-24 14:30:00,NVDA,매수,1,210.4952,,,35342.96,저점 $209.28 대비 +0.53% 반등 (RSI 31)
2026-08-24 15:59:59,DDOG,매도,1,225.6471,-4.01,-1.748,35568.45,장마감 청산 -1.56%
2026-08-24 15:59:59,INTC,매도,4,87.2164,-3.05,-0.868,35917.06,장마감 청산 -0.68%
2026-08-24 15:59:59,LRCX,매도,1,309.9949,5.89,1.941,36226.83,장마감 청산 +2.14%
2026-08-24 15:59:59,NVDA,매도,1,208.3558,-2.44,-1.159,36435.03,장마감 청산 -0.97%
2026-08-25 10:30:00,EOG,매수,2,148.4242,,,36137.97,저점 $147.37 대비 +0.67% 반등 (RSI 38)
2026-08-25 10:30:00,NOW,매수,2,127.2636,,,35883.27,저점 $125.96 대비 +0.99% 반등 (RSI 47)
2026-08-25 15:59:59,NOW,매도,2,126.9265,-1.04,-0.408,36136.94,장마감 청산 -0.21%
2026-08-25 15:59:59,EOG,매도,2,146.7466,-3.78,-1.272,36430.21,장마감 청산 -1.08%
2026-08-26 09:30:00,MDB,매수,1,391.4206,,,36038.52,K 따라 매수: 주식층 비중 4.5%
2026-08-26 09:30:00,MNST,매수,1,48.7544,,,35989.73,K 따라 매수: 주식층 비중 0.5%
2026-08-26 09:30:00,USB,매수,1,62.4812,,,35927.21,K 따라 매수: 주식층 비중 0.6%
2026-08-26 09:31:42,MDB,매수,1,390.7913,,,35536.14,K 비중 맞춤(늘림 4.5%)
2026-08-26 09:34:00,MNST,매수,1,48.7677,,,35487.34,K 비중 맞춤(늘림 0.5%)
2026-08-26 09:34:17,USB,매수,1,62.3628,,,35424.93,K 비중 맞춤(늘림 0.6%)
2026-08-27 09:30:00,SHIP,매수,1,17.0485,,,35407.87,K 따라 매수: 주식층 비중 0.1%
2026-08-27 09:30:00,STX,매수,1,875.7376,,,34531.52,K 따라 매수: 주식층 비중 4.5%
2026-08-27 09:35:27,KO,매수,1,89.5381,,,34441.92,K 따라 매수: 주식층 비중 0.5%
2026-08-28 09:30:00,CDNS,매수,1,347.6037,,,34094.07,K 따라 매수: 주식층 비중 2.2%
2026-08-28 09:30:00,CRM,매수,2,250.5952,,,33592.53,K 따라 매수: 주식층 비중 2.3%
2026-08-28 09:30:00,CRWD,매수,4,228.6092,,,32677.46,K 따라 매수: 주식층 비중 3.9%
2026-08-28 09:30:00,FTNT,매수,6,172.6663,,,31640.73,K 따라 매수: 주식층 비중 4.2%
2026-08-28 09:30:00,MSFT,매수,1,505.5827,,,31134.8,K 따라 매수: 주식층 비중 2.7%
2026-08-28 09:30:00,NOW,매수,5,138.5492,,,30441.57,K 따라 매수: 주식층 비중 2.8%
2026-08-28 09:30:00,PANW,매수,3,377.4486,,,29308.43,K 따라 매수: 주식층 비중 4.6%
2026-08-28 09:30:00,SHOP,매수,5,154.7874,,,28533.95,K 따라 매수: 주식층 비중 3.4%
2026-08-31 09:30:00,AVGO,매수,1,369.6397,,,28164.05,K 따라 매수: 주식층 비중 3.5%
2026-08-31 09:30:00,CRDO,매수,1,232.116,,,27931.77,K 따라 매수: 주식층 비중 3.6%
2026-08-31 09:30:00,INTC,매수,5,90.045,,,27481.23,K 따라 매수: 주식층 비중 4.2%
2026-08-31 09:30:00,LRCX,매수,1,302.6112,,,27178.41,K 따라 매수: 주식층 비중 4.4%
2026-08-31 09:30:00,NVDA,매수,1,218.9714,,,26959.28,K 따라 매수: 주식층 비중 3.0%
2026-08-31 09:31:32,CRDO,매수,2,232.573,,,26493.81,K 비중 맞춤(늘림 3.6%)
2026-08-31 09:32:13,INTC,매수,6,90.2126,,,25952.16,K 비중 맞춤(늘림 4.2%)
2026-08-31 09:32:51,NVDA,매수,2,218.5924,,,25514.67,K 비중 맞춤(늘림 3.0%)
2026-08-31 09:33:20,AVGO,매수,1,370.299,,,25144.11,K 비중 맞춤(늘림 3.5%)
2026-08-31 09:34:00,LRCX,매수,2,302.8747,,,24537.93,K 비중 맞춤(늘림 4.4%)
2026-08-31 09:50:00,MU,매수,1,940.51,,,23596.77,K 따라 매수: 주식층 비중 4.5%
2026-08-31 11:30:00,FCX,매수,9,75.7328,,,22914.69,저점 $75.28 대비 +0.56% 반등 (RSI 39)
2026-08-31 11:30:00,NEM,매수,5,125.8479,,,22285.01,저점 $124.70 대비 +0.87% 반등 (RSI 33)
2026-09-01 09:30:00,AVGO,매도,2,364.1778,-12.63,-1.707,23012.84,로테이션 제외(모멘텀 순위 밖 또는 국면 0)
2026-09-01 09:30:00,CRDO,매도,3,219.89,-38.56,-5.53,23672.03,로테이션 제외(모멘텀 순위 밖 또는 국면 0)
2026-09-01 09:30:00,CRWD,매도,4,228.0734,-3.45,-0.377,24583.65,로테이션 제외(모멘텀 순위 밖 또는 국면 0)
2026-09-01 09:30:00,FTNT,매도,6,167.4762,-32.6,-3.147,25587.78,로테이션 제외(모멘텀 순위 밖 또는 국면 0)
2026-09-01 09:30:00,INTC,매도,11,86.8541,-37.5,-3.782,26542.47,로테이션 제외(모멘텀 순위 밖 또는 국면 0)
2026-09-01 09:30:00,LRCX,매도,3,295.6921,-22.57,-2.484,27428.9,로테이션 제외(모멘텀 순위 밖 또는 국면 0)
2026-09-01 09:30:00,MDB,매도,2,442.9684,102.53,13.108,28314.19,로테이션 제외(모멘텀 순위 밖 또는 국면 0)
2026-09-01 09:30:00,MU,매도,1,939.0102,-2.84,-0.302,29252.52,로테이션 제외(모멘텀 순위 밖 또는 국면 0)
2026-09-01 09:30:00,NVDA,매도,3,216.5017,-7.58,-1.156,29901.55,로테이션 제외(모멘텀 순위 밖 또는 국면 0)
2026-09-01 09:30:00,PANW,매도,3,374.6326,-10.06,-0.889,31024.63,로테이션 제외(모멘텀 순위 밖 또는 국면 0)
2026-09-01 09:30:00,STX,매도,1,814.6924,-62.25,-7.109,31838.72,로테이션 제외(모멘텀 순위 밖 또는 국면 0)
2026-09-01 10:30:00,DHI,매수,5,144.122,,,31117.61,저점 $143.13 대비 +0.64% 반등 (RSI 35)
2026-09-01 10:30:00,ROST,매수,3,226.9434,,,30436.3,저점 $224.92 대비 +0.85% 반등 (RSI 36)
2026-09-01 11:30:00,LRCX,매수,2,292.9714,,,29849.95,저점 $290.40 대비 +0.84% 반등 (RSI 31)
2026-09-01 15:59:59,FCX,매도,9,72.4438,-30.55,-4.483,30501.47,손절 -4.30%
2026-09-02 09:30:00,CDNS,매도,1,312.4637,-35.61,-10.245,30813.7,로테이션 제외(모멘텀 순위 밖 또는 국면 0)
2026-09-02 09:30:00,MNST,매수,1,45.3627,,,30768.31,K 비중 맞춤(늘림 0.6%)
2026-09-02 09:30:00,SHOP,매수,3,139.8299,,,30348.53,K 비중 맞춤(늘림 4.6%)
2026-09-02 14:30:00,CDNS,매수,2,306.3231,,,29735.45,저점 $304.60 대비 +0.52% 반등 (RSI 21)
2026-09-03 09:30:00,AAPL,매수,1,325.1102,,,29410.11,K 따라 매수: 주식층 비중 3.6%
2026-09-03 09:30:00,CRWD,매수,2,208.9484,,,28991.92,K 따라 매수: 주식층 비중 3.9%
2026-09-03 09:30:00,FTNT,매수,3,157.5787,,,28518.86,K 따라 매수: 주식층 비중 4.2%
2026-09-03 09:30:00,USB,매수,1,63.0315,,,28455.78,K 비중 맞춤(늘림 0.8%)
2026-09-03 09:31:37,CRWD,매수,2,208.5587,,,28038.37,K 비중 맞춤(늘림 3.9%)
2026-09-03 09:32:18,FTNT,매수,3,157.8214,,,27564.58,K 비중 맞춤(늘림 4.2%)
2026-09-03 09:33:31,AAPL,매수,1,324.8308,,,27239.52,K 비중 맞춤(늘림 3.6%)
2026-09-03 11:30:00,PEP,매수,5,139.7749,,,26540.15,저점 $138.76 대비 +0.68% 반등 (RSI 45)
2026-09-03 12:29:59,NEM,매도,5,129.3903,16.8,2.67,27186.63,고점 $130.43 대비 -0.50% → 익절 +2.87%
2026-09-04 09:30:00,AAPL,매도,2,328.1408,5.41,0.832,27842.44,로테이션 제외(모멘텀 순위 밖 또는 국면 0)
2026-09-04 09:30:00,CRM,매도,2,263.2283,24.53,4.895,28368.51,로테이션 제외(모멘텀 순위 밖 또는 국면 0)
2026-09-04 09:30:00,CRWD,매도,4,212.3938,13.36,1.6,29217.46,로테이션 제외(모멘텀 순위 밖 또는 국면 0)
2026-09-04 09:30:00,FTNT,매도,6,153.923,-24.0,-2.536,30140.33,로테이션 제외(모멘텀 순위 밖 또는 국면 0)
2026-09-04 09:30:00,KO,매도,1,88.5407,-1.12,-1.256,30228.8,로테이션 제외(모멘텀 순위 밖 또는 국면 0)
2026-09-04 09:30:00,MNST,매도,3,43.7581,-11.81,-8.263,30359.98,로테이션 제외(모멘텀 순위 밖 또는 국면 0)
2026-09-04 09:30:00,MSFT,매도,1,509.745,3.44,0.68,30869.35,로테이션 제외(모멘텀 순위 밖 또는 국면 0)
2026-09-04 09:30:00,NOW,매도,5,143.2433,22.46,3.243,31585.05,로테이션 제외(모멘텀 순위 밖 또는 국면 0)
2026-09-04 09:30:00,SHIP,매도,1,18.7806,1.71,10.009,31603.82,로테이션 제외(모멘텀 순위 밖 또는 국면 0)
2026-09-04 09:30:00,SHOP,매도,8,144.4827,-39.24,-3.288,32758.83,로테이션 제외(모멘텀 순위 밖 또는 국면 0)
2026-09-04 09:30:00,USB,매도,3,63.2184,1.51,0.804,32948.35,로테이션 제외(모멘텀 순위 밖 또는 국면 0)
2026-09-04 11:29:59,CDNS,매도,2,289.4102,-34.68,-5.66,33526.75,손절 -5.47%
2026-09-04 11:29:59,LRCX,매도,2,301.9989,17.2,2.936,34130.3,고점 $305.70 대비 -0.50% → 익절 +3.13%
2026-09-08 10:30:00,INCY,매수,2,125.0075,,,33880.11,저점 $124.11 대비 +0.68% 반등 (RSI 37)
2026-09-08 10:30:00,KO,매수,4,88.1491,,,33527.27,저점 $87.55 대비 +0.63% 반등 (RSI 39)
2026-09-08 10:30:00,UNP,매수,1,289.8949,,,33237.17,저점 $287.10 대비 +0.92% 반등 (RSI 39)
2026-09-08 11:30:00,SHOP,매수,2,134.2471,,,32968.49,저점 $133.01 대비 +0.88% 반등 (RSI 26)
2026-09-08 15:59:59,DHI,매도,5,138.4407,-29.42,-4.082,33660.19,보유기한 청산 -3.89%
2026-09-08 15:59:59,INCY,매도,2,124.3378,-1.7,-0.678,33908.68,장마감 청산 -0.49%
2026-09-08 15:59:59,KO,매도,4,88.3658,0.36,0.103,34261.89,장마감 청산 +0.30%
2026-09-08 15:59:59,ROST,매도,3,229.1953,5.78,0.849,34948.97,보유기한 청산 +1.04%
2026-09-08 15:59:59,SHOP,매도,2,134.0729,-0.73,-0.273,35216.92,장마감 청산 -0.08%
2026-09-08 15:59:59,UNP,매도,1,288.3258,-1.98,-0.684,35505.04,장마감 청산 -0.49%
2026-09-09 10:30:00,ISRG,매수,1,352.9764,,,35151.82,저점 $350.21 대비 +0.74% 반등 (RSI 33)
2026-09-09 10:30:00,JPM,매수,1,355.2325,,,34796.33,저점 $352.00 대비 +0.87% 반등 (RSI 45)
2026-09-09 10:30:00,USB,매수,5,62.6063,,,34483.08,저점 $62.07 대비 +0.81% 반등 (RSI 43)
2026-09-09 11:30:00,RTX,매수,1,198.5742,,,34284.37,저점 $197.44 대비 +0.52% 반등 (RSI 37)
2026-09-09 13:30:00,BKNG,매수,2,173.0565,,,33938.01,저점 $171.68 대비 +0.75% 반등 (RSI 17)
2026-09-09 13:30:00,DASH,매수,1,198.059,,,33739.82,저점 $196.50 대비 +0.74% 반등 (RSI 26)
2026-09-09 13:30:00,SHOP,매수,2,129.1796,,,33481.28,저점 $128.35 대비 +0.59% 반등 (RSI 24)
2026-09-09 15:59:59,BKNG,매도,2,173.3333,0.06,0.017,33827.69,장마감 청산 +0.21%
2026-09-09 15:59:59,DASH,매도,1,197.1714,-1.17,-0.591,34024.72,장마감 청산 -0.40%
2026-09-09 15:59:59,ISRG,매도,1,353.1733,-0.31,-0.087,34377.63,장마감 청산 +0.11%
2026-09-09 15:59:59,JPM,매도,1,354.5326,-1.21,-0.34,34731.91,장마감 청산 -0.15%
2026-09-09 15:59:59,PEP,매도,5,136.6316,-16.7,-2.39,35414.57,보유기한 청산 -2.20%
2026-09-09 15:59:59,RTX,매도,1,197.4812,-1.38,-0.693,35611.9,장마감 청산 -0.50%
2026-09-09 15:59:59,SHOP,매도,2,126.7166,-5.29,-2.048,35865.15,장마감 청산 -1.86%
2026-09-09 15:59:59,USB,매도,5,62.1139,-2.91,-0.929,36175.5,장마감 청산 -0.74%
2026-09-10 10:30:00,AMZN,매수,1,252.196,,,35923.12,저점 $250.19 대비 +0.75% 반등 (RSI 37)
2026-09-10 10:30:00,CRDO,매수,2,163.5317,,,35595.83,저점 $162.10 대비 +0.83% 반등 (RSI 31)
2026-09-10 10:30:00,NEM,매수,2,125.7428,,,35344.17,저점 $124.66 대비 +0.82% 반등 (RSI 39)
2026-09-10 10:30:00,UNP,매수,1,287.6938,,,35056.27,저점 $285.19 대비 +0.83% 반등 (RSI 45)
2026-09-10 15:59:59,AMZN,매도,1,251.7641,-0.79,-0.314,35307.85,장마감 청산 -0.12%
2026-09-10 15:59:59,CRDO,매도,2,160.2698,-6.99,-2.136,35628.16,장마감 청산 -1.95%
2026-09-10 15:59:59,NEM,매도,2,126.0869,0.33,0.13,35880.15,장마감 청산 +0.32%
2026-09-10 15:59:59,UNP,매도,1,285.6071,-2.5,-0.868,36165.55,장마감 청산 -0.68%
2026-09-11 10:30:00,CRDO,매수,2,163.9219,,,35837.47,저점 $162.53 대비 +0.81% 반등 (RSI 39)
2026-09-11 15:59:59,CRDO,매도,2,162.8985,-2.51,-0.767,36163.03,장마감 청산 -0.57%
2026-09-14 09:30:00,AAPL,매수,1,334.9974,,,35827.8,K 따라 매수: 주식층 비중 3.5%
2026-09-14 09:30:00,AVGO,매수,1,349.6347,,,35477.92,K 따라 매수: 주식층 비중 3.6%
2026-09-14 09:30:00,CRDO,매수,2,153.7678,,,35170.17,K 따라 매수: 주식층 비중 3.6%
2026-09-14 09:30:00,CRM,매수,1,255.8779,,,34914.11,K 따라 매수: 주식층 비중 2.3%
2026-09-14 09:30:00,CRWD,매수,2,219.1095,,,34475.59,K 따라 매수: 주식층 비중 3.8%
2026-09-14 09:30:00,DDOG,매수,1,225.0675,,,34250.36,K 따라 매수: 주식층 비중 2.5%
2026-09-14 09:30:00,FTNT,매수,3,162.7213,,,33761.86,K 따라 매수: 주식층 비중 4.2%
2026-09-14 09:30:00,INTC,매수,5,95.7679,,,33282.68,K 따라 매수: 주식층 비중 4.2%
2026-09-14 09:30:00,KO,매수,1,90.045,,,33192.58,K 따라 매수: 주식층 비중 0.9%
2026-09-14 09:30:00,LRCX,매수,1,274.9674,,,32917.42,K 따라 매수: 주식층 비중 4.3%
2026-09-14 09:30:00,MNST,매수,2,43.5338,,,32830.29,K 따라 매수: 주식층 비중 0.7%
2026-09-14 09:30:00,NOW,매수,4,140.07,,,32269.61,K 따라 매수: 주식층 비중 4.6%
2026-09-14 09:30:00,NVDA,매수,1,211.1855,,,32058.28,K 따라 매수: 주식층 비중 3.0%
2026-09-14 09:30:00,SHIP,매수,1,18.4192,,,32039.85,K 따라 매수: 주식층 비중 0.2%
2026-09-14 09:30:00,USB,매수,2,62.8314,,,31914.1,K 따라 매수: 주식층 비중 1.0%
2026-09-14 09:30:00,WDC,매수,1,416.258,,,31497.55,K 따라 매수: 주식층 비중 4.5%
2026-09-14 09:31:13,CRWD,매수,2,218.705,,,31059.83,K 비중 맞춤(늘림 3.8%)
2026-09-14 09:31:52,FTNT,매수,3,162.4012,,,30572.29,K 비중 맞춤(늘림 4.2%)
2026-09-14 09:31:56,INTC,매수,6,95.5968,,,29998.31,K 비중 맞춤(늘림 4.2%)
2026-09-14 09:32:04,CRDO,매수,3,153.9009,,,29536.28,K 비중 맞춤(늘림 3.6%)
2026-09-14 09:32:04,WDC,매수,1,416.2413,,,29119.75,K 비중 맞춤(늘림 4.5%)
2026-09-14 09:32:13,DDOG,매수,1,224.6438,,,28894.95,K 비중 맞춤(늘림 2.5%)
2026-09-14 09:32:36,NOW,매수,4,140.3001,,,28333.35,K 비중 맞춤(늘림 4.6%)
2026-09-14 09:32:43,CRM,매수,1,256.3131,,,28076.86,K 비중 맞춤(늘림 2.3%)
2026-09-14 09:33:00,LRCX,매수,2,274.5138,,,27527.45,K 비중 맞춤(늘림 4.3%)
2026-09-14 09:33:31,SHIP,매수,1,18.4242,,,27509.01,K 비중 맞춤(늘림 0.2%)
2026-09-14 09:33:45,MNST,매수,2,43.5338,,,27421.88,K 비중 맞춤(늘림 0.7%)
2026-09-14 09:34:00,NVDA,매수,2,211.3923,,,26998.8,K 비중 맞춤(늘림 3.0%)
2026-09-14 09:34:17,AVGO,매수,1,349.8982,,,26648.66,K 비중 맞춤(늘림 3.6%)
2026-09-14 09:34:17,KO,매수,1,90.1651,,,26558.43,K 비중 맞춤(늘림 0.9%)
2026-09-14 09:34:36,AAPL,매수,1,335.0808,,,26223.12,K 비중 맞춤(늘림 3.5%)
2026-09-14 09:35:27,USB,매수,2,62.8014,,,26097.43,K 비중 맞춤(늘림 1.0%)
2026-09-14 10:30:00,ORCL,매수,5,142.5812,,,25384.02,저점 $141.42 대비 +0.77% 반등 (RSI 21)
2026-09-14 12:30:00,MRVL,매수,3,221.8008,,,24718.15,저점 $219.69 대비 +0.91% 반등 (RSI 39)
2026-09-15 09:30:00,MNST,매도,2,43.978,0.76,0.877,24806.04,K 비중 맞춤(줄임 0.3%)
2026-09-15 09:30:00,SHOP,매수,4,132.4462,,,24275.89,K 따라 매수: 주식층 비중 4.6%
2026-09-15 09:30:00,USB,매도,1,62.8885,-0.02,-0.028,24338.73,K 비중 맞춤(줄임 0.5%)
2026-09-15 09:33:09,SHOP,매수,4,132.6613,,,23807.71,K 비중 맞춤(늘림 4.6%)
2026-09-16 09:30:00,MNST,매수,1,44.6323,,,23763.05,K 비중 맞춤(늘림 0.6%)
2026-09-16 09:30:00,SHOP,매도,8,129.985,-22.05,-2.079,24802.17,로테이션 제외(모멘텀 순위 밖 또는 국면 0)
2026-09-16 10:08:49,DAL,매수,1,78.6793,,,24723.44,K 따라 매수: 주식층 비중 0.4%
2026-09-16 10:09:00,AMD,매수,1,524.4529,,,24198.62,K 따라 매수: 주식층 비중 3.2%
2026-09-16 10:09:18,STX,매수,1,790.3183,,,23407.75,K 따라 매수: 주식층 비중 4.6%
2026-09-16 10:10:00,MSFT,매수,1,491.3756,,,22916.03,K 따라 매수: 주식층 비중 2.8%
2026-09-16 10:11:03,MU,매수,1,924.8572,,,21990.52,K 따라 매수: 주식층 비중 4.4%
2026-09-16 11:29:59,MRVL,매도,3,229.1354,21.04,3.161,22677.43,고점 $233.38 대비 -1.00% → 익절 +3.36%
2026-09-17 09:30:00,INTC,매도,1,105.6971,9.88,10.325,22783.05,K 비중 맞춤(줄임 4.1%)
2026-09-17 09:30:00,SLB,매수,1,52.4762,,,22730.53,K 따라 매수: 주식층 비중 0.2%
2026-09-17 09:30:00,USB,매도,3,60.5497,-7.06,-3.749,22912.05,로테이션 제외(모멘텀 순위 밖 또는 국면 0)
2026-09-17 12:30:00,DAVE,매수,4,359.9449,,,21471.26,저점 $357.14 대비 +0.73% 반등 (RSI 41)
2026-09-17 13:29:59,ORCL,매도,5,149.7051,34.57,4.85,22219.24,고점 $151.02 대비 -0.50% → 익절 +5.05%
2026-09-18 09:30:00,CRDO,매도,1,171.0244,16.94,11.014,22390.14,K 비중 맞춤(줄임 2.6%)
2026-09-18 09:30:00,CRM,매수,1,244.3721,,,22145.6,K 비중 맞춤(늘림 2.9%)
2026-09-18 09:30:00,DDOG,매수,1,239.0795,,,21906.35,K 비중 맞춤(늘림 3.0%)
2026-09-18 09:30:00,LRCX,매수,1,273.3816,,,21632.78,K 비중 맞춤(늘림 4.3%)
2026-09-18 09:30:00,NVDA,매수,1,219.4697,,,21413.15,K 비중 맞춤(늘림 3.5%)
2026-09-18 10:30:00,VZ,매수,30,47.934,,,19974.13,저점 $47.50 대비 +0.86% 반등 (RSI 21)
2026-09-18 11:30:00,NET,매수,4,317.7488,,,18702.24,저점 $315.26 대비 +0.74% 반등 (RSI 41)
2026-09-18 14:29:59,DAVE,매도,4,339.1903,-85.02,-5.905,20058.01,손절 -5.72%
2026-09-21 09:30:00,INTC,매도,2,116.5317,41.41,21.641,20290.91,K 비중 맞춤(줄임 3.2%)
2026-09-21 13:30:00,PEP,매수,11,130.1651,,,18858.09,저점 $129.41 대비 +0.53% 반등 (RSI 35)
2026-09-22 09:30:00,CRM,매수,1,241.6207,,,18616.3,K 비중 맞춤(늘림 3.7%)
2026-09-22 09:30:00,INTC,매도,1,120.0499,24.22,25.316,18736.26,K 비중 맞춤(줄임 3.0%)
2026-09-22 09:30:00,SHOP,매수,8,144.3521,,,17580.64,K 따라 매수: 주식층 비중 4.6%
2026-09-22 10:30:00,EOG,매수,5,140.01,,,16880.1,저점 $139.07 대비 +0.63% 반등 (RSI 31)
2026-09-22 15:59:59,NET,매도,4,352.7685,138.16,10.87,18290.14,고점 $355.73 대비 -0.50% → 익절 +11.08%
2026-09-23 09:30:00,AVGO,매도,2,362.0189,23.49,3.357,19013.65,로테이션 제외(모멘텀 순위 밖 또는 국면 0)
2026-09-24 09:30:00,AAPL,매도,2,336.1518,1.27,0.189,19685.46,로테이션 제외(모멘텀 순위 밖 또는 국면 0)
2026-09-24 09:30:00,AMD,매도,1,605.0423,79.78,15.212,20290.06,로테이션 제외(모멘텀 순위 밖 또는 국면 0)
2026-09-24 09:30:00,CRDO,매도,4,188.9655,139.49,22.667,21045.37,로테이션 제외(모멘텀 순위 밖 또는 국면 0)
2026-09-24 09:30:00,CRM,매도,4,240.5197,-37.51,-3.757,22006.75,로테이션 제외(모멘텀 순위 밖 또는 국면 0)
2026-09-24 09:30:00,CRWD,매도,4,261.6441,169.57,19.366,23052.56,로테이션 제외(모멘텀 순위 밖 또는 국면 0)
2026-09-24 09:30:00,DAL,매도,1,80.9595,2.17,2.753,23133.46,로테이션 제외(모멘텀 순위 밖 또는 국면 0)
2026-09-24 09:30:00,DDOG,매도,3,249.775,59.51,8.639,23882.24,로테이션 제외(모멘텀 순위 밖 또는 국면 0)
2026-09-24 09:30:00,FTNT,매도,6,178.4158,93.66,9.603,24951.95,로테이션 제외(모멘텀 순위 밖 또는 국면 0)
2026-09-24 09:30:00,INTC,매도,7,119.95,168.85,25.211,25790.99,로테이션 제외(모멘텀 순위 밖 또는 국면 0)
2026-09-24 09:30:00,KO,매도,2,88.7756,-2.91,-1.617,25968.41,로테이션 제외(모멘텀 순위 밖 또는 국면 0)
2026-09-24 09:30:00,LRCX,매도,4,300.7845,104.11,9.488,27170.67,로테이션 제외(모멘텀 순위 밖 또는 국면 0)
2026-09-24 09:30:00,MNST,매도,3,43.7381,-0.67,-0.511,27301.79,로테이션 제외(모멘텀 순위 밖 또는 국면 0)
2026-09-24 09:30:00,MSFT,매도,1,491.759,-0.32,-0.065,27793.19,로테이션 제외(모멘텀 순위 밖 또는 국면 0)
2026-09-24 09:30:00,MU,매도,1,1049.2251,122.95,13.294,28841.65,로테이션 제외(모멘텀 순위 밖 또는 국면 0)
2026-09-24 09:30:00,NOW,매도,8,139.83,-4.44,-0.396,29959.47,로테이션 제외(모멘텀 순위 밖 또는 국면 0)
2026-09-24 09:30:00,NVDA,매도,4,222.5387,35.47,4.156,30848.98,로테이션 제외(모멘텀 순위 밖 또는 국면 0)
2026-09-24 09:30:00,SHIP,매도,2,17.4913,-1.91,-5.19,30883.94,로테이션 제외(모멘텀 순위 밖 또는 국면 0)
2026-09-24 09:30:00,SHOP,매도,8,140.7696,-30.29,-2.623,32009.27,로테이션 제외(모멘텀 순위 밖 또는 국면 0)
2026-09-24 09:30:00,SLB,매도,1,52.4538,-0.1,-0.186,32061.69,로테이션 제외(모멘텀 순위 밖 또는 국면 0)
2026-09-24 09:30:00,STX,매도,1,914.2026,122.66,15.521,32975.22,로테이션 제외(모멘텀 순위 밖 또는 국면 0)
2026-09-24 09:30:00,WDC,매도,2,465.5021,97.24,11.681,33905.55,로테이션 제외(모멘텀 순위 밖 또는 국면 0)
2026-09-24 15:59:59,VZ,매도,30,47.2614,-22.22,-1.545,35322.35,보유기한 청산 -1.35%
2026-09-25 10:30:00,SLB,매수,14,51.4857,,,34601.05,저점 $51.07 대비 +0.76% 반등 (RSI 40)
2026-09-25 15:59:59,PEP,매도,11,128.5557,-19.74,-1.379,36014.13,보유기한 청산 -1.19%
2026-09-25 15:59:59,SLB,매도,14,51.5192,-0.56,-0.078,36734.87,장마감 청산 +0.12%
2026-09-28 10:30:00,NOW,매수,5,131.1555,,,36078.63,저점 $129.80 대비 +0.99% 반등 (RSI 23)
2026-09-28 10:30:00,ORCL,매수,5,133.7468,,,35409.43,저점 $132.73 대비 +0.72% 반등 (RSI 24)
2026-09-28 10:30:00,PEP,매수,5,128.3289,,,34767.34,저점 $127.35 대비 +0.72% 반등 (RSI 38)
2026-09-28 12:30:00,NEM,매수,6,117.0785,,,34064.37,저점 $116.15 대비 +0.75% 반등 (RSI 31)
2026-09-28 15:59:59,NEM,매도,6,115.982,-7.58,-1.079,34759.76,장마감 청산 -0.89%
2026-09-28 15:59:59,NOW,매도,5,131.3743,0.16,0.024,35416.15,장마감 청산 +0.22%
2026-09-28 15:59:59,ORCL,매도,5,132.5637,-6.87,-1.027,36078.48,장마감 청산 -0.84%
2026-09-28 15:59:59,PEP,매도,5,128.4358,-0.38,-0.06,36720.19,장마감 청산 +0.13%
2026-09-28 15:59:59,EOG,매도,5,140.5697,1.8,0.256,37422.53,보유기한 청산 +0.45%
2026-09-29 10:30:00,CRM,매수,3,228.8294,,,36735.56,저점 $227.27 대비 +0.64% 반등 (RSI 33)
2026-09-29 10:30:00,KO,매수,8,87.0836,,,36038.4,저점 $86.56 대비 +0.55% 반등 (RSI 38)
2026-09-29 13:30:00,MDB,매수,2,331.5157,,,35374.91,저점 $329.30 대비 +0.62% 반등 (RSI 24)
2026-09-29 15:59:59,CRM,매도,3,225.2973,-11.57,-1.685,36050.31,장마감 청산 -1.49%
2026-09-29 15:59:59,KO,매도,8,86.8174,-3.12,-0.449,36744.34,장마감 청산 -0.26%
2026-09-29 15:59:59,MDB,매도,2,336.7415,9.5,1.432,37417.33,장마감 청산 +1.63%
2026-09-30 11:30:00,UNH,매수,2,371.3806,,,36674.05,저점 $367.76 대비 +0.94% 반등 (RSI 43)
2026-09-30 15:59:59,UNH,매도,2,366.9664,-9.88,-1.331,37407.45,장마감 청산 -1.14%
2026-10-01 11:30:00,WDC,매수,1,446.9984,,,36960.14,저점 $443.97 대비 +0.63% 반등 (RSI 42)
2026-10-01 15:59:59,WDC,매도,1,462.3287,14.68,3.284,37422.13,장마감 청산 +3.48%
