시각(ET),종목,구분,수량,가격($),손익($),수익률(%),가상현금($),사유
2024-01-18 12:23:20,SHOP,매수,25,78.2849,,,8041.51,저점 $77.85 대비 +0.51% 반등 (RSI 41)
2024-01-18 13:54:00,MDB,매수,5,388.0102,,,6100.1,저점 $385.42 대비 +0.62% 반등 (RSI 39)
2024-01-22 10:22:30,MDB,매도,5,424.1528,177.81,9.165,8219.31,고점 $426.51 대비 -0.50% → 익절 +9.37%
2024-01-22 10:24:17,SHOP,매도,25,82.2385,95.97,4.904,10273.78,고점 $82.83 대비 -0.50% → 익절 +5.10%
2024-01-24 10:26:07,DDOG,매수,16,125.6848,,,8261.41,저점 $124.81 대비 +0.65% 반등 (RSI 48)
2024-01-25 10:04:17,DDOG,매도,16,120.4879,-85.97,-4.275,10187.81,손절 -4.09%
2024-01-25 10:16:09,MDB,매수,2,407.4424,,,9372.35,저점 $405.06 대비 +0.54% 반등 (RSI 50)
2024-01-25 10:20:31,NET,매수,13,82.1827,,,8303.23,저점 $81.70 대비 +0.54% 반등 (RSI 46)
2024-01-25 10:26:50,PANW,매수,6,169.9524,,,7282.8,저점 $168.75 대비 +0.66% 반등 (RSI 48)
2024-01-25 14:02:43,CRDO,매수,51,21.447,,,6188.24,저점 $21.32 대비 +0.55% 반등 (RSI 50)
2024-01-25 14:50:00,SHOP,매수,13,79.7273,,,5151.06,저점 $79.16 대비 +0.67% 반등 (RSI 42)
2024-01-26 10:15:00,SHOP,매도,13,82.3421,32.49,3.134,6220.73,고점 $82.84 대비 -0.50% → 익절 +3.33%
2024-01-26 10:21:03,INTC,매수,46,43.6301,,,4212.34,저점 $43.35 대비 +0.60% 반등 (RSI 59)
2024-01-30 09:54:00,MDB,매도,2,419.3284,22.59,2.772,5050.38,고점 $421.99 대비 -0.50% → 익절 +2.97%
2024-01-30 09:58:00,ORCL,매수,18,113.3038,,,3009.49,저점 $112.63 대비 +0.55% 반등 (RSI 50)
2024-01-31 10:02:00,CRDO,매도,51,20.5488,-47.34,-4.328,4056.71,손절 -4.14%
2024-01-31 10:03:54,MU,매수,23,86.4559,,,2066.83,저점 $85.92 대비 +0.57% 반등 (RSI 35)
2024-01-31 15:51:00,PANW,매도,6,168.9755,-7.32,-0.717,3079.94,보유기한 청산 -0.53%
2024-01-31 15:51:25,NET,매도,13,79.0105,-42.74,-4.0,4106.33,보유기한 청산 -3.81%
2024-02-01 09:48:56,STX,매수,23,86.4107,,,2117.49,저점 $85.88 대비 +0.57% 반등 (RSI 29)
2024-02-01 09:53:20,SHOP,매수,25,78.8788,,,144.14,저점 $78.39 대비 +0.57% 반등 (RSI 37)
2024-02-01 15:51:00,INTC,매도,46,43.33,-16.67,-0.83,2135.87,보유기한 청산 -0.64%
2024-02-02 10:16:57,GOOGL,매수,14,137.3808,,,211.19,저점 $136.50 대비 +0.59% 반등 (RSI 29)
2024-02-02 12:03:45,SHOP,매도,25,81.6215,65.7,3.332,2250.24,고점 $82.62 대비 -1.00% → 익절 +3.53%
2024-02-05 10:22:00,GOOGL,매도,14,144.6176,98.49,5.121,4273.41,고점 $145.47 대비 -0.50% → 익절 +5.32%
2024-02-05 11:00:00,MRVL,매수,31,66.1751,,,2220.54,저점 $65.77 대비 +0.57% 반등 (RSI 37)
2024-02-05 11:08:10,VZ,매수,49,41.6608,,,177.73,저점 $41.39 대비 +0.60% 반등 (RSI 32)
2024-02-05 15:51:00,ORCL,매도,18,116.3285,51.49,2.525,2270.12,보유기한 청산 +2.72%
2024-02-06 15:51:25,MU,매도,23,84.5777,-46.01,-2.314,4213.98,보유기한 청산 -2.12%
2024-02-07 14:40:00,MRVL,매도,31,68.2488,61.3,2.988,6328.15,고점 $68.67 대비 -0.50% → 익절 +3.19%
2024-02-07 15:51:00,STX,매도,23,86.8199,6.56,0.33,8323.55,보유기한 청산 +0.52%
2024-02-08 09:42:00,DDOG,매수,16,128.6993,,,6262.92,저점 $127.87 대비 +0.60% 반등 (RSI 52)
2024-02-08 09:42:51,WDC,매수,47,43.769,,,4204.34,저점 $43.51 대비 +0.53% 반등 (RSI 46)
2024-02-08 09:55:15,VZ,매도,49,39.9625,-86.08,-4.217,6161.07,손절 -4.03%
2024-02-08 10:22:00,DDOG,매도,16,132.1439,52.13,2.531,8273.83,고점 $132.97 대비 -0.50% → 익절 +2.73%
2024-02-13 09:49:05,WDC,매도,47,41.9539,-88.19,-4.287,10244.22,손절 -4.10%
2024-03-18 09:52:30,FTNT,매수,30,67.217,,,8226.3,저점 $66.81 대비 +0.56% 반등 (RSI 25)
2024-03-18 10:22:00,CRM,매수,6,297.9051,,,6437.62,저점 $296.02 대비 +0.59% 반등 (RSI 23)
2024-03-18 11:57:41,WDC,매수,45,44.9809,,,4412.06,저점 $44.72 대비 +0.52% 반등 (RSI 30)
2024-03-19 09:35:27,AMD,매수,11,184.3033,,,2383.3,저점 $183.16 대비 +0.57% 반등 (RSI 42)
2024-03-19 09:36:25,NVDA,매수,23,87.1476,,,377.51,저점 $86.60 대비 +0.58% 반등 (RSI 49)
2024-03-19 14:22:56,NVDA,매도,23,90.0146,63.03,3.144,2446.33,고점 $90.54 대비 -0.50% → 익절 +3.34%
2024-03-20 12:02:43,AMD,매도,11,176.7516,-85.91,-4.237,4389.18,손절 -4.05%
2024-03-21 09:42:00,CRM,매도,6,306.1968,47.16,2.638,6225.02,고점 $307.94 대비 -0.50% → 익절 +2.83%
2024-03-21 09:52:51,WDC,매도,45,49.2497,189.06,9.34,8439.64,고점 $49.57 대비 -0.50% → 익절 +9.55%
2024-03-22 10:22:30,AMD,매수,11,176.134,,,6500.81,저점 $175.05 대비 +0.57% 반등 (RSI 39)
2024-03-22 15:51:00,FTNT,매도,30,68.3625,31.46,1.56,8550.19,보유기한 청산 +1.76%
2024-03-25 10:26:00,MSFT,매수,4,424.5522,,,6850.79,저점 $421.61 대비 +0.65% 반등 (RSI 61)
2024-03-25 11:27:00,AMD,매도,11,181.4093,55.21,2.85,8844.83,고점 $182.59 대비 -0.50% → 익절 +3.05%
2024-03-26 12:02:43,FTNT,매수,31,67.5463,,,6749.44,저점 $67.11 대비 +0.60% 반등 (RSI 37)
2024-03-26 13:08:10,AVGO,매수,15,134.7854,,,4726.24,저점 $133.89 대비 +0.62% 반등 (RSI 52)
2024-03-27 10:23:08,CRWD,매수,26,79.9112,,,2647.09,저점 $79.40 대비 +0.59% 반등 (RSI 58)
2024-03-27 10:24:22,NVDA,매수,23,89.6898,,,582.78,저점 $89.12 대비 +0.59% 반등 (RSI 44)
2024-04-01 15:51:00,FTNT,매도,31,67.8194,5.47,0.261,2683.65,보유기한 청산 +0.45%
2024-04-01 15:51:00,MSFT,매도,4,424.7342,-1.7,-0.1,4381.35,보유기한 청산 +0.09%
2024-04-01 15:51:49,AVGO,매도,15,135.1231,2.17,0.107,6406.71,보유기한 청산 +0.30%
2024-04-02 09:51:10,META,매수,4,487.7204,,,4454.47,저점 $484.65 대비 +0.58% 반등 (RSI 47)
2024-04-02 09:54:49,NET,매수,22,91.8519,,,2432.31,저점 $91.27 대비 +0.59% 반등 (RSI 43)
2024-04-02 10:00:00,CRM,매수,7,296.7287,,,353.76,저점 $294.89 대비 +0.57% 반등 (RSI 49)
2024-04-02 15:51:00,CRWD,매도,26,79.8717,-4.0,-0.192,2428.9,보유기한 청산 +0.00%
2024-04-02 15:51:00,NVDA,매도,23,89.5509,-6.14,-0.298,4487.07,보유기한 청산 -0.10%
2024-04-03 09:30:00,NET,매도,22,93.953,43.3,2.143,6552.53,고점 $95.49 대비 -1.00% → 익절 +2.34%
2024-04-03 09:41:25,INTC,매수,51,41.6608,,,4426.34,저점 $41.37 대비 +0.65% 반등 (RSI 54)
2024-04-03 09:48:56,NVDA,매수,23,88.9379,,,2379.33,저점 $88.40 대비 +0.56% 반등 (RSI 44)
2024-04-03 09:50:00,NET,매수,22,94.1543,,,306.49,저점 $93.57 대비 +0.57% 반등 (RSI 44)
2024-04-03 12:06:00,META,매도,4,503.6241,60.78,3.115,2319.51,고점 $507.13 대비 -0.50% → 익절 +3.31%
2024-04-03 13:00:00,CRM,매도,7,305.4639,58.13,2.799,4456.2,고점 $307.16 대비 -0.50% → 익절 +3.00%
2024-04-04 10:15:36,CRM,매수,7,293.9398,,,2397.18,저점 $292.10 대비 +0.58% 반등 (RSI 55)
2024-04-04 10:25:23,GOOGL,매수,14,153.1315,,,251.84,저점 $152.18 대비 +0.57% 반등 (RSI 62)
2024-04-04 13:02:43,NET,매도,22,96.5042,48.7,2.351,2373.38,고점 $97.13 대비 -0.50% → 익절 +2.55%
2024-04-04 14:00:00,CRM,매도,7,300.7729,44.85,2.18,4477.26,고점 $304.24 대비 -1.00% → 익절 +2.38%
2024-04-04 15:04:17,INTC,매도,51,39.9414,-90.66,-4.267,6512.78,손절 -4.08%
2024-04-05 11:11:32,VZ,매수,50,42.2261,,,4400.0,저점 $41.97 대비 +0.56% 반등 (RSI 35)
2024-04-09 10:07:46,NVDA,매도,23,85.2439,-87.83,-4.294,6359.18,손절 -4.11%
2024-04-09 10:17:22,GOOGL,매도,14,157.5587,58.87,2.746,8563.39,고점 $158.56 대비 -0.50% → 익절 +2.94%
2024-04-10 09:44:17,VZ,매도,50,40.4686,-90.83,-4.302,10585.34,손절 -4.11%
2024-04-15 11:34:36,META,매수,4,509.9743,,,8544.02,저점 $507.16 대비 +0.50% 반등 (RSI 39)
2024-04-15 14:21:25,DDOG,매수,16,126.0891,,,6525.18,저점 $125.38 대비 +0.51% 반등 (RSI 43)
2024-04-15 14:25:00,NVDA,매수,24,86.8574,,,4439.14,저점 $86.33 대비 +0.56% 반등 (RSI 42)
2024-04-15 14:45:00,WDC,매수,39,53.4507,,,2353.11,저점 $53.15 대비 +0.51% 반등 (RSI 33)
2024-04-15 14:46:21,AVGO,매수,16,131.5913,,,246.17,저점 $130.81 대비 +0.55% 반등 (RSI 34)
2024-04-17 09:58:41,WDC,매도,39,54.9715,56.28,2.7,2388.49,고점 $55.33 대비 -0.50% → 익절 +2.90%
2024-04-17 10:35:00,LRCX,매수,9,93.8516,,,1543.24,저점 $93.26 대비 +0.59% 반등 (RSI 36)
2024-04-17 12:38:34,META,매도,4,488.5756,-88.45,-4.336,3496.11,손절 -4.15%
2024-04-17 12:42:51,MU,매수,7,118.059,,,2669.12,저점 $117.32 대비 +0.58% 반등 (RSI 33)
2024-04-18 09:52:51,LRCX,매도,9,90.0039,-35.81,-4.24,3478.57,손절 -4.05%
2024-04-18 09:54:42,NVDA,매도,24,83.2035,-90.61,-4.347,5473.99,손절 -4.16%
2024-04-18 09:56:05,WDC,매수,28,52.5121,,,4002.63,저점 $52.20 대비 +0.56% 반등 (RSI 40)
2024-04-18 10:05:00,AVGO,매도,16,126.0878,-91.0,-4.322,6018.56,손절 -4.13%
2024-04-18 12:06:40,MU,매도,7,113.1966,-35.19,-4.259,6810.35,손절 -4.07%
2024-04-19 09:36:12,NVDA,매수,17,83.632,,,5387.61,저점 $83.15 대비 +0.53% 반등 (RSI 40)
2024-04-19 09:50:00,MU,매수,13,109.3055,,,3965.65,저점 $108.64 대비 +0.56% 반등 (RSI 23)
2024-04-19 10:46:00,META,매수,3,487.3419,,,2502.6,저점 $484.66 대비 +0.50% 반등 (RSI 33)
2024-04-19 12:01:45,WDC,매도,28,50.3119,-63.66,-4.33,3910.3,손절 -4.14%
2024-04-19 12:02:18,DDOG,매도,16,120.9295,-85.38,-4.232,5843.76,손절 -4.04%
2024-04-19 12:18:00,NVDA,매도,17,80.1679,-60.88,-4.282,7205.62,손절 -4.09%
2024-04-22 09:48:37,WDC,매수,29,50.0866,,,5752.1,저점 $49.77 대비 +0.58% 반등 (RSI 22)
2024-04-23 11:02:00,MU,매도,13,111.4128,25.34,1.783,7199.41,고점 $112.65 대비 -1.00% → 익절 +1.98%
2024-04-23 11:11:32,WDC,매도,29,51.8561,49.2,3.387,8702.14,고점 $52.46 대비 -1.00% → 익절 +3.58%
2024-04-24 09:45:39,PEP,매수,8,168.7299,,,7351.35,저점 $167.65 대비 +0.59% 반등 (RSI 43)
2024-04-24 09:46:21,META,매도,3,506.8405,56.36,3.855,8870.76,고점 $510.00 대비 -0.50% → 익절 +4.05%
2024-04-25 09:57:16,PEP,매도,8,179.4998,84.17,6.235,10305.71,고점 $180.63 대비 -0.50% → 익절 +6.44%
2024-04-30 10:48:00,PEP,매수,7,175.9329,,,9073.32,저점 $174.84 대비 +0.57% 반등 (RSI 47)
2024-05-01 09:37:30,NVDA,매수,15,85.5918,,,7788.54,저점 $85.05 대비 +0.59% 반등 (RSI 53)
2024-05-01 09:38:10,PANW,매수,9,145.281,,,6480.1,저점 $144.40 대비 +0.56% 반등 (RSI 46)
2024-05-01 09:46:21,MU,매수,12,110.7081,,,5150.67,저점 $110.02 대비 +0.58% 반등 (RSI 45)
2024-05-01 10:21:25,KO,매수,21,61.5558,,,3857.1,저점 $61.21 대비 +0.51% 반등 (RSI 54)
2024-05-01 11:56:05,NVDA,매도,15,81.9783,-56.0,-4.362,5085.87,손절 -4.17%
2024-05-01 11:57:41,DDOG,매수,10,124.5022,,,3839.98,저점 $123.73 대비 +0.57% 반등 (RSI 31)
2024-05-01 15:37:30,DDOG,매도,10,128.1714,34.88,2.802,5120.76,고점 $129.62 대비 -1.00% → 익절 +3.00%
2024-05-02 10:20:37,WDC,매수,25,51.646,,,3828.7,저점 $51.33 대비 +0.56% 반등 (RSI 52)
2024-05-03 09:52:51,WDC,매도,25,53.8162,52.37,4.056,5173.13,고점 $54.14 대비 -0.50% → 익절 +4.25%
2024-05-03 10:01:45,MU,매도,12,114.0596,38.29,2.882,6540.84,고점 $115.45 대비 -1.00% → 익절 +3.08%
2024-05-03 10:27:16,GOOGL,매수,8,164.0019,,,5227.91,저점 $163.05 대비 +0.53% 반등 (RSI 56)
2024-05-06 10:26:00,PANW,매도,9,149.4053,35.22,2.694,6571.58,고점 $150.47 대비 -0.50% → 익절 +2.89%
2024-05-06 15:51:00,PEP,매도,7,175.7887,-2.77,-0.225,7801.2,보유기한 청산 -0.03%
2024-05-07 10:26:00,GOOGL,매도,8,169.965,45.79,3.49,9159.93,고점 $171.07 대비 -0.50% → 익절 +3.69%
2024-05-07 15:51:00,KO,매도,21,62.6053,20.18,1.561,10473.68,보유기한 청산 +1.76%
2024-05-08 09:35:27,SHOP,매수,19,64.126,,,9254.43,저점 $63.67 대비 +0.67% 반등 (RSI 65)
2024-05-08 10:05:27,SHOP,매도,19,61.4993,-51.61,-4.236,10422.06,손절 -4.05%
2024-05-10 10:00:00,GOOGL,매수,12,168.16,,,8402.73,저점 $167.15 대비 +0.55% 반등 (RSI 58)
2024-05-14 09:51:00,WDC,매수,38,53.6795,,,6361.48,저점 $53.33 대비 +0.60% 반등 (RSI 42)
2024-05-15 10:20:31,WDC,매도,38,56.6353,109.32,5.359,8512.05,고점 $56.95 대비 -0.50% → 익절 +5.56%
2024-05-16 10:02:43,VZ,매수,52,40.3814,,,6410.75,저점 $40.14 대비 +0.55% 반등 (RSI 57)
2024-05-16 12:02:43,GOOGL,매도,12,174.0867,68.18,3.379,8498.26,고점 $175.12 대비 -0.50% → 익절 +3.58%
2024-05-17 14:55:00,LRCX,매수,23,91.164,,,6400.02,저점 $90.58 대비 +0.59% 반등 (RSI 31)
2024-05-17 14:57:41,NVDA,매수,22,92.3617,,,4366.65,저점 $91.81 대비 +0.55% 반등 (RSI 39)
2024-05-17 15:05:00,MU,매수,16,125.7548,,,2353.16,저점 $124.86 대비 +0.67% 반등 (RSI 43)
2024-05-20 10:27:36,MU,매도,16,130.2821,69.51,3.454,4436.15,고점 $131.02 대비 -0.50% → 익절 +3.65%
2024-05-20 11:08:10,NVDA,매도,22,94.1611,36.65,1.804,6506.18,고점 $95.20 대비 -1.00% → 익절 +2.00%
2024-05-20 13:42:00,LRCX,매도,23,93.9637,61.35,2.926,8665.77,고점 $95.00 대비 -1.00% → 익절 +3.12%
2024-05-22 10:13:07,PANW,매수,14,152.6126,,,6527.7,저점 $151.66 대비 +0.57% 반등 (RSI 44)
2024-05-22 12:00:00,MDB,매수,5,360.6402,,,4723.23,저점 $358.08 대비 +0.66% 반등 (RSI 35)
2024-05-22 15:00:00,NVDA,매수,22,93.9011,,,2655.96,저점 $93.30 대비 +0.59% 반등 (RSI 43)
2024-05-22 15:02:43,CRWD,매수,24,86.2709,,,584.01,저점 $85.72 대비 +0.60% 반등 (RSI 43)
2024-05-22 15:51:00,VZ,매도,52,39.8068,-32.86,-1.565,2652.45,보유기한 청산 -1.37%
2024-05-23 09:45:19,MDB,매도,5,376.6587,77.46,4.295,4534.37,고점 $379.05 대비 -0.50% → 익절 +4.49%
2024-05-23 10:42:51,NVDA,매도,22,103.6438,211.23,10.225,6812.87,고점 $104.27 대비 -0.50% → 익절 +10.43%
2024-05-23 14:02:18,PANW,매도,14,155.3418,35.12,1.644,8986.07,고점 $157.22 대비 -1.00% → 익절 +1.84%
2024-05-24 10:02:43,AAPL,매수,11,189.2447,,,6902.92,저점 $188.04 대비 +0.59% 반등 (RSI 25)
2024-05-24 10:25:00,MSFT,매수,5,427.2235,,,4765.3,저점 $424.41 대비 +0.61% 반등 (RSI 48)
2024-05-24 10:26:28,STX,매수,23,93.5918,,,2611.19,저점 $92.99 대비 +0.60% 반등 (RSI 40)
2024-05-24 11:00:00,NOW,매수,14,148.7764,,,526.86,저점 $147.92 대비 +0.53% 반등 (RSI 23)
2024-05-24 13:06:00,CRWD,매도,24,88.3058,45.84,2.214,2644.65,고점 $88.93 대비 -0.50% → 익절 +2.41%
2024-05-28 14:08:10,STX,매도,23,96.2319,57.6,2.676,4856.37,고점 $96.92 대비 -0.50% → 익절 +2.87%
2024-05-29 09:46:21,CRWD,매수,20,86.039,,,3134.38,저점 $85.49 대비 +0.59% 반등 (RSI 46)
2024-05-29 09:46:21,PANW,매수,11,153.1645,,,1448.4,저점 $152.20 대비 +0.58% 반등 (RSI 38)
2024-05-30 09:30:00,NOW,매도,14,138.1289,-151.93,-7.294,3380.79,손절 -7.11%
2024-05-30 09:37:12,ORCL,매수,18,120.8654,,,1203.69,저점 $120.17 대비 +0.53% 반등 (RSI 51)
2024-05-30 10:16:17,CRWD,매도,20,82.554,-72.11,-4.191,2853.56,손절 -4.00%
2024-05-30 15:05:17,PANW,매도,11,146.7601,-72.81,-4.321,4466.75,손절 -4.13%
2024-05-30 15:51:00,AAPL,매도,11,190.9012,15.23,0.732,6565.12,보유기한 청산 +0.93%
2024-05-30 15:51:49,MSFT,매도,5,414.1661,-68.29,-3.197,8634.44,보유기한 청산 -3.01%
2024-05-31 09:36:12,MU,매수,15,127.111,,,6726.44,저점 $126.29 대비 +0.60% 반등 (RSI 32)
2024-05-31 09:38:34,PANW,매수,12,149.7048,,,4928.73,저점 $148.75 대비 +0.59% 반등 (RSI 24)
2024-05-31 09:42:00,GOOGL,매수,11,172.8464,,,3026.09,저점 $171.86 대비 +0.52% 반등 (RSI 28)
2024-05-31 09:55:15,ORCL,매도,18,115.7774,-94.63,-4.35,5108.56,손절 -4.16%
2024-05-31 10:24:32,MRVL,매수,27,68.4848,,,3258.17,저점 $68.07 대비 +0.56% 반등 (RSI 53)
2024-05-31 10:33:31,NVDA,매수,17,109.7212,,,1391.61,저점 $109.01 대비 +0.61% 반등 (RSI 44)
2024-05-31 10:53:20,MU,매도,15,121.924,-80.48,-4.221,3219.13,손절 -4.03%
2024-05-31 10:57:16,WDC,매수,33,55.351,,,1391.27,저점 $55.00 대비 +0.58% 반등 (RSI 35)
2024-05-31 12:00:00,PANW,매도,12,143.6298,-75.42,-4.198,3113.57,손절 -4.01%
2024-06-03 09:58:00,MRVL,매도,27,70.2934,46.15,2.496,5010.11,고점 $71.16 대비 -1.00% → 익절 +2.69%
2024-06-03 09:58:25,WDC,매도,33,56.9191,49.1,2.688,6887.07,고점 $57.60 대비 -1.00% → 익절 +2.88%
2024-06-03 10:55:15,NVDA,매도,17,113.0125,53.24,2.855,8806.88,고점 $114.38 대비 -1.00% → 익절 +3.05%
2024-06-06 15:51:00,GOOGL,매도,11,176.475,37.17,1.955,10746.69,보유기한 청산 +2.15%
2024-06-14 13:00:00,META,매수,4,503.5416,,,8731.11,저점 $500.75 대비 +0.51% 반등 (RSI 48)
2024-06-17 09:53:28,PANW,매수,13,156.8865,,,6690.16,저점 $155.94 대비 +0.56% 반등 (RSI 56)
2024-06-17 09:55:23,CRWD,매수,22,94.7443,,,4604.32,저점 $94.14 대비 +0.59% 반등 (RSI 60)
2024-06-17 10:16:09,CRDO,매수,75,28.3792,,,2474.39,저점 $28.20 대비 +0.59% 반등 (RSI 53)
2024-06-17 10:58:14,MRVL,매수,30,71.2125,,,336.53,저점 $70.77 대비 +0.57% 반등 (RSI 46)
2024-06-17 15:43:50,CRWD,매도,22,98.041,69.49,3.334,2491.85,고점 $98.66 대비 -0.50% → 익절 +3.53%
2024-06-18 10:12:34,MRVL,매도,30,73.665,70.47,3.298,4700.19,고점 $74.13 대비 -0.50% → 익절 +3.50%
2024-06-18 12:54:00,CRDO,매도,75,29.4419,76.6,3.599,6906.72,고점 $29.62 대비 -0.50% → 익절 +3.80%
2024-06-20 15:51:00,META,매도,4,501.1893,-12.28,-0.61,8910.01,보유기한 청산 -0.42%
2024-06-21 15:51:49,PANW,매도,13,160.4381,43.22,2.119,10994.19,보유기한 청산 +2.31%
2024-06-28 09:52:30,CDNS,매수,7,309.468,,,8826.39,저점 $307.47 대비 +0.60% 반등 (RSI 39)
2024-07-01 09:58:00,MSFT,매수,4,448.3912,,,7031.57,저점 $445.66 대비 +0.56% 반등 (RSI 35)
2024-07-01 10:10:48,CRWD,매수,23,95.0744,,,4843.33,저점 $94.48 대비 +0.58% 반등 (RSI 46)
2024-07-01 10:12:09,NVDA,매수,18,119.5895,,,2689.22,저점 $118.83 대비 +0.59% 반등 (RSI 45)
2024-07-01 10:17:30,WDC,매수,38,56.5502,,,538.8,저점 $56.22 대비 +0.54% 반등 (RSI 43)
2024-07-01 11:48:56,NVDA,매도,18,122.7586,53.92,2.505,2746.84,고점 $124.25 대비 -1.00% → 익절 +2.70%
2024-07-01 12:05:00,META,매수,4,501.6407,,,738.88,저점 $498.11 대비 +0.66% 반등 (RSI 34)
2024-07-02 09:30:00,CRWD,매도,23,95.5097,6.88,0.315,2934.0,고점 $98.18 대비 -0.50% → 익절 +0.51%
2024-07-02 09:46:21,NVDA,매수,18,121.8049,,,739.97,저점 $121.03 대비 +0.59% 반등 (RSI 49)
2024-07-03 09:56:15,WDC,매도,38,59.0795,92.97,4.326,2983.36,고점 $59.44 대비 -0.50% → 익절 +4.52%
2024-07-05 09:49:12,NVDA,매도,18,128.0507,109.21,4.981,5286.59,고점 $128.85 대비 -0.50% → 익절 +5.18%
2024-07-05 10:00:00,STX,매수,22,101.6668,,,3048.35,저점 $101.07 대비 +0.54% 반등 (RSI 41)
2024-07-05 11:06:00,MSFT,매도,4,463.9379,59.58,3.322,4902.75,고점 $467.06 대비 -0.50% → 익절 +3.52%
2024-07-05 11:53:04,META,매도,4,532.0772,118.79,5.92,7029.5,고점 $535.66 대비 -0.50% → 익절 +6.12%
2024-07-05 15:51:00,CDNS,매도,7,320.8295,76.37,3.526,9273.67,보유기한 청산 +3.72%
2024-07-08 09:50:00,NOW,매수,15,153.2772,,,6972.9,저점 $152.29 대비 +0.60% 반등 (RSI 73)
2024-07-08 09:57:30,DDOG,매수,17,129.8574,,,4763.78,저점 $129.07 대비 +0.56% 반등 (RSI 71)
2024-07-08 10:19:45,CRWD,매수,24,95.5578,,,2468.79,저점 $94.95 대비 +0.59% 반등 (RSI 55)
2024-07-08 11:07:53,PANW,매수,13,166.3438,,,304.81,저점 $165.31 대비 +0.58% 반등 (RSI 35)
2024-07-09 09:54:26,CRWD,매도,24,98.94,77.83,3.394,2677.63,고점 $99.57 대비 -0.50% → 익절 +3.59%
2024-07-09 10:48:00,CDNS,매수,7,315.3276,,,468.79,저점 $313.43 대비 +0.56% 반등 (RSI 42)
2024-07-09 13:25:00,STX,매도,22,104.3778,56.4,2.522,2763.43,고점 $104.98 대비 -0.50% → 익절 +2.72%
2024-07-09 13:34:17,ORCL,매수,16,141.2706,,,501.52,저점 $140.43 대비 +0.55% 반등 (RSI 33)
2024-07-10 10:02:18,NOW,매도,15,146.9412,-98.26,-4.274,2704.03,손절 -4.09%
2024-07-10 11:06:00,DDOG,매도,17,124.4253,-95.44,-4.323,4817.71,손절 -4.14%
2024-07-10 11:08:10,VZ,매수,55,40.9905,,,2561.66,저점 $40.71 대비 +0.64% 반등 (RSI 35)
2024-07-10 11:20:00,CRDO,매수,73,31.0185,,,295.72,저점 $30.82 대비 +0.59% 반등 (RSI 43)
2024-07-12 15:51:00,PANW,매도,13,168.0643,19.26,0.891,2478.96,보유기한 청산 +1.08%
2024-07-15 09:58:00,ORCL,매도,16,145.6814,67.29,2.977,4808.16,고점 $146.59 대비 -0.50% → 익절 +3.17%
2024-07-15 10:32:04,CRDO,매도,73,32.3793,96.03,4.241,7170.12,고점 $32.56 대비 -0.50% → 익절 +4.44%
2024-07-15 15:51:00,CDNS,매도,7,315.6321,-1.03,-0.047,9377.93,보유기한 청산 +0.15%
2024-07-16 15:51:00,VZ,매도,55,41.4393,21.44,0.951,11655.43,보유기한 청산 +1.15%
2024-08-01 12:19:24,NET,매수,30,75.5938,,,9386.03,저점 $75.13 대비 +0.57% 반등 (RSI 39)
2024-08-01 15:08:10,CRM,매수,9,251.5007,,,7120.94,저점 $249.74 대비 +0.65% 반등 (RSI 32)
2024-08-02 09:37:49,NET,매도,30,79.2346,105.9,4.67,9496.24,고점 $79.75 대비 -0.50% → 익절 +4.87%
2024-08-02 10:16:21,CRM,매도,9,240.9959,-97.71,-4.317,11663.62,손절 -4.13%
2024-08-05 09:35:40,NET,매수,33,69.8438,,,9357.17,저점 $69.26 대비 +0.79% 반등 (RSI 61)
2024-08-05 09:38:00,AAPL,매수,11,199.5006,,,7161.12,저점 $198.23 대비 +0.59% 반등 (RSI 46)
2024-08-05 09:43:45,NOW,매수,15,150.1843,,,4906.78,저점 $149.22 대비 +0.60% 반등 (RSI 45)
2024-08-05 09:56:15,VZ,매수,59,39.94,,,2548.67,저점 $39.71 대비 +0.53% 반등 (RSI 58)
2024-08-05 10:22:30,NOW,매도,15,155.5767,77.61,3.445,4880.62,고점 $157.52 대비 -1.00% → 익절 +3.64%
2024-08-05 10:26:00,AAPL,매도,11,208.6571,97.51,4.443,7174.17,고점 $211.11 대비 -1.00% → 익절 +4.64%
2024-08-05 10:26:45,NET,매도,33,76.6723,221.88,9.627,9702.51,고점 $77.63 대비 -1.00% → 익절 +9.83%
2024-08-09 15:51:00,VZ,매도,59,40.7629,45.15,1.916,12105.77,보유기한 청산 +2.11%
2024-08-15 10:36:00,VZ,매수,59,40.3635,,,9722.66,저점 $40.14 대비 +0.51% 반등 (RSI 39)
2024-08-20 15:06:00,CRM,매수,9,262.6012,,,7357.59,저점 $261.03 대비 +0.55% 반등 (RSI 50)
2024-08-21 10:25:42,NET,매수,29,81.7282,,,4985.81,저점 $81.28 대비 +0.50% 반등 (RSI 47)
2024-08-21 15:51:00,VZ,매도,59,41.0361,36.25,1.522,7405.18,보유기한 청산 +1.72%
2024-08-22 09:49:24,MDB,매수,9,252.2723,,,5133.14,저점 $250.72 대비 +0.57% 반등 (RSI 67)
2024-08-22 12:14:26,NVDA,매수,19,125.2076,,,2752.53,저점 $124.43 대비 +0.57% 반등 (RSI 57)
2024-08-22 12:15:42,AMD,매수,15,153.2553,,,452.09,저점 $152.27 대비 +0.60% 반등 (RSI 53)
2024-08-23 10:49:12,NVDA,매도,19,128.2367,54.11,2.275,2886.81,고점 $129.60 대비 -1.00% → 익절 +2.47%
2024-08-23 11:17:22,NOW,매수,14,164.001,,,589.19,저점 $163.00 대비 +0.56% 반등 (RSI 50)
2024-08-26 09:56:20,AMD,매도,15,156.3418,42.98,1.869,2932.6,고점 $158.28 대비 -1.00% → 익절 +2.06%
2024-08-26 09:56:40,STX,매수,23,103.7619,,,544.41,저점 $102.95 대비 +0.74% 반등 (RSI 59)
2024-08-26 15:51:00,CRM,매도,9,264.7609,16.04,0.679,2925.52,보유기한 청산 +0.87%
2024-08-27 09:39:28,MDB,매도,9,241.794,-97.48,-4.294,5100.08,손절 -4.11%
2024-08-27 09:51:10,PANW,매수,14,172.6978,,,2680.61,저점 $171.68 대비 +0.54% 반등 (RSI 39)
2024-08-27 09:56:00,MRVL,매수,35,67.4715,,,317.46,저점 $67.04 대비 +0.59% 반등 (RSI 42)
2024-08-27 15:06:00,MRVL,매도,35,69.3653,62.86,2.662,2743.47,고점 $70.19 대비 -1.00% → 익절 +2.86%
2024-08-27 15:50:46,NET,매도,29,80.9995,-24.51,-1.034,5090.74,보유기한 청산 -0.84%
2024-08-28 09:48:56,CRM,매수,9,262.3378,,,2728.05,저점 $260.72 대비 +0.57% 반등 (RSI 54)
2024-08-28 09:54:00,STX,매도,23,99.4228,-103.14,-4.322,5013.1,손절 -4.13%
2024-08-28 09:57:41,NET,매수,30,80.7203,,,2589.8,저점 $80.26 대비 +0.52% 반등 (RSI 39)
2024-08-28 11:22:00,NVDA,매수,19,123.3767,,,244.0,저점 $122.64 대비 +0.55% 반등 (RSI 49)
2024-08-29 09:40:35,CRM,매도,9,270.2159,67.48,2.858,2674.17,고점 $271.95 대비 -0.50% → 익절 +3.05%
2024-08-29 10:16:00,NOW,매도,14,168.7916,63.74,2.776,5035.53,고점 $169.80 대비 -0.50% → 익절 +2.97%
2024-08-29 10:25:42,PANW,매도,14,181.7491,123.17,5.094,7578.15,고점 $182.82 대비 -0.50% → 익절 +5.29%
2024-08-29 10:52:30,CRM,매수,9,258.5125,,,5249.91,저점 $256.91 대비 +0.57% 반등 (RSI 36)
2024-08-29 14:50:00,NVDA,매도,19,118.2486,-100.72,-4.296,7495.0,손절 -4.11%
2024-08-30 10:56:40,NET,매도,30,83.1967,70.78,2.923,9989.08,고점 $83.69 대비 -0.50% → 익절 +3.12%
2024-09-03 10:22:10,CRDO,매수,21,32.3399,,,9309.46,저점 $32.13 대비 +0.60% 반등 (RSI 50)
2024-09-03 11:18:00,META,매수,1,512.34,,,8796.76,저점 $509.24 대비 +0.56% 반등 (RSI 41)
2024-09-03 11:26:15,NET,매수,8,79.7248,,,8158.52,저점 $79.25 대비 +0.55% 반등 (RSI 42)
2024-09-03 11:27:08,AVGO,매수,4,154.3772,,,7540.58,저점 $153.33 대비 +0.63% 반등 (RSI 43)
2024-09-03 15:08:10,CRM,매도,9,247.956,-98.27,-4.224,9770.55,손절 -4.04%
2024-09-03 15:12:00,SHOP,매수,9,71.3723,,,9127.75,저점 $70.98 대비 +0.50% 반등 (RSI 29)
2024-09-04 09:40:00,NET,매도,8,76.4618,-27.0,-4.233,9739.0,손절 -4.04%
2024-09-04 09:50:41,CRDO,매도,21,31.0245,-28.58,-4.208,10390.04,손절 -4.02%
2024-09-04 09:52:00,PANW,매수,14,170.121,,,8006.68,저점 $169.04 대비 +0.59% 반등 (RSI 45)
2024-09-04 09:57:41,ORCL,매수,17,138.7643,,,5646.03,저점 $137.95 대비 +0.54% 반등 (RSI 45)
2024-09-05 11:00:00,ORCL,매도,17,142.4038,58.45,2.478,8065.13,고점 $143.24 대비 -0.50% → 익절 +2.67%
2024-09-05 11:56:40,CRDO,매수,96,25.2355,,,5640.82,저점 $25.08 대비 +0.56% 반등 (RSI 14)
2024-09-05 13:52:10,CRDO,매도,96,27.089,174.34,7.196,8239.46,고점 $27.42 대비 -1.00% → 익절 +7.40%
2024-09-05 14:06:00,FTNT,매수,32,75.988,,,5806.15,저점 $75.54 대비 +0.54% 반등 (RSI 39)
2024-09-06 09:30:00,AVGO,매도,4,143.2483,-45.37,-7.347,6378.72,손절 -7.16%
2024-09-06 10:15:00,SHOP,매도,9,68.3446,-28.15,-4.382,6993.37,손절 -4.19%
2024-09-06 11:40:54,NOW,매수,14,165.1672,,,4679.42,저점 $164.18 대비 +0.55% 반등 (RSI 38)
2024-09-06 12:00:00,MRVL,매수,37,66.1971,,,2228.41,저점 $65.81 대비 +0.54% 반등 (RSI 28)
2024-09-09 10:34:36,MRVL,매도,37,67.7461,53.77,2.195,4733.18,고점 $68.56 대비 -1.00% → 익절 +2.39%
2024-09-09 14:00:00,NOW,매도,14,170.1046,65.77,2.844,7112.91,고점 $171.09 대비 -0.50% → 익절 +3.04%
2024-09-09 15:51:00,META,매도,1,504.9807,-8.09,-1.578,7617.52,보유기한 청산 -1.39%
2024-09-10 15:51:00,PANW,매도,14,173.8647,48.97,2.056,10049.85,보유기한 청산 +2.25%
2024-09-11 15:51:49,FTNT,매도,32,76.7316,20.3,0.835,12503.47,보유기한 청산 +1.03%
2024-09-12 14:14:36,FTNT,매수,33,73.7494,,,10068.04,저점 $73.29 대비 +0.58% 반등 (RSI 59)
2024-09-13 12:55:42,MDB,매수,8,290.6124,,,7741.51,저점 $288.80 대비 +0.58% 반등 (RSI 45)
2024-09-16 11:25:23,MRVL,매수,34,73.2066,,,5250.75,저점 $72.69 대비 +0.65% 반등 (RSI 50)
2024-09-17 10:00:00,FTNT,매도,33,75.8449,65.62,2.696,7751.8,고점 $76.65 대비 -1.00% → 익절 +2.89%
2024-09-17 10:16:40,AVGO,매수,15,162.0741,,,5318.99,저점 $161.11 대비 +0.55% 반등 (RSI 59)
2024-09-17 10:40:54,PANW,매수,14,171.2364,,,2920.0,저점 $170.28 대비 +0.51% 반등 (RSI 40)
2024-09-17 12:57:41,NET,매수,31,78.2441,,,492.74,저점 $77.81 대비 +0.51% 반등 (RSI 44)
2024-09-18 11:42:00,MDB,매도,8,278.6206,-99.19,-4.266,2720.07,손절 -4.08%
2024-09-18 12:02:18,AMD,매수,16,149.7709,,,322.06,저점 $148.82 대비 +0.59% 반등 (RSI 47)
2024-09-18 14:46:09,AVGO,매도,15,166.4387,61.94,2.548,2816.82,고점 $167.47 대비 -0.50% → 익절 +2.74%
2024-09-18 14:57:16,CRM,매수,9,252.8764,,,539.34,저점 $251.48 대비 +0.51% 반등 (RSI 40)
2024-09-18 15:51:25,PANW,매도,14,164.2778,-100.78,-4.204,2837.55,손절 -4.02%
2024-09-19 09:54:00,CRM,매도,9,259.8743,59.68,2.622,5174.71,고점 $261.47 대비 -0.50% → 익절 +2.82%
2024-09-19 10:42:00,AMD,매도,16,155.8283,93.42,3.899,7666.15,고점 $156.86 대비 -0.50% → 익절 +4.10%
2024-09-19 14:00:00,NET,매도,31,81.917,110.31,4.548,10203.72,고점 $82.42 대비 -0.50% → 익절 +4.75%
2024-09-19 14:06:55,MRVL,매도,34,75.4852,73.86,2.967,12768.34,고점 $76.01 대비 -0.50% → 익절 +3.16%
2024-09-20 11:02:43,MDB,매수,9,276.8133,,,10275.28,저점 $275.22 대비 +0.53% 반등 (RSI 33)
2024-09-23 10:02:00,MSFT,매수,5,432.9108,,,8109.21,저점 $430.39 대비 +0.54% 반등 (RSI 51)
2024-09-23 10:23:50,MRVL,매수,36,70.7604,,,5560.05,저점 $70.34 대비 +0.55% 반등 (RSI 52)
2024-09-23 13:06:00,ORCL,매수,15,165.2526,,,3079.53,저점 $164.26 대비 +0.55% 반등 (RSI 41)
2024-09-24 10:20:54,WDC,매수,52,48.8312,,,538.53,저점 $48.52 대비 +0.59% 반등 (RSI 54)
2024-09-24 14:06:00,WDC,매도,52,49.8957,51.68,2.035,3131.21,고점 $50.43 대비 -1.00% → 익절 +2.23%
2024-09-25 09:52:30,CDNS,매수,9,270.1036,,,698.58,저점 $268.37 대비 +0.60% 반등 (RSI 46)
2024-09-26 09:48:56,CDNS,매도,9,279.1557,77.93,3.206,3209.14,고점 $280.93 대비 -0.50% → 익절 +3.40%
2024-09-26 09:58:41,MRVL,매도,36,74.3501,125.49,4.926,5883.79,고점 $74.82 대비 -0.50% → 익절 +5.13%
2024-09-26 10:27:08,PANW,매수,5,168.8719,,,5038.84,저점 $167.69 대비 +0.66% 반등 (RSI 50)
2024-09-26 11:00:00,SHOP,매수,11,79.2196,,,4166.82,저점 $78.77 대비 +0.52% 반등 (RSI 51)
2024-09-26 15:51:00,MDB,매도,9,273.19,-36.15,-1.451,6623.73,보유기한 청산 -1.26%
2024-09-27 11:25:42,AVGO,매수,5,172.7063,,,5759.6,저점 $171.76 대비 +0.50% 반등 (RSI 47)
2024-09-27 15:51:00,MSFT,매도,5,427.4895,-30.18,-1.394,7895.48,보유기한 청산 -1.20%
2024-09-27 15:51:00,ORCL,매도,15,168.8687,50.66,2.044,10426.66,보유기한 청산 +2.24%
2024-09-30 09:43:50,MSFT,매수,6,429.0485,,,7850.57,저점 $426.62 대비 +0.52% 반등 (RSI 37)
2024-09-30 09:45:39,NVDA,매수,21,118.878,,,5352.39,저점 $118.15 대비 +0.57% 반등 (RSI 51)
2024-10-02 15:51:00,PANW,매도,5,165.9603,-15.75,-1.866,6181.58,보유기한 청산 -1.67%
2024-10-02 15:51:00,SHOP,매도,11,79.2137,-1.31,-0.15,7052.3,보유기한 청산 +0.04%
2024-10-03 09:43:20,WDC,매수,22,50.0522,,,5950.38,저점 $49.75 대비 +0.56% 반등 (RSI 39)
2024-10-03 10:16:00,NVDA,매도,21,123.5982,95.48,3.825,8544.04,고점 $124.36 대비 -0.50% → 익절 +4.02%
2024-10-03 15:50:00,AVGO,매도,5,172.2738,-3.4,-0.393,9404.78,보유기한 청산 -0.20%
2024-10-04 09:57:41,VZ,매수,59,43.8219,,,6817.48,저점 $43.55 대비 +0.57% 반등 (RSI 39)
2024-10-04 15:51:00,MSFT,매도,6,415.7987,-83.12,-3.229,9310.45,보유기한 청산 -3.04%
2024-10-07 09:50:00,LRCX,매수,32,80.5936,,,6729.65,저점 $80.12 대비 +0.54% 반등 (RSI 54)
2024-10-07 10:21:25,CDNS,매수,9,264.4597,,,4347.85,저점 $263.00 대비 +0.50% 반등 (RSI 54)
2024-10-07 10:57:41,STX,매수,24,105.3251,,,1818.28,저점 $104.67 대비 +0.58% 반등 (RSI 30)
2024-10-09 10:00:00,STX,매도,24,107.7861,55.4,2.192,4403.25,고점 $109.10 대비 -1.00% → 익절 +2.39%
2024-10-09 10:01:34,MRVL,매수,36,72.0398,,,1808.01,저점 $71.58 대비 +0.59% 반등 (RSI 50)
2024-10-09 12:57:16,LRCX,매도,32,82.6457,61.93,2.401,4450.74,고점 $83.19 대비 -0.50% → 익절 +2.60%
2024-10-09 13:06:00,CDNS,매도,9,276.2818,102.92,4.324,6935.46,고점 $278.25 대비 -0.50% → 익절 +4.52%
2024-10-09 15:51:00,WDC,매도,22,48.6731,-31.89,-2.896,8005.48,보유기한 청산 -2.71%
2024-10-10 15:51:00,VZ,매도,59,42.9269,-56.47,-2.184,10536.32,보유기한 청산 -1.99%
2024-10-11 15:08:10,MRVL,매도,36,73.998,66.74,2.573,13198.3,고점 $74.51 대비 -0.50% → 익절 +2.77%
2024-10-17 09:35:48,MDB,매수,4,274.6372,,,12098.98,저점 $273.00 대비 +0.55% 반등 (RSI 38)
2024-10-17 09:45:33,FTNT,매수,15,80.0607,,,10897.23,저점 $79.56 대비 +0.58% 반등 (RSI 52)
2024-10-17 10:24:00,AMD,매수,7,157.7476,,,9792.23,저점 $156.85 대비 +0.52% 반등 (RSI 24)
2024-10-17 10:26:28,GOOGL,매수,7,164.3041,,,8641.29,저점 $163.32 대비 +0.55% 반등 (RSI 54)
2024-10-17 10:39:13,NET,매수,13,91.304,,,7453.51,저점 $90.74 대비 +0.57% 반등 (RSI 39)
2024-10-21 09:40:00,FTNT,매도,15,82.1219,29.18,2.43,8684.44,고점 $82.61 대비 -0.50% → 익절 +2.63%
2024-10-21 09:51:10,NOW,매수,6,181.0792,,,7597.21,저점 $179.95 대비 +0.57% 반등 (RSI 44)
2024-10-22 12:10:00,MDB,매도,4,263.1783,-47.37,-4.312,8649.15,손절 -4.12%
2024-10-23 09:58:41,NET,매도,13,87.5471,-50.5,-4.255,9786.43,손절 -4.07%
2024-10-23 10:06:40,AMD,매도,7,151.1344,-47.84,-4.332,10843.6,손절 -4.14%
2024-10-23 15:51:00,GOOGL,매도,7,162.8419,-11.87,-1.032,11982.66,보유기한 청산 -0.84%
2024-10-24 09:36:00,NOW,매도,6,189.7304,50.32,4.631,13120.21,고점 $190.87 대비 -0.50% → 익절 +4.83%
2024-11-08 09:38:10,MNST,매수,58,26.7665,,,11566.67,저점 $26.60 대비 +0.58% 반등 (RSI 61)
2024-11-08 10:10:54,MNST,매도,58,27.6495,48.95,3.153,13169.17,고점 $27.83 대비 -0.50% → 익절 +3.35%
2024-11-08 11:14:12,DDOG,매수,12,123.7087,,,11683.62,저점 $122.98 대비 +0.54% 반등 (RSI 38)
2024-11-11 10:20:19,LRCX,매수,20,75.3328,,,10175.91,저점 $74.86 대비 +0.58% 반등 (RSI 58)
2024-11-11 10:23:20,NVDA,매수,10,144.5035,,,8729.86,저점 $143.57 대비 +0.60% 반등 (RSI 65)
2024-11-11 10:25:33,MU,매수,14,107.917,,,7217.97,저점 $107.30 대비 +0.52% 반등 (RSI 62)
2024-11-11 12:00:00,MSFT,매수,3,418.6359,,,5961.18,저점 $416.00 대비 +0.58% 반등 (RSI 41)
2024-11-12 10:06:40,MU,매도,14,103.4455,-64.71,-4.283,7408.36,손절 -4.10%
2024-11-12 11:11:32,NVDA,매도,10,147.856,31.43,2.175,8885.84,고점 $149.62 대비 -1.00% → 익절 +2.37%
2024-11-12 11:25:42,WDC,매수,32,48.5352,,,7331.63,저점 $48.21 대비 +0.63% 반등 (RSI 21)
2024-11-12 14:02:43,AVGO,매수,8,175.13,,,5929.61,저점 $174.00 대비 +0.60% 반등 (RSI 32)
2024-11-13 12:00:00,DDOG,매도,12,130.4887,79.18,5.334,7494.33,고점 $131.31 대비 -0.50% → 익절 +5.53%
2024-11-15 09:30:00,LRCX,매도,20,71.6242,-76.27,-5.062,8925.77,손절 -4.88%
2024-11-15 09:36:12,CRDO,매수,22,41.4407,,,8013.43,저점 $41.21 대비 +0.51% 반등 (RSI 23)
2024-11-15 09:37:30,SHOP,매수,8,107.7313,,,7150.98,저점 $107.10 대비 +0.54% 반등 (RSI 59)
2024-11-15 09:58:00,AVGO,매도,8,167.8585,-60.13,-4.292,8492.87,손절 -4.10%
2024-11-15 09:58:14,MRVL,매수,10,89.3875,,,7598.37,저점 $88.50 대비 +0.95% 반등 (RSI 46)
2024-11-15 10:19:39,CRDO,매도,22,39.7001,-39.57,-4.34,8471.13,손절 -4.15%
2024-11-15 11:00:00,NOW,매수,4,201.8897,,,7663.01,저점 $200.60 대비 +0.59% 반등 (RSI 31)
2024-11-15 15:51:00,MSFT,매도,3,415.1956,-12.11,-0.964,8907.69,보유기한 청산 -0.77%
2024-11-18 09:48:00,CRDO,매수,23,40.3209,,,7979.66,저점 $40.07 대비 +0.58% 반등 (RSI 24)
2024-11-18 15:51:49,WDC,매도,32,48.8468,7.74,0.499,9541.61,보유기한 청산 +0.69%
2024-11-19 09:52:51,CRM,매수,2,317.9863,,,8905.2,저점 $316.00 대비 +0.58% 반등 (RSI 34)
2024-11-19 10:11:15,SHOP,매도,8,103.2184,-37.31,-4.329,9730.34,손절 -4.14%
2024-11-19 10:55:42,FTNT,매수,10,90.4738,,,8824.97,저점 $89.91 대비 +0.58% 반등 (RSI 32)
2024-11-19 14:22:00,CRDO,매도,23,43.91,81.16,8.752,9834.16,고점 $44.22 대비 -0.50% → 익절 +8.96%
2024-11-20 10:22:56,INTC,매수,109,23.9132,,,7225.8,저점 $23.77 대비 +0.55% 반등 (RSI 41)
2024-11-21 09:39:36,CRM,매도,2,328.9854,21.07,3.313,7883.29,고점 $331.35 대비 -0.50% → 익절 +3.51%
2024-11-21 09:52:30,MRVL,매도,10,91.5775,20.61,2.305,8798.4,고점 $92.16 대비 -0.50% → 익절 +2.50%
2024-11-21 10:25:09,PANW,매수,13,191.5021,,,6307.13,저점 $190.27 대비 +0.59% 반등 (RSI 60)
2024-11-21 10:30:00,FTNT,매도,10,93.0235,24.18,2.673,7236.68,고점 $93.81 대비 -0.50% → 익절 +2.87%
2024-11-21 10:30:00,NOW,매도,4,208.3098,24.51,3.035,8069.31,고점 $209.70 대비 -0.50% → 익절 +3.23%
2024-11-21 10:55:42,AAPL,매수,11,227.2679,,,5567.62,저점 $225.71 대비 +0.64% 반등 (RSI 43)
2024-11-21 11:40:35,PANW,매도,13,196.4018,60.09,2.414,8118.98,고점 $197.72 대비 -0.50% → 익절 +2.61%
2024-11-21 15:08:10,INTC,매도,109,24.4678,56.68,2.174,10784.01,고점 $24.77 대비 -1.00% → 익절 +2.37%
2024-11-22 10:43:50,PANW,매수,13,190.6261,,,8304.14,저점 $189.55 대비 +0.52% 반등 (RSI 37)
2024-11-22 12:42:00,NVDA,매수,18,142.3211,,,5740.57,저점 $141.53 대비 +0.51% 반등 (RSI 44)
2024-11-25 10:21:06,NVDA,매도,18,136.4218,-109.77,-4.285,8194.37,손절 -4.10%
2024-11-25 10:21:43,PANW,매도,13,195.8488,64.3,2.595,10738.54,고점 $198.08 대비 -1.00% → 익절 +2.79%
2024-11-26 10:48:00,AAPL,매도,11,234.0929,71.45,2.858,13311.68,고점 $235.43 대비 -0.50% → 익절 +3.05%
2024-11-26 10:57:41,MU,매수,9,100.9897,,,12402.14,저점 $100.31 대비 +0.63% 반등 (RSI 42)
2024-11-26 12:06:00,INTC,매수,38,24.1121,,,11485.24,저점 $23.96 대비 +0.58% 반등 (RSI 39)
2024-11-26 12:57:16,MRVL,매수,10,92.6013,,,10558.58,저점 $92.03 대비 +0.57% 반등 (RSI 51)
2024-11-27 10:26:28,NOW,매수,4,211.0875,,,9713.64,저점 $209.61 대비 +0.66% 반등 (RSI 66)
2024-11-27 10:28:00,CRWD,매수,10,86.3121,,,8849.91,저점 $85.83 대비 +0.51% 반등 (RSI 55)
2024-11-27 11:00:00,MRVL,매도,10,88.8141,-39.17,-4.23,9737.41,손절 -4.04%
2024-11-27 11:11:44,CRDO,매수,20,45.6944,,,8822.88,저점 $45.41 대비 +0.57% 반등 (RSI 42)
2024-11-27 12:02:43,MU,매도,9,96.7803,-39.16,-4.308,9693.27,손절 -4.12%
2024-11-27 12:02:43,NVDA,매수,6,132.6338,,,8896.91,저점 $131.90 대비 +0.51% 반등 (RSI 28)
2024-11-27 12:12:51,INTC,매도,38,23.0984,-39.8,-4.344,9774.01,손절 -4.16%
2024-11-27 12:13:38,DDOG,매수,6,151.6158,,,8863.68,저점 $150.64 대비 +0.60% 반등 (RSI 50)
2024-11-29 10:24:05,CRDO,매도,20,51.0811,106.35,11.637,9884.55,고점 $51.40 대비 -0.50% → 익절 +11.84%
2024-11-29 11:02:43,NVDA,매도,6,138.3683,33.24,4.177,10714.16,고점 $139.35 대비 -0.50% → 익절 +4.38%
2024-12-03 09:54:32,CRM,매수,8,325.6502,,,8107.13,저점 $323.65 대비 +0.57% 반등 (RSI 39)
2024-12-03 09:58:48,FTNT,매수,28,93.9595,,,5474.42,저점 $93.38 대비 +0.57% 반등 (RSI 53)
2024-12-03 10:50:00,DDOG,매도,6,155.411,21.45,2.358,6406.21,고점 $156.48 대비 -0.50% → 익절 +2.55%
2024-12-03 11:22:56,INTC,매수,117,22.7767,,,3739.47,저점 $22.65 대비 +0.51% 반등 (RSI 38)
2024-12-03 15:51:49,CRWD,매도,10,87.3517,9.15,1.061,4612.35,보유기한 청산 +1.26%
2024-12-03 15:51:49,NOW,매도,4,211.3383,-0.21,-0.024,5457.08,보유기한 청산 +0.17%
2024-12-04 09:40:00,FTNT,매도,28,96.3928,64.32,2.445,8154.11,고점 $96.96 대비 -0.50% → 익절 +2.64%
2024-12-04 09:44:24,CRM,매도,8,366.4336,322.3,12.372,11083.44,고점 $368.70 대비 -0.50% → 익절 +12.58%
2024-12-04 12:10:00,INTC,매도,117,21.8291,-114.61,-4.301,13635.58,손절 -4.11%
2024-12-05 12:05:00,LRCX,매수,35,75.7559,,,10982.26,저점 $75.29 대비 +0.57% 반등 (RSI 39)
2024-12-09 09:51:10,NVDA,매수,19,138.6818,,,8345.47,저점 $137.81 대비 +0.58% 반등 (RSI 48)
2024-12-09 10:36:12,MRVL,매수,25,109.4287,,,5607.83,저점 $108.73 대비 +0.59% 반등 (RSI 45)
2024-12-09 11:00:00,DDOG,매수,17,160.3276,,,2880.36,저점 $159.38 대비 +0.54% 반등 (RSI 42)
2024-12-09 11:03:20,LRCX,매도,35,77.2047,46.88,1.768,5580.55,고점 $78.09 대비 -1.00% → 익절 +1.96%
2024-12-09 11:21:25,PANW,매수,13,196.8334,,,3019.92,저점 $195.65 대비 +0.55% 반등 (RSI 36)
2024-12-09 11:22:56,CRM,매수,7,352.9189,,,547.76,저점 $350.83 대비 +0.55% 반등 (RSI 50)
2024-12-10 15:05:00,DDOG,매도,17,153.5532,-118.98,-4.365,3156.26,손절 -4.18%
2024-12-10 15:06:55,ORCL,매수,15,176.4652,,,507.43,저점 $174.86 대비 +0.87% 반등 (RSI 26)
2024-12-10 15:33:45,MRVL,매도,25,104.9841,-114.94,-4.202,3130.12,손절 -4.01%
2024-12-11 09:48:27,MDB,매수,9,297.0284,,,454.99,저점 $295.11 대비 +0.60% 반등 (RSI 23)
2024-12-12 11:04:17,MDB,매도,9,284.6575,-115.08,-4.305,3015.04,손절 -4.12%
2024-12-12 12:34:36,WDC,매수,52,51.0305,,,359.59,저점 $50.74 대비 +0.52% 반등 (RSI 26)
2024-12-13 09:50:00,CRM,매도,7,362.5786,64.04,2.592,2895.79,고점 $364.80 대비 -0.50% → 익절 +2.79%
2024-12-13 10:12:51,WDC,매도,52,48.8796,-115.56,-4.355,5435.67,손절 -4.17%
2024-12-13 11:15:00,NVDA,매도,19,132.9982,-111.68,-4.238,7960.79,손절 -4.05%
2024-12-13 11:45:00,DDOG,매수,17,153.9382,,,5342.01,저점 $152.90 대비 +0.63% 반등 (RSI 36)
2024-12-13 11:46:21,NOW,매수,11,225.3026,,,2861.95,저점 $223.89 대비 +0.58% 반등 (RSI 38)
2024-12-13 15:51:00,PANW,매도,13,196.5667,-7.12,-0.278,5415.45,보유기한 청산 -0.09%
2024-12-16 09:50:00,CRM,매수,4,352.9664,,,4002.59,저점 $350.81 대비 +0.56% 반등 (RSI 47)
2024-12-16 10:15:00,PANW,매수,8,196.6654,,,2428.17,저점 $195.50 대비 +0.55% 반등 (RSI 39)
2024-12-16 15:51:00,ORCL,매도,15,170.9915,-85.83,-3.243,4991.17,보유기한 청산 -3.05%
2024-12-17 10:00:00,PANW,매도,8,200.7768,30.62,1.946,6596.21,고점 $203.13 대비 -1.00% → 익절 +2.14%
2024-12-17 10:22:56,FTNT,매수,21,97.6868,,,4543.35,저점 $97.01 대비 +0.65% 반등 (RSI 55)
2024-12-17 11:58:00,DDOG,매도,17,157.6083,58.6,2.239,7220.74,고점 $158.57 대비 -0.50% → 익절 +2.44%
2024-12-18 10:18:38,PANW,매수,10,193.49,,,5284.48,저점 $192.30 대비 +0.57% 반등 (RSI 52)
2024-12-18 14:56:15,NOW,매도,11,216.1639,-104.0,-4.196,7660.55,손절 -4.01%
2024-12-18 15:26:50,DDOG,매수,13,151.4657,,,5690.12,저점 $150.50 대비 +0.59% 반등 (RSI 37)
2024-12-18 15:43:07,FTNT,매도,21,93.6332,-88.0,-4.29,7654.98,손절 -4.10%
2024-12-18 15:44:07,CRM,매도,4,338.3207,-60.56,-4.289,9007.27,손절 -4.10%
2024-12-19 09:35:17,MRVL,매수,23,108.3032,,,6514.56,저점 $107.61 대비 +0.59% 반등 (RSI 26)
2024-12-19 09:36:40,NET,매수,23,110.968,,,3960.51,저점 $110.26 대비 +0.59% 반등 (RSI 28)
2024-12-19 09:38:10,FTNT,매수,26,96.3957,,,1452.47,저점 $95.83 대비 +0.54% 반등 (RSI 25)
2024-12-20 09:30:00,DDOG,매도,13,144.9375,-87.62,-4.45,3335.28,손절 -4.26%
2024-12-20 09:33:20,PANW,매도,10,185.653,-81.08,-4.19,5190.45,손절 -4.00%
2024-12-20 09:45:39,CRM,매수,7,333.2336,,,2856.18,저점 $331.14 대비 +0.58% 반등 (RSI 29)
2024-12-20 09:46:09,SHOP,매수,23,105.1692,,,435.6,저점 $104.50 대비 +0.59% 반등 (RSI 25)
2024-12-20 12:03:20,MRVL,매도,23,112.9935,104.24,4.185,3032.55,고점 $114.37 대비 -1.00% → 익절 +4.38%
2024-12-20 12:05:00,MSFT,매수,5,443.2258,,,814.87,저점 $439.55 대비 +0.79% 반등 (RSI 42)
2024-12-20 13:02:00,SHOP,매도,23,108.6238,75.94,3.139,3311.4,고점 $109.80 대비 -1.00% → 익절 +3.34%
2024-12-20 13:11:32,CRM,매도,7,342.4087,60.84,2.608,5706.51,고점 $346.45 대비 -1.00% → 익절 +2.80%
2024-12-26 15:51:00,FTNT,매도,26,97.2347,18.21,0.727,8232.76,보유기한 청산 +0.92%
2024-12-26 15:51:00,MSFT,매도,5,437.8743,-29.91,-1.35,10420.54,보유기한 청산 -1.16%
2024-12-26 15:51:00,NET,매도,23,112.4971,31.49,1.234,13006.08,보유기한 청산 +1.43%
2025-03-19 10:00:00,KO,매수,37,68.9465,,,10453.27,저점 $68.54 대비 +0.54% 반등 (RSI 42)
2025-03-19 15:02:43,PEP,매수,17,147.8533,,,7938.01,저점 $146.99 대비 +0.54% 반등 (RSI 31)
2025-03-20 12:06:00,VZ,매수,59,43.6768,,,5359.27,저점 $43.38 대비 +0.65% 반등 (RSI 41)
2025-03-21 09:55:42,MNST,매수,91,28.3041,,,2781.79,저점 $28.14 대비 +0.53% 반등 (RSI 62)
2025-03-21 10:16:40,MU,매수,27,94.6263,,,225.09,저점 $94.06 대비 +0.55% 반등 (RSI 58)
2025-03-24 10:26:00,MU,매도,27,97.1926,65.59,2.567,2847.38,고점 $98.42 대비 -1.00% → 익절 +2.76%
2025-03-25 15:51:00,KO,매도,37,68.8122,-8.61,-0.338,5391.57,보유기한 청산 -0.14%
2025-03-25 15:51:00,PEP,매도,17,145.314,-46.73,-1.859,7860.11,보유기한 청산 -1.67%
2025-03-26 15:51:00,VZ,매도,59,44.1346,23.3,0.904,10462.15,보유기한 청산 +1.10%
2025-03-27 09:48:00,AMD,매수,14,106.221,,,8974.01,저점 $105.55 대비 +0.59% 반등 (RSI 49)
2025-03-27 10:27:00,INTC,매수,68,23.0059,,,7408.52,저점 $22.85 대비 +0.61% 반등 (RSI 36)
2025-03-27 15:39:00,MNST,매도,91,29.1854,76.45,2.968,10062.45,고점 $29.35 대비 -0.50% → 익절 +3.17%
2025-03-28 09:30:00,INTC,매도,68,23.3083,18.31,1.171,11646.26,고점 $23.76 대비 -1.00% → 익절 +1.37%
2025-03-31 09:30:00,AMD,매도,14,100.0499,-88.46,-5.948,13045.94,손절 -5.76%
2025-03-31 09:35:08,INTC,매수,69,22.5037,,,11492.09,저점 $22.38 대비 +0.50% 반등 (RSI 36)
2025-04-03 09:30:00,INTC,매도,69,21.3893,-79.06,-5.092,12966.88,손절 -4.90%
2025-04-16 14:26:40,CDNS,매수,10,258.064,,,10384.43,저점 $256.53 대비 +0.55% 반등 (RSI 56)
2025-04-17 09:51:10,VZ,매수,59,43.8479,,,7795.59,저점 $43.58 대비 +0.56% 반등 (RSI 40)
2025-04-21 14:46:21,CDNS,매도,10,247.5761,-108.49,-4.204,10269.55,손절 -4.02%
2025-04-22 09:30:00,VZ,매도,59,41.969,-114.47,-4.425,12743.91,손절 -4.24%
2025-04-30 09:51:10,NOW,매수,13,185.2142,,,10334.44,저점 $184.08 대비 +0.57% 반등 (RSI 67)
2025-04-30 09:54:32,AVGO,매수,13,185.13,,,7926.06,저점 $184.02 대비 +0.55% 반등 (RSI 60)
2025-04-30 10:12:09,SHOP,매수,27,92.9899,,,5413.58,저점 $92.40 대비 +0.59% 반등 (RSI 67)
2025-04-30 10:16:40,MSFT,매수,6,386.6657,,,3091.96,저점 $384.44 대비 +0.53% 반등 (RSI 68)
2025-04-30 12:04:17,SHOP,매도,27,94.7226,43.16,1.719,5647.6,고점 $95.80 대비 -1.00% → 익절 +1.91%
2025-05-01 09:38:34,MSFT,매도,6,428.3457,246.58,10.628,8215.8,고점 $431.11 대비 -0.50% → 익절 +10.83%
2025-05-01 09:39:28,AVGO,매도,13,196.8825,149.23,6.201,10773.41,고점 $198.10 대비 -0.50% → 익절 +6.40%
2025-05-01 09:48:00,NOW,매도,13,194.5395,117.7,4.888,13300.57,고점 $195.72 대비 -0.50% → 익절 +5.09%
2025-05-05 10:36:00,VZ,매수,61,43.4701,,,10647.04,저점 $43.22 대비 +0.53% 반등 (RSI 50)
2025-05-06 09:48:00,CRWD,매수,24,108.2983,,,8046.06,저점 $107.64 대비 +0.56% 반등 (RSI 58)
2025-05-06 09:52:30,CRM,매수,9,270.2484,,,5612.13,저점 $268.54 대비 +0.59% 반등 (RSI 52)
2025-05-06 09:53:20,NVDA,매수,23,111.5221,,,3045.32,저점 $110.82 대비 +0.58% 반등 (RSI 57)
2025-05-06 09:54:00,AVGO,매수,13,197.1942,,,480.0,저점 $196.01 대비 +0.55% 반등 (RSI 56)
2025-05-06 13:05:00,CRWD,매도,24,110.5957,51.38,1.977,3132.36,고점 $111.86 대비 -1.00% → 익절 +2.17%
2025-05-06 14:00:00,NET,매수,22,121.1786,,,464.57,저점 $120.46 대비 +0.55% 반등 (RSI 39)
2025-05-07 13:53:20,AVGO,매도,13,201.6771,54.57,2.129,3084.46,고점 $203.82 대비 -1.00% → 익절 +2.32%
2025-05-07 14:24:00,AMD,매수,27,97.5728,,,448.15,저점 $96.88 대비 +0.66% 반등 (RSI 49)
2025-05-07 15:58:53,NVDA,매도,23,116.9615,121.35,4.731,3136.3,고점 $117.68 대비 -0.50% → 익절 +4.93%
2025-05-08 09:36:00,FTNT,매수,28,97.8489,,,394.61,저점 $97.08 대비 +0.74% 반등 (RSI 51)
2025-05-08 10:10:30,FTNT,매도,28,93.7708,-118.02,-4.308,3018.28,손절 -4.12%
2025-05-08 10:16:52,AMD,매도,27,104.7859,190.85,7.244,5845.43,고점 $105.44 대비 -0.50% → 익절 +7.45%
2025-05-08 10:20:31,PANW,매수,14,185.4627,,,3247.13,저점 $184.35 대비 +0.55% 반등 (RSI 50)
2025-05-08 10:40:00,CRM,매도,9,279.2201,77.21,3.174,5758.28,고점 $281.00 대비 -0.50% → 익절 +3.37%
2025-05-08 13:46:21,NET,매도,22,124.5327,69.93,2.623,8496.0,고점 $125.26 대비 -0.50% → 익절 +2.82%
2025-05-09 11:00:00,CDNS,매수,9,305.5807,,,5743.85,저점 $303.82 대비 +0.53% 반등 (RSI 43)
2025-05-09 11:16:21,CRWD,매수,27,101.9184,,,2990.13,저점 $101.34 대비 +0.53% 반등 (RSI 28)
2025-05-09 15:51:00,VZ,매도,61,43.5683,2.2,0.083,5645.85,보유기한 청산 +0.28%
2025-05-12 09:40:35,PANW,매도,14,190.0979,61.13,2.354,8305.28,고점 $191.21 대비 -0.50% → 익절 +2.55%
2025-05-12 09:45:00,CDNS,매도,9,317.9509,107.32,3.902,11164.75,고점 $320.00 대비 -0.50% → 익절 +4.10%
2025-05-12 10:00:00,CRWD,매도,27,105.1554,83.4,3.031,14001.87,고점 $106.44 대비 -1.00% → 익절 +3.23%
2025-05-15 09:51:10,INTC,매수,131,21.3196,,,11207.05,저점 $21.19 대비 +0.57% 반등 (RSI 45)
2025-05-15 10:51:10,MDB,매수,14,187.2736,,,8583.38,저점 $186.13 대비 +0.56% 반등 (RSI 42)
2025-05-15 12:25:42,SNDK,매수,70,40.1351,,,5771.96,저점 $39.90 대비 +0.54% 반등 (RSI 46)
2025-05-15 15:26:50,META,매수,4,642.35,,,3200.77,저점 $638.65 대비 +0.53% 반등 (RSI 60)
2025-05-16 10:16:57,LRCX,매수,33,83.0,,,459.85,저점 $82.53 대비 +0.52% 반등 (RSI 63)
2025-05-16 15:50:00,MDB,매도,14,190.8145,45.79,1.746,3129.3,고점 $193.19 대비 -1.00% → 익절 +1.94%
2025-05-19 09:39:43,CRDO,매수,48,57.572,,,363.91,저점 $57.21 대비 +0.58% 반등 (RSI 63)
2025-05-19 10:55:42,CRDO,매도,48,59.6759,96.96,3.509,3226.26,고점 $60.32 대비 -1.00% → 익절 +3.71%
2025-05-19 10:55:42,SHOP,매수,26,107.4275,,,431.19,저점 $106.82 대비 +0.52% 반등 (RSI 44)
2025-05-20 09:36:09,SNDK,매도,70,38.4967,-118.62,-4.222,3123.99,손절 -4.03%
2025-05-20 09:38:34,MRVL,매수,45,61.3407,,,361.73,저점 $60.95 대비 +0.59% 반등 (RSI 40)
2025-05-21 13:14:12,SHOP,매도,26,102.8976,-121.69,-4.357,3035.12,손절 -4.17%
2025-05-21 13:42:51,STX,매수,26,105.5865,,,287.95,저점 $104.94 대비 +0.57% 반등 (RSI 33)
2025-05-21 15:50:46,INTC,매도,131,20.7771,-75.01,-2.686,3007.76,보유기한 청산 -2.50%
2025-05-21 15:51:00,META,매도,4,635.5387,-30.9,-1.203,5548.06,보유기한 청산 -1.01%
2025-05-22 09:41:36,CRWD,매수,25,108.1977,,,2841.22,저점 $107.50 대비 +0.60% 반등 (RSI 45)
2025-05-22 09:43:50,PANW,매수,14,183.5846,,,269.24,저점 $182.46 대비 +0.57% 반등 (RSI 29)
2025-05-22 10:24:11,CRWD,매도,25,111.5522,79.93,2.955,3056.01,고점 $112.22 대비 -0.50% → 익절 +3.15%
2025-05-22 10:26:28,AMD,매수,24,111.7556,,,372.0,저점 $110.94 대비 +0.68% 반등 (RSI 42)
2025-05-22 11:22:06,STX,매도,26,110.746,130.12,4.74,3249.29,고점 $111.47 대비 -0.50% → 익절 +4.94%
2025-05-22 14:06:00,CDNS,매수,8,317.0885,,,710.81,저점 $315.31 대비 +0.51% 반등 (RSI 38)
2025-05-22 15:50:46,LRCX,매도,33,82.4388,-22.43,-0.819,3429.3,보유기한 청산 -0.63%
2025-05-23 09:46:21,SHOP,매수,27,100.9283,,,702.33,저점 $100.31 대비 +0.57% 반등 (RSI 40)
2025-05-27 10:33:45,MRVL,매도,45,63.8748,110.01,3.985,3574.6,고점 $64.23 대비 -0.50% → 익절 +4.18%
2025-05-27 10:54:00,CRM,매수,10,275.4643,,,818.02,저점 $273.87 대비 +0.53% 반등 (RSI 30)
2025-05-27 12:00:00,SHOP,매도,27,106.8386,155.56,5.709,3700.56,고점 $107.48 대비 -0.50% → 익절 +5.91%
2025-05-27 12:06:00,AMD,매도,24,114.6327,65.16,2.429,6449.74,고점 $115.39 대비 -0.50% → 익절 +2.63%
2025-05-28 10:18:00,PANW,매도,14,188.3638,63.18,2.458,9084.9,고점 $189.49 대비 -0.50% → 익절 +2.65%
2025-05-28 14:52:51,CDNS,매도,8,303.7675,-110.12,-4.341,11513.27,손절 -4.15%
2025-05-29 09:30:00,CRM,매도,10,263.4582,-123.91,-4.498,14145.93,손절 -4.31%
2025-05-29 10:19:05,CDNS,매수,9,288.5467,,,11547.19,저점 $286.73 대비 +0.58% 반등 (RSI 18)
2025-05-29 10:25:33,FTNT,매수,27,102.2736,,,8783.87,저점 $101.69 대비 +0.52% 반등 (RSI 50)
2025-05-29 10:27:30,PANW,매수,15,183.9819,,,6022.21,저점 $182.89 대비 +0.55% 반등 (RSI 50)
2025-05-29 13:18:56,CDNS,매도,9,276.4717,-112.31,-4.325,8508.64,손절 -4.14%
2025-05-30 09:41:15,DDOG,매수,24,117.0584,,,5697.27,저점 $116.31 대비 +0.59% 반등 (RSI 52)
2025-05-30 10:03:00,CDNS,매수,9,282.1047,,,3156.55,저점 $280.34 대비 +0.58% 반등 (RSI 28)
2025-05-30 10:06:35,MRVL,매수,47,58.9774,,,382.67,저점 $58.62 대비 +0.57% 반등 (RSI 50)
2025-05-30 11:06:00,MRVL,매도,47,60.2645,56.48,2.038,3213.03,고점 $60.98 대비 -1.00% → 익절 +2.23%
2025-05-30 11:06:00,MU,매수,29,95.0825,,,453.71,저점 $94.50 대비 +0.57% 반등 (RSI 39)
2025-05-30 12:35:27,PANW,매도,15,189.2487,75.0,2.718,3290.37,고점 $191.30 대비 -1.00% → 익절 +2.91%
2025-05-30 12:36:00,CRDO,매수,46,60.095,,,524.06,저점 $59.75 대비 +0.53% 반등 (RSI 33)
2025-06-02 10:33:45,CRDO,매도,46,61.226,48.04,1.738,3338.4,고점 $61.92 대비 -1.00% → 익절 +1.93%
2025-06-02 10:35:27,NOW,매수,14,201.2766,,,518.56,저점 $200.06 대비 +0.56% 반등 (RSI 41)
2025-06-02 15:25:00,MU,매도,29,98.6007,98.01,3.554,3375.89,고점 $99.24 대비 -0.50% → 익절 +3.75%
2025-06-03 09:30:00,CDNS,매도,9,288.9754,58.16,2.291,5974.77,고점 $292.87 대비 -1.00% → 익절 +2.49%
2025-06-03 10:15:00,GOOGL,매수,17,166.2461,,,3146.61,저점 $165.29 대비 +0.53% 반등 (RSI 43)
2025-06-04 09:51:00,CRWD,매수,25,112.0331,,,343.82,저점 $111.32 대비 +0.59% 반등 (RSI 73)
2025-06-04 10:23:20,DDOG,매도,24,120.6133,81.24,2.892,3236.43,고점 $121.36 대비 -0.50% → 익절 +3.09%
2025-06-04 10:27:16,SHOP,매수,28,103.5217,,,335.79,저점 $102.83 대비 +0.62% 반등 (RSI 45)
2025-06-04 11:44:24,CRWD,매도,25,116.4159,105.48,3.766,3244.06,고점 $117.74 대비 -1.00% → 익절 +3.96%
2025-06-04 15:51:00,FTNT,매도,27,101.6891,-19.72,-0.714,5987.66,보유기한 청산 -0.52%
2025-06-05 15:26:15,NVDA,매수,20,139.6599,,,3192.51,저점 $138.83 대비 +0.55% 반등 (RSI 52)
2025-06-05 15:26:28,AMD,매수,25,115.4377,,,304.55,저점 $114.71 대비 +0.58% 반등 (RSI 52)
2025-06-06 10:26:28,GOOGL,매도,17,172.6136,104.13,3.684,3236.84,고점 $173.84 대비 -0.50% → 익절 +3.88%
2025-06-06 10:27:51,AVGO,매수,11,250.6254,,,478.03,저점 $248.37 대비 +0.86% 반등 (RSI 61)
2025-06-06 10:37:03,SHOP,매도,28,108.9288,147.14,5.076,3525.81,고점 $109.61 대비 -0.50% → 익절 +5.28%
2025-06-06 15:51:00,NOW,매도,14,205.7691,58.82,2.087,6404.47,보유기한 청산 +2.28%
2025-06-09 10:11:15,DDOG,매수,25,119.4997,,,3414.89,저점 $118.77 대비 +0.56% 반등 (RSI 59)
2025-06-09 10:50:00,AMD,매도,25,121.622,150.37,5.21,6453.22,고점 $122.37 대비 -0.50% → 익절 +5.41%
2025-06-09 10:55:42,NVDA,매도,20,144.1051,84.84,3.038,9333.22,고점 $145.00 대비 -0.50% → 익절 +3.23%
2025-06-09 13:55:42,AAPL,매수,14,201.261,,,6513.59,저점 $200.02 대비 +0.57% 반등 (RSI 41)
2025-06-10 09:43:50,PANW,매수,15,196.7925,,,3559.64,저점 $195.65 대비 +0.53% 반등 (RSI 44)
2025-06-10 09:57:00,DDOG,매도,25,122.9955,83.06,2.78,6632.28,고점 $123.78 대비 -0.50% → 익절 +2.98%
2025-06-10 09:58:00,FTNT,매수,29,102.0317,,,3671.29,저점 $101.40 대비 +0.57% 반등 (RSI 36)
2025-06-10 10:35:00,NOW,매수,14,203.1451,,,825.27,저점 $202.00 대비 +0.52% 반등 (RSI 43)
2025-06-12 15:51:49,AVGO,매도,11,256.0419,55.6,2.017,3639.67,보유기한 청산 +2.21%
2025-06-13 09:36:25,MRVL,매수,44,68.1423,,,639.31,저점 $67.74 대비 +0.54% 반등 (RSI 57)
2025-06-13 15:51:00,AAPL,매도,14,196.5117,-70.47,-2.501,3388.47,보유기한 청산 -2.31%
2025-06-16 09:58:25,CDNS,매수,10,298.786,,,398.51,저점 $297.04 대비 +0.54% 반등 (RSI 37)
2025-06-16 10:28:07,MRVL,매도,44,70.5293,100.66,3.357,3499.54,고점 $71.01 대비 -0.50% → 익절 +3.55%
2025-06-16 15:51:00,FTNT,매도,29,102.0123,-4.79,-0.162,6455.74,보유기한 청산 +0.03%
2025-06-16 15:51:00,NOW,매도,14,201.3217,-29.58,-1.04,9272.18,보유기한 청산 -0.85%
2025-06-16 15:51:00,PANW,매도,15,198.0176,14.14,0.479,12240.28,보유기한 청산 +0.67%
2025-06-17 09:48:15,DDOG,매수,25,120.3321,,,9229.87,저점 $119.57 대비 +0.59% 반등 (RSI 53)
2025-06-17 09:51:10,MDB,매수,15,201.9209,,,6198.94,저점 $200.62 대비 +0.60% 반등 (RSI 29)
2025-06-17 09:55:00,CRWD,매수,25,119.2519,,,3215.55,저점 $118.50 대비 +0.58% 반등 (RSI 51)
2025-06-17 11:45:00,DDOG,매도,25,123.7081,80.04,2.66,6306.0,고점 $124.40 대비 -0.50% → 익절 +2.86%
2025-06-17 15:48:00,CRWD,매도,25,122.5784,78.84,2.644,9368.22,고점 $123.30 대비 -0.50% → 익절 +2.84%
2025-06-18 10:18:00,MDB,매도,15,207.5447,79.96,2.64,12479.12,고점 $208.85 대비 -0.50% → 익절 +2.84%
2025-06-18 13:51:10,MDB,매수,15,201.5977,,,9453.04,저점 $200.36 대비 +0.57% 반등 (RSI 31)
2025-06-18 13:55:42,FTNT,매수,30,100.4774,,,6436.6,저점 $99.84 대비 +0.59% 반등 (RSI 34)
2025-06-18 13:57:41,NOW,매수,15,196.9674,,,3480.02,저점 $195.84 대비 +0.53% 반등 (RSI 32)
2025-06-18 15:26:50,SHOP,매수,29,106.013,,,403.5,저점 $105.30 대비 +0.63% 반등 (RSI 46)
2025-06-20 09:58:20,MDB,매도,15,211.6029,145.64,4.816,3575.22,고점 $212.94 대비 -0.50% → 익절 +5.02%
2025-06-20 10:27:16,AVGO,매수,12,247.6337,,,601.54,저점 $246.27 대비 +0.50% 반등 (RSI 50)
2025-06-20 15:51:00,CDNS,매도,10,295.5655,-36.45,-1.22,3555.04,보유기한 청산 -1.03%
2025-06-23 09:53:38,CRWD,매수,26,116.1259,,,533.65,저점 $115.38 대비 +0.60% 반등 (RSI 39)
2025-06-23 12:33:09,CRWD,매도,26,120.1036,99.03,3.28,3654.06,고점 $121.46 대비 -1.00% → 익절 +3.48%
2025-06-23 12:54:00,NET,매수,17,178.4096,,,618.98,저점 $177.28 대비 +0.59% 반등 (RSI 46)
2025-06-23 14:25:00,SHOP,매도,29,109.1454,86.38,2.81,3781.88,고점 $109.84 대비 -0.50% → 익절 +3.01%
2025-06-23 14:30:00,GOOGL,매수,19,163.8619,,,666.33,저점 $162.59 대비 +0.73% 반등 (RSI 23)
2025-06-23 15:49:05,NET,매도,17,183.6881,85.33,2.813,3786.74,고점 $184.93 대비 -0.50% → 익절 +3.01%
2025-06-24 09:58:14,FTNT,매도,30,104.3416,111.53,3.7,6914.71,고점 $104.99 대비 -0.50% → 익절 +3.90%
2025-06-24 10:14:20,AVGO,매도,12,264.3128,195.75,6.587,10084.14,고점 $265.87 대비 -0.50% → 익절 +6.79%
2025-06-24 15:51:00,NOW,매도,15,198.8699,24.29,0.822,13065.01,보유기한 청산 +1.02%
2025-06-25 12:00:00,GOOGL,매도,19,171.2873,136.53,4.385,16317.1,고점 $172.36 대비 -0.50% → 익절 +4.58%
2025-06-26 15:02:43,FTNT,매수,31,103.9002,,,13093.94,저점 $103.30 대비 +0.53% 반등 (RSI 50)
2025-06-27 09:50:41,MU,매수,26,124.4172,,,9856.83,저점 $123.62 대비 +0.59% 반등 (RSI 55)
2025-06-27 10:20:31,SNDK,매수,69,47.0395,,,6608.83,저점 $46.77 대비 +0.53% 반등 (RSI 50)
2025-06-27 10:48:00,PANW,매수,16,202.2211,,,3371.03,저점 $201.11 대비 +0.50% 반등 (RSI 45)
2025-06-30 10:14:20,AMD,매수,22,141.8308,,,248.57,저점 $141.01 대비 +0.53% 반등 (RSI 62)
2025-07-01 10:00:00,SNDK,매도,69,45.0795,-139.79,-4.307,3356.78,손절 -4.12%
2025-07-01 11:00:00,AMD,매도,22,135.8538,-135.86,-4.354,6343.38,손절 -4.17%
2025-07-01 11:06:00,MU,매도,26,119.2478,-138.93,-4.295,9441.56,손절 -4.11%
2025-07-02 09:45:00,CRDO,매수,36,85.6535,,,6355.88,저점 $85.11 대비 +0.59% 반등 (RSI 38)
2025-07-02 09:45:39,SHOP,매수,27,112.5219,,,3315.66,저점 $111.80 대비 +0.60% 반등 (RSI 44)
2025-07-02 09:49:05,NET,매수,17,182.7993,,,205.9,저점 $181.64 대비 +0.59% 반등 (RSI 37)
2025-07-02 11:15:00,SHOP,매도,27,116.4503,101.65,3.346,3347.76,고점 $117.18 대비 -0.50% → 익절 +3.54%
2025-07-02 11:26:50,CRDO,매도,36,89.9739,151.01,4.897,6584.45,고점 $91.03 대비 -1.00% → 익절 +5.10%
2025-07-02 11:55:42,MDB,매수,15,205.8071,,,3495.19,저점 $204.65 대비 +0.52% 반등 (RSI 40)
2025-07-02 13:20:00,MRVL,매수,42,74.8399,,,349.71,저점 $74.39 대비 +0.55% 반등 (RSI 45)
2025-07-02 15:51:00,FTNT,매도,31,102.2322,-56.28,-1.747,3516.59,보유기한 청산 -1.56%
2025-07-03 10:42:00,MDB,매도,15,211.6081,82.54,2.674,6688.4,고점 $212.93 대비 -0.50% → 익절 +2.87%
2025-07-03 10:50:00,NET,매도,17,189.5452,110.15,3.545,9908.32,고점 $191.58 대비 -1.00% → 익절 +3.74%
2025-07-07 11:54:00,AMD,매수,23,134.6936,,,6808.19,저점 $133.87 대비 +0.56% 반등 (RSI 30)
2025-07-07 12:02:43,MU,매수,27,119.8026,,,3571.26,저점 $119.06 대비 +0.57% 반등 (RSI 35)
2025-07-07 14:04:17,MRVL,매도,42,71.717,-135.56,-4.313,6581.17,손절 -4.12%
2025-07-07 15:51:49,PANW,매도,16,201.3559,-18.46,-0.57,9800.52,보유기한 청산 -0.38%
2025-07-08 09:58:00,MRVL,매수,44,72.2389,,,6619.78,저점 $71.80 대비 +0.56% 반등 (RSI 30)
2025-07-08 10:24:00,STX,매수,22,144.2941,,,3443.09,저점 $143.43 대비 +0.55% 반등 (RSI 54)
2025-07-08 10:41:15,GOOGL,매수,18,175.9079,,,274.53,저점 $174.73 대비 +0.62% 반등 (RSI 42)
2025-07-08 11:12:21,AMD,매도,23,137.5897,62.13,2.006,3436.78,고점 $139.15 대비 -1.00% → 익절 +2.20%
2025-07-08 11:20:00,MU,매도,27,124.7456,128.74,3.98,6802.46,고점 $125.45 대비 -0.50% → 익절 +4.18%
2025-07-08 11:57:16,SHOP,매수,28,113.4053,,,3624.89,저점 $112.76 대비 +0.52% 반등 (RSI 40)
2025-07-08 14:46:21,WDC,매수,50,64.1921,,,413.04,저점 $63.84 대비 +0.50% 반등 (RSI 40)
2025-07-11 15:06:00,GOOGL,매도,18,180.1599,71.95,2.272,3653.55,고점 $181.43 대비 -0.50% → 익절 +2.47%
2025-07-11 15:08:10,WDC,매도,50,66.1969,95.58,2.978,6960.97,고점 $66.63 대비 -0.50% → 익절 +3.17%
2025-07-14 09:45:33,CRWD,매수,28,116.6069,,,3693.7,저점 $115.88 대비 +0.58% 반등 (RSI 29)
2025-07-14 09:58:41,AVGO,매수,12,271.2592,,,436.31,저점 $269.58 대비 +0.57% 반등 (RSI 49)
2025-07-14 12:02:43,CRWD,매도,28,118.6688,53.02,1.624,3756.61,고점 $120.14 대비 -1.00% → 익절 +1.82%
2025-07-14 12:05:00,CDNS,매수,10,317.7746,,,576.64,저점 $315.86 대비 +0.56% 반등 (RSI 41)
2025-07-14 13:21:25,SHOP,매도,28,117.7831,117.95,3.715,3872.16,고점 $118.46 대비 -0.50% → 익절 +3.91%
2025-07-14 13:55:42,SNDK,매수,78,42.8389,,,528.38,저점 $42.58 대비 +0.56% 반등 (RSI 26)
2025-07-14 15:06:00,STX,매도,22,149.0055,99.03,3.12,3804.11,고점 $149.96 대비 -0.50% → 익절 +3.32%
2025-07-14 15:51:00,MRVL,매도,44,72.3671,1.09,0.034,6985.94,보유기한 청산 +0.23%
2025-07-15 09:40:00,AVGO,매도,12,278.2134,78.73,2.419,10322.06,고점 $279.86 대비 -0.50% → 익절 +2.61%
2025-07-15 11:06:00,META,매수,4,718.359,,,7446.61,저점 $713.96 대비 +0.57% 반등 (RSI 40)
2025-07-16 10:01:25,LRCX,매수,34,96.8084,,,4152.82,저점 $96.19 대비 +0.59% 반등 (RSI 54)
2025-07-16 10:17:08,MRVL,매수,48,68.4054,,,867.07,저점 $68.00 대비 +0.55% 반등 (RSI 46)
2025-07-16 11:06:00,SNDK,매도,78,41.0664,-142.93,-4.278,4067.9,손절 -4.09%
2025-07-16 11:41:15,INTC,매수,147,22.5113,,,756.43,저점 $22.38 대비 +0.54% 반등 (RSI 29)
2025-07-17 09:30:00,LRCX,매도,34,99.1954,76.39,2.321,4126.62,고점 $100.42 대비 -1.00% → 익절 +2.52%
2025-07-17 09:47:08,MRVL,매도,48,70.2177,82.23,2.504,7494.6,고점 $71.06 대비 -1.00% → 익절 +2.70%
2025-07-17 09:58:14,GOOGL,매수,18,181.572,,,4224.02,저점 $180.48 대비 +0.55% 반등 (RSI 56)
2025-07-17 10:27:23,MU,매수,30,111.7258,,,869.9,저점 $110.95 대비 +0.65% 반등 (RSI 35)
2025-07-18 09:54:49,INTC,매도,147,23.4403,131.73,3.981,4313.1,고점 $23.59 대비 -0.50% → 익절 +4.18%
2025-07-18 10:23:10,CRDO,매수,36,92.6063,,,976.95,저점 $92.08 대비 +0.52% 반등 (RSI 43)
2025-07-18 15:51:00,CDNS,매도,10,315.0591,-31.68,-0.997,4125.24,보유기한 청산 -0.80%
2025-07-21 09:56:20,SNDK,매수,84,40.8047,,,695.24,저점 $40.55 대비 +0.58% 반등 (RSI 50)
2025-07-21 10:26:28,GOOGL,매도,18,188.7706,124.81,3.819,4090.63,고점 $189.85 대비 -0.50% → 익절 +4.02%
2025-07-21 10:30:00,SNDK,매도,84,41.7191,71.86,2.096,7592.48,고점 $42.19 대비 -1.00% → 익절 +2.29%
2025-07-21 10:37:03,CRDO,매도,36,96.4118,132.13,3.963,11060.77,고점 $97.44 대비 -1.00% → 익절 +4.16%
2025-07-21 12:06:55,MU,매도,30,114.5977,81.3,2.426,14496.19,고점 $115.92 대비 -1.00% → 익절 +2.62%
2025-07-21 15:51:00,META,매도,4,711.9005,-29.92,-1.041,17341.72,보유기한 청산 -0.85%
2025-07-22 10:16:40,CDNS,매수,11,314.7498,,,13877.05,저점 $313.00 대비 +0.51% 반등 (RSI 46)
2025-07-22 10:17:08,STX,매수,23,145.6672,,,10524.36,저점 $144.76 대비 +0.58% 반등 (RSI 56)
2025-07-22 10:17:16,CRDO,매수,38,88.982,,,7140.67,저점 $88.42 대비 +0.59% 반등 (RSI 44)
2025-07-22 10:17:30,DDOG,매수,24,143.6218,,,3691.34,저점 $142.77 대비 +0.55% 반등 (RSI 64)
2025-07-22 10:18:00,NET,매수,18,189.8082,,,272.4,저점 $188.65 대비 +0.56% 반등 (RSI 69)
2025-07-22 11:25:23,CRDO,매도,38,92.8707,142.83,4.224,3798.91,고점 $93.92 대비 -1.00% → 익절 +4.42%
2025-07-22 11:30:00,ORCL,매수,14,238.4292,,,458.56,저점 $236.69 대비 +0.68% 반등 (RSI 38)
2025-07-23 10:42:00,STX,매도,23,149.2553,77.68,2.318,3888.93,고점 $150.99 대비 -1.00% → 익절 +2.51%
2025-07-23 10:45:00,LRCX,매수,36,97.3487,,,381.93,저점 $96.68 대비 +0.64% 반등 (RSI 30)
2025-07-24 10:00:00,CDNS,매도,11,325.5012,113.23,3.27,3959.83,고점 $327.50 대비 -0.50% → 익절 +3.47%
2025-07-24 10:30:00,INTC,매수,154,22.9365,,,425.14,저점 $22.81 대비 +0.50% 반등 (RSI 40)
2025-07-25 09:30:00,INTC,매도,154,20.6147,-362.34,-10.258,3597.48,손절 -10.08%
2025-07-25 09:39:28,DDOG,매도,24,147.0594,77.51,2.249,7124.33,고점 $148.00 대비 -0.50% → 익절 +2.44%
2025-07-25 11:45:00,NET,매도,18,198.1809,145.71,4.265,10688.98,고점 $199.50 대비 -0.50% → 익절 +4.46%
2025-07-28 09:55:42,ORCL,매도,14,245.2736,90.98,2.726,14120.31,고점 $246.70 대비 -0.50% → 익절 +2.92%
2025-07-28 10:26:00,STX,매수,23,150.5752,,,10654.65,저점 $149.74 대비 +0.51% 반등 (RSI 49)
2025-07-29 10:22:30,AAPL,매수,16,212.7713,,,7247.93,저점 $211.51 대비 +0.55% 반등 (RSI 51)
2025-07-29 10:51:10,STX,매도,23,154.5172,85.65,2.473,10799.23,고점 $155.52 대비 -0.50% → 익절 +2.67%
2025-07-29 12:14:00,PANW,매수,18,196.4667,,,7260.35,저점 $195.25 대비 +0.57% 반등 (RSI 68)
2025-07-29 12:26:00,FTNT,매수,34,103.962,,,3723.17,저점 $103.25 대비 +0.64% 반등 (RSI 44)
2025-07-29 15:51:00,LRCX,매도,36,98.694,43.38,1.238,7273.56,보유기한 청산 +1.43%
2025-07-30 09:30:00,PANW,매도,18,178.9105,-320.84,-9.072,10491.6,손절 -8.89%
2025-07-30 09:45:55,STX,매수,25,139.1905,,,7009.4,저점 $138.31 대비 +0.59% 반등 (RSI 56)
2025-07-30 10:16:40,FTNT,매도,34,99.7301,-148.83,-4.211,10397.75,손절 -4.02%
2025-07-30 10:28:46,STX,매도,25,145.3173,148.08,4.256,14028.03,고점 $146.96 대비 -1.00% → 익절 +4.45%
2025-07-31 09:43:50,LRCX,매수,38,91.3188,,,10555.49,저점 $90.73 대비 +0.60% 반등 (RSI 53)
2025-07-31 09:48:27,MU,매수,31,110.0989,,,7140.03,저점 $109.40 대비 +0.59% 반등 (RSI 64)
2025-07-31 10:10:32,DDOG,매수,25,138.5575,,,3673.67,저점 $137.68 대비 +0.59% 반등 (RSI 47)
2025-07-31 11:26:50,DDOG,매도,25,141.859,77.53,2.238,7217.56,고점 $143.41 대비 -1.00% → 익절 +2.43%
2025-07-31 12:10:00,LRCX,매도,38,94.5841,119.03,3.43,10809.13,고점 $95.63 대비 -1.00% → 익절 +3.63%
2025-07-31 14:17:22,AVGO,매수,11,292.121,,,7593.55,저점 $290.24 대비 +0.60% 반등 (RSI 44)
2025-08-01 09:30:00,MU,매도,31,105.4373,-149.29,-4.374,10859.72,손절 -4.19%
2025-08-01 09:36:25,DDOG,매수,25,138.5017,,,7394.75,저점 $137.69 대비 +0.54% 반등 (RSI 26)
2025-08-01 09:40:26,CDNS,매수,9,360.4201,,,4148.7,저점 $358.00 대비 +0.63% 반등 (RSI 58)
2025-08-01 09:47:42,NET,매수,17,194.0358,,,847.78,저점 $192.80 대비 +0.59% 반등 (RSI 64)
2025-08-01 11:00:00,AAPL,매도,16,204.1079,-143.38,-4.212,4111.13,손절 -4.02%
2025-08-01 11:00:00,NET,매도,17,205.8879,196.62,5.961,7608.67,고점 $208.38 대비 -1.00% → 익절 +6.16%
2025-08-01 11:27:00,MRVL,매수,46,74.9925,,,4156.6,저점 $74.50 대비 +0.61% 반등 (RSI 38)
2025-08-01 11:48:56,AMD,매수,20,171.657,,,721.05,저점 $170.58 대비 +0.58% 반등 (RSI 38)
2025-08-04 11:06:00,AMD,매도,20,175.3637,69.17,2.015,4225.77,고점 $177.47 대비 -1.00% → 익절 +2.21%
2025-08-05 10:02:18,MRVL,매도,46,77.043,89.32,2.589,7767.16,고점 $78.00 대비 -1.00% → 익절 +2.79%
2025-08-05 10:06:00,AVGO,매도,11,297.787,57.69,1.795,11040.42,고점 $301.20 대비 -1.00% → 익절 +1.99%
2025-08-05 11:12:51,STX,매수,23,148.0805,,,7632.19,저점 $147.21 대비 +0.54% 반등 (RSI 44)
2025-08-05 11:26:40,WDC,매수,47,74.7173,,,4118.01,저점 $74.21 대비 +0.64% 반등 (RSI 52)
2025-08-05 14:48:00,DDOG,매도,25,132.8136,-147.05,-4.247,7435.93,손절 -4.06%
2025-08-06 09:36:40,AMD,매수,21,165.9454,,,3948.64,저점 $164.91 대비 +0.58% 반등 (RSI 47)
2025-08-06 10:03:45,STX,매도,23,151.1244,65.09,1.911,7421.96,고점 $153.00 대비 -1.00% → 익절 +2.11%
2025-08-06 10:42:00,AMD,매도,21,158.9272,-152.26,-4.369,10756.99,손절 -4.18%
2025-08-06 11:02:00,MRVL,매수,47,74.4172,,,7256.94,저점 $73.98 대비 +0.54% 반등 (RSI 38)
2025-08-06 11:02:43,LRCX,매수,36,94.8599,,,3839.59,저점 $94.28 대비 +0.56% 반등 (RSI 36)
2025-08-06 11:33:31,STX,매수,23,149.9583,,,388.14,저점 $149.13 대비 +0.51% 반등 (RSI 41)
2025-08-07 09:58:41,LRCX,매도,36,99.5202,162.77,4.766,3968.25,고점 $100.17 대비 -0.50% → 익절 +4.97%
2025-08-07 10:04:44,MRVL,매도,47,76.3058,83.7,2.393,7552.0,고점 $77.25 대비 -1.00% → 익절 +2.59%
2025-08-07 12:34:08,MDB,매수,16,217.4013,,,4071.15,저점 $216.00 대비 +0.60% 반등 (RSI 29)
2025-08-07 13:07:55,MDB,매도,16,232.9273,243.26,6.993,7795.26,고점 $235.82 대비 -1.00% → 익절 +7.20%
2025-08-07 13:25:00,ORCL,매수,14,249.0246,,,4306.48,저점 $247.58 대비 +0.53% 반등 (RSI 42)
2025-08-07 13:51:10,DDOG,매수,27,132.016,,,739.55,저점 $131.20 대비 +0.57% 반등 (RSI 35)
2025-08-07 15:51:49,CDNS,매도,9,354.1562,-60.97,-1.88,3924.63,보유기한 청산 -1.69%
2025-08-08 09:57:41,META,매수,4,763.0663,,,870.23,저점 $758.58 대비 +0.54% 반등 (RSI 46)
2025-08-08 10:16:57,DDOG,매도,27,138.9541,182.09,5.109,4619.25,고점 $139.75 대비 -0.50% → 익절 +5.31%
2025-08-08 10:18:20,MDB,매수,16,219.0169,,,1112.53,저점 $216.85 대비 +0.95% 반등 (RSI 50)
2025-08-08 14:53:04,MDB,매도,16,209.8717,-151.23,-4.316,4468.02,손절 -4.13%
2025-08-11 09:48:27,NET,매수,17,201.3294,,,1043.03,저점 $200.10 대비 +0.56% 반등 (RSI 42)
2025-08-11 10:18:53,STX,매도,23,155.1867,115.23,3.341,4609.71,고점 $156.10 대비 -0.50% → 익절 +3.54%
2025-08-11 12:00:00,CDNS,매수,10,350.133,,,1105.93,저점 $348.06 대비 +0.55% 반등 (RSI 32)
2025-08-11 15:51:00,WDC,매도,47,74.629,-9.17,-0.261,4610.94,보유기한 청산 -0.07%
2025-08-12 09:54:00,SHOP,매수,24,148.0826,,,1054.47,저점 $147.13 대비 +0.60% 반등 (RSI 54)
2025-08-12 10:01:12,ORCL,매도,14,256.2391,95.94,2.752,4639.2,고점 $257.87 대비 -0.50% → 익절 +2.95%
2025-08-12 10:10:00,AMD,매수,21,169.5422,,,1076.32,저점 $168.50 대비 +0.57% 반등 (RSI 49)
2025-08-12 10:27:00,META,매도,4,785.0073,83.34,2.73,4214.05,고점 $790.49 대비 -0.50% → 익절 +2.93%
2025-08-12 10:30:00,NVDA,매수,20,181.0138,,,591.24,저점 $179.46 대비 +0.82% 반등 (RSI 47)
2025-08-13 10:23:34,AMD,매도,21,185.5072,329.93,9.267,4484.05,고점 $186.65 대비 -0.50% → 익절 +9.47%
2025-08-13 11:55:00,ORCL,매수,14,248.5349,,,1002.13,저점 $247.09 대비 +0.53% 반등 (RSI 38)
2025-08-14 11:16:40,NET,매도,17,192.9835,-146.67,-4.285,4280.45,손절 -4.10%
2025-08-14 11:27:08,CRDO,매수,31,115.3827,,,701.08,저점 $114.75 대비 +0.50% 반등 (RSI 41)
2025-08-15 11:14:00,SHOP,매도,24,141.869,-154.1,-4.336,4103.46,손절 -4.15%
2025-08-15 11:19:05,STX,매수,23,155.5377,,,523.58,저점 $154.08 대비 +0.90% 반등 (RSI 51)
2025-08-15 15:51:00,CDNS,매도,10,349.5451,-10.88,-0.311,4016.48,보유기한 청산 -0.12%
2025-08-18 09:42:51,LRCX,매수,36,99.6736,,,425.72,저점 $99.11 대비 +0.52% 반등 (RSI 29)
2025-08-18 10:21:03,CRDO,매도,31,118.0409,77.23,2.159,4082.32,고점 $119.50 대비 -1.00% → 익절 +2.36%
2025-08-18 10:22:10,META,매수,4,762.5678,,,1029.92,저점 $756.56 대비 +0.74% 반등 (RSI 52)
2025-08-18 15:51:00,NVDA,매도,20,181.8823,12.18,0.336,4664.91,보유기한 청산 +0.53%
2025-08-19 09:37:12,AMD,매수,21,172.3962,,,1042.05,저점 $171.45 대비 +0.50% 반등 (RSI 44)
2025-08-19 12:58:00,ORCL,매도,14,238.3379,-147.63,-4.243,4376.35,손절 -4.05%
2025-08-19 13:25:23,NVDA,매수,20,176.7834,,,838.2,저점 $175.75 대비 +0.54% 반등 (RSI 35)
2025-08-20 09:30:00,AMD,매도,21,164.018,-180.99,-4.999,4280.07,손절 -4.81%
2025-08-20 09:35:46,CRDO,매수,34,105.5067,,,690.33,저점 $104.50 대비 +0.91% 반등 (RSI 27)
2025-08-20 10:06:55,CRDO,매도,34,101.0381,-156.95,-4.375,4123.12,손절 -4.19%
2025-08-20 10:12:51,NVDA,매도,20,169.3804,-153.01,-4.328,7508.25,손절 -4.14%
2025-08-20 10:18:00,META,매도,4,730.6345,-132.0,-4.328,10428.66,손절 -4.14%
2025-08-21 09:56:05,SHOP,매수,26,135.7103,,,6897.72,저점 $134.88 대비 +0.57% 반등 (RSI 33)
2025-08-21 10:00:00,MSFT,매수,6,505.9189,,,3860.08,저점 $502.72 대비 +0.59% 반등 (RSI 30)
2025-08-21 15:51:00,STX,매도,23,154.6526,-25.46,-0.712,7414.49,보유기한 청산 -0.52%
2025-08-22 09:42:24,NVDA,매수,20,172.2851,,,3966.38,저점 $171.20 대비 +0.58% 반등 (RSI 45)
2025-08-22 10:42:51,NVDA,매도,20,175.982,68.96,2.001,7483.45,고점 $177.86 대비 -1.00% → 익절 +2.20%
2025-08-22 11:22:00,VZ,매수,80,44.6992,,,3905.01,저점 $44.42 대비 +0.59% 반등 (RSI 56)
2025-08-22 11:55:42,SHOP,매도,26,142.2375,164.54,4.663,7600.48,고점 $143.17 대비 -0.50% → 익절 +4.86%
2025-08-22 15:51:49,LRCX,매도,36,99.92,3.73,0.104,11194.98,보유기한 청산 +0.30%
2025-08-26 14:55:00,ORCL,매수,15,234.227,,,7679.11,저점 $232.71 대비 +0.60% 반등 (RSI 38)
2025-08-27 10:01:34,AVGO,매수,11,295.6227,,,4424.99,저점 $293.78 대비 +0.58% 반등 (RSI 55)
2025-08-27 10:25:00,META,매수,4,751.3363,,,1417.54,저점 $746.61 대비 +0.58% 반등 (RSI 54)
2025-08-27 15:51:00,MSFT,매도,6,506.8331,1.14,0.038,4456.32,보유기한 청산 +0.23%
2025-08-28 10:26:00,NVDA,매수,20,177.4624,,,904.58,저점 $176.41 대비 +0.55% 반등 (RSI 58)
2025-08-28 10:43:50,AVGO,매도,11,306.9564,119.93,3.688,4278.64,고점 $308.74 대비 -0.50% → 익절 +3.89%
2025-08-28 15:00:00,ORCL,매도,15,240.3897,87.35,2.486,7881.85,고점 $241.95 대비 -0.50% → 익절 +2.68%
2025-08-28 15:51:00,VZ,매도,80,43.898,-69.16,-1.934,11391.13,보유기한 청산 -1.74%
2025-08-29 09:35:27,LRCX,매수,35,102.2213,,,7810.88,저점 $101.65 대비 +0.51% 반등 (RSI 65)
2025-08-29 09:53:38,MRVL,매수,56,63.7104,,,4240.6,저점 $63.31 대비 +0.58% 반등 (RSI 71)
2025-08-29 10:24:22,AMD,매수,21,162.8994,,,817.32,저점 $161.90 대비 +0.57% 반등 (RSI 60)
2025-09-02 09:30:00,LRCX,매도,35,94.9725,-258.64,-7.229,4138.93,손절 -7.04%
2025-09-02 09:30:00,NVDA,매도,20,168.9155,-175.89,-4.956,7514.78,손절 -4.77%
2025-09-02 15:51:00,META,매도,4,735.3121,-68.35,-2.274,10453.88,보유기한 청산 -2.08%
2025-09-03 09:50:00,PANW,매수,18,189.1976,,,7045.94,저점 $188.05 대비 +0.56% 반등 (RSI 58)
2025-09-03 10:20:00,VZ,매수,80,43.1506,,,3591.48,저점 $42.88 대비 +0.58% 반등 (RSI 42)
2025-09-03 10:53:04,INTC,매수,146,23.8786,,,102.76,저점 $23.72 대비 +0.62% 반등 (RSI 34)
2025-09-04 15:51:00,AMD,매도,21,161.8824,-26.23,-0.767,3499.81,보유기한 청산 -0.57%
2025-09-04 15:51:25,MRVL,매도,56,63.7044,-5.44,-0.152,7064.65,보유기한 청산 +0.04%
2025-09-05 09:51:10,INTC,매도,146,24.5597,94.38,2.707,10647.75,고점 $24.71 대비 -0.50% → 익절 +2.90%
2025-09-05 10:15:00,PANW,매도,18,195.0695,100.75,2.958,14156.44,고점 $196.33 대비 -0.50% → 익절 +3.16%
2025-09-05 10:57:41,AMD,매수,23,151.1055,,,10678.58,저점 $150.18 대비 +0.57% 반등 (RSI 21)
2025-09-08 09:30:00,VZ,매도,80,42.9535,-20.69,-0.599,14112.35,고점 $44.47 대비 -1.00% → 익절 -0.41%
2025-09-08 09:54:00,VZ,매수,81,43.2128,,,10609.66,저점 $42.94 대비 +0.59% 반등 (RSI 62)
2025-09-08 13:08:10,AAPL,매수,14,237.9988,,,7275.34,저점 $236.34 대비 +0.65% 반등 (RSI 53)
2025-09-09 11:02:18,SHOP,매수,24,143.9148,,,3818.97,저점 $143.08 대비 +0.53% 반등 (RSI 48)
2025-09-10 09:42:24,AMD,매도,23,163.4717,279.25,8.035,7576.08,고점 $164.52 대비 -0.50% → 익절 +8.24%
2025-09-10 10:10:00,AAPL,매도,14,228.3067,-140.36,-4.212,10770.04,손절 -4.02%
2025-09-10 10:11:27,CDNS,매수,10,328.442,,,7483.32,저점 $326.35 대비 +0.59% 반등 (RSI 68)
2025-09-10 11:01:45,CDNS,매도,10,334.5586,56.42,1.718,10826.46,고점 $338.71 대비 -1.00% → 익절 +1.91%
2025-09-10 11:20:46,INTC,매수,145,24.4272,,,7282.04,저점 $24.28 대비 +0.56% 반등 (RSI 53)
2025-09-11 09:57:41,AAPL,매수,15,228.0315,,,3859.17,저점 $226.65 대비 +0.56% 반등 (RSI 27)
2025-09-11 10:25:42,META,매수,4,753.3865,,,843.52,저점 $748.37 대비 +0.62% 반등 (RSI 44)
2025-09-12 15:51:00,VZ,매도,81,43.9297,53.02,1.515,4399.22,보유기한 청산 +1.71%
2025-09-15 09:43:50,NVDA,매수,20,176.6583,,,863.58,저점 $175.66 대비 +0.52% 반등 (RSI 63)
2025-09-15 09:55:42,AAPL,매도,15,236.7173,125.3,3.663,4411.75,고점 $238.19 대비 -0.50% → 익절 +3.86%
2025-09-15 09:57:00,AVGO,매수,10,359.134,,,817.9,저점 $356.34 대비 +0.73% 반등 (RSI 57)
2025-09-15 10:24:22,INTC,매도,145,25.1727,102.95,2.907,4465.28,고점 $25.32 대비 -0.50% → 익절 +3.10%
2025-09-15 15:50:46,SHOP,매도,24,148.1259,96.05,2.781,8017.7,보유기한 청산 +2.98%
2025-09-16 10:11:32,DDOG,매수,27,133.4857,,,4411.07,저점 $132.69 대비 +0.55% 반등 (RSI 52)
2025-09-17 09:52:30,META,매도,4,778.2107,94.91,3.15,7521.64,고점 $783.15 대비 -0.50% → 익절 +3.35%
2025-09-17 10:21:06,CRDO,매수,22,160.8954,,,3979.46,저점 $159.90 대비 +0.57% 반등 (RSI 58)
2025-09-17 10:45:00,NET,매수,16,214.3071,,,548.15,저점 $213.00 대비 +0.56% 반등 (RSI 27)
2025-09-17 12:08:10,NVDA,매도,20,169.2253,-153.6,-4.347,3930.18,손절 -4.16%
2025-09-17 13:00:00,AVGO,매도,10,344.332,-153.05,-4.262,7370.99,손절 -4.07%
2025-09-17 13:58:53,MU,매수,22,156.2127,,,3931.9,저점 $155.26 대비 +0.56% 반등 (RSI 66)
2025-09-17 15:10:48,INTC,매수,146,24.6063,,,336.87,저점 $24.45 대비 +0.59% 반등 (RSI 53)
2025-09-17 15:41:15,CRDO,매도,22,166.0303,107.82,3.046,3986.87,고점 $167.15 대비 -0.50% → 익절 +3.24%
2025-09-18 09:37:49,INTC,매도,146,31.5901,1013.75,28.218,8595.66,고점 $31.79 대비 -0.50% → 익절 +28.45%
2025-09-18 10:11:03,ORCL,매수,13,293.8869,,,4772.45,저점 $292.00 대비 +0.60% 반등 (RSI 56)
2025-09-18 11:02:43,MU,매도,22,168.4632,264.4,7.693,8475.94,고점 $169.56 대비 -0.50% → 익절 +7.90%
2025-09-18 13:46:21,NET,매도,16,220.2998,90.91,2.651,11998.16,고점 $222.86 대비 -1.00% → 익절 +2.85%
2025-09-19 10:12:13,AVGO,매수,11,338.5289,,,8271.74,저점 $336.43 대비 +0.57% 반등 (RSI 36)
2025-09-19 10:57:16,DDOG,매도,27,136.7366,82.56,2.291,11960.93,고점 $137.59 대비 -0.50% → 익절 +2.49%
2025-09-19 10:58:00,ORCL,매도,13,301.6241,95.05,2.488,15879.18,고점 $305.34 대비 -1.00% → 익절 +2.68%
2025-09-22 10:22:10,NOW,매수,21,187.3316,,,11942.46,저점 $186.18 대비 +0.57% 반등 (RSI 63)
2025-09-22 11:52:56,CRDO,매수,24,160.5544,,,8086.46,저점 $159.56 대비 +0.57% 반등 (RSI 40)
2025-09-22 13:06:00,VZ,매수,91,43.2216,,,4150.54,저점 $42.98 대비 +0.51% 반등 (RSI 27)
2025-09-23 10:18:45,META,매수,5,763.2404,,,331.67,저점 $759.02 대비 +0.51% 반등 (RSI 38)
2025-09-24 09:53:28,NOW,매도,21,193.5109,124.04,3.153,4392.43,고점 $194.73 대비 -0.50% → 익절 +3.35%
2025-09-24 09:58:00,CRWD,매수,32,120.5299,,,532.77,저점 $119.82 대비 +0.54% 반등 (RSI 49)
2025-09-24 10:00:00,CRDO,매도,24,153.7544,-168.59,-4.375,4220.19,손절 -4.19%
2025-09-24 10:22:00,NET,매수,17,219.5122,,,485.87,저점 $218.27 대비 +0.52% 반등 (RSI 48)
2025-09-25 15:50:46,AVGO,매도,11,336.3717,-29.04,-0.78,4183.25,보유기한 청산 -0.59%
2025-09-26 09:40:54,SHOP,매수,17,144.072,,,1732.32,저점 $143.12 대비 +0.61% 반등 (RSI 30)
2025-09-26 15:51:00,VZ,매도,91,43.6082,29.53,0.751,5697.76,보유기한 청산 +0.94%
2025-09-29 10:15:00,ORCL,매수,8,281.2393,,,3446.27,저점 $279.61 대비 +0.53% 반등 (RSI 25)
2025-09-29 13:28:20,SHOP,매도,17,146.6966,41.08,1.677,5938.3,고점 $148.53 대비 -1.00% → 익절 +1.87%
2025-09-29 15:51:49,META,매도,5,743.8346,-102.42,-2.684,9654.75,보유기한 청산 -2.49%
2025-09-30 13:57:41,NOW,매수,13,181.8959,,,7288.45,저점 $180.90 대비 +0.50% 반등 (RSI 29)
2025-09-30 15:51:00,CRWD,매도,32,122.598,60.62,1.572,11208.72,보유기한 청산 +1.77%
2025-09-30 15:51:00,NET,매도,17,214.6593,-87.78,-2.352,14855.27,보유기한 청산 -2.16%
2025-10-01 09:51:00,PANW,매수,14,202.091,,,12024.01,저점 $200.88 대비 +0.55% 반등 (RSI 52)
2025-10-01 10:00:00,MRVL,매수,36,81.8672,,,9074.73,저점 $81.35 대비 +0.59% 반등 (RSI 61)
2025-10-01 13:55:42,ORCL,매도,8,287.8146,49.35,2.193,11375.57,고점 $289.81 대비 -0.50% → 익절 +2.39%
2025-10-02 09:38:10,MRVL,매도,36,84.5677,92.93,3.153,14417.78,고점 $85.12 대비 -0.50% → 익절 +3.35%
2025-10-02 09:56:15,PANW,매도,14,208.5868,86.83,3.069,17335.87,고점 $209.88 대비 -0.50% → 익절 +3.27%
2025-10-02 10:10:35,DASH,매수,11,261.7659,,,14454.43,저점 $260.15 대비 +0.57% 반등 (RSI 49)
2025-10-02 12:02:43,MSFT,매수,5,513.8593,,,11883.33,저점 $510.68 대비 +0.57% 반등 (RSI 42)
2025-10-03 10:54:42,TSLA,매수,7,427.2568,,,8890.44,저점 $424.72 대비 +0.55% 반등 (RSI 31)
2025-10-03 14:00:00,CRWD,매수,24,122.3604,,,5951.73,저점 $121.65 대비 +0.53% 반등 (RSI 48)
2025-10-06 10:38:34,DASH,매도,11,276.9431,162.71,5.651,8995.88,고점 $278.50 대비 -0.50% → 익절 +5.85%
2025-10-06 10:50:00,STX,매수,12,247.7513,,,6020.79,저점 $246.23 대비 +0.57% 반등 (RSI 48)
2025-10-06 15:51:00,NOW,매도,13,182.3621,2.68,0.113,8389.76,보유기한 청산 +0.31%
2025-10-07 09:30:00,MSFT,매도,5,528.0208,67.08,2.611,11027.94,고점 $531.00 대비 -0.50% → 익절 +2.81%
2025-10-07 09:30:00,TSLA,매도,7,447.6361,138.27,4.623,14159.11,고점 $453.55 대비 -1.00% → 익절 +4.82%
2025-10-07 10:00:00,AVGO,매수,9,334.4238,,,11147.19,저점 $332.33 대비 +0.58% 반등 (RSI 45)
2025-10-07 10:00:00,STX,매도,12,237.3051,-129.51,-4.356,13992.77,손절 -4.17%
2025-10-07 10:25:33,CRDO,매수,21,142.3818,,,11000.66,저점 $141.50 대비 +0.57% 반등 (RSI 50)
2025-10-07 11:14:07,CRDO,매도,21,136.55,-126.65,-4.236,13866.11,손절 -4.05%
2025-10-07 11:19:12,ORCL,매수,10,272.6605,,,11137.6,저점 $271.00 대비 +0.56% 반등 (RSI 52)
2025-10-07 11:55:42,NET,매수,13,215.026,,,8340.3,저점 $213.68 대비 +0.58% 반등 (RSI 40)
2025-10-07 12:00:00,NVDA,매수,16,185.5567,,,5369.32,저점 $184.40 대비 +0.57% 반등 (RSI 45)
2025-10-08 10:21:43,AVGO,매도,9,342.8578,71.55,2.377,8452.79,고점 $344.78 대비 -0.50% → 익절 +2.57%
2025-10-08 10:43:50,STX,매수,13,227.6838,,,5490.83,저점 $226.34 대비 +0.55% 반등 (RSI 30)
2025-10-08 10:47:38,ORCL,매도,10,286.6366,135.76,4.979,8355.1,고점 $290.10 대비 -1.00% → 익절 +5.18%
2025-10-08 10:50:00,LRCX,매수,21,140.3014,,,5406.71,저점 $139.46 대비 +0.55% 반등 (RSI 35)
2025-10-08 12:18:45,CRWD,매도,24,126.3794,92.19,3.139,8437.6,고점 $127.19 대비 -0.50% → 익절 +3.34%
2025-10-09 09:30:00,NET,매도,13,218.6506,43.09,1.541,11277.98,고점 $221.99 대비 -1.00% → 익절 +1.74%
2025-10-09 09:40:54,NVDA,매도,16,190.9645,82.22,2.769,14331.18,고점 $192.28 대비 -0.50% → 익절 +2.97%
2025-10-10 09:42:30,STX,매도,13,218.1659,-127.88,-4.32,17165.27,손절 -4.13%
2025-10-10 12:01:45,LRCX,매도,21,134.5982,-123.89,-4.205,19989.77,손절 -4.02%
2025-10-17 09:37:12,DASH,매수,15,265.5127,,,16004.29,저점 $263.86 대비 +0.58% 반등 (RSI 40)
2025-10-17 09:45:00,DDOG,매수,26,152.6843,,,12031.72,저점 $151.70 대비 +0.60% 반등 (RSI 28)
2025-10-17 09:48:37,MRVL,매수,46,86.2647,,,8060.77,저점 $85.71 대비 +0.60% 반등 (RSI 49)
2025-10-17 09:51:10,PANW,매수,19,204.8124,,,4166.61,저점 $203.62 대비 +0.54% 반등 (RSI 40)
2025-10-17 09:53:20,CRWD,매수,33,119.5919,,,217.31,저점 $118.86 대비 +0.57% 반등 (RSI 40)
2025-10-17 10:51:49,MRVL,매도,46,88.0041,74.28,1.872,4262.55,고점 $88.95 대비 -1.00% → 익절 +2.07%
2025-10-17 11:48:56,AVGO,매수,11,342.9589,,,487.36,저점 $340.78 대비 +0.59% 반등 (RSI 42)
2025-10-20 10:10:00,AVGO,매도,11,352.745,102.17,2.708,4364.72,고점 $356.59 대비 -1.00% → 익절 +2.90%
2025-10-20 10:38:34,ORCL,매수,14,283.5517,,,392.22,저점 $281.58 대비 +0.65% 반등 (RSI 34)
2025-10-20 12:00:00,CRWD,매도,33,123.7814,132.51,3.358,4474.02,고점 $124.56 대비 -0.50% → 익절 +3.55%
2025-10-20 12:08:10,DDOG,매도,26,156.396,90.76,2.286,8537.35,고점 $158.08 대비 -1.00% → 익절 +2.48%
2025-10-20 12:25:42,STX,매수,19,210.6228,,,4532.71,저점 $209.37 대비 +0.55% 반등 (RSI 41)
2025-10-20 12:42:00,PANW,매도,19,211.1205,114.2,2.935,8541.08,고점 $212.48 대비 -0.50% → 익절 +3.13%
2025-10-20 14:35:27,STX,매도,19,215.139,80.02,2.0,12625.73,고점 $217.65 대비 -1.00% → 익절 +2.20%
2025-10-20 14:57:41,MRVL,매수,47,86.0385,,,8579.09,저점 $85.45 대비 +0.64% 반등 (RSI 40)
2025-10-21 09:50:00,STX,매수,19,212.039,,,4547.53,저점 $210.68 대비 +0.60% 반등 (RSI 40)
2025-10-21 09:57:34,FTNT,매수,49,81.6224,,,545.23,저점 $81.10 대비 +0.59% 반등 (RSI 63)
2025-10-22 09:30:00,MRVL,매도,47,81.2294,-231.65,-5.728,4360.23,손절 -5.54%
2025-10-22 10:00:00,ROST,매수,26,156.7984,,,280.62,저점 $155.93 대비 +0.51% 반등 (RSI 49)
2025-10-22 10:05:17,STX,매도,19,216.6354,81.51,2.023,4393.68,고점 $219.32 대비 -1.00% → 익절 +2.22%
2025-10-22 10:17:22,ORCL,매도,14,271.5642,-173.38,-4.368,8192.81,손절 -4.18%
2025-10-22 10:34:17,CRDO,매수,29,137.5363,,,4201.46,저점 $136.60 대비 +0.64% 반등 (RSI 38)
2025-10-22 10:37:03,TSLA,매수,9,435.8919,,,275.69,저점 $433.40 대비 +0.52% 반등 (RSI 41)
2025-10-22 10:55:15,DASH,매도,15,254.4327,-171.77,-4.313,4089.39,손절 -4.13%
2025-10-22 12:25:00,FTNT,매도,49,84.9525,157.34,3.934,8249.03,고점 $85.49 대비 -0.50% → 익절 +4.13%
2025-10-23 09:36:40,TSLA,매도,9,417.5661,-170.42,-4.344,12004.38,손절 -4.16%
2025-10-23 09:39:28,LRCX,매수,28,138.2607,,,8130.37,저점 $137.37 대비 +0.60% 반등 (RSI 48)
2025-10-23 11:16:21,LRCX,매도,28,146.8323,234.29,6.052,12238.67,고점 $147.72 대비 -0.50% → 익절 +6.25%
2025-10-23 12:57:41,CRDO,매도,29,149.8282,350.5,8.788,16580.52,고점 $151.66 대비 -1.00% → 익절 +8.99%
2025-10-24 10:20:31,CROX,매수,49,83.2266,,,12499.56,저점 $82.74 대비 +0.54% 반등 (RSI 63)
2025-10-27 10:42:00,ROST,매도,26,160.8445,99.29,2.436,16678.47,고점 $161.76 대비 -0.50% → 익절 +2.63%
2025-10-27 13:00:00,CROX,매도,49,87.3788,197.48,4.842,20956.9,고점 $87.93 대비 -0.50% → 익절 +5.04%
2025-10-28 09:49:41,CDNS,매수,12,329.2904,,,17002.65,저점 $327.17 대비 +0.60% 반등 (RSI 71)
2025-10-28 10:19:41,CDNS,매도,12,345.822,192.58,4.874,21149.49,고점 $348.08 대비 -0.50% → 익절 +5.07%
2025-10-28 11:57:51,STX,매수,19,219.0781,,,16984.09,저점 $217.67 대비 +0.60% 반등 (RSI 38)
2025-10-28 13:08:10,RL,매수,12,334.212,,,12970.74,저점 $332.01 대비 +0.61% 반등 (RSI 39)
2025-10-28 15:00:00,STX,매도,19,223.254,73.33,1.762,17209.47,고점 $225.96 대비 -1.00% → 익절 +1.96%
2025-10-30 10:05:33,RL,매도,12,320.6496,-168.37,-4.198,21054.45,손절 -4.01%
2025-11-06 09:40:26,FTNT,매수,18,75.8971,,,19687.35,저점 $75.41 대비 +0.60% 반등 (RSI 56)
2025-11-06 09:52:06,PANW,매수,6,209.5781,,,18429.0,저점 $208.32 대비 +0.55% 반등 (RSI 35)
2025-11-06 09:58:41,CRWD,매수,10,130.5407,,,17122.68,저점 $129.76 대비 +0.55% 반등 (RSI 44)
2025-11-06 10:27:23,NVDA,매수,7,193.1615,,,15769.6,저점 $192.01 대비 +0.55% 반등 (RSI 33)
2025-11-06 10:28:07,CRM,매수,5,240.5652,,,14565.93,저점 $238.93 대비 +0.63% 반등 (RSI 40)
2025-11-06 10:58:00,FTNT,매도,18,79.8779,69.65,5.098,16002.69,고점 $80.80 대비 -1.00% → 익절 +5.30%
2025-11-06 11:15:00,AVGO,매수,3,354.8017,,,14937.54,저점 $352.71 대비 +0.54% 반등 (RSI 45)
2025-11-06 15:47:08,CRWD,매도,10,133.4509,27.21,2.085,16271.07,고점 $135.00 대비 -1.00% → 익절 +2.28%
2025-11-07 09:30:00,NVDA,매도,7,184.7676,-60.65,-4.485,17563.5,손절 -4.30%
2025-11-07 09:35:51,CRDO,매수,8,157.0529,,,16306.2,저점 $155.80 대비 +0.75% 반등 (RSI 38)
2025-11-07 09:36:12,AMD,매수,5,232.3156,,,15143.81,저점 $230.91 대비 +0.56% 반등 (RSI 33)
2025-11-07 10:50:00,CRDO,매도,8,150.646,-53.01,-4.219,16348.09,손절 -4.03%
2025-11-07 11:12:51,AVGO,매도,3,340.0713,-45.68,-4.292,17367.56,손절 -4.10%
2025-11-07 11:18:45,CRWD,매수,10,131.108,,,16055.57,저점 $130.38 대비 +0.51% 반등 (RSI 43)
2025-11-07 11:27:46,MRVL,매수,16,85.7128,,,14683.2,저점 $85.15 대비 +0.61% 반등 (RSI 39)
2025-11-07 15:18:00,CRWD,매도,10,134.7768,34.79,2.653,16029.99,고점 $135.57 대비 -0.50% → 익절 +2.85%
2025-11-10 10:55:15,MRVL,매도,16,93.4403,121.59,8.866,17523.94,고점 $94.47 대비 -1.00% → 익절 +9.07%
2025-11-10 11:00:00,AMD,매도,5,245.882,66.12,5.692,18752.45,고점 $248.90 대비 -1.00% → 익절 +5.89%
2025-11-11 10:02:18,PANW,매도,6,216.7916,41.45,3.296,20052.25,고점 $218.16 대비 -0.50% → 익절 +3.49%
2025-11-12 10:15:52,CRM,매도,5,246.8518,29.69,2.468,21285.61,고점 $248.43 대비 -0.50% → 익절 +2.66%
2025-11-12 12:38:00,NET,매수,6,226.4657,,,19925.86,저점 $224.88 대비 +0.65% 반등 (RSI 33)
2025-11-12 15:00:00,STX,매수,5,280.6903,,,18521.43,저점 $279.00 대비 +0.56% 반등 (RSI 46)
2025-11-13 09:35:15,WDC,매수,8,164.3395,,,17205.79,저점 $162.70 대비 +0.96% 반등 (RSI 46)
2025-11-13 09:37:30,CRWD,매수,10,136.0305,,,15844.54,저점 $135.25 대비 +0.53% 반등 (RSI 47)
2025-11-13 09:37:30,PANW,매수,6,211.3156,,,14575.76,저점 $210.04 대비 +0.56% 반등 (RSI 33)
2025-11-13 09:39:24,STX,매도,5,268.8976,-60.93,-4.341,15919.26,손절 -4.15%
2025-11-13 09:57:23,MRVL,매수,16,85.2404,,,14554.46,저점 $84.71 대비 +0.58% 반등 (RSI 44)
2025-11-13 10:00:31,WDC,매도,8,157.5565,-56.1,-4.267,15813.99,손절 -4.08%
2025-11-13 10:11:22,DDOG,매수,7,186.4905,,,14507.65,저점 $185.32 대비 +0.58% 반등 (RSI 50)
2025-11-13 10:44:17,MRVL,매도,16,87.5099,34.33,2.517,15906.78,고점 $88.45 대비 -1.00% → 익절 +2.71%
2025-11-13 11:19:24,CRDO,매수,9,141.4273,,,14633.04,저점 $140.56 대비 +0.56% 반등 (RSI 27)
2025-11-13 12:12:51,NET,매도,6,217.1014,-58.09,-4.275,15934.7,손절 -4.09%
2025-11-13 12:17:22,MU,매수,5,236.1073,,,14753.34,저점 $234.62 대비 +0.58% 반등 (RSI 42)
2025-11-14 09:30:00,CRDO,매도,9,134.9325,-60.23,-4.732,15966.84,손절 -4.54%
2025-11-14 09:30:00,PANW,매도,6,201.899,-58.27,-4.596,17177.35,손절 -4.41%
2025-11-14 09:31:34,CRWD,매도,10,130.2942,-59.27,-4.357,18479.35,손절 -4.17%
2025-11-14 09:36:00,WDC,매수,9,151.0478,,,17118.96,저점 $150.08 대비 +0.59% 반등 (RSI 33)
2025-11-14 09:37:30,STX,매수,5,249.6105,,,15870.04,저점 $248.00 대비 +0.60% 반등 (RSI 31)
2025-11-14 09:43:20,MRVL,매수,16,83.8626,,,14527.3,저점 $83.33 대비 +0.59% 반등 (RSI 43)
2025-11-14 09:43:50,DDOG,매도,7,178.9405,-54.68,-4.189,15778.97,손절 -4.00%
2025-11-14 09:48:45,NVDA,매수,7,181.7051,,,14506.14,저점 $180.58 대비 +0.57% 반등 (RSI 40)
2025-11-14 10:13:20,STX,매도,5,264.5385,72.8,5.833,15827.87,고점 $267.81 대비 -1.00% → 익절 +6.03%
2025-11-14 10:14:34,LRCX,매수,9,150.5671,,,14471.81,저점 $149.35 대비 +0.76% 반등 (RSI 35)
2025-11-14 10:18:00,WDC,매도,9,159.7084,75.94,5.586,15908.14,고점 $161.68 대비 -1.00% → 익절 +5.79%
2025-11-14 10:18:34,INTC,매수,39,35.3477,,,14528.62,저점 $35.07 대비 +0.74% 반등 (RSI 30)
2025-11-14 10:23:41,MU,매도,5,250.1842,68.65,5.815,15778.62,고점 $251.82 대비 -0.50% → 익절 +6.02%
2025-11-14 10:25:00,ROST,매수,8,160.8504,,,14490.92,저점 $159.90 대비 +0.54% 반등 (RSI 48)
2025-11-14 10:28:40,MRVL,매도,16,87.4376,55.24,4.117,15888.9,고점 $88.40 대비 -1.00% → 익절 +4.31%
2025-11-14 10:55:00,AMZN,매수,5,237.4507,,,14700.82,저점 $235.89 대비 +0.61% 반등 (RSI 25)
2025-11-14 13:10:00,NVDA,매도,7,188.5357,45.96,3.613,16019.6,고점 $190.68 대비 -1.00% → 익절 +3.81%
2025-11-17 09:44:24,AMD,매수,5,242.822,,,14804.64,저점 $241.30 대비 +0.58% 반등 (RSI 46)
2025-11-18 09:51:00,AMD,매도,5,232.6625,-52.5,-4.324,15967.11,손절 -4.14%
2025-11-18 09:51:49,STX,매수,5,251.6505,,,14707.97,저점 $249.53 대비 +0.80% 반등 (RSI 43)
2025-11-18 09:52:00,AMZN,매도,5,227.4039,-51.89,-4.371,15844.16,손절 -4.18%
2025-11-18 09:56:05,INTC,매도,39,33.8739,-59.41,-4.309,17164.28,손절 -4.12%
2025-11-18 09:57:41,RL,매수,4,322.681,,,15872.65,저점 $320.60 대비 +0.60% 반등 (RSI 34)
2025-11-18 10:00:00,LRCX,매도,9,144.4577,-56.88,-4.198,17171.82,손절 -4.01%
2025-11-18 10:17:30,NVDA,매수,7,180.6832,,,15906.15,저점 $179.65 대비 +0.52% 반등 (RSI 43)
2025-11-18 10:18:00,SNDK,매수,6,230.5692,,,14521.77,저점 $229.11 대비 +0.59% 반등 (RSI 53)
2025-11-18 10:25:54,STX,매도,5,258.1184,30.52,2.425,15811.42,고점 $261.00 대비 -1.00% → 익절 +2.62%
2025-11-18 10:25:54,WDC,매수,9,153.5302,,,14428.68,저점 $152.57 대비 +0.58% 반등 (RSI 51)
2025-11-18 10:37:12,SNDK,매도,6,235.1262,25.34,1.832,15838.41,고점 $238.07 대비 -1.00% → 익절 +2.03%
2025-11-18 10:40:00,AAPL,매수,5,266.9799,,,14502.57,저점 $265.32 대비 +0.58% 반등 (RSI 37)
2025-11-19 11:06:00,NVDA,매도,7,185.5232,32.05,2.534,15800.29,고점 $187.85 대비 -1.00% → 익절 +2.73%
2025-11-19 12:21:43,MU,매수,19,218.878,,,11638.7,저점 $217.60 대비 +0.54% 반등 (RSI 36)
2025-11-19 15:50:46,MU,매도,19,225.6571,122.76,2.952,15923.05,고점 $228.44 대비 -1.00% → 익절 +3.15%
2025-11-20 09:41:21,WDC,매도,9,162.7374,80.83,5.85,17386.62,고점 $163.78 대비 -0.50% → 익절 +6.05%
2025-11-20 09:56:15,RL,매도,4,336.4729,53.28,4.128,18731.53,고점 $338.49 대비 -0.50% → 익절 +4.33%
2025-11-20 10:18:00,DDOG,매수,25,169.5047,,,14490.94,저점 $168.43 대비 +0.59% 반등 (RSI 38)
2025-11-20 10:22:53,SNDK,매수,18,225.9648,,,10420.73,저점 $224.57 대비 +0.57% 반등 (RSI 46)
2025-11-20 10:26:15,AAPL,매도,5,273.768,32.01,2.398,11788.57,고점 $275.43 대비 -0.50% → 익절 +2.59%
2025-11-20 11:19:30,SNDK,매도,18,216.419,-177.51,-4.364,15681.27,손절 -4.18%
2025-11-20 12:10:00,DDOG,매도,25,162.6263,-177.89,-4.198,19743.96,손절 -4.01%
2025-11-20 12:18:00,WDC,매수,29,144.5042,,,15550.4,저점 $143.61 대비 +0.57% 반등 (RSI 41)
2025-11-20 12:20:24,STX,매수,16,249.9399,,,11548.57,저점 $248.50 대비 +0.53% 반등 (RSI 44)
2025-11-20 12:21:25,AMD,매수,19,210.5952,,,7544.46,저점 $209.38 대비 +0.53% 반등 (RSI 36)
2025-11-20 12:23:20,CRWD,매수,33,125.7689,,,3391.18,저점 $125.03 대비 +0.54% 반등 (RSI 43)
2025-11-20 15:40:30,STX,매도,16,239.5413,-171.98,-4.3,7221.04,손절 -4.11%
2025-11-20 15:43:50,WDC,매도,29,138.3868,-183.27,-4.373,11231.33,손절 -4.19%
2025-11-20 15:50:46,ROST,매도,8,160.2598,-6.56,-0.51,12512.47,보유기한 청산 -0.32%
2025-11-21 09:35:37,DDOG,매수,25,158.8252,,,8539.06,저점 $157.86 대비 +0.56% 반등 (RSI 20)
2025-11-21 09:36:00,WDC,매수,29,141.0178,,,4446.68,저점 $139.86 대비 +0.78% 반등 (RSI 29)
2025-11-21 09:36:51,MU,매수,19,205.9668,,,530.57,저점 $204.51 대비 +0.66% 반등 (RSI 26)
2025-11-21 10:04:17,AMD,매도,19,201.7287,-174.06,-4.35,4360.62,손절 -4.16%
2025-11-21 10:13:30,WDC,매도,29,135.09,-177.63,-4.344,8275.37,손절 -4.16%
2025-11-21 10:14:34,MU,매도,19,197.4672,-166.97,-4.267,12024.51,손절 -4.08%
2025-11-21 10:16:27,CRWD,매도,33,120.5455,-178.18,-4.293,15999.61,손절 -4.11%
2025-11-21 10:20:37,DDOG,매도,25,152.3097,-168.45,-4.242,19804.57,손절 -4.05%
2025-11-28 10:24:53,SNDK,매수,18,213.0665,,,15966.69,저점 $211.73 대비 +0.58% 반등 (RSI 45)
2025-11-28 12:26:50,SNDK,매도,18,224.4178,198.69,5.181,20003.26,고점 $226.99 대비 -1.00% → 익절 +5.38%
2025-12-01 09:50:41,SHOP,매수,26,151.7358,,,16055.37,저점 $150.76 대비 +0.60% 반등 (RSI 61)
2025-12-01 10:14:17,SNDK,매수,19,208.2864,,,12095.16,저점 $207.01 대비 +0.57% 반등 (RSI 55)
2025-12-02 09:52:13,SNDK,매도,19,214.3028,108.57,2.743,16163.94,고점 $217.00 대비 -1.00% → 익절 +2.94%
2025-12-02 10:32:24,SHOP,매도,26,155.3856,89.18,2.261,20201.01,고점 $157.09 대비 -1.00% → 익절 +2.46%
2025-12-02 10:42:51,RL,매수,3,364.1319,,,19107.85,저점 $361.59 대비 +0.65% 반등 (RSI 47)
2025-12-02 11:14:36,SNDK,매수,6,194.047,,,17942.76,저점 $192.81 대비 +0.59% 반등 (RSI 36)
2025-12-02 11:21:03,STX,매수,5,260.9971,,,16636.86,저점 $259.44 대비 +0.55% 반등 (RSI 53)
2025-12-02 11:57:41,AVGO,매수,3,382.9414,,,15487.23,저점 $380.50 대비 +0.59% 반등 (RSI 45)
2025-12-02 13:57:00,SNDK,매도,6,205.0574,64.35,5.527,16716.67,고점 $207.48 대비 -1.00% → 익절 +5.73%
2025-12-02 15:48:27,STX,매도,5,266.8307,27.28,2.09,18049.85,고점 $270.09 대비 -1.00% → 익절 +2.29%
2025-12-03 09:53:41,CRWD,매수,10,122.335,,,16825.65,저점 $121.57 대비 +0.57% 반등 (RSI 62)
2025-12-03 10:08:42,LRCX,매수,8,154.0832,,,15592.12,저점 $153.15 대비 +0.56% 반등 (RSI 63)
2025-12-03 10:09:30,MU,매수,5,229.4909,,,14443.86,저점 $228.09 대비 +0.56% 반등 (RSI 61)
2025-12-03 11:10:00,MU,매도,5,233.9744,20.76,1.809,15612.88,고점 $236.68 대비 -1.00% → 익절 +2.00%
2025-12-03 11:11:03,WDC,매수,8,157.6638,,,14350.69,저점 $156.66 대비 +0.59% 반등 (RSI 40)
2025-12-03 12:25:00,LRCX,매도,8,158.4457,33.11,2.686,15617.33,고점 $159.39 대비 -0.50% → 익절 +2.88%
2025-12-03 12:46:21,STX,매수,5,257.3286,,,14329.78,저점 $255.76 대비 +0.56% 반등 (RSI 37)
2025-12-03 12:57:00,CRWD,매도,10,127.945,54.31,4.439,15608.3,고점 $129.50 대비 -1.00% → 익절 +4.64%
2025-12-03 14:43:20,SNDK,매수,7,188.8744,,,14285.25,저점 $187.70 대비 +0.58% 반등 (RSI 30)
2025-12-03 15:48:00,SNDK,매도,7,192.6036,24.2,1.83,15632.49,고점 $194.91 대비 -1.00% → 익절 +2.03%
2025-12-04 09:48:37,RL,매도,3,349.2253,-46.25,-4.234,16679.4,손절 -4.05%
2025-12-04 10:14:00,MU,매수,5,224.7411,,,15554.91,저점 $223.33 대비 +0.58% 반등 (RSI 49)
2025-12-04 10:30:00,STX,매도,5,258.9355,6.19,0.481,16848.64,고점 $265.08 대비 -1.00% → 익절 +0.67%
2025-12-04 10:57:16,ROST,매수,7,177.8089,,,15603.11,저점 $176.62 대비 +0.62% 반등 (RSI 50)
2025-12-04 11:48:00,AMZN,매수,5,228.074,,,14461.94,저점 $226.80 대비 +0.51% 반등 (RSI 34)
2025-12-05 10:21:43,WDC,매도,8,167.0714,73.4,5.82,15797.54,고점 $168.00 대비 -0.50% → 익절 +6.02%
2025-12-05 10:26:40,MU,매도,5,234.2143,45.72,4.069,16967.76,고점 $236.80 대비 -1.00% → 익절 +4.27%
2025-12-05 11:21:06,CRDO,매수,7,175.005,,,15741.86,저점 $173.95 대비 +0.56% 반등 (RSI 49)
2025-12-08 09:36:29,MRVL,매수,14,91.2156,,,14463.95,저점 $90.45 대비 +0.80% 반등 (RSI 60)
2025-12-08 09:46:30,CRDO,매도,7,178.7912,24.73,2.019,15714.58,고점 $181.00 대비 -1.00% → 익절 +2.21%
2025-12-08 09:53:28,AVGO,매도,3,404.7627,63.77,5.551,16927.98,고점 $407.29 대비 -0.50% → 익절 +5.75%
2025-12-08 10:54:42,CRDO,매수,7,170.4051,,,15734.31,저점 $169.39 대비 +0.55% 반등 (RSI 38)
2025-12-08 11:06:00,CROX,매수,15,85.3891,,,14452.57,저점 $84.87 대비 +0.56% 반등 (RSI 35)
2025-12-09 09:43:42,CRDO,매도,7,177.0954,45.09,3.78,15691.34,고점 $179.14 대비 -1.00% → 익절 +3.98%
2025-12-09 10:17:35,BKNG,매수,6,201.3476,,,14482.4,저점 $200.09 대비 +0.58% 반등 (RSI 60)
2025-12-10 09:30:00,BKNG,매도,6,206.8365,31.18,2.581,15722.52,고점 $209.15 대비 -0.50% → 익절 +2.78%
2025-12-10 09:48:45,SNDK,매수,6,216.5649,,,14422.22,저점 $215.20 대비 +0.58% 반등 (RSI 52)
2025-12-10 12:04:17,SNDK,매도,6,224.6722,46.75,3.598,15769.27,고점 $227.37 대비 -1.00% → 익절 +3.80%
2025-12-10 12:57:00,CRDO,매수,8,158.5412,,,14500.05,저점 $157.58 대비 +0.56% 반등 (RSI 28)
2025-12-10 15:50:00,ROST,매도,7,182.4087,30.4,2.442,15775.98,보유기한 청산 +2.64%
2025-12-10 15:51:00,AMZN,매도,5,231.4842,15.41,1.351,16932.56,보유기한 청산 +1.55%
2025-12-11 10:09:25,LRCX,매수,8,161.3392,,,15640.94,저점 $160.32 대비 +0.59% 반등 (RSI 71)
2025-12-11 10:09:32,CRDO,매도,8,151.8992,-54.91,-4.329,16855.24,손절 -4.14%
2025-12-11 10:15:36,AVGO,매수,3,397.2079,,,15662.79,저점 $394.75 대비 +0.57% 반등 (RSI 77)
2025-12-11 10:18:27,CROX,매도,15,88.9684,51.82,4.046,16996.34,고점 $89.54 대비 -0.50% → 익절 +4.24%
2025-12-11 10:18:34,INTC,매수,34,39.5558,,,15650.5,저점 $39.32 대비 +0.55% 반등 (RSI 53)
2025-12-11 10:21:00,AAPL,매수,4,275.3336,,,14548.4,저점 $273.81 대비 +0.51% 반등 (RSI 51)
2025-12-11 11:17:22,MRVL,매도,14,87.4662,-54.28,-4.25,15772.03,손절 -4.06%
2025-12-12 09:30:00,AVGO,매도,3,374.9224,-68.51,-5.749,16895.97,손절 -5.56%
2025-12-12 09:30:00,LRCX,매도,8,166.4168,38.74,3.002,18226.34,고점 $169.15 대비 -0.50% → 익절 +3.20%
2025-12-12 10:27:27,SNDK,매수,6,211.8609,,,16954.28,저점 $210.60 대비 +0.55% 반등 (RSI 72)
2025-12-12 10:36:40,MU,매수,5,245.9228,,,15723.81,저점 $244.21 대비 +0.65% 반등 (RSI 37)
2025-12-12 10:37:30,LRCX,매수,8,163.004,,,14418.86,저점 $161.87 대비 +0.65% 반등 (RSI 42)
2025-12-12 14:15:52,INTC,매도,34,37.911,-57.8,-4.298,15706.9,손절 -4.11%
2025-12-15 10:44:28,SNDK,매도,6,203.0904,-54.4,-4.28,16924.55,손절 -4.09%
2025-12-15 11:06:55,CRM,매수,5,255.4377,,,15646.47,저점 $253.99 대비 +0.52% 반등 (RSI 31)
2025-12-15 15:48:27,MU,매도,5,235.882,-51.93,-4.223,16825.02,손절 -4.03%
2025-12-16 09:41:42,SHOP,매수,8,156.6599,,,15570.86,저점 $155.66 대비 +0.59% 반등 (RSI 40)
2025-12-16 10:22:40,SHOP,매도,8,161.4592,36.57,2.918,16861.59,고점 $163.34 대비 -1.00% → 익절 +3.12%
2025-12-16 10:40:00,GS,매수,1,886.4693,,,15974.5,저점 $881.06 대비 +0.56% 반등 (RSI 43)
2025-12-16 10:43:20,MU,매수,5,235.7158,,,14795.1,저점 $234.16 대비 +0.61% 반등 (RSI 29)
2025-12-17 11:21:25,MU,매도,5,225.7571,-51.44,-4.365,15923.06,손절 -4.18%
2025-12-17 11:22:30,WDC,매수,8,168.099,,,14577.33,저점 $167.13 대비 +0.53% 반등 (RSI 49)
2025-12-17 12:00:00,LRCX,매도,8,156.2052,-56.22,-4.311,15826.05,손절 -4.12%
2025-12-17 13:00:00,STX,매수,4,280.045,,,14705.09,저점 $278.28 대비 +0.58% 반등 (RSI 41)
2025-12-17 15:51:49,AAPL,매도,4,271.6108,-16.46,-1.494,15790.74,보유기한 청산 -1.30%
2025-12-18 09:38:34,STX,매도,4,286.5267,24.31,2.17,16936.01,고점 $289.70 대비 -1.00% → 익절 +2.37%
2025-12-18 10:15:36,AAPL,매수,15,268.5717,,,12904.61,저점 $266.96 대비 +0.55% 반등 (RSI 38)
2025-12-18 10:20:37,WDC,매도,8,180.4333,96.68,7.189,14347.03,고점 $181.49 대비 -0.50% → 익절 +7.39%
2025-12-19 15:50:00,CRM,매도,5,259.7101,19.52,1.528,15644.63,보유기한 청산 +1.72%
2025-12-22 15:51:00,GS,매도,1,898.3772,10.63,1.199,16542.35,보유기한 청산 +1.39%
2025-12-23 10:15:31,STX,매수,14,276.4682,,,12669.09,저점 $274.71 대비 +0.59% 반등 (RSI 42)
2025-12-24 10:30:00,STX,매도,14,282.8685,84.0,2.17,16626.36,고점 $288.50 대비 -1.00% → 익절 +2.37%
2025-12-26 15:51:00,AAPL,매도,15,272.8602,58.52,1.453,20716.27,보유기한 청산 +1.65%
2025-12-29 11:02:43,SHOP,매수,13,168.2841,,,18527.05,저점 $167.27 대비 +0.56% 반등 (RSI 44)
2025-12-30 10:16:49,SNDK,매수,9,237.9644,,,16383.87,저점 $236.52 대비 +0.56% 반등 (RSI 52)
2025-12-30 10:27:16,WDC,매수,12,177.5087,,,14252.27,저점 $176.50 대비 +0.52% 반등 (RSI 52)
2025-12-30 11:54:42,SNDK,매도,9,244.7496,57.96,2.706,16453.41,고점 $247.48 대비 -1.00% → 익절 +2.90%
2025-12-30 12:25:00,STX,매수,8,281.9909,,,14195.9,저점 $280.18 대비 +0.59% 반등 (RSI 46)
2025-12-31 09:50:46,SNDK,매수,9,236.7387,,,12063.76,저점 $235.24 대비 +0.59% 반등 (RSI 46)
2025-12-31 11:06:00,LRCX,매수,13,173.2266,,,9810.24,저점 $172.12 대비 +0.59% 반등 (RSI 34)
2025-12-31 11:06:00,SHOP,매도,13,161.4093,-92.44,-4.225,11907.03,손절 -4.04%
2026-01-02 10:23:04,LRCX,매도,13,182.3268,115.0,5.107,14275.55,고점 $183.40 대비 -0.50% → 익절 +5.31%
2026-01-02 10:25:55,SNDK,매도,9,266.0294,260.38,12.221,16668.06,고점 $267.67 대비 -0.50% → 익절 +12.43%
2026-01-02 10:28:00,WDC,매도,12,183.7749,72.09,3.384,18871.75,고점 $184.88 대비 -0.50% → 익절 +3.58%
2026-01-02 10:56:40,CRM,매수,9,254.9028,,,16576.02,저점 $253.40 대비 +0.54% 반등 (RSI 16)
2026-01-05 09:39:18,STX,매도,8,296.1021,109.58,4.857,18943.11,고점 $297.99 대비 -0.50% → 익절 +5.06%
2026-01-05 15:02:43,NVDA,매수,12,187.3086,,,16693.83,저점 $186.15 대비 +0.57% 반등 (RSI 42)
2026-01-06 15:48:00,CRM,매도,9,261.969,60.27,2.627,19049.83,고점 $263.50 대비 -0.50% → 익절 +2.82%
2026-01-07 10:24:46,MRVL,매수,50,84.5498,,,14819.39,저점 $84.05 대비 +0.54% 반등 (RSI 47)
2026-01-08 10:02:00,META,매수,6,639.6646,,,10978.71,저점 $635.93 대비 +0.54% 반등 (RSI 40)
2026-01-09 10:16:27,SHOP,매수,25,164.0003,,,6875.83,저점 $163.03 대비 +0.54% 반등 (RSI 58)
2026-01-09 10:17:22,CRM,매수,16,258.036,,,2744.37,저점 $256.51 대비 +0.55% 반등 (RSI 42)
2026-01-09 15:51:00,NVDA,매도,12,184.7309,-34.12,-1.518,4959.52,보유기한 청산 -1.33%
2026-01-13 09:52:30,SHOP,매도,25,169.8361,139.93,3.413,9202.32,고점 $170.90 대비 -0.50% → 익절 +3.61%
2026-01-13 10:43:50,CRM,매도,16,247.3463,-176.81,-4.283,13156.98,손절 -4.09%
2026-01-13 15:51:00,MRVL,매도,50,83.1251,-77.23,-1.827,17310.2,보유기한 청산 -1.64%
2026-01-14 10:20:00,MU,매수,6,333.4392,,,15308.16,저점 $331.60 대비 +0.50% 반등 (RSI 50)
2026-01-14 10:21:00,CDNS,매수,7,314.5727,,,13104.61,저점 $312.80 대비 +0.52% 반등 (RSI 51)
2026-01-14 10:22:56,LRCX,매수,10,208.5142,,,11018.01,저점 $207.30 대비 +0.54% 반등 (RSI 51)
2026-01-14 11:02:43,NVDA,매수,12,182.3724,,,8828.01,저점 $181.24 대비 +0.58% 반등 (RSI 35)
2026-01-14 15:51:49,META,매도,6,614.6858,-155.25,-4.045,12513.43,보유기한 청산 -3.86%
2026-01-15 09:42:00,LRCX,매도,10,226.6471,178.21,8.547,14778.25,고점 $228.07 대비 -0.50% → 익절 +8.75%
2026-01-15 09:57:16,MU,매도,6,343.5504,57.76,2.887,16838.04,고점 $347.77 대비 -1.00% → 익절 +3.08%
2026-01-15 10:19:24,NVDA,매도,12,188.1379,66.01,3.016,19094.05,고점 $189.18 대비 -0.50% → 익절 +3.21%
2026-01-15 10:52:30,CDNS,매도,7,324.6663,67.46,3.063,21365.06,고점 $328.64 대비 -1.00% → 익절 +3.26%
2026-01-16 12:00:00,INTC,매수,48,46.9735,,,19108.75,저점 $46.71 대비 +0.51% 반등 (RSI 48)
2026-01-16 13:24:32,GOOGL,매수,6,329.6679,,,17129.36,저점 $327.70 대비 +0.55% 반등 (RSI 42)
2026-01-20 10:22:30,NVDA,매수,16,180.5878,,,14237.93,저점 $179.59 대비 +0.51% 반등 (RSI 48)
2026-01-20 10:28:25,INTC,매도,48,49.4153,113.9,5.051,16608.13,고점 $49.74 대비 -0.50% → 익절 +5.25%
2026-01-22 14:06:00,NVDA,매도,16,184.1885,53.44,1.849,19553.0,고점 $186.17 대비 -1.00% → 익절 +2.04%
2026-01-22 15:51:49,GOOGL,매도,6,330.4913,2.11,0.107,21534.5,보유기한 청산 +0.30%
2026-01-23 09:39:50,INTC,매수,90,47.7796,,,17231.33,저점 $47.48 대비 +0.59% 반등 (RSI 68)
2026-01-23 09:51:40,LRCX,매수,19,215.2225,,,13139.24,저점 $213.87 대비 +0.58% 반등 (RSI 45)
2026-01-23 10:07:22,INTC,매도,90,45.8307,-181.42,-4.219,17260.99,손절 -4.03%
2026-01-23 11:00:00,LRCX,매도,19,220.7187,98.5,2.409,21451.58,고점 $223.36 대비 -1.00% → 익절 +2.61%
2026-01-26 09:48:50,SNDK,매수,9,457.2498,,,17333.45,저점 $454.33 대비 +0.59% 반등 (RSI 51)
2026-01-26 10:22:19,SNDK,매도,9,488.7368,277.29,6.738,21728.87,고점 $494.70 대비 -1.00% → 익절 +6.94%
2026-01-26 10:48:56,INTC,매수,102,42.5831,,,17382.36,저점 $42.31 대비 +0.60% 반등 (RSI 24)
2026-01-27 09:51:17,INTC,매도,102,43.8521,123.13,2.835,21852.01,고점 $44.39 대비 -1.00% → 익절 +3.03%
2026-01-27 09:54:00,AMD,매수,17,249.5078,,,17607.4,저점 $247.96 대비 +0.57% 반등 (RSI 51)
2026-01-27 10:14:30,INTC,매수,101,43.3701,,,13223.96,저점 $43.10 대비 +0.58% 반등 (RSI 26)
2026-01-28 09:35:42,INTC,매도,101,46.2968,289.12,6.6,17896.52,고점 $46.60 대비 -0.50% → 익절 +6.80%
2026-01-28 10:07:08,AMD,매도,17,254.4407,77.73,1.833,22218.86,고점 $257.37 대비 -1.00% → 익절 +2.03%
2026-01-29 09:36:25,MSFT,매수,10,442.5211,,,17790.55,저점 $439.86 대비 +0.55% 반등 (RSI 68)
2026-01-29 10:19:17,MSFT,매도,10,424.5924,-185.49,-4.192,22033.37,손절 -4.00%
2026-01-29 10:57:41,GOOGL,매수,13,328.6142,,,17758.4,저점 $326.54 대비 +0.58% 반등 (RSI 39)
2026-01-29 11:22:56,CDNS,매수,14,295.2939,,,13621.39,저점 $293.44 대비 +0.58% 반등 (RSI 21)
2026-01-29 11:25:33,AMD,매수,18,243.9119,,,9227.9,저점 $242.35 대비 +0.59% 반등 (RSI 40)
2026-01-29 12:00:00,FTNT,매수,54,80.5883,,,4873.09,저점 $80.14 대비 +0.51% 반등 (RSI 42)
2026-01-30 09:30:00,AMD,매도,18,236.7915,-134.35,-3.06,9132.23,고점 $252.23 대비 -1.00% → 익절 -2.87%
2026-01-30 09:30:00,GOOGL,매도,13,334.1528,65.84,1.541,13473.04,고점 $339.22 대비 -0.50% → 익절 +1.74%
2026-01-30 09:41:15,AMD,매수,18,237.2328,,,9199.86,저점 $235.76 대비 +0.57% 반등 (RSI 54)
2026-01-30 10:26:15,AMD,매도,18,242.453,87.79,2.056,13560.83,고점 $245.24 대비 -1.00% → 익절 +2.25%
2026-02-03 09:43:30,CDNS,매도,14,282.8365,-180.19,-4.359,17517.65,손절 -4.17%
2026-02-03 10:26:00,AMD,매수,17,243.2351,,,13379.76,저점 $241.74 대비 +0.57% 반등 (RSI 46)
2026-02-03 10:27:00,MU,매수,10,416.9921,,,9206.92,저점 $414.56 대비 +0.54% 반등 (RSI 68)
2026-02-03 10:28:30,LRCX,매수,18,232.6563,,,5016.17,저점 $231.25 대비 +0.56% 반등 (RSI 48)
2026-02-03 10:40:40,STX,매수,10,427.2648,,,740.54,저점 $424.51 대비 +0.60% 반등 (RSI 59)
2026-02-03 11:25:23,MU,매도,10,424.3391,67.45,1.618,4980.83,고점 $429.54 대비 -1.00% → 익절 +1.81%
2026-02-03 11:26:00,STX,매도,10,445.2598,173.71,4.066,9430.18,고점 $450.77 대비 -1.00% → 익절 +4.26%
2026-02-03 12:02:43,NVDA,매수,24,180.2301,,,5101.63,저점 $179.09 대비 +0.59% 반등 (RSI 25)
2026-02-04 09:30:00,AMD,매도,17,215.3323,-479.91,-11.606,8759.6,손절 -11.43%
2026-02-04 10:05:17,LRCX,매도,18,223.1909,-176.24,-4.208,12774.11,손절 -4.02%
2026-02-04 12:37:03,NVDA,매도,24,172.6816,-187.22,-4.328,16915.44,손절 -4.14%
2026-02-04 15:51:00,FTNT,매도,54,81.296,31.97,0.735,21302.22,보유기한 청산 +0.93%
2026-02-05 09:35:05,STX,매수,10,403.5558,,,17263.84,저점 $399.50 대비 +0.96% 반등 (RSI 47)
2026-02-05 09:35:31,INTC,매수,89,47.4612,,,13036.83,저점 $47.16 대비 +0.59% 반등 (RSI 52)
2026-02-05 09:35:33,LRCX,매수,20,210.2535,,,8828.82,저점 $208.13 대비 +0.97% 반등 (RSI 25)
2026-02-05 09:43:13,GOOGL,매수,13,308.4319,,,4816.4,저점 $306.46 대비 +0.59% 반등 (RSI 43)
2026-02-05 10:00:30,STX,매도,10,412.8776,87.38,2.165,8942.16,고점 $418.00 대비 -1.00% → 익절 +2.36%
2026-02-05 10:07:06,INTC,매도,89,50.5313,267.0,6.321,13436.16,고점 $50.86 대비 -0.50% → 익절 +6.52%
2026-02-05 10:18:48,GOOGL,매도,13,322.0029,170.56,4.254,17619.15,고점 $325.85 대비 -1.00% → 익절 +4.45%
2026-02-05 10:25:23,META,매수,6,657.1934,,,13673.22,저점 $653.52 대비 +0.51% 반등 (RSI 34)
2026-02-05 10:43:32,MU,매수,11,368.2945,,,9619.15,저점 $366.00 대비 +0.58% 반등 (RSI 27)
2026-02-05 12:01:25,MU,매도,11,381.4213,138.5,3.419,13811.72,고점 $385.95 대비 -1.00% → 익절 +3.62%
2026-02-05 13:45:00,META,매도,6,673.8471,94.21,2.389,17851.85,고점 $681.50 대비 -1.00% → 익절 +2.59%
2026-02-06 10:19:05,META,매수,6,650.2938,,,13947.36,저점 $646.50 대비 +0.54% 반등 (RSI 41)
2026-02-06 14:43:50,LRCX,매도,20,229.8676,385.98,9.179,18541.35,고점 $232.45 대비 -1.00% → 익절 +9.38%
2026-02-09 09:54:42,VZ,매수,97,46.111,,,14065.45,저점 $45.82 대비 +0.58% 반등 (RSI 57)
2026-02-09 10:07:53,META,매도,6,662.462,67.38,1.727,18037.32,고점 $670.82 대비 -1.00% → 익절 +1.92%
2026-02-09 10:08:34,SNDK,매수,8,555.0687,,,13593.66,저점 $551.51 대비 +0.59% 반등 (RSI 50)
2026-02-09 11:27:00,SNDK,매도,8,590.2047,274.53,6.182,18311.85,고점 $597.00 대비 -1.00% → 익절 +6.38%
2026-02-09 14:02:43,AAPL,매수,16,273.3791,,,13934.73,저점 $271.77 대비 +0.54% 반등 (RSI 45)
2026-02-10 09:52:40,MU,매수,12,368.4263,,,9510.52,저점 $366.06 대비 +0.60% 반등 (RSI 42)
2026-02-10 10:12:00,SNDK,매수,8,549.6318,,,5110.38,저점 $546.18 대비 +0.58% 반등 (RSI 46)
2026-02-10 10:13:55,STX,매수,11,398.5356,,,723.42,저점 $396.00 대비 +0.59% 반등 (RSI 51)
2026-02-10 10:27:20,MU,매도,12,378.1394,110.15,2.491,5257.78,고점 $382.79 대비 -1.00% → 익절 +2.69%
2026-02-10 10:43:50,GOOGL,매수,14,320.3601,,,769.6,저점 $318.60 대비 +0.50% 반등 (RSI 37)
2026-02-10 10:46:52,SNDK,매도,8,562.8158,99.11,2.254,5268.84,고점 $569.59 대비 -1.00% → 익절 +2.45%
2026-02-10 10:56:09,STX,매도,11,406.3083,79.17,1.806,9734.97,고점 $411.28 대비 -1.00% → 익절 +2.00%
2026-02-10 12:43:50,INTC,매수,96,47.8689,,,5136.34,저점 $47.56 대비 +0.60% 반등 (RSI 36)
2026-02-10 15:43:38,VZ,매도,97,47.4713,125.45,2.805,9737.69,고점 $47.79 대비 -0.50% → 익절 +3.00%
2026-02-11 09:56:48,INTC,매도,96,48.9491,97.05,2.112,14433.37,고점 $49.55 대비 -1.00% → 익절 +2.31%
2026-02-11 12:58:25,META,매수,7,661.1771,,,9801.89,저점 $657.15 대비 +0.56% 반등 (RSI 43)
2026-02-12 11:38:34,FTNT,매수,54,84.8624,,,5216.11,저점 $84.35 대비 +0.56% 반등 (RSI 47)
2026-02-12 11:54:00,NVDA,매수,24,188.3554,,,692.42,저점 $187.23 대비 +0.55% 반등 (RSI 46)
2026-02-12 12:56:40,AAPL,매도,16,262.0356,-187.62,-4.289,4881.93,손절 -4.10%
2026-02-12 15:39:00,GOOGL,매도,14,307.2363,-190.01,-4.237,9180.1,손절 -4.05%
2026-02-13 09:48:00,INTC,매수,99,45.2604,,,4696.18,저점 $44.97 대비 +0.60% 반등 (RSI 38)
2026-02-13 09:50:00,META,매도,7,634.2527,-194.95,-4.212,9132.71,손절 -4.02%
2026-02-13 11:04:44,INTC,매도,99,47.1331,178.85,3.992,13795.48,고점 $47.69 대비 -1.00% → 익절 +4.19%
2026-02-17 09:49:12,INTC,매수,99,45.8029,,,9257.82,저점 $45.52 대비 +0.57% 반등 (RSI 42)
2026-02-17 09:51:36,LRCX,매수,19,230.313,,,4878.81,저점 $228.88 대비 +0.58% 반등 (RSI 55)
2026-02-17 10:05:27,NVDA,매도,24,180.503,-194.78,-4.309,9207.72,손절 -4.12%
2026-02-17 10:23:20,MU,매수,11,397.6587,,,4830.41,저점 $395.30 대비 +0.55% 반등 (RSI 54)
2026-02-17 10:41:15,FTNT,매도,54,81.3393,-196.66,-4.292,9219.53,손절 -4.10%
2026-02-17 11:22:30,MU,매도,11,408.8955,117.26,2.681,13714.09,고점 $413.66 대비 -1.00% → 익절 +2.88%
2026-02-17 11:25:00,LRCX,매도,19,235.2709,87.87,2.008,18180.98,고점 $237.90 대비 -1.00% → 익절 +2.20%
2026-02-18 09:42:14,MU,매수,11,397.1661,,,13809.09,저점 $394.60 대비 +0.60% 반등 (RSI 45)
2026-02-18 09:46:40,SNDK,매수,7,578.203,,,9758.84,저점 $574.50 대비 +0.59% 반등 (RSI 42)
2026-02-18 10:13:38,FTNT,매수,57,79.8336,,,5205.14,저점 $79.34 대비 +0.57% 반등 (RSI 36)
2026-02-18 10:35:37,SNDK,매도,7,595.8957,117.97,2.915,9373.36,고점 $602.95 대비 -1.00% → 익절 +3.11%
2026-02-18 10:37:03,MU,매도,11,419.0154,233.92,5.354,13979.16,고점 $423.80 대비 -1.00% → 익절 +5.55%
2026-02-19 09:55:42,NET,매수,24,184.4852,,,9548.42,저점 $183.33 대비 +0.58% 반등 (RSI 53)
2026-02-19 10:06:00,INTC,매도,99,43.898,-194.93,-4.299,13891.15,손절 -4.11%
2026-02-19 10:24:17,STX,매수,11,404.5372,,,9438.13,저점 $402.16 대비 +0.54% 반등 (RSI 50)
2026-02-19 10:25:23,LRCX,매수,19,232.8001,,,5011.83,저점 $231.42 대비 +0.55% 반등 (RSI 58)
2026-02-19 12:00:00,NET,매도,24,191.5982,164.25,3.71,9606.83,고점 $193.67 대비 -1.00% → 익절 +3.91%
2026-02-20 09:42:51,NET,매수,24,191.1998,,,5014.82,저점 $189.99 대비 +0.59% 반등 (RSI 55)
2026-02-20 10:20:00,LRCX,매도,19,244.2835,211.7,4.786,9652.82,고점 $245.76 대비 -0.50% → 익절 +4.99%
2026-02-20 10:27:08,INTC,매수,108,43.1816,,,4985.94,저점 $42.88 대비 +0.65% 반등 (RSI 33)
2026-02-20 11:00:00,FTNT,매도,57,82.4767,144.04,3.165,9683.69,고점 $83.01 대비 -0.50% → 익절 +3.36%
2026-02-20 12:07:08,STX,매도,11,411.876,74.3,1.67,14211.01,고점 $416.99 대비 -1.00% → 익절 +1.87%
2026-02-20 13:10:32,NET,매도,24,183.1286,-200.13,-4.361,18602.89,손절 -4.17%
2026-02-23 10:58:00,INTC,매도,108,44.0195,83.76,1.796,23353.53,고점 $44.55 대비 -1.00% → 익절 +1.99%
2026-02-24 10:12:16,STX,매수,11,396.5163,,,18988.79,저점 $394.05 대비 +0.58% 반등 (RSI 44)
2026-02-24 10:12:21,WDC,매수,17,269.5827,,,14402.68,저점 $267.85 대비 +0.60% 반등 (RSI 41)
2026-02-24 13:01:45,WDC,매도,17,279.2143,157.06,3.427,19145.86,고점 $282.66 대비 -1.00% → 익절 +3.62%
2026-02-24 13:06:00,STX,매도,11,408.8392,129.22,2.963,23639.81,고점 $413.80 대비 -1.00% → 익절 +3.16%
2026-02-24 14:16:52,MU,매수,11,413.7301,,,19085.59,저점 $411.28 대비 +0.55% 반등 (RSI 57)
2026-02-25 10:24:46,MU,매도,11,434.3552,220.2,4.839,23860.01,고점 $436.89 대비 -0.50% → 익절 +5.04%
2026-04-09 10:23:41,MDB,매수,12,237.9289,,,21002.86,저점 $236.50 대비 +0.55% 반등 (RSI 48)
2026-04-09 10:27:16,FTNT,매수,35,81.7809,,,18138.53,저점 $81.32 대비 +0.52% 반등 (RSI 57)
2026-04-09 10:32:30,NET,매수,14,197.5587,,,15370.77,저점 $196.40 대비 +0.54% 반등 (RSI 30)
2026-04-09 11:00:00,NET,매도,14,189.3573,-118.69,-4.291,18019.84,손절 -4.10%
2026-04-10 09:46:00,MDB,매도,12,228.2902,-119.66,-4.191,20757.32,손절 -4.00%
2026-04-10 09:57:25,FTNT,매도,35,78.4425,-120.85,-4.222,23500.81,손절 -4.03%
2026-04-10 10:48:56,PANW,매수,18,152.2286,,,20758.77,저점 $151.28 대비 +0.58% 반등 (RSI 28)
2026-04-13 10:44:17,PANW,매도,18,157.8011,96.31,3.515,23597.12,고점 $159.77 대비 -1.00% → 익절 +3.71%
2026-04-13 15:25:00,SLB,매수,91,51.8059,,,18879.48,저점 $51.51 대비 +0.51% 반등 (RSI 51)
2026-04-14 10:20:00,EOG,매수,35,133.5289,,,14202.7,저점 $132.72 대비 +0.56% 반등 (RSI 46)
2026-04-15 13:21:00,LRCX,매수,18,257.0725,,,9572.16,저점 $255.48 대비 +0.57% 반등 (RSI 47)
2026-04-16 09:46:21,LRCX,매도,18,262.6097,92.98,2.009,14295.68,고점 $265.44 대비 -1.00% → 익절 +2.21%
2026-04-16 10:11:40,MRVL,매수,36,129.2318,,,9640.08,저점 $128.42 대비 +0.58% 반등 (RSI 64)
2026-04-16 14:11:32,MRVL,매도,36,133.1684,134.96,2.901,14430.64,고점 $134.69 대비 -1.00% → 익절 +3.10%
2026-04-17 09:30:00,EOG,매도,35,126.2468,-261.37,-5.593,18846.05,손절 -5.41%
2026-04-17 11:16:57,CRDO,매수,30,153.5644,,,14235.9,저점 $152.60 대비 +0.58% 반등 (RSI 54)
2026-04-17 13:06:00,SLB,매도,91,53.1184,112.61,2.389,19066.15,고점 $53.42 대비 -0.50% → 익절 +2.58%
2026-04-20 09:54:42,SLB,매수,92,51.5842,,,14317.08,저점 $51.26 대비 +0.58% 반등 (RSI 56)
2026-04-20 10:18:00,CRDO,매도,30,164.2853,314.81,6.833,19242.04,고점 $166.32 대비 -1.00% → 익절 +7.03%
2026-04-20 10:28:03,MU,매수,10,448.8426,,,14750.47,저점 $446.00 대비 +0.59% 반등 (RSI 57)
2026-04-20 11:11:32,SLB,매도,92,52.5187,79.13,1.667,19578.67,고점 $53.16 대비 -1.00% → 익절 +1.86%
2026-04-21 15:02:43,LRCX,매수,18,259.9799,,,14895.75,저점 $258.37 대비 +0.57% 반등 (RSI 38)
2026-04-22 09:35:48,MU,매도,10,460.0459,105.53,2.351,19492.85,고점 $462.85 대비 -0.50% → 익절 +2.55%
2026-04-22 10:12:51,SNDK,매수,5,901.3524,,,14982.94,저점 $895.74 대비 +0.58% 반등 (RSI 46)
2026-04-22 11:27:16,SNDK,매도,5,933.9648,156.5,3.473,19649.35,고점 $939.84 대비 -0.50% → 익절 +3.67%
2026-04-23 09:36:25,CRM,매수,27,178.6318,,,14822.92,저점 $177.56 대비 +0.55% 반등 (RSI 60)
2026-04-23 09:55:42,NET,매수,24,199.7548,,,10025.45,저점 $198.50 대비 +0.58% 반등 (RSI 63)
2026-04-23 10:15:00,LRCX,매도,18,271.0675,192.74,4.119,14901.1,고점 $272.82 대비 -0.50% → 익절 +4.32%
2026-04-23 10:20:46,MDB,매수,19,252.041,,,10108.97,저점 $250.50 대비 +0.56% 반등 (RSI 63)
2026-04-23 10:22:48,DDOG,매수,39,125.1756,,,5223.71,저점 $124.45 대비 +0.53% 반등 (RSI 63)
2026-04-23 10:25:00,SHOP,매수,39,123.7038,,,395.88,저점 $122.99 대비 +0.53% 반등 (RSI 53)
2026-04-23 11:42:00,DDOG,매도,39,127.936,100.6,2.061,5381.74,고점 $129.44 대비 -1.00% → 익절 +2.26%
2026-04-23 11:55:42,NET,매도,24,205.076,120.76,2.519,10299.97,고점 $207.48 대비 -1.00% → 익절 +2.72%
2026-04-23 13:11:32,CRM,매도,27,171.1644,-208.37,-4.32,14918.04,손절 -4.13%
2026-04-23 13:39:00,LRCX,매수,18,259.3496,,,10246.48,저점 $257.83 대비 +0.54% 반등 (RSI 39)
2026-04-23 13:58:25,ORCL,매수,27,175.1042,,,5515.35,저점 $174.08 대비 +0.54% 반등 (RSI 41)
2026-04-23 14:20:00,CDNS,매수,15,313.9926,,,802.17,저점 $312.13 대비 +0.55% 반등 (RSI 41)
2026-04-24 09:46:21,ORCL,매도,27,178.5177,85.34,1.805,5618.63,고점 $180.71 대비 -1.00% → 익절 +2.00%
2026-04-24 10:11:49,LRCX,매도,18,274.0954,258.55,5.539,10548.74,고점 $275.84 대비 -0.50% → 익절 +5.74%
2026-04-24 10:23:50,MDB,매도,19,241.6391,-204.34,-4.267,15136.53,손절 -4.08%
2026-04-24 10:24:11,CDNS,매도,15,327.7392,199.31,4.232,20049.03,고점 $331.45 대비 -1.00% → 익절 +4.43%
2026-04-24 10:51:10,DDOG,매수,39,125.1205,,,15165.92,저점 $124.32 대비 +0.59% 반등 (RSI 41)
2026-04-24 10:52:30,NET,매수,24,202.6446,,,10299.04,저점 $201.45 대비 +0.54% 반등 (RSI 46)
2026-04-24 10:54:00,CRWD,매수,45,109.5885,,,5364.11,저점 $108.89 대비 +0.59% 반등 (RSI 42)
2026-04-24 10:55:42,ORCL,매수,28,171.9316,,,546.65,저점 $170.83 대비 +0.59% 반등 (RSI 35)
2026-04-27 09:40:20,DDOG,매도,39,128.1692,111.84,2.292,5541.6,고점 $129.61 대비 -1.00% → 익절 +2.49%
2026-04-27 09:41:15,CRWD,매도,45,111.665,86.32,1.75,10562.86,고점 $113.00 대비 -1.00% → 익절 +1.95%
2026-04-27 09:55:42,AAPL,매수,18,266.6132,,,5760.46,저점 $265.07 대비 +0.53% 반등 (RSI 50)
2026-04-27 10:17:35,MRVL,매수,33,152.0274,,,740.05,저점 $151.09 대비 +0.57% 반등 (RSI 64)
2026-04-27 10:52:51,NET,매도,24,209.1724,149.6,3.076,5756.52,고점 $210.51 대비 -0.50% → 익절 +3.27%
2026-04-27 11:21:49,CRDO,매수,28,177.3966,,,785.93,저점 $176.42 대비 +0.50% 반등 (RSI 43)
2026-04-28 09:30:00,CRDO,매도,28,169.1204,-238.67,-4.805,5517.85,손절 -4.62%
2026-04-28 09:30:00,MRVL,매도,33,147.6611,-151.16,-3.013,10387.11,고점 $158.34 대비 -1.00% → 익절 -2.82%
2026-04-28 09:30:00,ORCL,매도,28,162.0789,-282.56,-5.869,14922.01,손절 -5.68%
2026-04-29 10:09:13,ORCL,매수,30,161.6308,,,10069.69,저점 $160.65 대비 +0.56% 반등 (RSI 32)
2026-04-29 10:57:41,CDNS,매수,15,317.4487,,,5304.63,저점 $315.51 대비 +0.56% 반등 (RSI 38)
2026-04-29 13:02:43,MSFT,매수,11,422.6762,,,651.93,저점 $420.29 대비 +0.52% 반등 (RSI 44)
2026-04-29 15:51:00,SHOP,매도,39,120.9362,-114.76,-2.379,5365.0,보유기한 청산 -2.19%
2026-04-30 09:30:00,CDNS,매도,15,327.836,148.89,3.127,10278.95,고점 $331.36 대비 -1.00% → 익절 +3.32%
2026-04-30 09:37:03,CRWD,매수,43,112.5591,,,5435.52,저점 $111.82 대비 +0.62% 반등 (RSI 52)
2026-04-30 10:03:36,MSFT,매도,11,405.4844,-195.62,-4.207,9892.6,손절 -4.02%
2026-04-30 10:20:54,PANW,매수,27,174.1999,,,5185.91,저점 $173.11 대비 +0.58% 반등 (RSI 55)
2026-04-30 10:21:06,FTNT,매수,58,82.9114,,,373.68,저점 $82.43 대비 +0.53% 반등 (RSI 58)
2026-04-30 12:54:42,PANW,매도,27,177.4555,81.11,1.725,5161.48,고점 $179.49 대비 -1.00% → 익절 +1.92%
2026-04-30 13:00:00,NVDA,매수,24,200.4582,,,347.11,저점 $199.32 대비 +0.52% 반등 (RSI 32)
2026-04-30 15:40:00,AAPL,매도,18,274.2755,130.96,2.729,5280.47,고점 $275.94 대비 -0.50% → 익절 +2.93%
2026-05-01 10:01:34,FTNT,매도,58,85.6032,149.13,3.101,10241.83,고점 $86.66 대비 -1.00% → 익절 +3.30%
2026-05-01 10:24:00,ORCL,매도,30,169.6761,234.25,4.831,15328.4,고점 $170.74 대비 -0.50% → 익절 +5.03%
2026-05-04 10:57:41,CRWD,매도,43,117.1889,192.02,3.967,20363.84,고점 $117.95 대비 -0.50% → 익절 +4.17%
2026-05-05 09:36:00,SHOP,매수,42,117.6861,,,15417.56,저점 $116.50 대비 +0.97% 반등 (RSI 62)
2026-05-05 09:55:42,SLB,매수,89,55.8017,,,10447.73,저점 $55.45 대비 +0.58% 반등 (RSI 41)
2026-05-05 11:54:49,SHOP,매도,42,112.7756,-213.16,-4.312,15180.85,손절 -4.12%
2026-05-06 09:48:15,PANW,매수,27,180.3201,,,10308.8,저점 $179.19 대비 +0.58% 반등 (RSI 54)
2026-05-06 09:49:05,MSFT,매수,12,407.7373,,,5412.53,저점 $405.11 대비 +0.60% 반등 (RSI 45)
2026-05-06 09:53:38,EOG,매수,37,134.2102,,,443.28,저점 $133.39 대비 +0.57% 반등 (RSI 53)
2026-05-06 11:55:42,NVDA,매도,24,205.9712,125.34,2.605,5382.98,고점 $207.18 대비 -0.50% → 익절 +2.80%
2026-05-06 13:00:00,CRM,매수,27,182.089,,,463.13,저점 $180.99 대비 +0.56% 반등 (RSI 43)
2026-05-07 10:00:00,SLB,매도,89,53.4347,-217.61,-4.382,5215.35,손절 -4.19%
2026-05-07 10:15:00,EOG,매도,37,128.7656,-208.4,-4.197,9976.2,손절 -4.01%
2026-05-07 10:21:00,MSFT,매도,12,425.5261,206.31,4.217,15078.78,고점 $427.98 대비 -0.50% → 익절 +4.42%
2026-05-07 10:22:30,PANW,매도,27,197.826,465.35,9.558,20416.19,고점 $199.09 대비 -0.50% → 익절 +9.76%
2026-05-07 10:27:23,CRM,매도,27,186.137,102.19,2.078,25438.22,고점 $188.44 대비 -1.00% → 익절 +2.27%
2026-05-07 12:27:23,MRVL,매수,31,162.141,,,20408.33,저점 $161.16 대비 +0.56% 반등 (RSI 47)
2026-05-07 14:46:00,AVGO,매수,12,408.8318,,,15498.91,저점 $406.30 대비 +0.57% 반등 (RSI 32)
2026-05-08 09:35:54,NET,매수,23,218.6714,,,10465.95,저점 $217.22 대비 +0.62% 반등 (RSI 77)
2026-05-08 09:54:00,SLB,매수,95,53.0524,,,5422.44,저점 $52.73 대비 +0.56% 반등 (RSI 28)
2026-05-08 09:55:34,NET,매도,23,209.6995,-213.39,-4.243,10242.01,손절 -4.05%
2026-05-08 10:27:51,MRVL,매도,31,165.5672,98.95,1.969,15370.84,고점 $167.40 대비 -1.00% → 익절 +2.16%
2026-05-08 11:11:44,CRDO,매수,27,184.2537,,,10392.51,저점 $183.18 대비 +0.54% 반등 (RSI 45)
2026-05-08 13:16:40,AVGO,매도,12,432.4412,276.09,5.628,15578.02,고점 $435.00 대비 -0.50% → 익절 +5.83%
2026-05-08 15:06:00,CRDO,매도,27,187.6336,84.08,1.69,20640.43,고점 $189.88 대비 -1.00% → 익절 +1.89%
2026-05-11 09:54:00,MSFT,매수,12,407.9464,,,15741.64,저점 $405.50 대비 +0.55% 반등 (RSI 46)
2026-05-12 09:58:00,SLB,매도,95,55.2691,203.23,4.032,20988.38,고점 $55.60 대비 -0.50% → 익절 +4.23%
2026-05-12 10:22:10,LRCX,매수,18,284.3701,,,15866.13,저점 $282.71 대비 +0.54% 반등 (RSI 62)
2026-05-12 11:34:36,ORCL,매수,28,184.1721,,,10705.71,저점 $183.04 대비 +0.57% 반등 (RSI 34)
2026-05-12 12:57:41,AVGO,매수,12,410.9028,,,5771.42,저점 $408.41 대비 +0.56% 반등 (RSI 34)
2026-05-12 13:36:00,CDNS,매수,14,357.6321,,,761.07,저점 $355.56 대비 +0.53% 반등 (RSI 46)
2026-05-13 09:51:36,LRCX,매도,18,292.2838,135.02,2.638,6018.33,고점 $295.91 대비 -1.00% → 익절 +2.83%
2026-05-13 11:03:45,ORCL,매도,28,189.1054,130.66,2.534,11309.42,고점 $191.30 대비 -1.00% → 익절 +2.73%
2026-05-14 09:42:30,INTC,매수,45,113.9019,,,6180.25,저점 $113.17 대비 +0.60% 반등 (RSI 52)
2026-05-14 10:16:15,INTC,매도,45,117.1332,137.97,2.692,11447.39,고점 $118.57 대비 -1.00% → 익절 +2.89%
2026-05-14 10:19:24,CRDO,매수,29,179.95,,,6225.19,저점 $178.87 대비 +0.55% 반등 (RSI 46)
2026-05-14 10:42:51,AVGO,매도,12,433.2833,261.32,5.3,11420.79,고점 $436.09 대비 -0.50% → 익절 +5.50%
2026-05-14 12:26:07,CRDO,매도,29,185.2074,144.89,2.776,16787.89,고점 $187.25 대비 -1.00% → 익절 +2.97%
2026-05-15 09:35:51,INTC,매수,24,110.6253,,,14131.02,저점 $109.79 대비 +0.72% 반등 (RSI 44)
2026-05-15 09:37:03,SNDK,매수,2,1324.1036,,,11480.96,"저점 $1,315.75 대비 +0.58% 반등 (RSI 40)"
2026-05-15 09:44:24,STX,매수,3,770.5107,,,9167.81,저점 $765.77 대비 +0.57% 반등 (RSI 50)
2026-05-15 10:06:35,INTC,매도,24,105.967,-115.51,-4.351,11709.16,손절 -4.16%
2026-05-15 10:08:10,AMD,매수,6,436.0154,,,9091.24,저점 $431.79 대비 +0.93% 반등 (RSI 57)
2026-05-15 10:25:17,SNDK,매도,2,1396.9479,141.8,5.354,11883.09,"고점 $1,413.18 대비 -1.00% → 익절 +5.55%"
2026-05-15 10:26:40,CRDO,매수,15,175.1144,,,9254.54,저점 $173.36 대비 +0.96% 반등 (RSI 43)
2026-05-15 11:23:20,MSFT,매도,12,423.8954,184.25,3.764,14337.57,고점 $426.32 대비 -0.50% → 익절 +3.96%
2026-05-15 12:07:30,STX,매도,3,788.1348,49.53,2.143,16700.25,고점 $796.93 대비 -1.00% → 익절 +2.34%
2026-05-15 12:25:42,MU,매수,3,734.367,,,14495.6,저점 $730.09 대비 +0.54% 반등 (RSI 39)
2026-05-18 09:45:42,MU,매도,3,747.5479,36.36,1.651,16736.61,고점 $757.00 대비 -1.00% → 익절 +1.85%
2026-05-18 09:48:22,CRDO,매도,15,167.6875,-115.08,-4.381,19250.09,손절 -4.19%
2026-05-18 10:21:25,AMD,매도,6,417.9325,-112.16,-4.287,21755.85,손절 -4.10%
2026-05-18 11:07:30,CDNS,매도,14,342.7352,-215.56,-4.305,26550.64,손절 -4.12%
2026-05-20 09:41:15,PANW,매수,22,236.7498,,,21338.5,저점 $235.26 대비 +0.58% 반등 (RSI 52)
2026-05-20 09:46:52,CDNS,매수,15,333.6233,,,16330.65,저점 $331.55 대비 +0.57% 반등 (RSI 28)
2026-05-20 10:25:42,MSFT,매수,12,413.9938,,,11359.24,저점 $411.30 대비 +0.60% 반등 (RSI 48)
2026-05-20 10:28:07,PANW,매도,22,242.6586,122.45,2.351,16693.84,고점 $245.30 대비 -1.00% → 익절 +2.55%
2026-05-21 09:30:00,CDNS,매도,15,348.9354,222.36,4.443,21924.05,고점 $351.36 대비 -0.50% → 익절 +4.64%
2026-05-21 10:09:22,NOW,매수,54,98.7201,,,16589.43,저점 $98.11 대비 +0.57% 반등 (RSI 62)
2026-05-21 10:25:42,MDB,매수,17,314.9086,,,11232.24,저점 $313.00 대비 +0.56% 반등 (RSI 55)
2026-05-21 10:40:00,NVDA,매수,24,219.8199,,,5952.87,저점 $218.35 대비 +0.62% 반등 (RSI 40)
2026-05-21 13:42:51,EOG,매수,38,140.9304,,,593.76,저점 $140.05 대비 +0.58% 반등 (RSI 44)
2026-05-22 09:50:55,NOW,매도,54,103.9191,272.92,5.12,6201.3,고점 $104.59 대비 -0.50% → 익절 +5.32%
2026-05-22 10:18:38,MDB,매도,17,327.0564,198.71,3.712,11757.2,고점 $330.97 대비 -1.00% → 익절 +3.91%
2026-05-26 09:51:40,NOW,매수,54,99.3426,,,6388.94,저점 $98.72 대비 +0.58% 반등 (RSI 58)
2026-05-26 10:34:00,NOW,매도,54,101.3143,98.72,1.84,11855.92,고점 $102.54 대비 -1.00% → 익절 +2.04%
2026-05-26 10:50:00,MDB,매수,17,310.0129,,,6582.01,저점 $307.81 대비 +0.67% 반등 (RSI 35)
2026-05-26 15:51:00,MSFT,매도,12,416.0752,17.85,0.359,11571.27,보유기한 청산 +0.55%
2026-05-27 09:30:00,EOG,매도,38,133.853,-276.4,-5.161,16653.97,손절 -4.97%
2026-05-27 09:41:03,NOW,매수,54,99.1866,,,11294.15,저점 $98.55 대비 +0.60% 반등 (RSI 45)
2026-05-27 09:44:38,CRWD,매수,33,159.292,,,6033.83,저점 $158.27 대비 +0.59% 반등 (RSI 67)
2026-05-27 09:48:00,PANW,매수,22,244.5923,,,649.03,저점 $243.04 대비 +0.59% 반등 (RSI 57)
2026-05-27 10:00:58,MDB,매도,17,297.2687,-224.03,-4.251,5698.91,손절 -4.06%
2026-05-27 10:02:00,MSFT,매수,13,413.7593,,,316.28,저점 $409.59 대비 +0.97% 반등 (RSI 46)
2026-05-27 10:06:40,NVDA,매도,24,210.6524,-227.4,-4.31,5368.24,손절 -4.12%
2026-05-27 10:21:13,CRWD,매도,33,163.2397,122.66,2.333,10751.22,고점 $165.16 대비 -1.00% → 익절 +2.53%
2026-05-27 10:54:00,NOW,매도,54,104.7545,292.79,5.467,16403.83,고점 $105.40 대비 -0.50% → 익절 +5.67%
2026-05-28 10:18:27,CDNS,매수,7,369.1738,,,13817.81,저점 $366.99 대비 +0.54% 반등 (RSI 56)
2026-05-28 10:21:06,SLB,매수,49,54.6723,,,11136.99,저점 $54.32 대비 +0.60% 반등 (RSI 43)
2026-05-28 10:24:00,MSFT,매도,13,426.7363,160.89,2.991,16680.51,고점 $429.49 대비 -0.50% → 익절 +3.19%
2026-05-28 10:24:08,INTC,매수,23,116.9584,,,13988.59,저점 $116.31 대비 +0.51% 반등 (RSI 57)
2026-05-28 12:03:45,INTC,매도,23,120.7729,83.82,3.116,16764.34,고점 $122.16 대비 -1.00% → 익절 +3.31%
2026-05-29 09:30:00,PANW,매도,22,256.1868,247.2,4.594,22396.33,고점 $259.00 대비 -1.00% → 익절 +4.79%
2026-05-29 14:18:00,INTC,매수,23,117.4887,,,19692.2,저점 $116.83 대비 +0.51% 반등 (RSI 44)
2026-06-01 09:30:00,INTC,매도,23,109.3903,-189.99,-7.031,22206.34,손절 -6.85%
2026-06-01 09:43:20,CDNS,매도,7,392.04,156.25,6.046,24948.62,고점 $394.50 대비 -0.50% → 익절 +6.25%
2026-06-01 09:43:26,MRVL,매수,13,196.4951,,,22392.39,저점 $195.23 대비 +0.60% 반등 (RSI 56)
2026-06-01 09:47:08,LRCX,매수,8,308.951,,,19919.05,저점 $307.04 대비 +0.57% 반등 (RSI 55)
2026-06-01 09:56:50,AMD,매수,5,489.8995,,,17467.84,저점 $486.80 대비 +0.59% 반등 (RSI 64)
2026-06-01 11:38:16,MRVL,매도,13,218.9418,287.94,11.272,20312.01,고점 $220.19 대비 -0.50% → 익절 +11.48%
2026-06-01 12:03:00,AMD,매도,5,511.5168,104.5,4.266,22867.72,고점 $517.50 대비 -1.00% → 익절 +4.46%
2026-06-01 15:05:00,LRCX,매도,8,316.9175,60.15,2.434,25401.21,고점 $320.83 대비 -1.00% → 익절 +2.63%
2026-06-02 10:16:27,INTC,매수,26,104.8124,,,22674.18,저점 $104.17 대비 +0.57% 반등 (RSI 34)
2026-06-02 10:26:50,AMD,매수,5,504.3821,,,20150.51,저점 $501.22 대비 +0.58% 반등 (RSI 54)
2026-06-02 10:27:53,CRDO,매수,13,212.0278,,,17392.22,저점 $210.72 대비 +0.57% 반등 (RSI 50)
2026-06-02 11:21:25,SLB,매도,49,56.1019,66.17,2.47,20139.2,고점 $56.43 대비 -0.50% → 익절 +2.67%
2026-06-02 11:22:06,CRDO,매도,13,219.5932,94.34,3.422,22991.83,고점 $222.25 대비 -1.00% → 익절 +3.62%
2026-06-02 12:06:00,INTC,매도,26,107.7462,72.33,2.654,25791.19,고점 $109.00 대비 -1.00% → 익절 +2.85%
2026-06-03 09:34:51,AMD,매도,5,530.3814,126.3,5.008,28441.16,고점 $533.82 대비 -0.50% → 익절 +5.21%
2026-06-03 10:16:21,SHOP,매수,24,113.3109,,,25719.79,저점 $112.65 대비 +0.54% 반등 (RSI 51)
2026-06-03 10:16:55,CRDO,매수,13,205.3214,,,23048.75,저점 $204.00 대비 +0.60% 반등 (RSI 54)
2026-06-03 10:45:00,CRDO,매도,13,211.3942,75.07,2.813,25794.87,고점 $213.75 대비 -1.00% → 익절 +3.01%
2026-06-04 09:35:00,MU,매수,2,1014.4737,,,23764.5,"저점 $1,007.10 대비 +0.68% 반등 (RSI 80)"
2026-06-04 09:36:25,AVGO,매수,6,411.6301,,,21292.99,저점 $409.17 대비 +0.55% 반등 (RSI 60)
2026-06-04 09:38:22,CRWD,매수,16,168.8931,,,18588.81,저점 $167.81 대비 +0.60% 반등 (RSI 53)
2026-06-04 09:41:15,PANW,매수,10,270.7751,,,15879.16,저점 $269.10 대비 +0.57% 반등 (RSI 47)
2026-06-04 10:05:00,MU,매도,2,973.181,-85.43,-4.21,17824.1,손절 -4.02%
2026-06-04 10:13:04,DDOG,매수,11,241.8151,,,15162.27,저점 $240.29 대비 +0.58% 반등 (RSI 46)
2026-06-04 10:14:39,CRWD,매도,16,173.362,67.59,2.501,17934.04,고점 $175.50 대비 -1.00% → 익절 +2.70%
2026-06-04 10:20:00,NVDA,매수,13,212.3361,,,15171.74,저점 $210.97 대비 +0.60% 반등 (RSI 39)
2026-06-04 10:40:00,SHOP,매도,24,116.2059,65.54,2.41,17958.65,고점 $117.60 대비 -1.00% → 익절 +2.61%
2026-06-04 11:13:38,STX,매수,3,918.384,,,15201.56,저점 $912.69 대비 +0.57% 반등 (RSI 56)
2026-06-04 12:04:17,DDOG,매도,11,247.1336,54.66,2.055,17918.05,고점 $249.82 대비 -1.00% → 익절 +2.25%
2026-06-04 14:06:31,AVGO,매도,6,421.2347,54.05,2.189,20443.61,고점 $426.48 대비 -1.00% → 익절 +2.38%
2026-06-04 15:36:40,NVDA,매도,13,219.002,82.65,2.994,23288.56,고점 $221.60 대비 -1.00% → 익절 +3.19%
2026-06-05 09:35:13,MU,매수,2,951.9557,,,21383.32,저점 $944.54 대비 +0.73% 반등 (RSI 42)
2026-06-05 09:35:17,AMD,매수,5,502.1567,,,18870.78,저점 $499.12 대비 +0.56% 반등 (RSI 51)
2026-06-05 09:38:20,STX,매도,3,879.4451,-120.67,-4.38,21507.18,손절 -4.19%
2026-06-05 09:50:46,LRCX,매수,8,317.3902,,,18966.29,저점 $315.38 대비 +0.59% 반등 (RSI 54)
2026-06-05 09:51:36,PANW,매도,10,277.3127,61.46,2.27,21737.39,고점 $280.72 대비 -1.00% → 익절 +2.47%
2026-06-05 10:07:40,WDC,매수,5,528.3482,,,19093.8,저점 $525.03 대비 +0.58% 반등 (RSI 52)
2026-06-05 10:16:17,SNDK,매수,1,1624.3272,,,17468.33,"저점 $1,614.54 대비 +0.56% 반등 (RSI 49)"
2026-06-05 11:06:25,WDC,매도,5,547.6987,92.9,3.517,20204.83,고점 $554.16 대비 -1.00% → 익절 +3.71%
2026-06-05 11:18:27,SNDK,매도,1,1656.7541,30.08,1.852,21860.37,"고점 $1,676.42 대비 -1.00% → 익절 +2.05%"
2026-06-05 11:37:03,INTC,매수,26,104.3588,,,19145.15,저점 $103.60 대비 +0.68% 반등 (RSI 33)
2026-06-05 12:00:00,NVDA,매수,13,208.7444,,,16429.57,저점 $207.53 대비 +0.53% 반등 (RSI 32)
2026-06-05 12:04:44,AMD,매도,5,481.0427,-109.08,-4.345,18833.03,손절 -4.16%
2026-06-05 12:14:34,CRDO,매수,13,203.9887,,,16179.32,저점 $202.68 대비 +0.60% 반등 (RSI 57)
2026-06-05 12:19:17,MU,매도,2,913.3418,-79.89,-4.196,18004.67,손절 -4.01%
2026-06-05 12:50:31,CRDO,매도,13,214.327,130.51,4.921,20788.88,고점 $217.00 대비 -1.00% → 익절 +5.12%
2026-06-05 12:55:42,AVGO,매수,7,394.3356,,,18026.6,저점 $391.91 대비 +0.57% 반등 (RSI 28)
2026-06-05 13:00:00,NOW,매수,24,113.1473,,,15309.17,저점 $112.51 대비 +0.52% 반등 (RSI 34)
2026-06-05 14:57:16,INTC,매도,26,100.0899,-114.79,-4.231,17909.61,손절 -4.04%
2026-06-05 14:57:25,MRVL,매수,10,272.136,,,15186.34,저점 $269.40 대비 +0.97% 반등 (RSI 44)
2026-06-05 15:05:27,LRCX,매도,8,304.5195,-106.52,-4.195,17620.72,손절 -4.01%
2026-06-05 15:06:00,DDOG,매수,11,232.89,,,15057.14,저점 $230.57 대비 +0.96% 반등 (RSI 29)
2026-06-08 09:38:34,MRVL,매도,10,285.1643,126.3,4.641,17906.7,고점 $288.69 대비 -1.00% → 익절 +4.84%
2026-06-08 09:40:20,LRCX,매수,6,321.7839,,,15974.64,저점 $318.55 대비 +0.97% 반등 (RSI 26)
2026-06-08 09:53:41,DDOG,매도,11,237.8561,50.92,1.988,18589.15,고점 $240.79 대비 -1.00% → 익절 +2.18%
2026-06-08 09:54:22,PANW,매수,8,266.0759,,,16459.05,저점 $264.42 대비 +0.58% 반등 (RSI 41)
2026-06-09 09:56:15,AVGO,매도,7,402.8995,55.96,2.027,19277.29,고점 $407.85 대비 -1.00% → 익절 +2.22%
2026-06-09 10:00:00,MSFT,매수,14,410.5952,,,13524.93,저점 $407.21 대비 +0.78% 반등 (RSI 27)
2026-06-09 10:15:00,LRCX,매도,6,346.8565,147.56,7.643,15604.55,고점 $349.09 대비 -0.50% → 익절 +7.85%
2026-06-09 10:27:55,CRWD,매수,35,160.8654,,,9970.32,저점 $159.88 대비 +0.56% 반등 (RSI 34)
2026-06-09 10:54:32,NOW,매도,24,108.4078,-117.55,-4.329,12570.21,손절 -4.14%
2026-06-09 11:22:00,EOG,매수,41,137.4247,,,6931.85,저점 $136.62 대비 +0.54% 반등 (RSI 40)
2026-06-09 11:56:15,PANW,매도,8,255.1879,-90.08,-4.232,8971.87,손절 -4.04%
2026-06-09 12:18:00,NVDA,매도,13,199.95,-118.12,-4.353,11569.32,손절 -4.17%
2026-06-09 12:20:31,MRVL,매수,22,247.2123,,,6126.84,저점 $245.68 대비 +0.57% 반등 (RSI 37)
2026-06-09 12:24:32,DDOG,매수,25,222.2261,,,567.3,저점 $220.84 대비 +0.58% 반등 (RSI 29)
2026-06-09 13:37:16,MRVL,매도,22,254.9169,161.6,2.971,6171.38,고점 $257.92 대비 -1.00% → 익절 +3.17%
2026-06-09 13:44:07,MDB,매수,17,331.9479,,,524.31,저점 $329.71 대비 +0.63% 반등 (RSI 29)
2026-06-10 10:26:28,DDOG,매도,25,231.482,223.29,4.019,6307.14,고점 $234.26 대비 -1.00% → 익절 +4.22%
2026-06-10 10:28:50,NET,매수,26,226.113,,,424.09,저점 $224.71 대비 +0.57% 반등 (RSI 33)
2026-06-10 10:47:08,MDB,매도,17,355.4949,391.94,6.945,6463.09,고점 $359.50 대비 -1.00% → 익절 +7.15%
2026-06-10 11:02:43,AAPL,매수,20,290.2438,,,654.15,저점 $288.45 대비 +0.57% 반등 (RSI 24)
2026-06-10 14:06:55,EOG,매도,41,140.9012,134.38,2.385,6426.88,고점 $142.44 대비 -1.00% → 익절 +2.58%
2026-06-11 09:35:00,ORCL,매수,32,180.8054,,,637.06,저점 $179.67 대비 +0.58% 반등 (RSI 38)
2026-06-11 09:36:18,NET,매도,26,216.7586,-251.44,-4.277,6268.67,손절 -4.09%
2026-06-11 09:47:08,NOW,매수,56,102.3547,,,532.79,저점 $101.70 대비 +0.59% 반등 (RSI 34)
2026-06-11 09:53:20,MSFT,매도,14,393.5295,-246.97,-4.296,6038.18,손절 -4.11%
2026-06-11 10:26:40,CRWD,매도,35,168.0522,243.3,4.321,11915.72,고점 $169.12 대비 -0.50% → 익절 +4.52%
2026-06-11 12:58:41,CDNS,매수,15,379.5351,,,6218.7,저점 $377.21 대비 +0.57% 반등 (RSI 41)
2026-06-15 10:18:00,KO,매수,44,80.8074,,,2660.69,저점 $80.32 대비 +0.56% 반등 (RSI 55)
2026-06-15 10:26:00,NOW,매도,56,105.4301,163.9,2.859,8560.47,고점 $106.58 대비 -1.00% → 익절 +3.06%
2026-06-15 10:39:13,SLB,매수,66,54.5256,,,4959.26,저점 $54.20 대비 +0.55% 반등 (RSI 34)
2026-06-15 11:40:54,CDNS,매도,15,394.2245,212.04,3.725,10868.31,고점 $396.42 대비 -0.50% → 익절 +3.92%
2026-06-15 13:11:32,ORCL,매도,32,192.9658,380.58,6.578,17038.71,고점 $195.32 대비 -1.00% → 익절 +6.78%
2026-06-16 15:51:00,AAPL,매도,20,299.2603,171.9,2.961,23019.54,보유기한 청산 +3.16%
2026-06-17 09:50:00,SLB,매도,66,52.291,-152.52,-4.238,26468.23,손절 -4.05%
2026-06-18 09:35:27,DDOG,매수,26,225.3114,,,20606.03,저점 $224.04 대비 +0.52% 반등 (RSI 38)
2026-06-18 09:54:00,FTNT,매수,42,140.6658,,,14693.93,저점 $139.79 대비 +0.58% 반등 (RSI 46)
2026-06-18 10:14:12,NET,매수,27,217.3511,,,8821.35,저점 $216.03 대비 +0.56% 반등 (RSI 38)
2026-06-18 10:15:27,DDOG,매도,26,216.0863,-248.05,-4.234,14435.49,손절 -4.05%
2026-06-18 10:18:00,CRWD,매수,35,166.2731,,,8611.86,저점 $165.23 대비 +0.58% 반등 (RSI 49)
2026-06-18 10:24:00,MDB,매수,18,316.3971,,,2912.72,저점 $314.56 대비 +0.53% 반등 (RSI 35)
2026-06-18 10:28:30,FTNT,매도,42,143.4183,107.07,1.812,8931.89,고점 $145.16 대비 -1.00% → 익절 +2.01%
2026-06-18 10:30:00,PANW,매수,21,278.8594,,,3071.75,저점 $276.46 대비 +0.82% 반등 (RSI 46)
2026-06-18 11:21:25,CRWD,매도,35,169.4702,103.5,1.778,8998.87,고점 $171.51 대비 -1.00% → 익절 +1.97%
2026-06-18 11:24:32,NET,매도,27,221.9975,116.97,1.993,14988.43,고점 $224.71 대비 -1.00% → 익절 +2.19%
2026-06-18 14:02:43,MNST,매수,132,45.8504,,,8931.94,저점 $45.57 대비 +0.57% 반등 (RSI 36)
2026-06-18 14:57:16,PANW,매도,21,285.807,137.42,2.347,14929.51,고점 $287.74 대비 -0.50% → 익절 +2.54%
2026-06-18 15:33:12,MDB,매도,18,328.7755,214.5,3.766,20843.15,고점 $332.92 대비 -1.00% → 익절 +3.96%
2026-06-22 10:20:00,CDNS,매수,9,383.4866,,,17389.35,저점 $381.10 대비 +0.58% 반등 (RSI 41)
2026-06-22 10:45:00,MDB,매수,11,311.6419,,,13958.89,저점 $309.68 대비 +0.58% 반등 (RSI 30)
2026-06-22 12:54:00,NET,매수,17,213.6611,,,10324.11,저점 $212.32 대비 +0.58% 반등 (RSI 26)
2026-06-22 15:51:49,KO,매도,44,79.5002,-62.56,-1.759,13819.57,보유기한 청산 -1.57%
2026-06-23 09:40:35,STX,매수,3,992.1583,,,10841.01,저점 $985.80 대비 +0.59% 반등 (RSI 60)
2026-06-23 09:47:08,MNST,매도,132,47.1339,160.64,2.654,17058.14,고점 $47.44 대비 -0.50% → 익절 +2.85%
2026-06-23 09:47:43,WDC,매수,5,657.1802,,,13769.94,저점 $653.00 대비 +0.59% 반등 (RSI 56)
2026-06-23 10:23:10,WDC,매도,5,674.7884,83.28,2.534,17141.42,고점 $682.53 대비 -1.00% → 익절 +2.73%
2026-06-23 10:28:14,STX,매도,3,1020.0247,79.28,2.664,20199.26,"고점 $1,032.70 대비 -1.00% → 익절 +2.86%"
2026-06-23 11:27:23,MRVL,매수,13,281.3656,,,16538.95,저점 $279.75 대비 +0.53% 반등 (RSI 38)
2026-06-23 11:48:45,LRCX,매수,10,369.0489,,,12845.88,저점 $366.67 대비 +0.60% 반등 (RSI 39)
2026-06-23 13:11:32,MDB,매도,11,322.0039,109.0,3.18,16385.33,고점 $325.69 대비 -1.00% → 익절 +3.38%
2026-06-23 14:08:34,NET,매도,17,227.382,227.89,6.274,20248.01,고점 $230.11 대비 -1.00% → 익절 +6.48%
2026-06-24 09:51:00,INTC,매수,28,130.8589,,,16581.39,저점 $130.03 대비 +0.59% 반등 (RSI 49)
2026-06-24 10:00:00,AAPL,매수,12,294.9774,,,13039.19,저점 $293.20 대비 +0.56% 반등 (RSI 40)
2026-06-24 10:01:18,MRVL,매도,13,269.9042,-154.12,-4.214,16545.38,손절 -4.03%
2026-06-24 10:12:34,AMD,매수,7,512.9272,,,12952.37,저점 $509.84 대비 +0.56% 반등 (RSI 44)
2026-06-24 10:25:30,INTC,매도,28,133.5911,71.21,1.943,16690.19,고점 $135.12 대비 -1.00% → 익절 +2.14%
2026-06-24 10:28:27,STX,매수,3,1009.3895,,,13659.91,"저점 $1,003.07 대비 +0.58% 반등 (RSI 48)"
2026-06-24 13:19:05,STX,매도,3,967.8058,-128.99,-4.26,16561.2,손절 -4.07%
2026-06-24 13:48:56,SNDK,매수,1,1875.6464,,,14684.25,"저점 $1,863.76 대비 +0.59% 반등 (RSI 28)"
2026-06-25 09:36:12,LRCX,매도,10,405.3538,357.51,9.687,18734.82,고점 $407.99 대비 -0.50% → 익절 +9.89%
2026-06-25 09:43:13,AMD,매도,7,544.0259,212.4,5.916,22540.23,고점 $550.88 대비 -1.00% → 익절 +6.12%
2026-06-25 09:46:17,SNDK,매도,1,2263.6058,384.99,20.526,24802.18,"고점 $2,292.00 대비 -1.00% → 익절 +20.74%"
2026-06-25 09:57:51,AAPL,매도,12,282.9884,-148.82,-4.204,28195.56,손절 -4.02%
2026-06-25 10:10:00,CDNS,매도,9,367.4235,-149.4,-4.329,31499.96,손절 -4.14%
2026-08-26 09:39:43,NET,매수,22,274.0169,,,25467.37,저점 $272.29 대비 +0.58% 반등 (RSI 34)
2026-08-26 09:42:00,PANW,매수,19,330.1082,,,19190.92,저점 $328.00 대비 +0.59% 반등 (RSI 30)
2026-08-26 09:42:51,CRM,매수,31,200.2034,,,12980.27,저점 $198.95 대비 +0.58% 반등 (RSI 46)
2026-08-26 09:43:42,MDB,매수,16,390.5143,,,6727.67,저점 $388.08 대비 +0.58% 반등 (RSI 39)
2026-08-26 09:44:24,NOW,매수,51,122.6633,,,467.46,저점 $121.88 대비 +0.59% 반등 (RSI 46)
2026-08-26 10:24:51,PANW,매도,19,338.3945,148.36,2.365,6892.26,고점 $342.25 대비 -1.00% → 익절 +2.56%
2026-08-26 10:28:22,NET,매도,22,283.4882,199.59,3.311,13124.45,고점 $286.60 대비 -1.00% → 익절 +3.51%
2026-08-26 11:10:00,MDB,매도,16,402.1138,176.52,2.825,19553.57,고점 $406.74 대비 -1.00% → 익절 +3.02%
2026-08-27 10:24:40,NOW,매도,51,138.4766,796.95,12.739,26610.73,고점 $139.32 대비 -0.50% → 익절 +12.95%
2026-08-27 10:26:32,CRM,매도,31,248.2958,1480.9,23.861,34302.28,고점 $249.80 대비 -0.50% → 익절 +24.08%
2026-08-28 09:35:20,MRVL,매수,30,227.2075,,,27481.28,저점 $225.31 대비 +0.79% 반등 (RSI 52)
2026-08-28 12:08:10,MRVL,매도,30,217.7877,-292.14,-4.286,34010.14,손절 -4.10%
2026-08-31 10:26:00,SHOP,매수,46,145.7253,,,27302.08,저점 $144.88 대비 +0.53% 반등 (RSI 50)
2026-09-01 09:51:10,MSFT,매수,13,499.7868,,,20800.31,저점 $496.78 대비 +0.55% 반등 (RSI 53)
2026-09-01 10:25:42,MDB,매수,15,437.5562,,,14232.37,저점 $434.78 대비 +0.59% 반등 (RSI 69)
2026-09-01 10:37:49,NET,매수,23,293.8556,,,7468.96,저점 $291.71 대비 +0.69% 반등 (RSI 42)
2026-09-01 11:34:17,ORCL,매수,47,143.0181,,,742.4,저점 $142.09 대비 +0.60% 반등 (RSI 34)
2026-09-01 14:40:00,SHOP,매도,46,139.7601,-283.79,-4.233,7166.67,손절 -4.05%
2026-09-02 09:30:00,MDB,매도,15,378.1858,-899.29,-13.702,12835.32,손절 -13.53%
2026-09-02 09:50:46,NET,매도,23,281.4021,-295.89,-4.378,19302.84,손절 -4.19%
2026-09-03 09:42:37,MDB,매수,17,377.9296,,,12873.54,저점 $375.51 대비 +0.59% 반등 (RSI 24)
2026-09-03 10:18:00,MU,매수,7,924.6605,,,6396.39,저점 $918.88 대비 +0.58% 반등 (RSI 59)
2026-09-03 10:20:31,MDB,매도,17,386.5925,137.97,2.148,12963.66,고점 $391.12 대비 -1.00% → 익절 +2.34%
2026-09-03 11:26:15,ORCL,매도,47,152.6806,444.19,6.608,20134.41,고점 $153.70 대비 -0.50% → 익절 +6.81%
2026-09-03 11:57:41,MU,매도,7,946.3416,142.4,2.2,26753.97,고점 $956.61 대비 -1.00% → 익절 +2.40%
2026-09-03 12:06:00,MSFT,매도,13,511.744,146.04,2.248,33401.79,고점 $514.97 대비 -0.50% → 익절 +2.44%
2026-09-15 10:17:22,SLB,매수,125,53.4142,,,26720.34,저점 $53.09 대비 +0.56% 반등 (RSI 25)
2026-09-15 10:55:42,ORCL,매수,46,143.0701,,,20134.5,저점 $142.21 대비 +0.55% 반등 (RSI 28)
2026-09-15 13:00:00,SNDK,매수,4,1529.2102,,,14013.38,"저점 $1,519.56 대비 +0.58% 반등 (RSI 29)"
2026-09-17 10:11:49,SNDK,매도,4,1615.5606,336.4,5.5,20470.91,"고점 $1,625.35 대비 -0.50% → 익절 +5.70%"
2026-09-17 10:30:00,ORCL,매도,46,150.5497,334.4,5.081,27391.14,고점 $151.43 대비 -0.50% → 익절 +5.28%
2026-09-18 10:02:00,SLB,매도,125,51.2436,-280.67,-4.204,33791.92,손절 -4.02%
2026-09-18 10:02:43,KO,매수,76,88.0065,,,27098.74,저점 $87.52 대비 +0.51% 반등 (RSI 45)
2026-09-18 10:25:00,PANW,매수,18,358.117,,,20648.12,저점 $356.00 대비 +0.54% 반등 (RSI 57)
2026-09-18 10:26:28,CRWD,매수,28,236.3531,,,14025.61,저점 $234.90 대비 +0.57% 반등 (RSI 64)
2026-09-18 10:27:36,NOW,매수,49,136.1881,,,7347.72,저점 $135.27 대비 +0.63% 반등 (RSI 45)
2026-09-18 10:51:25,CRM,매수,28,239.1981,,,645.48,저점 $237.60 대비 +0.62% 반등 (RSI 28)
2026-09-21 12:02:43,PANW,매도,18,370.5996,215.31,3.34,7311.41,고점 $374.56 대비 -1.00% → 익절 +3.54%
2026-09-22 09:42:00,NOW,매도,49,141.1868,235.22,3.525,14224.51,고점 $142.10 대비 -0.50% → 익절 +3.72%
2026-09-22 09:53:28,CRWD,매도,28,247.4062,299.8,4.53,21146.83,고점 $250.31 대비 -1.00% → 익절 +4.73%
2026-09-23 15:25:00,ORCL,매수,47,145.3326,,,14311.41,저점 $144.44 대비 +0.57% 반등 (RSI 42)
2026-09-24 09:30:00,ORCL,매도,47,137.2513,-389.31,-5.699,20757.52,손절 -5.51%
2026-09-24 15:51:00,KO,매도,76,88.0559,-5.81,-0.087,27444.88,보유기한 청산 +0.11%
2026-09-24 15:51:49,CRM,매도,28,238.1709,-38.32,-0.572,34108.8,보유기한 청산 -0.38%
