시각(ET),종목,구분,수량,가격($),손익($),수익률(%),가상현금($),사유
2023-11-28 09:36:25,MU,매수,26,75.5528,,,8034.25,저점 $75.08 대비 +0.58% 반등 (RSI 52)
2023-11-28 09:50:00,NET,매수,27,73.2675,,,6054.65,저점 $72.83 대비 +0.55% 반등 (RSI 53)
2023-11-28 09:50:52,CRWD,매수,38,52.1386,,,4071.99,저점 $51.81 대비 +0.59% 반등 (RSI 53)
2023-11-28 09:54:00,MDB,매수,5,399.8962,,,2071.11,저점 $397.46 대비 +0.56% 반등 (RSI 46)
2023-11-28 09:57:41,AVGO,매수,21,94.1856,,,91.83,저점 $93.60 대비 +0.57% 반등 (RSI 28)
2023-11-28 10:02:43,MNST,매수,3,27.4956,,,9.29,저점 $27.34 대비 +0.53% 반등 (RSI 40)
2023-11-29 09:34:36,CRWD,매도,38,54.6801,93.68,4.728,2085.62,고점 $55.00 대비 -0.50% → 익절 +4.93%
2023-11-29 09:35:27,NET,매도,27,75.5622,59.08,2.987,4124.31,고점 $76.00 대비 -0.50% → 익절 +3.18%
2023-11-29 09:54:00,UNH,매수,3,531.8596,,,2527.61,저점 $528.65 대비 +0.56% 반등 (RSI 44)
2023-11-29 10:18:34,MU,매도,26,78.5232,74.37,3.786,4567.72,고점 $79.02 대비 -0.50% → 익절 +3.98%
2023-11-29 10:22:56,MDB,매도,5,415.5934,75.57,3.779,6644.17,고점 $417.98 대비 -0.50% → 익절 +3.98%
2023-11-29 10:26:00,LLY,매수,3,588.324,,,4877.97,저점 $584.44 대비 +0.61% 반등 (RSI 45)
2023-11-29 11:00:00,SLB,매수,39,51.7999,,,2856.36,저점 $51.48 대비 +0.57% 반등 (RSI 37)
2023-11-29 11:57:16,BKNG,매수,16,124.9276,,,856.11,저점 $124.16 대비 +0.57% 반등 (RSI 41)
2023-11-29 12:00:00,META,매수,2,332.7103,,,190.23,저점 $330.78 대비 +0.53% 반등 (RSI 34)
2023-11-29 12:00:00,ROST,매수,1,130.2568,,,59.88,저점 $129.53 대비 +0.51% 반등 (RSI 43)
2023-11-30 10:26:40,SLB,매도,39,53.0685,46.55,2.304,2128.04,고점 $53.40 대비 -0.50% → 익절 +2.50%
2023-11-30 10:30:00,DHI,매수,16,126.5532,,,101.77,저점 $125.43 대비 +0.85% 반등 (RSI 46)
2023-11-30 12:05:00,UNH,매도,3,548.5093,47.63,2.985,1746.1,고점 $551.95 대비 -0.50% → 익절 +3.18%
2023-11-30 12:06:00,EOG,매수,14,122.6113,,,28.34,저점 $121.86 대비 +0.57% 반등 (RSI 42)
2023-12-01 13:48:00,DHI,매도,16,130.3148,57.25,2.827,2111.85,고점 $131.10 대비 -0.50% → 익절 +3.02%
2023-12-01 14:00:00,MRVL,매수,39,52.6513,,,57.01,저점 $52.36 대비 +0.51% 반등 (RSI 32)
2023-12-04 09:30:00,META,매도,2,315.5222,-35.3,-5.305,687.6,손절 -5.12%
2023-12-04 15:51:00,AVGO,매도,21,92.2235,-44.0,-2.225,2622.88,보유기한 청산 -2.03%
2023-12-04 15:51:00,MNST,매도,3,27.5962,0.18,0.223,2705.61,보유기한 청산 +0.42%
2023-12-05 09:40:35,LRCX,매수,29,70.03,,,673.31,저점 $69.63 대비 +0.52% 반등 (RSI 46)
2023-12-05 09:42:51,TSLA,매수,2,235.187,,,202.61,저점 $233.70 대비 +0.59% 반등 (RSI 42)
2023-12-05 09:45:00,AMZN,매수,1,144.042,,,58.47,저점 $143.13 대비 +0.59% 반등 (RSI 45)
2023-12-05 10:36:40,TSLA,매도,2,241.9069,12.76,2.712,541.93,고점 $243.29 대비 -0.50% → 익절 +2.91%
2023-12-05 10:38:34,AMD,매수,4,117.8822,,,70.07,저점 $116.99 대비 +0.71% 반등 (RSI 36)
2023-12-05 10:58:14,AMZN,매도,1,147.6543,3.4,2.363,217.61,고점 $148.57 대비 -0.50% → 익절 +2.56%
2023-12-05 10:58:34,SHIP,매수,32,6.77,,,0.82,저점 $6.70 대비 +1.00% 반등 (RSI 35)
2023-12-05 11:40:54,MRVL,매도,39,50.5147,-86.2,-4.198,1969.46,손절 -4.01%
2023-12-05 11:43:50,CROX,매수,19,103.3316,,,4.78,저점 $102.56 대비 +0.70% 반등 (RSI 44)
2023-12-05 15:41:03,SHIP,매도,32,6.9232,4.59,2.118,226.16,고점 $7.01 대비 -1.00% → 익절 +2.31%
2023-12-05 15:51:00,BKNG,매도,16,125.9102,12.85,0.643,2239.26,보유기한 청산 +0.84%
2023-12-05 15:51:00,LLY,매도,3,588.1358,-3.09,-0.175,4002.38,보유기한 청산 +0.02%
2023-12-05 15:51:00,ROST,매도,1,132.2039,1.76,1.351,4134.48,보유기한 청산 +1.55%
2023-12-06 09:35:00,MDB,매수,5,411.4923,,,2075.58,저점 $409.07 대비 +0.54% 반등 (RSI 66)
2023-12-06 09:54:00,SLB,매수,41,50.3952,,,7.93,저점 $50.07 대비 +0.60% 반등 (RSI 32)
2023-12-06 09:56:40,AMD,매도,4,122.0842,16.12,3.419,495.91,고점 $122.83 대비 -0.50% → 익절 +3.62%
2023-12-06 10:00:00,NEM,매수,12,39.7732,,,18.3,저점 $39.53 대비 +0.55% 반등 (RSI 43)
2023-12-06 10:10:20,CRDO,매수,1,17.6431,,,0.64,저점 $17.53 대비 +0.59% 반등 (RSI 50)
2023-12-06 10:43:50,CRDO,매도,1,18.0432,0.37,2.123,18.67,고점 $18.26 대비 -1.00% → 익절 +2.32%
2023-12-06 11:13:04,CRDO,매수,1,17.5942,,,1.07,저점 $17.49 대비 +0.57% 반등 (RSI 42)
2023-12-06 14:12:00,MDB,매도,5,394.3592,-88.55,-4.304,1971.42,손절 -4.12%
2023-12-06 15:51:49,EOG,매도,14,119.7034,-43.13,-2.513,3646.05,보유기한 청산 -2.32%
2023-12-07 09:42:51,CRM,매수,8,250.3601,,,1641.77,저점 $248.75 대비 +0.60% 반등 (RSI 49)
2023-12-07 09:51:40,MDB,매수,4,385.7228,,,97.8,저점 $383.26 대비 +0.59% 반등 (RSI 25)
2023-12-07 09:53:28,SHOP,매수,1,70.4837,,,27.26,저점 $70.04 대비 +0.58% 반등 (RSI 36)
2023-12-07 11:14:00,SLB,매도,41,48.2887,-89.26,-4.32,2005.66,손절 -4.13%
2023-12-07 11:26:00,NET,매수,26,76.6283,,,11.93,저점 $76.12 대비 +0.62% 반등 (RSI 42)
2023-12-08 11:02:18,SHOP,매도,1,71.955,1.37,1.943,83.83,고점 $72.73 대비 -1.00% → 익절 +2.14%
2023-12-08 11:11:32,CRDO,매도,1,17.941,0.32,1.827,101.76,고점 $18.15 대비 -1.00% → 익절 +2.02%
2023-12-11 10:18:00,NET,매도,26,78.5093,46.02,2.31,2141.51,고점 $78.96 대비 -0.50% → 익절 +2.51%
2023-12-11 10:22:30,MDB,매도,4,397.8143,46.12,2.989,3731.6,고점 $402.39 대비 -1.00% → 익절 +3.19%
2023-12-11 10:26:28,UNH,매수,3,542.4611,,,2103.08,저점 $539.06 대비 +0.58% 반등 (RSI 56)
2023-12-11 10:30:00,LRCX,매도,29,72.7146,74.89,3.688,4210.27,고점 $73.14 대비 -0.50% → 익절 +3.89%
2023-12-11 11:02:43,AMZN,매수,14,144.8574,,,2180.84,저점 $143.93 대비 +0.59% 반등 (RSI 34)
2023-12-11 11:51:10,LLY,매수,3,571.0536,,,466.48,저점 $567.41 대비 +0.59% 반등 (RSI 31)
2023-12-11 12:25:23,TSLA,매수,1,238.8279,,,227.49,저점 $237.45 대비 +0.53% 반등 (RSI 45)
2023-12-11 15:51:00,CROX,매도,19,104.6343,21.93,1.117,2214.09,보유기한 청산 +1.31%
2023-12-12 09:44:28,ORCL,매수,20,102.6813,,,159.02,저점 $102.05 대비 +0.57% 반등 (RSI 64)
2023-12-12 09:51:00,DDOG,매수,1,113.3191,,,45.63,저점 $112.59 대비 +0.60% 반등 (RSI 48)
2023-12-12 10:16:40,NEM,매도,12,38.1609,-20.02,-4.194,503.22,손절 -4.01%
2023-12-12 10:20:00,EOG,매수,4,117.5211,,,32.81,저점 $116.78 대비 +0.58% 반등 (RSI 48)
2023-12-13 10:00:00,AMZN,매도,14,148.58,49.18,2.425,2111.41,고점 $149.46 대비 -0.50% → 익절 +2.62%
2023-12-13 10:00:00,RTX,매수,25,80.9762,,,85.59,저점 $80.52 대비 +0.52% 반등 (RSI 38)
2023-12-13 10:08:10,CRM,매도,8,256.1818,43.68,2.181,2133.55,고점 $257.90 대비 -0.50% → 익절 +2.38%
2023-12-13 10:10:00,SHIP,매수,302,6.8441,,,65.17,저점 $6.80 대비 +0.60% 반등 (RSI 47)
2023-12-13 11:12:51,TSLA,매도,1,228.9797,-10.18,-4.264,293.98,손절 -4.08%
2023-12-13 13:46:21,NET,매수,3,78.044,,,59.69,저점 $77.52 대비 +0.63% 반등 (RSI 45)
2023-12-13 15:20:00,NET,매도,3,80.9645,8.42,3.596,302.4,고점 $81.45 대비 -0.50% → 익절 +3.79%
2023-12-13 15:56:07,SHIP,매도,302,7.1531,90.28,4.368,2461.06,고점 $7.24 대비 -1.00% → 익절 +4.57%
2023-12-14 09:42:30,LLY,매도,3,591.9345,60.15,3.511,4235.57,고점 $598.67 대비 -1.00% → 익절 +3.71%
2023-12-14 09:48:00,RTX,매도,25,83.5774,62.09,3.067,6323.48,고점 $84.09 대비 -0.50% → 익절 +3.26%
2023-12-14 10:13:38,DDOG,매도,1,120.2223,6.74,5.944,6443.61,고점 $120.96 대비 -0.50% → 익절 +6.14%
2023-12-14 10:25:12,PGR,매수,13,156.7208,,,4404.81,저점 $155.75 대비 +0.57% 반등 (RSI 35)
2023-12-14 11:22:00,NOW,매수,15,138.1646,,,2330.89,저점 $137.19 대비 +0.66% 반등 (RSI 36)
2023-12-14 12:06:00,GOOGL,매수,15,131.5307,,,356.55,저점 $130.58 대비 +0.68% 반등 (RSI 35)
2023-12-14 14:06:00,EOG,매도,4,120.4897,11.19,2.381,838.16,고점 $121.26 대비 -0.50% → 익절 +2.58%
2023-12-15 09:41:29,PGR,매도,13,150.2556,-86.9,-4.265,2790.06,손절 -4.08%
2023-12-15 10:18:00,LLY,매수,3,565.1574,,,1093.4,저점 $561.65 대비 +0.57% 반등 (RSI 41)
2023-12-15 10:19:24,ROST,매수,8,133.8349,,,21.97,저점 $133.03 대비 +0.55% 반등 (RSI 48)
2023-12-15 15:51:49,UNH,매도,3,531.0793,-36.45,-2.24,1614.04,보유기한 청산 -2.05%
2023-12-18 09:51:10,PGR,매수,10,155.3852,,,59.1,저점 $154.43 대비 +0.57% 반등 (RSI 29)
2023-12-18 11:00:00,GOOGL,매도,15,135.259,53.06,2.689,2086.51,고점 $136.10 대비 -0.50% → 익절 +2.89%
2023-12-18 13:06:00,LLY,매도,3,575.9919,30.06,1.773,3813.22,고점 $583.05 대비 -1.00% → 익절 +1.97%
2023-12-18 15:48:00,ORCL,매도,20,104.9275,41.95,2.043,5910.24,고점 $106.16 대비 -1.00% → 익절 +2.24%
2023-12-19 09:51:10,GS,매수,5,376.9279,,,4024.28,저점 $374.55 대비 +0.59% 반등 (RSI 57)
2023-12-19 09:54:42,USB,매수,48,44.0854,,,1906.7,저점 $43.82 대비 +0.56% 반등 (RSI 54)
2023-12-19 09:55:15,FTNT,매수,33,56.1477,,,52.53,저점 $55.80 대비 +0.57% 반등 (RSI 46)
2023-12-20 09:57:41,DAL,매수,1,40.7854,,,11.72,저점 $40.56 대비 +0.51% 반등 (RSI 42)
2023-12-20 11:00:00,FTNT,매도,33,58.2669,67.23,3.629,1933.12,고점 $58.63 대비 -0.50% → 익절 +3.83%
2023-12-20 11:00:00,MU,매수,23,81.0255,,,68.23,저점 $80.52 대비 +0.58% 반등 (RSI 42)
2023-12-20 12:00:00,WDC,매수,1,38.0768,,,30.13,저점 $37.85 대비 +0.54% 반등 (RSI 42)
2023-12-20 15:08:10,USB,매도,48,42.2888,-89.2,-4.215,2058.51,손절 -4.03%
2023-12-20 15:22:56,SHIP,매수,289,7.101,,,4.87,저점 $7.06 대비 +0.53% 반등 (RSI 49)
2023-12-20 15:51:49,NOW,매도,15,138.6893,4.9,0.236,2083.69,보유기한 청산 +0.43%
2023-12-21 09:38:34,CROX,매수,20,103.2166,,,17.91,저점 $102.61 대비 +0.54% 반등 (RSI 27)
2023-12-21 09:49:17,MU,매도,23,85.4804,99.72,5.351,1982.53,고점 $86.02 대비 -0.50% → 익절 +5.55%
2023-12-21 09:50:00,STX,매수,23,82.8573,,,75.48,저점 $82.01 대비 +0.98% 반등 (RSI 30)
2023-12-21 10:24:00,WDC,매도,1,38.9998,0.87,2.279,114.45,고점 $39.25 대비 -0.50% → 익절 +2.48%
2023-12-21 11:00:00,DASH,매수,1,99.112,,,15.27,저점 $98.50 대비 +0.57% 반등 (RSI 34)
2023-12-21 15:51:00,ROST,매도,8,135.7588,13.85,1.293,1100.54,보유기한 청산 +1.49%
2023-12-22 09:47:30,CROX,매도,20,98.9762,-87.7,-4.248,3078.62,손절 -4.06%
2023-12-22 09:53:28,RL,매수,14,144.1871,,,1058.59,저점 $143.31 대비 +0.56% 반등 (RSI 68)
2023-12-22 10:12:51,CDNS,매수,3,270.6462,,,246.08,저점 $269.01 대비 +0.56% 반등 (RSI 58)
2023-12-22 10:18:00,SHIP,매도,289,7.405,84.86,4.135,2384.58,고점 $7.45 대비 -0.50% → 익절 +4.33%
2023-12-22 14:45:00,STX,매도,23,84.7976,41.87,2.197,4333.5,고점 $85.72 대비 -1.00% → 익절 +2.39%
2023-12-22 14:54:00,MDB,매수,5,403.2628,,,2315.77,저점 $400.86 대비 +0.55% 반등 (RSI 37)
2023-12-22 15:02:43,DHI,매수,14,149.8674,,,216.16,저점 $148.96 대비 +0.56% 반등 (RSI 44)
2023-12-22 15:51:00,PGR,매도,10,157.821,22.12,1.424,1793.22,보유기한 청산 +1.62%
2023-12-26 10:00:00,CDNS,매도,3,277.5754,19.61,2.415,2625.34,고점 $279.18 대비 -0.50% → 익절 +2.61%
2023-12-26 14:22:00,MDB,매도,5,414.9624,55.57,2.756,4698.64,고점 $417.60 대비 -0.50% → 익절 +2.95%
2023-12-26 15:51:00,DAL,매도,1,40.7363,-0.11,-0.263,4739.34,보유기한 청산 -0.07%
2023-12-26 15:51:00,GS,매도,5,380.8128,16.72,0.887,6642.02,보유기한 청산 +1.08%
2023-12-27 12:08:10,CROX,매수,22,95.5978,,,4537.39,저점 $94.94 대비 +0.64% 반등 (RSI 25)
2023-12-27 15:51:00,DASH,매도,1,100.7013,1.45,1.459,4638.02,보유기한 청산 +1.65%
2023-12-28 09:54:00,VZ,매수,58,37.3749,,,2468.76,저점 $37.15 대비 +0.56% 반등 (RSI 42)
2023-12-28 10:00:00,USB,매수,49,43.5198,,,334.8,저점 $43.27 대비 +0.53% 반등 (RSI 54)
2023-12-28 11:00:00,GOOGL,매수,2,140.6003,,,53.4,저점 $139.75 대비 +0.56% 반등 (RSI 50)
2023-12-28 15:51:00,DHI,매도,14,151.8707,25.03,1.193,2178.04,보유기한 청산 +1.39%
2023-12-28 15:51:00,RL,매도,14,145.8204,19.96,0.989,4218.03,보유기한 청산 +1.18%
2023-12-29 09:42:00,NET,매수,25,84.6798,,,2099.56,저점 $84.18 대비 +0.54% 반등 (RSI 45)
2023-12-29 09:52:30,FCX,매수,49,42.535,,,13.88,저점 $42.27 대비 +0.58% 반등 (RSI 56)
2023-12-29 13:10:50,DAVE,매수,1,7.9408,,,5.94,저점 $7.89 대비 +0.59% 반등 (RSI 49)
2023-12-29 14:02:18,DAVE,매도,1,8.1919,0.24,3.017,14.12,고점 $8.28 대비 -1.00% → 익절 +3.21%
2023-12-29 14:58:07,DAVE,매수,1,8.1113,,,6.0,저점 $8.06 대비 +0.59% 반등 (RSI 43)
2024-01-02 09:30:00,DAVE,매도,1,8.1459,0.02,0.284,14.14,고점 $8.41 대비 -1.00% → 익절 +0.48%
2024-01-02 09:45:00,NET,매도,25,81.2013,-89.93,-4.248,2042.7,손절 -4.06%
2024-01-02 09:51:00,DHI,매수,13,148.997,,,104.38,저점 $148.04 대비 +0.60% 반등 (RSI 55)
2024-01-02 09:52:53,DAVE,매수,13,7.7796,,,3.17,저점 $7.73 대비 +0.59% 반등 (RSI 50)
2024-01-02 10:27:37,DAVE,매도,13,8.257,6.06,5.989,110.44,고점 $8.35 대비 -1.00% → 익절 +6.19%
2024-01-02 10:54:00,CRDO,매수,5,18.6301,,,17.22,저점 $18.51 대비 +0.59% 반등 (RSI 23)
2024-01-02 10:57:41,VZ,매도,58,38.7421,76.14,3.512,2262.62,고점 $38.97 대비 -0.50% → 익절 +3.71%
2024-01-02 10:57:41,WDC,매수,56,38.5416,,,102.78,저점 $38.31 대비 +0.56% 반등 (RSI 25)
2024-01-02 11:00:00,FTNT,매수,1,57.979,,,44.76,저점 $57.63 대비 +0.56% 반등 (RSI 29)
2024-01-02 15:50:00,CROX,매도,22,93.7631,-43.34,-2.061,2106.05,보유기한 청산 -1.87%
2024-01-03 09:35:17,NET,매수,27,77.7417,,,5.55,저점 $77.24 대비 +0.60% 반등 (RSI 27)
2024-01-03 09:57:41,FCX,매도,49,40.8021,-87.83,-4.214,2003.39,손절 -4.03%
2024-01-03 09:58:00,SLB,매수,38,52.056,,,23.88,저점 $51.66 대비 +0.72% 반등 (RSI 40)
2024-01-03 15:51:00,GOOGL,매도,2,138.644,-4.31,-1.533,300.96,보유기한 청산 -1.34%
2024-01-03 15:51:49,USB,매도,49,42.6787,-44.23,-2.074,2390.69,보유기한 청산 -1.88%
2024-01-04 09:43:50,AAPL,매수,11,183.1787,,,374.32,저점 $182.15 대비 +0.51% 반등 (RSI 29)
2024-01-04 09:48:37,INTC,매수,8,45.5264,,,9.85,저점 $45.24 대비 +0.58% 반등 (RSI 27)
2024-01-04 09:57:00,CRDO,매도,5,17.8644,-3.96,-4.25,99.11,손절 -4.06%
2024-01-04 09:58:00,STX,매수,1,80.4802,,,18.57,저점 $79.81 대비 +0.79% 반등 (RSI 24)
2024-01-04 13:06:00,INTC,매도,8,46.6067,8.11,2.228,391.15,고점 $47.16 대비 -1.00% → 익절 +2.42%
2024-01-04 13:10:00,CROX,매수,4,90.5903,,,28.54,저점 $89.67 대비 +0.98% 반등 (RSI 37)
2024-01-05 11:15:00,CROX,매도,4,86.8266,-15.56,-4.295,375.59,손절 -4.11%
2024-01-05 13:02:43,CDNS,매수,1,254.7948,,,120.62,저점 $253.40 대비 +0.50% 반등 (RSI 17)
2024-01-08 10:04:17,SLB,매도,38,49.8679,-85.92,-4.343,2014.21,손절 -4.16%
2024-01-08 10:20:19,INCY,매수,32,62.7199,,,5.77,저점 $62.35 대비 +0.54% 반등 (RSI 45)
2024-01-08 14:06:00,FTNT,매도,1,60.7796,2.72,4.684,66.51,고점 $61.19 대비 -0.50% → 익절 +4.88%
2024-01-08 15:27:00,SHIP,매수,9,7.3237,,,0.55,저점 $7.28 대비 +0.55% 반등 (RSI 35)
2024-01-08 15:51:00,DHI,매도,13,152.2305,39.24,2.026,1978.1,보유기한 청산 +2.22%
2024-01-08 15:51:00,WDC,매도,56,37.91,-38.43,-1.78,4099.51,보유기한 청산 -1.59%
2024-01-09 09:48:56,INCY,매도,32,65.0725,72.36,3.605,6180.31,고점 $65.84 대비 -1.00% → 익절 +3.80%
2024-01-09 09:57:41,ROST,매수,15,135.1025,,,4152.35,저점 $134.28 대비 +0.56% 반등 (RSI 52)
2024-01-09 09:57:41,USB,매수,49,43.4617,,,2021.23,저점 $43.19 대비 +0.58% 반등 (RSI 58)
2024-01-09 10:00:00,WDC,매수,53,37.5556,,,29.4,저점 $37.32 대비 +0.57% 반등 (RSI 43)
2024-01-09 10:13:12,SHIP,매도,9,7.0247,-2.78,-4.222,92.57,손절 -4.03%
2024-01-09 10:22:00,VZ,매수,2,38.9995,,,14.52,저점 $38.77 대비 +0.54% 반등 (RSI 62)
2024-01-09 11:02:43,NET,매도,27,80.5022,71.48,3.405,2186.49,고점 $81.00 대비 -0.50% → 익절 +3.60%
2024-01-09 11:57:41,EOG,매수,18,116.0055,,,96.93,저점 $115.35 대비 +0.52% 반등 (RSI 29)
2024-01-09 15:06:00,CDNS,매도,1,261.3293,6.17,2.42,358.07,고점 $264.35 대비 -1.00% → 익절 +2.62%
2024-01-09 15:06:00,NEM,매수,9,38.8044,,,8.59,저점 $38.57 대비 +0.55% 반등 (RSI 25)
2024-01-10 15:51:00,AAPL,매도,11,186.1336,29.6,1.469,2054.56,보유기한 청산 +1.66%
2024-01-10 15:51:49,STX,매도,1,82.672,2.08,2.578,2137.17,보유기한 청산 +2.77%
2024-01-11 09:43:20,MRVL,매수,33,63.3061,,,46.61,저점 $62.91 대비 +0.58% 반등 (RSI 61)
2024-01-11 10:16:40,MRVL,매도,33,64.9175,50.15,2.401,2187.32,고점 $65.34 대비 -0.50% → 익절 +2.60%
2024-01-11 10:18:45,INCY,매수,34,63.0495,,,42.14,저점 $62.70 대비 +0.51% 반등 (RSI 43)
2024-01-11 10:26:28,DAL,매수,1,41.7309,,,0.38,저점 $41.47 대비 +0.57% 반등 (RSI 61)
2024-01-11 11:14:00,NEM,매도,9,37.1791,-15.12,-4.328,334.74,손절 -4.14%
2024-01-11 11:27:16,AMD,매수,2,144.6923,,,45.16,저점 $143.69 대비 +0.65% 반등 (RSI 57)
2024-01-12 09:58:20,DAL,매도,1,40.0312,-1.76,-4.213,85.16,손절 -4.02%
2024-01-12 10:00:00,WDC,매도,53,38.4683,45.49,2.285,2122.49,고점 $38.68 대비 -0.50% → 익절 +2.48%
2024-01-12 10:03:54,UNH,매수,4,527.7619,,,9.97,저점 $524.55 대비 +0.56% 반등 (RSI 60)
2024-01-12 12:10:00,USB,매도,49,41.6792,-90.33,-4.241,2050.75,손절 -4.05%
2024-01-12 12:26:50,TSLA,매수,9,218.7843,,,80.32,저점 $217.30 대비 +0.63% 반등 (RSI 25)
2024-01-12 13:00:00,CRDO,매수,4,19.1686,,,3.59,저점 $19.06 대비 +0.52% 반등 (RSI 44)
2024-01-16 11:00:00,CRDO,매도,4,19.6088,1.65,2.152,81.97,고점 $19.85 대비 -1.00% → 익절 +2.35%
2024-01-16 11:02:00,DAL,매수,2,36.8613,,,8.19,저점 $36.58 대비 +0.72% 반등 (RSI 18)
2024-01-16 11:26:28,AMD,매도,2,158.6307,27.44,9.483,325.22,고점 $159.71 대비 -0.50% → 익절 +9.69%
2024-01-16 11:30:00,BKNG,매수,2,139.5257,,,45.97,저점 $138.67 대비 +0.57% 반등 (RSI 43)
2024-01-16 15:51:00,EOG,매도,18,111.9573,-75.8,-3.63,2059.73,보유기한 청산 -3.44%
2024-01-16 15:51:00,ROST,매도,15,137.0181,25.82,1.274,4113.51,보유기한 청산 +1.47%
2024-01-16 15:51:00,VZ,매도,2,39.2937,0.48,0.611,4192.04,보유기한 청산 +0.80%
2024-01-17 09:36:12,CRWD,매수,30,70.3155,,,2081.09,저점 $69.89 대비 +0.57% 반등 (RSI 70)
2024-01-17 09:40:35,ISRG,매수,5,360.7028,,,276.32,저점 $358.40 대비 +0.59% 반등 (RSI 66)
2024-01-17 09:45:39,INCY,매도,34,60.4555,-91.2,-4.254,2330.3,손절 -4.07%
2024-01-17 09:45:39,SLB,매수,44,47.4618,,,240.52,저점 $47.17 대비 +0.57% 반등 (RSI 35)
2024-01-17 09:54:00,DHI,매수,1,151.9831,,,88.43,저점 $151.08 대비 +0.55% 반등 (RSI 49)
2024-01-17 11:00:00,DAL,매도,2,37.5072,1.19,1.608,163.39,고점 $37.97 대비 -1.00% → 익절 +1.80%
2024-01-17 11:00:00,DASH,매수,1,102.1166,,,61.2,저점 $101.11 대비 +0.95% 반등 (RSI 38)
2024-01-18 09:30:00,UNH,매도,4,504.9774,-94.09,-4.457,2079.64,손절 -4.27%
2024-01-18 09:55:42,ISRG,매도,5,371.7773,52.75,2.925,3937.17,고점 $374.18 대비 -0.50% → 익절 +3.12%
2024-01-18 09:55:42,ROST,매수,15,135.8279,,,1898.32,저점 $135.05 대비 +0.52% 반등 (RSI 43)
2024-01-18 10:06:00,PEP,매수,11,165.9029,,,72.11,저점 $164.99 대비 +0.50% 반등 (RSI 51)
2024-01-18 12:10:00,TSLA,매도,9,209.8025,-83.59,-4.245,1958.96,손절 -4.06%
2024-01-18 12:12:00,LLY,매수,3,620.4996,,,96.16,저점 $616.79 대비 +0.55% 반등 (RSI 33)
2024-01-19 09:56:40,SLB,매도,44,50.0357,110.18,5.276,2296.12,고점 $50.35 대비 -0.50% → 익절 +5.48%
2024-01-19 09:58:25,DASH,매도,1,104.1446,1.88,1.841,2400.19,고점 $105.39 대비 -1.00% → 익절 +2.04%
2024-01-19 09:58:48,SHOP,매수,27,77.0869,,,317.39,저점 $76.31 대비 +0.97% 반등 (RSI 34)
2024-01-19 10:16:40,INCY,매수,5,60.8379,,,12.98,저점 $60.45 대비 +0.59% 반등 (RSI 41)
2024-01-22 09:42:00,BKNG,매도,2,145.8387,12.22,4.378,304.45,고점 $146.79 대비 -0.50% → 익절 +4.58%
2024-01-22 09:50:00,CRWD,매도,30,75.0173,137.93,6.539,2553.32,고점 $75.50 대비 -0.50% → 익절 +6.74%
2024-01-22 09:51:10,NEM,매수,63,34.4032,,,384.4,저점 $34.20 대비 +0.54% 반등 (RSI 25)
2024-01-22 09:57:41,EOG,매수,3,109.7398,,,54.95,저점 $109.04 대비 +0.59% 반등 (RSI 40)
2024-01-22 10:24:17,SHOP,매도,27,82.2385,136.02,6.535,2273.77,고점 $82.83 대비 -0.50% → 익절 +6.74%
2024-01-22 10:26:15,UNH,매수,4,505.7027,,,249.54,저점 $501.31 대비 +0.83% 반등 (RSI 30)
2024-01-22 13:00:00,DHI,매도,1,156.5783,4.37,2.878,406.01,고점 $157.60 대비 -0.50% → 익절 +3.08%
2024-01-22 13:41:15,TSLA,매수,1,208.9557,,,196.91,저점 $207.62 대비 +0.59% 반등 (RSI 34)
2024-01-23 10:01:06,TSLA,매도,1,214.2756,5.02,2.401,411.03,고점 $215.65 대비 -0.50% → 익절 +2.60%
2024-01-23 10:18:00,SHIP,매수,53,7.6167,,,7.06,저점 $7.57 대비 +0.57% 반등 (RSI 49)
2024-01-23 13:04:17,SHIP,매도,53,7.7947,8.85,2.192,419.88,고점 $7.88 대비 -1.00% → 익절 +2.39%
2024-01-23 13:42:51,DHI,매수,2,143.2291,,,133.22,저점 $142.22 대비 +0.66% 반등 (RSI 21)
2024-01-24 09:49:17,NEM,매도,63,36.1569,107.3,4.951,2409.44,고점 $36.39 대비 -0.50% → 익절 +5.15%
2024-01-24 10:00:00,UNH,매도,4,518.5156,48.32,2.389,4481.99,고점 $521.73 대비 -0.50% → 익절 +2.58%
2024-01-24 10:08:10,ROST,매도,15,138.9805,44.34,2.176,6565.17,고점 $139.91 대비 -0.50% → 익절 +2.37%
2024-01-24 10:17:22,LLY,매도,3,639.2312,53.49,2.874,8481.47,고점 $643.16 대비 -0.50% → 익절 +3.07%
2024-01-24 10:26:07,DDOG,매수,17,125.6848,,,6343.33,저점 $124.81 대비 +0.65% 반등 (RSI 48)
2024-01-24 11:52:30,ISRG,매수,6,364.2946,,,4156.03,저점 $362.14 대비 +0.54% 반등 (RSI 34)
2024-01-24 14:42:51,CROX,매수,22,100.5065,,,1943.34,저점 $99.82 대비 +0.63% 반등 (RSI 38)
2024-01-24 15:51:00,PEP,매도,11,165.4639,-7.44,-0.407,3762.12,보유기한 청산 -0.21%
2024-01-25 09:35:08,TSLA,매수,11,190.186,,,1668.61,저점 $189.00 대비 +0.58% 반등 (RSI 41)
2024-01-25 09:39:28,UNH,매수,3,493.0014,,,188.57,저점 $490.00 대비 +0.56% 반등 (RSI 47)
2024-01-25 10:00:00,EOG,매도,3,112.3958,7.49,2.275,525.51,고점 $113.13 대비 -0.50% → 익절 +2.47%
2024-01-25 10:04:17,DDOG,매도,17,120.4879,-91.34,-4.275,2572.31,손절 -4.09%
2024-01-25 10:16:09,MDB,매수,5,407.4424,,,533.67,저점 $405.06 대비 +0.54% 반등 (RSI 50)
2024-01-25 10:16:57,STX,매수,6,87.026,,,11.15,저점 $86.50 대비 +0.56% 반등 (RSI 65)
2024-01-25 11:00:00,ISRG,매도,6,372.912,48.54,2.221,2246.99,고점 $377.33 대비 -1.00% → 익절 +2.42%
2024-01-25 11:02:43,NEM,매수,64,34.4797,,,38.74,저점 $34.29 대비 +0.50% 반등 (RSI 32)
2024-01-25 12:08:10,TSLA,매도,11,182.2542,-90.18,-4.311,2042.07,손절 -4.12%
2024-01-25 13:00:00,SHIP,매수,274,7.4437,,,1.06,저점 $7.40 대비 +0.54% 반등 (RSI 32)
2024-01-25 13:47:08,STX,매도,6,88.7856,9.8,1.877,533.39,고점 $89.83 대비 -1.00% → 익절 +2.07%
2024-01-25 14:02:43,CRDO,매수,24,21.447,,,18.3,저점 $21.32 대비 +0.55% 반등 (RSI 50)
2024-01-25 15:51:49,INCY,매도,5,60.8995,-0.13,-0.042,322.58,보유기한 청산 +0.15%
2024-01-26 09:35:06,INTC,매수,7,44.5537,,,10.48,저점 $44.18 대비 +0.80% 반등 (RSI 59)
2024-01-26 10:21:25,CROX,매도,22,103.2743,57.69,2.609,2280.86,고점 $103.92 대비 -0.50% → 익절 +2.81%
2024-01-26 10:22:56,NET,매수,27,80.5965,,,103.23,저점 $79.80 대비 +0.95% 반등 (RSI 45)
2024-01-26 11:26:28,SHIP,매도,274,7.7861,90.83,4.453,2235.06,고점 $7.87 대비 -1.00% → 익절 +4.65%
2024-01-26 12:02:43,TSLA,매수,12,184.9424,,,14.2,저점 $183.86 대비 +0.54% 반등 (RSI 23)
2024-01-29 12:02:00,TSLA,매도,12,188.6394,41.16,1.855,2276.22,고점 $190.90 대비 -1.00% → 익절 +2.05%
2024-01-29 15:51:00,DHI,매도,2,139.9333,-7.0,-2.442,2555.88,보유기한 청산 -2.25%
2024-01-30 09:35:48,SLB,매수,46,49.1633,,,292.79,저점 $48.88 대비 +0.53% 반등 (RSI 70)
2024-01-30 09:52:30,NET,매도,27,84.0446,89.92,4.132,2560.34,고점 $84.55 대비 -0.50% → 익절 +4.33%
2024-01-30 09:54:00,DAL,매수,57,39.6623,,,298.0,저점 $39.41 대비 +0.59% 반등 (RSI 64)
2024-01-30 09:54:00,MDB,매도,5,419.3284,56.47,2.772,2393.11,고점 $421.99 대비 -0.50% → 익절 +2.97%
2024-01-30 09:58:00,ORCL,매수,20,113.3038,,,125.45,저점 $112.63 대비 +0.55% 반등 (RSI 50)
2024-01-30 10:26:28,INCY,매수,2,59.8499,,,5.67,저점 $59.43 대비 +0.66% 반등 (RSI 45)
2024-01-31 09:30:00,INTC,매도,7,42.5487,-14.47,-4.64,303.29,손절 -4.45%
2024-01-31 09:35:42,AMD,매수,1,167.089,,,136.09,저점 $165.74 대비 +0.76% 반등 (RSI 41)
2024-01-31 10:02:00,CRDO,매도,24,20.5488,-22.28,-4.328,628.9,손절 -4.14%
2024-01-31 10:03:54,MU,매수,7,86.4559,,,23.28,저점 $85.92 대비 +0.57% 반등 (RSI 35)
2024-01-31 13:40:54,UNH,매도,3,511.0377,51.95,3.513,1555.28,고점 $514.43 대비 -0.50% → 익절 +3.71%
2024-01-31 14:26:00,FTNT,매수,24,64.6623,,,2.29,저점 $64.23 대비 +0.62% 반등 (RSI 44)
2024-01-31 15:51:00,NEM,매도,64,34.4828,-2.96,-0.134,2207.58,보유기한 청산 +0.06%
2024-02-01 09:48:56,STX,매수,25,86.4107,,,45.8,저점 $85.88 대비 +0.57% 반등 (RSI 29)
2024-02-02 09:42:00,FTNT,매도,24,65.9732,29.22,1.883,1628.0,고점 $66.68 대비 -1.00% → 익절 +2.08%
2024-02-02 09:43:02,TSLA,매수,8,186.9231,,,131.57,저점 $185.00 대비 +0.99% 반등 (RSI 48)
2024-02-02 10:16:00,AMD,매도,1,177.7544,10.42,6.235,309.19,고점 $178.87 대비 -0.50% → 익절 +6.44%
2024-02-02 10:16:40,SHIP,매수,42,7.3437,,,0.54,저점 $7.29 대비 +0.75% 반등 (RSI 29)
2024-02-05 10:14:20,TSLA,매도,8,179.3378,-62.78,-4.198,1434.2,손절 -4.01%
2024-02-05 10:15:00,RTX,매수,15,91.7759,,,56.6,저점 $90.89 대비 +0.92% 반등 (RSI 55)
2024-02-05 14:10:00,SHIP,매도,42,7.5107,6.57,2.13,371.82,고점 $7.60 대비 -1.00% → 익절 +2.33%
2024-02-05 15:06:00,VZ,매수,8,41.5308,,,39.34,저점 $41.29 대비 +0.53% 반등 (RSI 33)
2024-02-05 15:51:00,DAL,매도,57,39.2037,-29.35,-1.298,2272.32,보유기한 청산 -1.11%
2024-02-05 15:51:00,INCY,매도,2,58.0076,-3.85,-3.219,2388.25,보유기한 청산 -3.03%
2024-02-05 15:51:00,ORCL,매도,20,116.3285,57.21,2.525,4713.12,보유기한 청산 +2.72%
2024-02-05 15:51:49,SLB,매도,46,48.4758,-34.84,-1.541,6941.38,보유기한 청산 -1.35%
2024-02-06 09:38:46,TSLA,매수,12,178.2413,,,4800.99,저점 $177.11 대비 +0.59% 반등 (RSI 41)
2024-02-06 09:57:05,CROX,매수,24,95.0988,,,2517.02,저점 $94.50 대비 +0.58% 반등 (RSI 34)
2024-02-06 10:22:40,TSLA,매도,12,184.2258,68.7,3.212,4726.11,고점 $186.49 대비 -1.00% → 익절 +3.41%
2024-02-06 10:25:00,PEP,매수,13,170.9454,,,2502.27,저점 $169.94 대비 +0.54% 반등 (RSI 55)
2024-02-06 10:26:15,SLB,매수,47,48.1841,,,236.03,저점 $47.85 대비 +0.65% 반등 (RSI 41)
2024-02-06 12:23:41,CRWD,매수,3,74.279,,,13.04,저점 $73.83 대비 +0.56% 반등 (RSI 53)
2024-02-06 15:51:25,MU,매도,7,84.5777,-14.0,-2.314,604.65,보유기한 청산 -2.12%
2024-02-07 09:57:00,CROX,매도,24,98.9955,90.19,3.952,2978.81,고점 $100.23 대비 -1.00% → 익절 +4.15%
2024-02-07 09:57:51,MU,매수,27,83.0054,,,736.09,저점 $82.47 대비 +0.60% 반등 (RSI 38)
2024-02-07 09:58:25,CRDO,매수,36,20.357,,,2.73,저점 $20.23 대비 +0.58% 반등 (RSI 41)
2024-02-07 11:00:00,CRWD,매도,3,79.7862,16.19,7.266,241.91,고점 $80.27 대비 -0.50% → 익절 +7.47%
2024-02-07 11:20:12,DAVE,매수,11,20.3402,,,18.01,저점 $20.21 대비 +0.59% 반등 (RSI 51)
2024-02-07 11:57:16,CRDO,매도,36,20.8696,17.39,2.373,768.77,고점 $21.11 대비 -1.00% → 익절 +2.57%
2024-02-07 11:57:41,USB,매수,19,39.5574,,,16.65,저점 $39.31 대비 +0.57% 반등 (RSI 26)
2024-02-07 12:57:30,DAVE,매도,11,21.5854,13.37,5.975,253.92,고점 $21.85 대비 -1.00% → 익절 +6.18%
2024-02-07 15:51:00,STX,매도,25,86.8199,7.13,0.33,2422.83,보유기한 청산 +0.52%
2024-02-08 09:42:00,DDOG,매수,18,128.6993,,,104.62,저점 $127.87 대비 +0.60% 반등 (RSI 52)
2024-02-08 09:42:51,WDC,매수,2,43.769,,,17.02,저점 $43.51 대비 +0.53% 반등 (RSI 46)
2024-02-08 10:01:34,VZ,매도,8,39.8076,-14.25,-4.289,335.25,손절 -4.10%
2024-02-08 10:03:45,MU,매도,27,84.6431,40.98,1.829,2618.95,고점 $85.62 대비 -1.00% → 익절 +2.02%
2024-02-08 10:22:00,DDOG,매도,18,132.1439,58.64,2.531,4995.8,고점 $132.97 대비 -0.50% → 익절 +2.73%
2024-02-08 10:22:48,SHIP,매수,322,7.2664,,,2654.38,저점 $7.22 대비 +0.59% 반등 (RSI 48)
2024-02-08 10:38:34,INCY,매수,41,56.8734,,,320.94,저점 $56.53 대비 +0.56% 반등 (RSI 28)
2024-02-08 10:45:00,INTC,매수,7,42.6338,,,22.3,저점 $42.36 대비 +0.60% 반등 (RSI 41)
2024-02-09 10:22:00,SHIP,매도,322,7.553,88.86,3.798,2452.57,고점 $7.64 대비 -1.00% → 익절 +4.00%
2024-02-09 10:22:30,ISRG,매수,6,385.9629,,,135.17,저점 $383.05 대비 +0.71% 반등 (RSI 51)
2024-02-09 15:51:00,RTX,매도,15,90.4981,-21.12,-1.534,1491.65,보유기한 청산 -1.34%
2024-02-12 09:43:20,SHIP,매수,206,7.206,,,6.19,저점 $7.16 대비 +0.59% 반등 (RSI 38)
2024-02-12 10:24:46,INTC,매도,7,44.1919,10.47,3.509,315.31,고점 $44.51 대비 -0.50% → 익절 +3.71%
2024-02-12 10:25:23,ORCL,매수,2,116.4217,,,82.3,저점 $115.38 대비 +0.85% 반등 (RSI 52)
2024-02-12 12:08:10,USB,매도,19,40.8146,22.79,3.033,857.21,고점 $41.10 대비 -0.50% → 익절 +3.23%
2024-02-12 14:24:32,SHIP,매도,206,7.3606,29.71,2.002,2372.39,고점 $7.45 대비 -1.00% → 익절 +2.20%
2024-02-12 14:42:00,CRM,매수,8,288.6509,,,61.56,저점 $287.01 대비 +0.52% 반등 (RSI 44)
2024-02-12 15:51:00,PEP,매도,13,170.658,-6.91,-0.311,2278.5,보유기한 청산 -0.12%
2024-02-12 15:51:00,SLB,매도,47,48.0593,-9.1,-0.402,4535.64,보유기한 청산 -0.21%
2024-02-13 09:37:30,SHOP,매수,30,77.6417,,,2204.75,저점 $77.15 대비 +0.59% 반등 (RSI 55)
2024-02-13 09:39:00,INCY,매도,41,60.1564,131.17,5.625,4669.37,고점 $60.54 대비 -0.50% → 익절 +5.83%
2024-02-13 09:40:06,DDOG,매수,18,124.2932,,,2430.52,저점 $123.50 대비 +0.59% 반등 (RSI 54)
2024-02-13 09:42:24,STX,매수,27,84.7381,,,140.99,저점 $84.20 대비 +0.59% 반등 (RSI 56)
2024-02-13 09:43:20,DAL,매수,3,40.12,,,20.55,저점 $39.84 대비 +0.65% 반등 (RSI 60)
2024-02-13 09:48:15,CRM,매도,8,276.7823,-98.18,-4.252,2233.19,손절 -4.06%
2024-02-13 09:49:05,TSLA,매수,12,184.8005,,,14.03,저점 $183.25 대비 +0.80% 반등 (RSI 44)
2024-02-13 09:49:05,WDC,매도,2,41.9539,-3.75,-4.287,97.88,손절 -4.10%
2024-02-13 09:52:38,CRWD,매수,1,77.0122,,,20.81,저점 $76.53 대비 +0.58% 반등 (RSI 49)
2024-02-13 10:19:41,SHOP,매도,30,82.5021,142.38,6.112,2494.07,고점 $83.49 대비 -1.00% → 익절 +6.31%
2024-02-13 10:20:00,ROST,매수,17,144.5948,,,34.24,저점 $143.45 대비 +0.75% 반등 (RSI 55)
2024-02-13 10:21:54,DDOG,매도,18,137.7525,238.89,10.678,2511.97,고점 $138.61 대비 -0.50% → 익절 +10.88%
2024-02-13 10:22:30,MU,매수,29,82.3051,,,123.45,저점 $81.68 대비 +0.71% 반등 (RSI 52)
2024-02-13 10:41:15,STX,매도,27,86.631,47.8,2.089,2460.78,고점 $87.67 대비 -1.00% → 익절 +2.29%
2024-02-13 10:43:20,CDNS,매수,8,297.5724,,,78.54,저점 $295.29 대비 +0.72% 반등 (RSI 28)
2024-02-13 12:06:00,CRWD,매도,1,80.7114,3.59,4.657,159.19,고점 $81.58 대비 -1.00% → 익절 +4.86%
2024-02-13 12:23:04,DDOG,매수,1,129.2334,,,29.87,저점 $128.51 대비 +0.52% 반등 (RSI 41)
2024-02-14 10:48:27,DDOG,매도,1,136.255,6.83,5.286,166.02,고점 $137.77 대비 -1.00% → 익절 +5.49%
2024-02-14 10:56:24,SHIP,매수,23,7.1551,,,1.34,저점 $7.11 대비 +0.58% 반등 (RSI 44)
2024-02-15 10:48:45,TSLA,매도,12,194.5827,114.13,5.146,2334.63,고점 $195.76 대비 -0.50% → 익절 +5.35%
2024-02-15 10:50:00,PANW,매수,12,181.8101,,,151.38,저점 $180.81 대비 +0.50% 반등 (RSI 39)
2024-02-15 10:53:04,DAL,매도,3,41.1494,2.91,2.421,274.74,고점 $41.42 대비 -0.50% → 익절 +2.62%
2024-02-15 10:56:15,MRVL,매수,4,67.2214,,,5.66,저점 $66.56 대비 +0.94% 반등 (RSI 37)
2024-02-15 15:51:00,ISRG,매도,6,380.2065,-37.82,-1.633,2285.24,보유기한 청산 -1.44%
2024-02-16 09:35:17,DASH,매수,20,111.8692,,,46.28,저점 $111.17 대비 +0.58% 반등 (RSI 83)
2024-02-16 10:12:51,ORCL,매도,2,111.6042,-9.96,-4.278,269.33,손절 -4.09%
2024-02-16 10:20:46,FTNT,매수,3,68.2941,,,64.3,저점 $67.90 대비 +0.53% 반등 (RSI 54)
2024-02-16 10:31:56,SHIP,매도,23,7.4169,5.78,3.513,234.77,고점 $7.47 대비 -0.50% → 익절 +3.71%
2024-02-16 10:35:00,NOW,매수,1,154.4358,,,80.22,저점 $153.59 대비 +0.50% 반등 (RSI 34)
2024-02-16 14:04:17,DASH,매도,20,115.417,67.7,3.026,2386.88,고점 $116.86 대비 -1.00% → 익절 +3.22%
2024-02-16 14:06:00,WDC,매수,57,41.2413,,,34.48,저점 $40.99 대비 +0.55% 반등 (RSI 26)
2024-02-20 10:04:36,MRVL,매도,4,64.4877,-11.31,-4.207,292.24,손절 -4.02%
2024-02-20 10:05:00,UNP,매수,1,246.4034,,,45.66,저점 $244.87 대비 +0.58% 반등 (RSI 39)
2024-02-20 10:16:57,NOW,매도,1,148.0221,-6.63,-4.293,193.58,손절 -4.11%
2024-02-20 10:17:22,CDNS,매도,8,285.4772,-100.1,-4.205,2475.73,손절 -4.02%
2024-02-20 10:22:48,SHOP,매수,30,78.5052,,,118.92,저점 $78.01 대비 +0.58% 반등 (RSI 45)
2024-02-20 10:45:00,CRDO,매수,5,20.8586,,,14.56,저점 $20.73 대비 +0.59% 반등 (RSI 27)
2024-02-20 15:51:00,ROST,매도,17,144.4644,-5.73,-0.233,2468.66,보유기한 청산 -0.04%
2024-02-20 15:51:49,MU,매도,29,80.7096,-49.65,-2.08,4807.53,보유기한 청산 -1.89%
2024-02-21 09:30:00,FTNT,매도,3,61.999,-19.16,-9.354,4993.39,손절 -9.17%
2024-02-21 09:37:12,DDOG,매수,19,125.5627,,,2606.03,저점 $124.81 대비 +0.55% 반등 (RSI 40)
2024-02-21 09:43:20,NET,매수,25,93.9998,,,254.39,저점 $93.40 대비 +0.59% 반등 (RSI 48)
2024-02-21 09:50:39,CRWD,매수,3,68.7251,,,48.07,저점 $68.29 대비 +0.59% 반등 (RSI 47)
2024-02-21 10:32:24,CRWD,매도,3,72.3869,10.68,5.181,265.07,고점 $73.23 대비 -1.00% → 익절 +5.38%
2024-02-21 10:34:00,STX,매수,3,85.973,,,6.97,저점 $85.11 대비 +0.97% 반등 (RSI 35)
2024-02-21 12:08:34,SHOP,매도,30,75.308,-99.21,-4.213,2264.56,손절 -4.02%
2024-02-21 12:10:00,CRWD,매수,30,73.3442,,,62.7,저점 $72.91 대비 +0.54% 반등 (RSI 23)
2024-02-21 14:10:00,CRDO,매도,5,21.3143,2.13,2.04,169.19,고점 $21.58 대비 -1.00% → 익절 +2.24%
2024-02-21 14:58:14,DAVE,매수,7,21.8902,,,15.85,저점 $21.75 대비 +0.59% 반등 (RSI 46)
2024-02-21 15:31:25,DAVE,매도,7,22.6044,4.78,3.117,173.97,고점 $22.87 대비 -1.00% → 익절 +3.31%
2024-02-21 15:59:59,PANW,매도,12,182.9885,11.01,0.505,2368.23,보유기한 청산 +0.70%
2024-02-22 09:50:46,NET,매도,25,98.5207,109.58,4.663,4829.45,고점 $99.74 대비 -1.00% → 익절 +4.86%
2024-02-22 09:55:42,TGT,매수,16,148.8569,,,2446.07,저점 $147.99 대비 +0.54% 반등 (RSI 52)
2024-02-22 10:00:00,RTX,매수,27,89.4697,,,28.7,저점 $88.90 대비 +0.59% 반등 (RSI 37)
2024-02-22 10:12:30,DDOG,매도,19,131.6941,113.0,4.737,2529.06,고점 $132.52 대비 -0.50% → 익절 +4.94%
2024-02-22 10:16:40,VZ,매수,62,40.3327,,,26.68,저점 $40.11 대비 +0.50% 반등 (RSI 71)
2024-02-22 13:40:54,CRWD,매도,30,77.5654,123.4,5.608,2351.95,고점 $78.41 대비 -1.00% → 익절 +5.81%
2024-02-22 13:58:00,NEM,매수,75,30.943,,,29.6,저점 $30.76 대비 +0.53% 반등 (RSI 22)
2024-02-22 15:51:00,WDC,매도,57,42.1759,49.87,2.122,2431.87,보유기한 청산 +2.32%
2024-02-23 09:36:55,DAVE,매수,108,22.4218,,,8.62,저점 $22.28 대비 +0.59% 반등 (RSI 43)
2024-02-23 09:55:42,STX,매도,3,88.4386,7.02,2.723,273.74,고점 $88.98 대비 -0.50% → 익절 +2.92%
2024-02-23 10:14:36,EOG,매수,2,109.7223,,,54.14,저점 $109.06 대비 +0.56% 반등 (RSI 60)
2024-02-23 10:16:09,DAVE,매도,108,23.3463,96.31,3.977,2573.7,고점 $23.63 대비 -1.00% → 익절 +4.18%
2024-02-23 10:28:03,BKNG,매수,17,141.7937,,,161.52,저점 $140.93 대비 +0.56% 반등 (RSI 78)
2024-02-23 10:50:00,SHOP,매수,2,74.7392,,,11.94,저점 $74.29 대비 +0.55% 반등 (RSI 29)
2024-02-23 11:08:10,UNP,매도,1,256.3118,9.55,3.875,268.07,고점 $257.99 대비 -0.50% → 익절 +4.07%
2024-02-23 11:13:38,INTC,매수,6,43.0482,,,9.6,저점 $42.66 대비 +0.86% 반등 (RSI 37)
2024-02-26 11:00:00,SHOP,매도,2,77.44,5.18,3.468,164.36,고점 $77.88 대비 -0.50% → 익절 +3.67%
2024-02-26 11:02:43,FCX,매수,4,37.8339,,,12.92,저점 $37.60 대비 +0.56% 반등 (RSI 34)
2024-02-26 11:08:10,EOG,매도,2,111.8241,3.89,1.771,236.41,고점 $113.19 대비 -1.00% → 익절 +1.97%
2024-02-26 11:08:34,PANW,매수,1,154.5394,,,81.76,저점 $153.29 대비 +0.77% 반등 (RSI 29)
2024-02-27 10:15:00,PANW,매도,1,161.8219,7.06,4.566,243.46,고점 $163.79 대비 -1.00% → 익절 +4.76%
2024-02-27 10:15:31,NVDA,매수,3,77.7837,,,9.95,저점 $77.16 대비 +0.76% 반등 (RSI 63)
2024-02-28 09:30:00,NEM,매도,75,29.5752,-105.83,-4.56,2226.47,손절 -4.37%
2024-02-28 09:51:10,SLB,매수,46,48.2935,,,3.41,저점 $47.99 대비 +0.58% 반등 (RSI 46)
2024-02-28 15:51:00,RTX,매도,27,89.8984,8.11,0.336,2428.9,보유기한 청산 +0.53%
2024-02-28 15:51:00,TGT,매도,16,151.5209,39.19,1.645,4851.46,보유기한 청산 +1.84%
2024-02-28 15:51:00,VZ,매도,62,40.0966,-18.2,-0.728,7335.64,보유기한 청산 -0.54%
2024-02-29 09:47:08,MDB,매수,5,438.4714,,,5141.74,저점 $435.73 대비 +0.58% 반등 (RSI 41)
2024-02-29 09:54:00,ISRG,매수,6,386.5209,,,2820.99,저점 $384.19 대비 +0.56% 반등 (RSI 53)
2024-02-29 09:56:40,CRM,매수,8,296.6933,,,445.79,저점 $294.79 대비 +0.60% 반등 (RSI 60)
2024-02-29 11:24:00,CRM,매도,8,306.6891,76.51,3.224,2897.51,고점 $308.50 대비 -0.50% → 익절 +3.42%
2024-02-29 11:24:00,PEP,매수,15,165.8829,,,407.52,저점 $164.91 대비 +0.54% 반등 (RSI 27)
2024-02-29 15:50:00,INTC,매도,6,43.1284,0.11,0.043,666.1,보유기한 청산 +0.24%
2024-02-29 15:51:49,BKNG,매도,17,138.4563,-60.14,-2.495,3018.14,보유기한 청산 -2.30%
2024-03-01 12:02:43,NVDA,매도,3,81.544,10.94,4.688,3262.6,고점 $82.06 대비 -0.50% → 익절 +4.89%
2024-03-01 15:48:00,ISRG,매도,6,397.4512,62.22,2.683,5645.56,고점 $399.67 대비 -0.50% → 익절 +2.88%
2024-03-01 15:51:00,FCX,매도,4,37.8777,-0.04,-0.027,5796.96,보유기한 청산 +0.17%
2024-03-04 09:55:15,SLB,매도,46,49.6502,59.18,2.664,8079.2,고점 $49.96 대비 -0.50% → 익절 +2.86%
2024-03-05 09:36:25,TSLA,매수,13,183.0627,,,5697.72,저점 $182.00 대비 +0.53% 반등 (RSI 32)
2024-03-05 09:42:51,AAPL,매수,14,172.056,,,3287.25,저점 $171.00 대비 +0.57% 반등 (RSI 36)
2024-03-05 09:52:06,RL,매수,14,177.4087,,,801.79,저점 $176.30 대비 +0.58% 반등 (RSI 28)
2024-03-05 09:52:38,EOG,매수,7,111.9219,,,17.79,저점 $111.21 대비 +0.59% 반등 (RSI 52)
2024-03-05 09:53:41,MDB,매도,5,420.1774,-94.54,-4.312,2117.14,손절 -4.12%
2024-03-05 09:54:00,DAL,매수,51,41.4264,,,2.92,저점 $41.17 대비 +0.57% 반등 (RSI 39)
2024-03-05 14:57:41,EOG,매도,7,116.5767,31.44,4.013,818.36,고점 $117.88 대비 -1.00% → 익절 +4.21%
2024-03-05 14:57:41,PANW,매수,5,144.4572,,,95.57,저점 $143.55 대비 +0.58% 반등 (RSI 30)
2024-03-05 15:12:51,CRWD,매수,1,73.4367,,,22.08,저점 $72.99 대비 +0.56% 반등 (RSI 17)
2024-03-06 09:49:24,CRWD,매도,1,88.8025,15.25,20.766,110.82,고점 $89.37 대비 -0.50% → 익절 +20.98%
2024-03-06 10:05:17,TSLA,매도,13,175.3409,-103.71,-4.358,2388.58,손절 -4.17%
2024-03-06 10:10:00,UNH,매수,4,480.0399,,,467.08,저점 $477.32 대비 +0.52% 반등 (RSI 30)
2024-03-06 10:11:22,GS,매수,1,386.9334,,,79.88,저점 $384.52 대비 +0.58% 반등 (RSI 46)
2024-03-06 10:51:25,RL,매도,14,180.9937,46.6,1.876,2611.94,고점 $183.16 대비 -1.00% → 익절 +2.07%
2024-03-06 10:55:42,CROX,매수,20,121.6601,,,177.03,저점 $120.88 대비 +0.60% 반등 (RSI 37)
2024-03-06 10:55:42,ROST,매수,1,148.5557,,,28.37,저점 $147.71 대비 +0.52% 반등 (RSI 36)
2024-03-06 14:10:00,PANW,매도,5,138.5807,-30.39,-4.208,720.77,손절 -4.02%
2024-03-06 15:51:00,PEP,매도,15,162.8752,-48.64,-1.955,3162.12,보유기한 청산 -1.76%
2024-03-07 09:50:52,PANW,매수,17,139.7434,,,784.81,저점 $138.88 대비 +0.57% 반등 (RSI 30)
2024-03-07 09:54:00,LLY,매수,1,765.7477,,,18.53,저점 $761.12 대비 +0.56% 반등 (RSI 53)
2024-03-07 11:02:43,DAL,매도,51,42.9885,76.59,3.625,2209.34,고점 $43.24 대비 -0.50% → 익절 +3.82%
2024-03-07 11:42:00,AMGN,매수,8,273.3833,,,20.75,저점 $271.87 대비 +0.51% 반등 (RSI 35)
2024-03-07 12:11:32,LLY,매도,1,784.6075,17.75,2.318,804.78,고점 $792.99 대비 -1.00% → 익절 +2.51%
2024-03-07 13:06:00,VZ,매수,20,39.5998,,,12.23,저점 $39.38 대비 +0.51% 반등 (RSI 34)
2024-03-08 10:05:17,PANW,매도,17,142.507,43.55,1.833,2433.08,고점 $144.23 대비 -1.00% → 익절 +2.03%
2024-03-08 10:08:10,UNP,매수,9,249.5497,,,185.56,저점 $247.61 대비 +0.73% 반등 (RSI 30)
2024-03-08 10:34:00,CROX,매도,20,125.2074,67.41,2.771,2687.88,고점 $125.95 대비 -0.50% → 익절 +2.97%
2024-03-08 10:35:08,MDB,매수,6,394.9836,,,316.32,저점 $391.93 대비 +0.73% 반등 (RSI 31)
2024-03-11 09:46:21,MDB,매도,6,378.9624,-99.45,-4.196,2588.44,손절 -4.01%
2024-03-11 09:47:38,DDOG,매수,21,120.3737,,,58.82,저점 $119.17 대비 +0.96% 반등 (RSI 37)
2024-03-11 15:51:00,AAPL,매도,14,172.8901,8.22,0.341,2477.51,보유기한 청산 +0.54%
2024-03-12 09:37:30,MDB,매수,6,374.4391,,,229.31,저점 $371.86 대비 +0.64% 반등 (RSI 30)
2024-03-12 15:51:00,GS,매도,1,388.1758,0.69,0.178,617.2,보유기한 청산 +0.37%
2024-03-12 15:51:00,ROST,매도,1,146.1569,-2.61,-1.757,763.25,보유기한 청산 -1.57%
2024-03-12 15:51:00,UNH,매도,4,489.1353,33.61,1.75,2718.36,보유기한 청산 +1.95%
2024-03-13 09:36:55,TSLA,매수,14,174.137,,,278.74,저점 $173.05 대비 +0.58% 반등 (RSI 46)
2024-03-13 10:25:00,AMD,매수,1,193.8019,,,84.8,저점 $192.70 대비 +0.52% 반등 (RSI 49)
2024-03-13 10:35:42,MRVL,매수,1,69.1546,,,15.6,저점 $68.67 대비 +0.66% 반등 (RSI 25)
2024-03-13 14:57:41,DDOG,매도,21,124.6776,86.7,3.43,2631.92,고점 $125.42 대비 -0.50% → 익절 +3.63%
2024-03-13 15:00:00,INCY,매수,43,58.947,,,95.42,저점 $58.60 대비 +0.54% 반등 (RSI 37)
2024-03-13 15:51:00,AMGN,매도,8,276.0286,18.02,0.824,2302.04,보유기한 청산 +1.02%
2024-03-13 15:51:00,VZ,매도,20,40.2599,12.06,1.523,3106.65,보유기한 청산 +1.72%
2024-03-14 09:38:10,USB,매수,58,43.3417,,,591.07,저점 $43.09 대비 +0.53% 반등 (RSI 52)
2024-03-14 09:42:00,FTNT,매수,8,69.7849,,,32.4,저점 $69.29 대비 +0.66% 반등 (RSI 39)
2024-03-14 10:00:00,MRVL,매도,1,66.253,-3.0,-4.336,98.61,손절 -4.15%
2024-03-14 10:11:08,TSLA,매도,14,166.8649,-105.22,-4.316,2433.01,손절 -4.13%
2024-03-14 10:15:42,INTC,매수,56,42.7542,,,37.1,저점 $42.51 대비 +0.52% 반등 (RSI 33)
2024-03-14 10:42:00,CRDO,매수,1,19.6248,,,17.46,저점 $19.50 대비 +0.56% 반등 (RSI 28)
2024-03-14 14:58:14,AMD,매도,1,185.912,-8.16,-4.211,203.24,손절 -4.02%
2024-03-14 15:51:00,UNP,매도,9,246.0736,-34.47,-1.535,2416.28,보유기한 청산 -1.34%
2024-03-15 09:36:40,TSLA,매수,14,164.0982,,,117.3,저점 $163.14 대비 +0.54% 반등 (RSI 26)
2024-03-15 09:37:49,CRWD,매수,1,81.8884,,,35.35,저점 $81.39 대비 +0.56% 반등 (RSI 52)
2024-03-15 11:17:22,MDB,매도,6,358.7278,-97.41,-4.336,2186.15,손절 -4.15%
2024-03-15 11:20:00,NEM,매수,64,33.8369,,,19.07,저점 $33.65 대비 +0.51% 반등 (RSI 39)
2024-03-15 12:06:55,FTNT,매도,8,66.9107,-23.78,-4.259,553.97,손절 -4.07%
2024-03-15 12:12:00,STX,매수,6,85.2509,,,42.1,저점 $84.76 대비 +0.53% 반등 (RSI 24)
2024-03-18 09:40:35,TSLA,매도,14,168.1093,52.83,2.3,2393.91,고점 $170.16 대비 -1.00% → 익절 +2.50%
2024-03-18 09:52:30,FTNT,매수,35,67.217,,,39.67,저점 $66.81 대비 +0.56% 반등 (RSI 25)
2024-03-19 09:58:34,CRWD,매도,1,78.5655,-3.44,-4.198,118.18,손절 -4.01%
2024-03-19 10:27:51,NVDA,매수,1,85.5822,,,32.54,저점 $85.01 대비 +0.62% 반등 (RSI 49)
2024-03-19 14:22:56,NVDA,매도,1,90.0146,4.31,5.032,122.49,고점 $90.54 대비 -0.50% → 익절 +5.23%
2024-03-19 15:51:49,INCY,매도,43,58.3741,-28.24,-1.114,2630.74,보유기한 청산 -0.92%
2024-03-20 10:22:30,PANW,매수,17,139.9174,,,250.48,저점 $139.15 대비 +0.50% 반등 (RSI 42)
2024-03-20 12:57:41,AMD,매수,1,175.2076,,,75.15,저점 $174.24 대비 +0.51% 반등 (RSI 28)
2024-03-20 15:50:46,CRDO,매도,1,20.7146,1.06,5.406,95.85,보유기한 청산 +5.61%
2024-03-20 15:51:49,INTC,매도,56,42.059,-42.33,-1.768,2449.43,보유기한 청산 -1.58%
2024-03-20 15:51:49,USB,매도,58,43.3816,-1.28,-0.051,4963.73,보유기한 청산 +0.14%
2024-03-21 09:44:24,STX,매도,6,90.8979,33.13,6.476,5508.72,고점 $91.47 대비 -0.50% → 익절 +6.68%
2024-03-21 09:51:17,AMD,매도,1,185.3837,9.92,5.661,5693.97,고점 $187.68 대비 -1.00% → 익절 +5.86%
2024-03-21 09:58:48,NEM,매도,64,35.3123,91.26,4.214,7952.31,고점 $35.53 대비 -0.50% → 익절 +4.41%
2024-03-21 10:23:41,LLY,매수,3,763.4916,,,5660.23,저점 $758.88 대비 +0.56% 반등 (RSI 62)
2024-03-21 10:25:42,PGR,매수,12,204.9324,,,3199.32,저점 $203.54 대비 +0.63% 반등 (RSI 58)
2024-03-21 10:54:00,MNST,매수,84,30.07,,,671.67,저점 $29.90 대비 +0.52% 반등 (RSI 40)
2024-03-21 11:26:28,AAPL,매수,3,172.9077,,,152.58,저점 $171.83 대비 +0.58% 반등 (RSI 48)
2024-03-21 13:02:43,PANW,매도,17,144.2403,70.03,2.944,2602.88,고점 $145.07 대비 -0.50% → 익절 +3.14%
2024-03-22 09:48:56,TSLA,매수,15,167.3136,,,91.42,저점 $166.30 대비 +0.56% 반등 (RSI 51)
2024-03-22 10:57:41,INCY,매수,1,57.6088,,,33.77,저점 $57.23 대비 +0.61% 반등 (RSI 40)
2024-03-22 12:08:49,NEM,매수,1,33.2995,,,0.45,저점 $33.09 대비 +0.58% 반등 (RSI 47)
2024-03-22 15:51:00,FTNT,매도,35,68.3625,36.7,1.56,2391.39,보유기한 청산 +1.76%
2024-03-25 09:40:54,AMD,매수,13,173.1178,,,139.28,저점 $172.00 대비 +0.60% 반등 (RSI 46)
2024-03-25 10:15:47,TSLA,매도,15,173.1498,83.89,3.343,2734.63,고점 $175.24 대비 -1.00% → 익절 +3.54%
2024-03-25 10:24:00,DAL,매수,57,44.8199,,,178.11,저점 $44.56 대비 +0.52% 반등 (RSI 62)
2024-03-25 10:33:00,AMD,매도,13,178.3196,64.36,2.86,2494.57,고점 $180.25 대비 -1.00% → 익절 +3.06%
2024-03-25 10:36:00,MSFT,매수,5,424.4988,,,370.59,저점 $421.61 대비 +0.63% 반등 (RSI 46)
2024-03-25 10:51:49,NEM,매도,1,34.3678,1.02,3.063,404.93,고점 $34.74 대비 -1.00% → 익절 +3.26%
2024-03-25 10:54:42,INTC,매수,9,41.6908,,,29.45,저점 $41.44 대비 +0.57% 반등 (RSI 38)
2024-03-27 11:04:17,INTC,매도,9,43.2184,13.2,3.518,418.13,고점 $43.49 대비 -0.50% → 익절 +3.72%
2024-03-27 11:05:00,CRWD,매수,5,80.6103,,,14.8,저점 $80.00 대비 +0.71% 반등 (RSI 40)
2024-03-27 13:24:32,DAL,매도,57,46.8915,114.34,4.476,2685.67,고점 $47.18 대비 -0.50% → 익절 +4.67%
2024-03-27 14:02:43,SHOP,매수,33,78.109,,,106.26,저점 $77.62 대비 +0.58% 반등 (RSI 38)
2024-03-27 15:51:00,AAPL,매도,3,173.4499,0.88,0.17,626.23,보유기한 청산 +0.36%
2024-03-27 15:51:00,LLY,매도,3,778.7837,42.57,1.858,2960.88,보유기한 청산 +2.05%
2024-03-27 15:51:00,MNST,매도,84,29.5852,-44.31,-1.754,5444.22,보유기한 청산 -1.56%
2024-03-27 15:51:49,PGR,매도,12,206.1635,11.25,0.457,7916.38,보유기한 청산 +0.65%
2024-03-28 09:52:30,PANW,매수,18,140.9621,,,5377.28,저점 $140.12 대비 +0.55% 반등 (RSI 42)
2024-03-28 10:22:30,META,매수,5,488.8568,,,2931.29,저점 $485.80 대비 +0.58% 반등 (RSI 39)
2024-03-28 10:57:16,CDNS,매수,8,311.1055,,,440.7,저점 $309.39 대비 +0.50% 반등 (RSI 34)
2024-03-28 15:51:00,INCY,매도,1,57.0115,-0.68,-1.179,497.67,보유기한 청산 -0.99%
2024-04-01 09:48:56,DASH,매수,3,137.9274,,,83.6,저점 $137.11 대비 +0.55% 반등 (RSI 42)
2024-04-01 11:00:00,INCY,매수,1,56.3642,,,27.2,저점 $56.03 대비 +0.55% 반등 (RSI 35)
2024-04-01 15:51:00,MSFT,매도,5,424.7342,-1.86,-0.088,2149.32,보유기한 청산 +0.11%
2024-04-02 09:38:10,UNH,매수,4,462.279,,,298.91,저점 $459.60 대비 +0.53% 반등 (RSI 42)
2024-04-02 15:51:00,CRWD,매도,5,79.8717,-4.27,-1.059,697.98,보유기한 청산 -0.87%
2024-04-02 15:51:25,SHOP,매도,33,78.4408,7.25,0.281,3284.63,보유기한 청산 +0.47%
2024-04-03 09:41:25,INTC,매수,62,41.6608,,,699.85,저점 $41.37 대비 +0.65% 반등 (RSI 54)
2024-04-03 09:48:56,NVDA,매수,7,88.9379,,,76.85,저점 $88.40 대비 +0.56% 반등 (RSI 44)
2024-04-03 12:06:00,META,매도,5,503.6241,70.29,2.876,2593.13,고점 $507.13 대비 -0.50% → 익절 +3.07%
2024-04-03 12:12:00,AMGN,매수,9,276.1179,,,106.33,저점 $274.51 대비 +0.54% 반등 (RSI 31)
2024-04-03 14:57:16,PANW,매도,18,135.0724,-109.57,-4.318,2535.86,손절 -4.13%
2024-04-03 15:51:00,CDNS,매도,8,310.1848,-10.92,-0.439,5015.53,보유기한 청산 -0.25%
2024-04-04 09:43:50,PANW,매수,18,136.6133,,,2554.77,저점 $135.79 대비 +0.56% 반등 (RSI 20)
2024-04-04 09:52:30,SHOP,매수,33,75.9246,,,47.5,저점 $75.45 대비 +0.58% 반등 (RSI 34)
2024-04-04 09:55:15,DASH,매도,3,141.876,11.25,2.718,472.82,고점 $142.76 대비 -0.50% → 익절 +2.91%
2024-04-04 10:05:00,MNST,매수,16,28.2881,,,19.89,저점 $28.09 대비 +0.66% 반등 (RSI 15)
2024-04-04 15:04:17,INTC,매도,62,39.9414,-110.22,-4.267,2494.45,손절 -4.08%
2024-04-05 09:47:25,DDOG,매수,20,120.5623,,,81.52,저점 $119.80 대비 +0.59% 반등 (RSI 38)
2024-04-05 14:02:43,DDOG,매도,20,124.3753,72.76,3.017,2567.21,고점 $125.73 대비 -1.00% → 익절 +3.21%
2024-04-05 15:51:00,INCY,매도,1,55.319,-1.13,-1.996,2622.49,보유기한 청산 -1.81%
2024-04-08 15:51:00,UNH,매도,4,455.7753,-28.64,-1.549,4444.26,보유기한 청산 -1.36%
2024-04-09 10:07:46,NVDA,매도,7,85.2439,-26.73,-4.294,5040.53,손절 -4.11%
2024-04-09 15:51:00,AMGN,매도,9,270.2615,-56.22,-2.262,7471.11,보유기한 청산 -2.07%
2024-04-10 09:30:00,SHOP,매도,33,72.7636,-107.82,-4.303,9870.56,손절 -4.12%
2024-04-10 10:16:09,PANW,매도,18,140.3351,63.43,2.579,12394.74,고점 $141.25 대비 -0.50% → 익절 +2.78%
2024-04-10 11:08:10,MNST,매도,16,27.1364,-19.06,-4.211,12828.61,손절 -4.02%
2024-04-15 09:37:30,CRM,매수,9,284.5979,,,10265.44,저점 $282.94 대비 +0.54% 반등 (RSI 34)
2024-04-15 09:41:15,EOG,매수,19,134.7573,,,7703.25,저점 $133.97 대비 +0.54% 반등 (RSI 44)
2024-04-15 09:48:56,INTC,매수,71,36.103,,,5138.14,저점 $35.89 대비 +0.54% 반등 (RSI 21)
2024-04-15 09:51:10,JPM,매수,13,185.3726,,,2726.61,저점 $184.19 대비 +0.59% 반등 (RSI 20)
2024-04-15 09:54:00,RL,매수,15,163.2444,,,276.23,저점 $162.26 대비 +0.55% 반등 (RSI 21)
2024-04-15 10:12:34,AMD,매수,1,160.2901,,,115.83,저점 $159.31 대비 +0.56% 반등 (RSI 35)
2024-04-15 10:24:32,MNST,매수,4,27.168,,,7.08,저점 $27.02 대비 +0.51% 반등 (RSI 51)
2024-04-15 15:02:18,CRM,매도,9,273.0301,-107.7,-4.205,2462.56,손절 -4.02%
2024-04-15 15:02:43,DDOG,매수,19,126.2631,,,61.88,저점 $125.54 대비 +0.53% 반등 (RSI 42)
2024-04-16 09:40:00,FCX,매수,1,48.6924,,,13.15,저점 $48.42 대비 +0.51% 반등 (RSI 47)
2024-04-17 10:22:56,FCX,매도,1,50.8258,2.06,4.235,63.94,고점 $51.14 대비 -0.50% → 익절 +4.43%
2024-04-17 10:27:23,USB,매수,1,39.3397,,,24.57,저점 $39.06 대비 +0.67% 반등 (RSI 41)
2024-04-18 09:54:26,AMD,매도,1,153.697,-6.82,-4.253,178.16,손절 -4.07%
2024-04-18 09:55:27,MU,매수,1,114.6273,,,63.45,저점 $113.70 대비 +0.77% 반등 (RSI 29)
2024-04-19 09:30:00,MU,매도,1,109.3553,-5.43,-4.739,172.73,손절 -4.55%
2024-04-19 09:36:12,NVDA,매수,2,83.632,,,5.35,저점 $83.15 대비 +0.53% 반등 (RSI 40)
2024-04-19 10:11:15,INTC,매도,71,34.5969,-110.53,-4.312,2459.93,손절 -4.12%
2024-04-19 10:13:38,SLB,매수,48,50.6981,,,24.72,저점 $50.38 대비 +0.58% 반등 (RSI 40)
2024-04-19 11:57:41,DDOG,매도,19,121.1494,-100.52,-4.19,2324.88,손절 -4.00%
2024-04-19 11:58:00,ISRG,매수,6,367.8351,,,116.32,저점 $365.00 대비 +0.73% 반등 (RSI 28)
2024-04-19 12:18:00,NVDA,매도,2,80.1679,-7.16,-4.282,276.54,손절 -4.09%
2024-04-19 12:52:30,CRDO,매수,16,17.2553,,,0.26,저점 $17.15 대비 +0.56% 반등 (RSI 17)
2024-04-19 15:51:00,EOG,매도,19,133.1567,-34.05,-1.33,2528.39,보유기한 청산 -1.14%
2024-04-19 15:51:00,MNST,매도,4,26.5401,-2.67,-2.452,2634.48,보유기한 청산 -2.26%
2024-04-19 15:51:00,RL,매도,15,158.4008,-76.1,-3.108,5008.75,보유기한 청산 -2.92%
2024-04-19 15:51:49,JPM,매도,13,185.7604,1.59,0.066,7421.87,보유기한 청산 +0.26%
2024-04-22 09:36:12,MU,매수,22,108.0304,,,5043.54,저점 $107.36 대비 +0.57% 반등 (RSI 18)
2024-04-22 09:36:29,NVDA,매수,31,78.7564,,,2600.39,저점 $78.11 대비 +0.78% 반등 (RSI 16)
2024-04-22 09:37:12,AMD,매수,16,149.1145,,,212.88,저점 $148.19 대비 +0.57% 반등 (RSI 24)
2024-04-22 09:37:12,DDOG,매수,1,121.1906,,,91.61,저점 $120.48 대비 +0.54% 반등 (RSI 28)
2024-04-22 09:54:00,USB,매도,1,40.4598,1.06,2.702,132.04,고점 $40.72 대비 -0.50% → 익절 +2.90%
2024-04-22 09:55:15,NEM,매수,3,37.6966,,,18.87,저점 $37.39 대비 +0.77% 반등 (RSI 57)
2024-04-23 09:42:24,DDOG,매도,1,123.938,2.57,2.122,142.72,고점 $125.50 대비 -1.00% → 익절 +2.32%
2024-04-23 11:02:00,MU,매도,22,111.4128,70.96,2.986,2592.01,고점 $112.65 대비 -1.00% → 익절 +3.18%
2024-04-23 11:57:41,CRDO,매도,16,17.6412,5.77,2.092,2874.06,고점 $17.84 대비 -1.00% → 익절 +2.29%
2024-04-23 12:10:00,NVDA,매도,31,81.876,93.15,3.815,5410.37,고점 $82.76 대비 -1.00% → 익절 +4.01%
2024-04-23 13:06:00,ISRG,매도,6,377.5411,55.04,2.494,7673.96,고점 $379.76 대비 -0.50% → 익절 +2.69%
2024-04-24 09:45:39,PEP,매수,15,168.7299,,,5141.24,저점 $167.65 대비 +0.59% 반등 (RSI 43)
2024-04-24 09:50:00,AMD,매도,16,156.7009,117.88,4.941,7646.62,고점 $157.66 대비 -0.50% → 익절 +5.14%
2024-04-24 09:57:41,ROST,매수,19,132.7231,,,5123.12,저점 $131.92 대비 +0.56% 반등 (RSI 44)
2024-04-24 10:02:43,TGT,매수,15,165.8177,,,2634.11,저점 $164.80 대비 +0.57% 반등 (RSI 48)
2024-04-24 10:26:15,RTX,매수,25,100.6728,,,115.53,저점 $100.06 대비 +0.56% 반등 (RSI 47)
2024-04-24 12:00:00,INCY,매수,2,51.4791,,,12.5,저점 $51.14 대비 +0.61% 반등 (RSI 31)
2024-04-24 12:42:00,SLB,매도,48,48.6423,-102.09,-4.195,2345.63,손절 -4.01%
2024-04-24 13:00:00,UNP,매수,10,230.7973,,,36.04,저점 $229.50 대비 +0.52% 반등 (RSI 36)
2024-04-25 09:36:00,NEM,매도,3,40.0999,7.04,6.228,156.25,고점 $40.33 대비 -0.50% → 익절 +6.43%
2024-04-25 09:36:12,UNP,매도,10,238.7472,76.14,3.299,2541.98,고점 $240.24 대비 -0.50% → 익절 +3.50%
2024-04-25 09:57:16,PEP,매도,15,179.4998,157.81,6.235,5232.51,고점 $180.63 대비 -0.50% → 익절 +6.44%
2024-04-29 14:54:00,INCY,매도,2,52.9123,2.72,2.639,5338.26,고점 $53.27 대비 -0.50% → 익절 +2.84%
2024-04-30 09:39:28,NEM,매수,61,41.4107,,,2810.44,저점 $41.15 대비 +0.58% 반등 (RSI 57)
2024-04-30 09:58:14,USB,매수,62,40.9086,,,272.33,저점 $40.67 대비 +0.55% 반등 (RSI 53)
2024-04-30 10:21:25,RL,매수,1,166.3391,,,105.88,저점 $165.18 대비 +0.65% 반등 (RSI 55)
2024-04-30 12:00:00,CRWD,매수,1,74.4642,,,31.36,저점 $74.00 대비 +0.57% 반등 (RSI 41)
2024-04-30 15:05:00,CRDO,매수,1,17.9049,,,13.44,저점 $17.78 대비 +0.65% 반등 (RSI 39)
2024-04-30 15:51:00,ROST,매도,19,129.5852,-63.18,-2.506,2473.76,보유기한 청산 -2.32%
2024-04-30 15:51:00,RTX,매도,25,101.4393,15.55,0.618,5007.89,보유기한 청산 +0.81%
2024-04-30 15:51:00,TGT,매도,15,161.0494,-75.03,-3.017,7421.87,보유기한 청산 -2.83%
2024-05-01 09:36:18,AMD,매수,16,149.4388,,,5029.18,저점 $148.24 대비 +0.76% 반등 (RSI 52)
2024-05-01 09:37:30,NVDA,매수,29,85.5918,,,2545.28,저점 $85.05 대비 +0.59% 반등 (RSI 53)
2024-05-01 09:37:49,AVGO,매수,19,128.4194,,,103.6,저점 $127.69 대비 +0.52% 반등 (RSI 40)
2024-05-01 10:42:51,CRDO,매도,1,17.1627,-0.77,-4.286,120.75,손절 -4.10%
2024-05-01 10:43:50,NET,매수,1,87.1235,,,33.57,저점 $86.51 대비 +0.66% 반등 (RSI 42)
2024-05-01 11:12:51,AMD,매도,16,143.3504,-100.76,-4.214,2325.5,손절 -4.03%
2024-05-01 11:13:38,DHI,매수,16,142.0442,,,51.2,저점 $140.99 대비 +0.70% 반등 (RSI 32)
2024-05-01 11:56:05,NVDA,매도,29,81.9783,-108.26,-4.362,2426.84,손절 -4.17%
2024-05-01 11:57:41,DDOG,매수,19,124.5022,,,59.64,저점 $123.73 대비 +0.57% 반등 (RSI 31)
2024-05-01 15:26:07,NET,매도,1,89.8408,2.59,2.974,149.42,고점 $90.82 대비 -1.00% → 익절 +3.17%
2024-05-01 15:37:30,DDOG,매도,19,128.1714,66.28,2.802,2582.89,고점 $129.62 대비 -1.00% → 익절 +3.00%
2024-05-02 09:36:18,AMD,매수,17,146.8608,,,84.51,저점 $145.68 대비 +0.76% 반등 (RSI 28)
2024-05-02 09:48:56,FTNT,매수,1,63.4142,,,21.05,저점 $63.02 대비 +0.58% 반등 (RSI 44)
2024-05-02 10:08:24,AVGO,매도,19,122.9889,-106.59,-4.369,2356.14,손절 -4.18%
2024-05-02 10:13:38,RTX,매수,23,101.7609,,,14.0,저점 $101.02 대비 +0.68% 반등 (RSI 40)
2024-05-02 11:26:15,CRWD,매도,1,76.4568,1.88,2.531,90.4,고점 $76.98 대비 -0.50% → 익절 +2.73%
2024-05-02 12:57:41,FCX,매수,1,48.5293,,,41.84,저점 $48.22 대비 +0.59% 반등 (RSI 33)
2024-05-03 09:56:05,FCX,매도,1,49.7139,1.11,2.296,91.51,고점 $50.34 대비 -1.00% → 익절 +2.49%
2024-05-03 09:58:25,MNST,매수,3,26.647,,,11.52,저점 $26.48 대비 +0.60% 반등 (RSI 45)
2024-05-03 10:10:00,FTNT,매도,1,60.7943,-2.71,-4.271,72.27,손절 -4.08%
2024-05-03 10:15:00,DHI,매도,16,152.6161,165.78,7.294,2512.34,고점 $153.54 대비 -0.50% → 익절 +7.50%
2024-05-03 10:22:48,DASH,매수,22,113.8969,,,4.86,저점 $113.21 대비 +0.56% 반등 (RSI 30)
2024-05-03 10:53:04,MNST,매도,3,27.308,1.87,2.336,86.72,고점 $27.48 대비 -0.50% → 익절 +2.53%
2024-05-03 11:18:53,NET,매수,1,73.5239,,,13.15,저점 $73.11 대비 +0.52% 반등 (RSI 17)
2024-05-06 09:36:55,AMD,매도,17,152.0249,84.16,3.371,2595.68,고점 $152.94 대비 -0.50% → 익절 +3.57%
2024-05-06 09:50:00,DDOG,매수,20,122.92,,,135.56,저점 $122.13 대비 +0.60% 반등 (RSI 40)
2024-05-06 09:51:10,FTNT,매수,2,59.5478,,,16.38,저점 $59.17 대비 +0.59% 반등 (RSI 23)
2024-05-06 11:06:00,NET,매도,1,75.035,1.4,1.911,91.36,고점 $75.90 대비 -1.00% → 익절 +2.11%
2024-05-06 12:02:43,DASH,매도,22,116.0957,44.76,1.786,2643.61,고점 $117.38 대비 -1.00% → 익절 +1.98%
2024-05-06 12:43:50,NET,매수,34,74.5973,,,105.52,저점 $74.19 대비 +0.50% 반등 (RSI 27)
2024-05-06 15:51:00,NEM,매도,61,41.386,-5.12,-0.203,2628.22,보유기한 청산 -0.01%
2024-05-06 15:51:00,RL,매도,1,166.6167,0.04,0.024,2794.72,보유기한 청산 +0.22%
2024-05-06 15:51:00,USB,매도,62,41.8058,51.96,2.049,5384.78,보유기한 청산 +2.24%
2024-05-07 09:30:00,DDOG,매도,20,113.6431,-188.92,-7.685,7655.99,손절 -7.50%
2024-05-08 09:35:00,CRWD,매수,32,77.7338,,,5166.76,로테이션 매수: 126일 모멘텀 상위 5
2024-05-08 09:35:00,SHIP,매수,248,10.1956,,,2636.49,로테이션 매수: 126일 모멘텀 상위 5
2024-05-08 09:35:27,SHOP,매수,39,64.126,,,133.83,저점 $63.67 대비 +0.67% 반등 (RSI 65)
2024-05-08 09:36:00,WDC,매수,2,53.1558,,,27.44,로테이션 매수: 126일 모멘텀 상위 5
2024-05-08 09:54:00,CRDO,매수,1,17.1079,,,10.32,저점 $17.00 대비 +0.58% 반등 (RSI 44)
2024-05-08 10:05:27,SHOP,매도,39,61.4993,-105.94,-4.236,2407.04,손절 -4.05%
2024-05-08 10:06:55,MDB,매수,6,351.1255,,,298.82,저점 $347.70 대비 +0.93% 반등 (RSI 42)
2024-05-08 15:51:00,RTX,매도,23,104.0112,48.37,2.067,2689.33,보유기한 청산 +2.26%
2024-05-09 09:30:00,CRWD,매도,32,78.2858,14.09,0.567,5192.65,로테이션 제외(모멘텀 순위 밖 또는 국면 0)
2024-05-09 09:30:00,SHIP,매도,248,10.2849,18.51,0.732,7741.43,로테이션 제외(모멘텀 순위 밖 또는 국면 0)
2024-05-09 09:30:00,WDC,매도,2,54.2888,2.11,1.987,7849.93,로테이션 제외(모멘텀 순위 밖 또는 국면 0)
2024-05-09 11:51:10,CRDO,매도,1,17.6322,0.5,2.919,7867.54,고점 $17.74 대비 -0.50% → 익절 +3.12%
2024-05-10 09:35:27,MU,매수,20,120.5452,,,5454.95,로테이션 매수: 126일 모멘텀 상위 5
2024-05-10 09:35:27,NVDA,매수,27,90.671,,,3005.12,로테이션 매수: 126일 모멘텀 상위 5
2024-05-10 09:36:40,SHIP,매수,238,10.5853,,,484.06,로테이션 매수: 126일 모멘텀 상위 5
2024-05-10 09:36:55,CRWD,매수,6,80.04,,,3.48,로테이션 매수: 126일 모멘텀 상위 5
2024-05-10 15:51:00,FTNT,매도,2,58.0709,-3.12,-2.621,119.54,보유기한 청산 -2.43%
2024-05-10 15:51:00,NET,매도,34,71.7741,-99.55,-3.925,2558.08,보유기한 청산 -3.74%
2024-05-13 09:37:03,CROX,매수,17,144.789,,,94.94,로테이션 매수: 126일 모멘텀 상위 5
2024-05-13 09:40:35,SHOP,매수,1,59.4072,,,35.49,저점 $59.07 대비 +0.52% 반등 (RSI 23)
2024-05-13 12:40:54,MDB,매도,6,359.92,49.72,2.36,2193.44,고점 $361.93 대비 -0.50% → 익절 +2.56%
2024-05-13 13:06:00,AMZN,매수,11,186.3831,,,141.79,저점 $185.36 대비 +0.50% 반등 (RSI 39)
2024-05-14 09:51:00,WDC,매수,2,53.6795,,,34.35,저점 $53.33 대비 +0.60% 반등 (RSI 42)
2024-05-14 10:19:33,SHOP,매도,1,56.8915,-2.6,-4.374,91.2,손절 -4.19%
2024-05-14 11:02:18,LRCX,매수,1,90.5967,,,0.54,저점 $90.03 대비 +0.58% 반등 (RSI 47)
2024-05-15 10:20:31,WDC,매도,2,56.6353,5.75,5.359,113.73,고점 $56.95 대비 -0.50% → 익절 +5.56%
2024-05-15 10:46:00,SLB,매수,2,47.7201,,,18.22,저점 $47.40 대비 +0.62% 반등 (RSI 36)
2024-05-15 15:06:00,LRCX,매도,1,94.1849,3.46,3.815,112.34,고점 $94.74 대비 -0.50% → 익절 +4.01%
2024-05-16 09:52:30,INCY,매수,1,56.8772,,,55.42,저점 $56.53 대비 +0.56% 반등 (RSI 65)
2024-05-17 15:51:00,AMZN,매도,11,184.6543,-21.94,-1.07,2085.14,보유기한 청산 -0.88%
2024-05-20 09:57:41,ROST,매수,15,131.6708,,,108.69,저점 $130.86 대비 +0.57% 반등 (RSI 38)
2024-05-21 15:51:00,SLB,매도,2,48.2559,0.93,0.979,205.13,보유기한 청산 +1.17%
2024-05-22 09:35:17,FCX,매수,3,52.118,,,48.67,저점 $51.81 대비 +0.54% 반등 (RSI 56)
2024-05-22 15:51:00,INCY,매도,1,58.2075,1.25,2.194,106.84,보유기한 청산 +2.39%
2024-05-23 09:30:00,CROX,매도,17,141.7891,-54.48,-2.213,2515.49,로테이션 제외(모멘텀 순위 밖 또는 국면 0)
2024-05-23 09:30:00,CRWD,매도,6,87.4563,43.78,9.116,3039.84,로테이션 제외(모멘텀 순위 밖 또는 국면 0)
2024-05-23 09:30:00,MU,매도,20,131.7041,219.57,9.107,5672.0,로테이션 제외(모멘텀 순위 밖 또는 국면 0)
2024-05-23 09:30:00,NVDA,매도,27,101.949,300.78,12.286,8422.62,로테이션 제외(모멘텀 순위 밖 또는 국면 0)
2024-05-23 09:30:00,SHIP,매도,238,12.3538,417.0,16.552,11360.68,로테이션 제외(모멘텀 순위 밖 또는 국면 0)
2024-05-24 09:35:00,SHIP,매수,224,12.1424,,,8638.87,로테이션 매수: 126일 모멘텀 상위 5
2024-05-24 09:35:48,CROX,매수,18,144.8024,,,6030.61,로테이션 매수: 126일 모멘텀 상위 5
2024-05-24 09:36:18,CRWD,매수,31,85.4002,,,3381.35,로테이션 매수: 126일 모멘텀 상위 5
2024-05-24 09:36:18,MU,매수,21,127.3957,,,704.17,로테이션 매수: 126일 모멘텀 상위 5
2024-05-24 09:36:40,NVDA,매수,6,104.7103,,,75.47,로테이션 매수: 126일 모멘텀 상위 5
2024-05-24 09:39:00,ROST,매도,15,140.8196,134.31,6.8,2186.22,고점 $141.62 대비 -0.50% → 익절 +7.00%
2024-05-24 09:43:50,EOG,매수,17,125.4052,,,52.84,저점 $124.63 대비 +0.57% 반등 (RSI 23)
2024-05-24 09:46:21,INTC,매수,1,30.3232,,,22.49,저점 $30.13 대비 +0.59% 반등 (RSI 26)
2024-05-28 13:02:43,FCX,매도,3,53.5357,4.03,2.575,182.98,고점 $53.89 대비 -0.50% → 익절 +2.77%
2024-05-28 13:08:10,INTC,매도,1,31.0345,0.67,2.201,213.99,고점 $31.37 대비 -1.00% → 익절 +2.40%
2024-05-28 15:06:00,DDOG,매수,1,121.7308,,,92.18,저점 $120.94 대비 +0.60% 반등 (RSI 40)
2024-05-29 09:50:00,NET,매수,1,73.006,,,19.12,저점 $72.54 대비 +0.59% 반등 (RSI 46)
2024-05-29 15:44:00,NET,매도,1,75.4637,2.35,3.221,94.53,고점 $75.90 대비 -0.50% → 익절 +3.42%
2024-05-30 09:45:39,MRVL,매수,1,75.5593,,,18.92,저점 $75.08 대비 +0.59% 반등 (RSI 46)
2024-05-30 15:51:49,EOG,매도,17,122.2522,-56.61,-2.655,2095.69,보유기한 청산 -2.47%
2024-05-31 09:30:00,DDOG,매도,1,114.6876,-7.21,-5.925,2210.29,손절 -5.74%
2024-05-31 09:36:12,MDB,매수,9,239.8098,,,50.49,저점 $238.38 대비 +0.55% 반등 (RSI 12)
2024-05-31 09:55:27,MRVL,매도,1,72.4106,-3.25,-4.307,122.85,손절 -4.12%
2024-05-31 10:23:41,ORCL,매수,1,115.2639,,,7.5,저점 $114.55 대비 +0.57% 반등 (RSI 20)
2024-06-03 09:30:00,CROX,매도,18,156.9315,214.44,8.227,2830.21,로테이션 제외(모멘텀 순위 밖 또는 국면 0)
2024-06-03 09:30:00,CRWD,매도,31,79.7726,-178.11,-6.728,5301.35,로테이션 제외(모멘텀 순위 밖 또는 국면 0)
2024-06-03 09:30:00,MU,매도,21,128.016,9.19,0.344,7987.73,로테이션 제외(모멘텀 순위 밖 또는 국면 0)
2024-06-03 09:30:00,NVDA,매도,6,113.5326,52.0,8.276,8668.43,로테이션 제외(모멘텀 순위 밖 또는 국면 0)
2024-06-03 09:30:00,SHIP,매도,224,12.2539,21.06,0.774,11411.29,로테이션 제외(모멘텀 순위 밖 또는 국면 0)
2024-06-03 09:57:41,MDB,매도,9,248.9902,79.48,3.682,13650.56,고점 $252.11 대비 -1.00% → 익절 +3.88%
2024-06-03 11:11:32,ORCL,매도,1,117.5312,2.1,1.823,13768.01,고점 $118.82 대비 -1.00% → 익절 +2.02%
2024-06-04 09:35:00,SHIP,매수,228,12.0733,,,11013.37,로테이션 매수: 126일 모멘텀 상위 5
2024-06-04 09:36:40,MU,매수,21,127.7005,,,8329.78,로테이션 매수: 126일 모멘텀 상위 5
2024-06-04 09:36:40,WDC,매수,48,56.6345,,,5609.42,로테이션 매수: 126일 모멘텀 상위 5
2024-06-04 09:37:30,NVDA,매수,23,116.0457,,,2938.51,로테이션 매수: 126일 모멘텀 상위 5
2024-06-04 09:39:13,META,매수,5,478.3759,,,544.95,로테이션 매수: 126일 모멘텀 상위 5
2024-06-04 09:40:00,CRWD,매수,6,77.9852,,,76.71,저점 $77.50 대비 +0.58% 반등 (RSI 29)
2024-06-04 10:16:21,SLB,매수,1,43.2187,,,33.46,저점 $42.96 대비 +0.56% 반등 (RSI 28)
2024-06-04 10:24:00,CRDO,매수,1,24.1304,,,9.32,저점 $23.98 대비 +0.58% 반등 (RSI 64)
2024-06-05 09:39:13,CRWD,매도,6,83.8315,34.38,7.348,511.94,고점 $84.37 대비 -0.50% → 익절 +7.55%
2024-06-05 09:40:00,CRDO,매도,1,24.8925,0.73,3.013,536.81,고점 $25.19 대비 -1.00% → 익절 +3.21%
2024-06-05 10:18:00,TSLA,매수,3,173.1166,,,17.1,저점 $172.13 대비 +0.52% 반등 (RSI 43)
2024-06-06 14:22:00,TSLA,매도,3,178.4887,15.36,2.958,552.18,고점 $179.73 대비 -0.50% → 익절 +3.15%
2024-06-06 14:55:00,AMGN,매수,1,306.105,,,245.86,저점 $304.31 대비 +0.54% 반등 (RSI 42)
2024-06-07 09:30:00,META,매도,5,494.7525,78.4,3.278,2717.81,로테이션 제외(모멘텀 순위 밖 또는 국면 0)
2024-06-07 09:30:00,MU,매도,21,130.1449,47.46,1.77,5448.86,로테이션 제외(모멘텀 순위 밖 또는 국면 0)
2024-06-07 09:30:00,NVDA,매도,23,119.78,82.01,3.073,8201.79,로테이션 제외(모멘텀 순위 밖 또는 국면 0)
2024-06-07 09:30:00,SHIP,매도,228,11.994,-22.0,-0.799,10934.43,로테이션 제외(모멘텀 순위 밖 또는 국면 0)
2024-06-07 09:30:00,WDC,매도,48,56.5703,-6.96,-0.256,13647.82,로테이션 제외(모멘텀 순위 밖 또는 국면 0)
2024-06-07 14:08:10,SLB,매도,1,44.4178,1.14,2.629,13692.21,고점 $44.72 대비 -0.50% → 익절 +2.83%
2024-06-11 09:35:27,MU,매수,20,135.461,,,10981.09,로테이션 매수: 126일 모멘텀 상위 5
2024-06-11 09:35:42,SHIP,매수,231,12.07,,,8190.96,로테이션 매수: 126일 모멘텀 상위 5
2024-06-11 09:36:40,NVDA,매수,22,122.2831,,,5498.85,로테이션 매수: 126일 모멘텀 상위 5
2024-06-11 09:36:40,WDC,매수,47,58.2831,,,2757.63,로테이션 매수: 126일 모멘텀 상위 5
2024-06-11 09:37:12,CRDO,매수,97,28.2541,,,15.06,로테이션 매수: 126일 모멘텀 상위 5
2024-06-12 15:51:49,AMGN,매도,1,301.0794,-5.46,-1.784,315.92,보유기한 청산 -1.59%
2024-06-13 09:40:00,SLB,매수,7,44.7023,,,2.78,저점 $44.44 대비 +0.54% 반등 (RSI 50)
2024-06-14 10:05:17,SLB,매도,7,42.8506,-13.4,-4.282,302.52,손절 -4.09%
2024-06-14 10:06:31,MDB,매수,1,223.3603,,,79.0,저점 $222.00 대비 +0.56% 반등 (RSI 30)
2024-06-14 11:02:43,KO,매수,1,62.4625,,,16.5,저점 $62.09 대비 +0.55% 반등 (RSI 28)
2024-06-17 09:30:00,SHIP,매도,231,10.6447,-333.0,-11.943,2473.62,로테이션 제외(모멘텀 순위 밖 또는 국면 0)
2024-06-17 09:37:12,AVGO,매수,13,178.9774,,,145.29,로테이션 매수: 126일 모멘텀 상위 5
2024-06-17 09:44:24,MNST,매수,6,23.963,,,1.41,저점 $23.82 대비 +0.57% 반등 (RSI 29)
2024-06-18 09:30:00,AVGO,매도,13,183.896,60.57,2.603,2390.31,로테이션 제외(모멘텀 순위 밖 또는 국면 0)
2024-06-18 09:30:00,CRDO,매도,97,28.6157,31.13,1.136,5164.01,로테이션 제외(모멘텀 순위 밖 또는 국면 0)
2024-06-18 09:30:00,MU,매도,20,151.6641,319.95,11.81,8195.07,로테이션 제외(모멘텀 순위 밖 또는 국면 0)
2024-06-18 09:30:00,NVDA,매도,22,130.9745,187.22,6.959,11074.41,로테이션 제외(모멘텀 순위 밖 또는 국면 0)
2024-06-18 09:30:00,WDC,매도,47,60.7179,110.44,4.032,13926.07,로테이션 제외(모멘텀 순위 밖 또는 국면 0)
2024-06-20 15:51:00,KO,매도,1,62.0406,-0.51,-0.818,13988.06,보유기한 청산 -0.63%
2024-06-20 15:51:49,MDB,매도,1,220.1799,-3.5,-1.566,14208.08,보유기한 청산 -1.37%
2024-06-21 10:25:23,MNST,매도,6,24.6427,3.87,2.691,14355.83,고점 $24.78 대비 -0.50% → 익절 +2.89%
2024-06-28 09:35:00,LLY,매수,3,910.3449,,,11622.88,로테이션 매수: 126일 모멘텀 상위 5
2024-06-28 09:36:25,CRDO,매수,91,31.4857,,,8755.68,로테이션 매수: 126일 모멘텀 상위 5
2024-06-28 09:36:25,NVDA,매수,23,123.9439,,,5902.97,로테이션 매수: 126일 모멘텀 상위 5
2024-06-28 09:36:55,CROX,매수,19,143.8736,,,3167.46,로테이션 매수: 126일 모멘텀 상위 5
2024-06-28 09:36:55,MU,매수,21,132.0885,,,391.66,로테이션 매수: 126일 모멘텀 상위 5
2024-06-28 09:48:00,RL,매수,2,172.0929,,,47.23,저점 $171.04 대비 +0.57% 반등 (RSI 24)
2024-06-28 10:22:30,SHIP,매수,4,10.0775,,,6.89,저점 $10.02 대비 +0.52% 반등 (RSI 42)
2024-07-02 10:22:30,SHIP,매도,4,10.6346,2.17,5.381,49.4,고점 $10.70 대비 -0.50% → 익절 +5.58%
2024-07-02 11:35:27,SLB,매수,1,46.6066,,,2.76,저점 $46.34 대비 +0.53% 반등 (RSI 45)
2024-07-03 09:30:00,CRDO,매도,91,31.2843,-22.41,-0.782,2847.56,로테이션 제외(모멘텀 순위 밖 또는 국면 0)
2024-07-03 09:30:00,CROX,매도,19,146.1069,38.49,1.408,5621.56,로테이션 제외(모멘텀 순위 밖 또는 국면 0)
2024-07-03 09:30:00,LLY,매도,3,910.5445,-3.31,-0.121,8351.2,로테이션 제외(모멘텀 순위 밖 또는 국면 0)
2024-07-03 09:30:00,MU,매도,21,132.7436,9.78,0.353,11136.78,로테이션 제외(모멘텀 순위 밖 또는 국면 0)
2024-07-03 09:30:00,NVDA,매도,23,121.984,-49.12,-1.723,13940.37,로테이션 제외(모멘텀 순위 밖 또는 국면 0)
2024-07-05 09:35:13,CRDO,매수,91,31.4524,,,11076.2,로테이션 매수: 126일 모멘텀 상위 5
2024-07-05 09:35:27,CROX,매수,19,148.145,,,8259.47,로테이션 매수: 126일 모멘텀 상위 5
2024-07-05 09:36:12,MU,매수,20,136.8315,,,5520.93,로테이션 매수: 126일 모멘텀 상위 5
2024-07-05 09:37:12,NVDA,매수,22,128.4393,,,2693.28,로테이션 매수: 126일 모멘텀 상위 5
2024-07-05 09:38:34,LLY,매수,2,898.3089,,,895.41,로테이션 매수: 126일 모멘텀 상위 5
2024-07-05 10:00:00,STX,매수,8,101.6668,,,81.5,저점 $101.07 대비 +0.54% 반등 (RSI 41)
2024-07-05 15:51:49,RL,매도,2,168.9755,-6.72,-1.953,419.21,보유기한 청산 -1.76%
2024-07-08 09:30:00,LLY,매도,2,914.6924,30.17,1.679,2247.26,로테이션 제외(모멘텀 순위 밖 또는 국면 0)
2024-07-08 09:38:34,AVGO,매수,13,170.6233,,,27.6,로테이션 매수: 126일 모멘텀 상위 5
2024-07-08 12:48:27,SHIP,매수,2,10.2044,,,7.18,저점 $10.15 대비 +0.53% 반등 (RSI 40)
2024-07-08 15:51:00,SLB,매도,1,46.2569,-0.42,-0.893,53.4,보유기한 청산 -0.70%
2024-07-09 10:26:00,SLB,매수,1,45.6278,,,7.74,저점 $45.33 대비 +0.61% 반등 (RSI 48)
2024-07-09 13:25:00,STX,매도,8,104.3778,20.51,2.522,842.15,고점 $104.98 대비 -0.50% → 익절 +2.72%
2024-07-09 13:34:17,ORCL,매수,5,141.2706,,,135.31,저점 $140.43 대비 +0.55% 반등 (RSI 33)
2024-07-12 15:50:00,SHIP,매도,2,9.8251,-0.79,-3.858,154.94,보유기한 청산 -3.67%
2024-07-15 09:30:00,CROX,매도,19,139.1504,-174.8,-6.21,2796.87,로테이션 제외(모멘텀 순위 밖 또는 국면 0)
2024-07-15 09:36:40,WDC,매수,46,59.8447,,,42.09,로테이션 매수: 126일 모멘텀 상위 5
2024-07-15 09:52:30,SHIP,매수,4,9.7318,,,3.13,저점 $9.67 대비 +0.59% 반등 (RSI 29)
2024-07-15 09:58:00,ORCL,매도,5,145.6814,21.03,2.977,731.01,고점 $146.59 대비 -0.50% → 익절 +3.17%
2024-07-15 09:58:25,CRWD,매수,7,92.3419,,,84.16,저점 $91.76 대비 +0.58% 반등 (RSI 42)
2024-07-15 11:04:17,SHIP,매도,4,9.905,0.64,1.636,123.75,고점 $10.03 대비 -1.00% → 익절 +1.83%
2024-07-15 11:05:00,DAL,매수,2,43.2756,,,37.14,저점 $42.95 대비 +0.71% 반등 (RSI 29)
2024-07-15 11:25:23,CRWD,매도,7,95.3523,20.13,3.115,704.12,고점 $95.89 대비 -0.50% → 익절 +3.31%
2024-07-15 11:26:40,SLB,매도,1,47.946,2.25,4.934,752.03,고점 $48.28 대비 -0.50% → 익절 +5.13%
2024-07-15 11:57:41,RL,매수,4,174.9975,,,51.55,저점 $174.02 대비 +0.51% 반등 (RSI 33)
2024-07-15 14:54:00,SHIP,매수,5,9.6681,,,3.18,저점 $9.61 대비 +0.55% 반등 (RSI 27)
2024-07-16 09:30:00,AVGO,매도,13,172.3338,19.05,0.859,2241.88,로테이션 제외(모멘텀 순위 밖 또는 국면 0)
2024-07-16 09:30:00,CRDO,매도,91,33.1234,147.86,5.166,5253.91,로테이션 제외(모멘텀 순위 밖 또는 국면 0)
2024-07-16 09:30:00,MU,매도,20,130.2948,-134.55,-4.917,7857.91,로테이션 제외(모멘텀 순위 밖 또는 국면 0)
2024-07-16 09:30:00,NVDA,매도,22,128.3458,-6.1,-0.216,10679.45,로테이션 제외(모멘텀 순위 밖 또는 국면 0)
2024-07-16 09:30:00,WDC,매도,46,58.7575,-53.91,-1.958,13380.32,로테이션 제외(모멘텀 순위 밖 또는 국면 0)
2024-07-16 12:46:21,DAL,매도,2,44.9975,3.32,3.833,13470.25,고점 $45.26 대비 -0.50% → 익절 +4.03%
2024-07-17 10:15:36,SHIP,매도,5,9.2642,-2.09,-4.318,13516.54,손절 -4.13%
2024-07-18 12:48:00,RL,매도,4,167.856,-29.55,-4.221,14187.47,손절 -4.03%
2024-07-29 09:35:00,CROX,매수,21,130.8821,,,11437.02,로테이션 매수: 126일 모멘텀 상위 5
2024-07-29 09:35:00,NVDA,매수,24,113.4767,,,8711.68,로테이션 매수: 126일 모멘텀 상위 5
2024-07-29 09:35:37,CRDO,매수,97,28.9811,,,5898.54,로테이션 매수: 126일 모멘텀 상위 5
2024-07-29 09:39:13,GS,매수,5,501.7241,,,3388.16,로테이션 매수: 126일 모멘텀 상위 5
2024-07-29 09:39:13,NEM,매수,60,47.2136,,,553.36,로테이션 매수: 126일 모멘텀 상위 5
2024-07-29 09:51:10,AAPL,매수,2,217.0485,,,118.96,저점 $215.76 대비 +0.55% 반등 (RSI 42)
2024-07-29 09:54:32,FTNT,매수,2,56.7809,,,5.32,저점 $56.42 대비 +0.59% 반등 (RSI 41)
2024-07-31 10:40:00,FTNT,매도,2,58.3208,2.92,2.567,121.88,고점 $58.65 대비 -0.50% → 익절 +2.76%
2024-07-31 11:00:00,CRWD,매수,2,58.6981,,,4.4,저점 $58.33 대비 +0.59% 반등 (RSI 30)
2024-07-31 12:00:00,AAPL,매도,2,222.4587,10.19,2.348,448.99,고점 $223.82 대비 -0.50% → 익절 +2.54%
2024-07-31 12:00:00,USB,매수,9,45.4027,,,40.08,저점 $45.10 대비 +0.61% 반등 (RSI 46)
2024-08-01 10:19:33,CRWD,매도,2,56.2494,-5.06,-4.312,152.5,손절 -4.12%
2024-08-01 10:26:00,SHIP,매수,16,9.2646,,,4.16,저점 $9.20 대비 +0.64% 반등 (RSI 47)
2024-08-01 11:11:32,USB,매도,9,43.5382,-17.35,-4.247,395.72,손절 -4.06%
2024-08-01 11:21:25,PGR,매수,1,213.7018,,,181.87,저점 $212.38 대비 +0.57% 반등 (RSI 48)
2024-08-01 11:22:48,WDC,매수,4,44.7835,,,2.61,저점 $44.50 대비 +0.58% 반등 (RSI 29)
2024-08-02 09:30:00,CRDO,매도,97,25.1274,-377.56,-13.431,2438.19,로테이션 제외(모멘텀 순위 밖 또는 국면 0)
2024-08-02 09:30:00,CROX,매도,21,123.7981,-152.59,-5.552,5036.05,로테이션 제외(모멘텀 순위 밖 또는 국면 0)
2024-08-02 09:30:00,GS,매도,5,490.6746,-58.79,-2.344,7487.63,로테이션 제외(모멘텀 순위 밖 또는 국면 0)
2024-08-02 09:30:00,NEM,매도,60,49.975,161.51,5.701,10483.94,로테이션 제외(모멘텀 순위 밖 또는 국면 0)
2024-08-02 09:30:00,NVDA,매도,24,103.2317,-249.6,-9.165,12959.69,로테이션 제외(모멘텀 순위 밖 또는 국면 0)
2024-08-02 09:59:08,WDC,매도,4,42.9436,-7.61,-4.249,13131.34,손절 -4.06%
2024-08-02 10:04:44,SHIP,매도,16,8.8789,-6.38,-4.304,13273.3,손절 -4.12%
2024-08-05 09:35:13,SHIP,매수,323,8.3325,,,10580.02,로테이션 매수: 126일 모멘텀 상위 5
2024-08-05 09:35:16,NVDA,매수,29,90.7353,,,7946.85,로테이션 매수: 126일 모멘텀 상위 5
2024-08-05 09:35:27,NEM,매수,59,45.5995,,,5254.6,로테이션 매수: 126일 모멘텀 상위 5
2024-08-05 09:35:31,CRDO,매수,118,22.699,,,2574.24,저점 $22.51 대비 +0.79% 반등 (RSI 35)
2024-08-05 09:35:36,TSLA,매수,14,183.5406,,,2.87,저점 $182.00 대비 +0.80% 반등 (RSI 28)
2024-08-05 10:18:09,CRDO,매도,118,24.5227,211.21,7.885,2894.44,고점 $24.82 대비 -1.00% → 익절 +8.09%
2024-08-05 10:18:27,UNP,매수,12,232.5666,,,101.69,저점 $231.26 대비 +0.51% 반등 (RSI 43)
2024-08-05 10:19:05,DAL,매수,2,38.3892,,,24.86,저점 $38.16 대비 +0.56% 반등 (RSI 24)
2024-08-05 10:20:24,TSLA,매도,14,199.0657,213.52,8.309,2809.74,고점 $201.56 대비 -1.00% → 익절 +8.51%
2024-08-05 10:20:31,RTX,매수,24,114.537,,,58.93,로테이션 매수: 126일 모멘텀 상위 5
2024-08-05 10:21:25,USB,매수,1,40.6523,,,18.25,저점 $40.41 대비 +0.55% 반등 (RSI 25)
2024-08-06 15:08:34,USB,매도,1,41.5892,0.88,2.16,59.81,고점 $42.06 대비 -1.00% → 익절 +2.36%
2024-08-06 15:45:00,UNP,매도,12,238.9725,72.82,2.609,2925.39,고점 $241.51 대비 -1.00% → 익절 +2.81%
2024-08-07 09:35:27,META,매수,5,505.0299,,,398.47,로테이션 매수: 126일 모멘텀 상위 5
2024-08-07 09:38:16,AMGN,매수,1,323.1315,,,75.11,저점 $321.00 대비 +0.61% 반등 (RSI 47)
2024-08-07 12:11:15,AMGN,매도,1,309.8083,-13.78,-4.263,384.69,손절 -4.08%
2024-08-07 13:23:20,DHI,매수,2,170.2201,,,44.02,저점 $169.13 대비 +0.59% 반등 (RSI 40)
2024-08-07 15:51:49,PGR,매도,1,215.2457,1.24,0.579,259.1,보유기한 청산 +0.77%
2024-08-08 09:48:00,INCY,매수,4,60.5841,,,16.6,저점 $60.19 대비 +0.60% 반등 (RSI 26)
2024-08-09 09:48:56,DAL,매도,2,39.5077,2.13,2.769,95.56,고점 $39.75 대비 -0.50% → 익절 +2.97%
2024-08-09 09:50:00,MNST,매수,4,22.7338,,,4.56,저점 $22.59 대비 +0.56% 반등 (RSI 20)
2024-08-09 11:02:43,DHI,매도,2,173.6556,6.38,1.874,351.61,고점 $175.62 대비 -1.00% → 익절 +2.07%
2024-08-09 13:02:43,PEP,매수,2,171.9134,,,7.55,저점 $170.92 대비 +0.53% 반등 (RSI 35)
2024-08-12 09:30:00,META,매도,5,516.7415,54.9,2.174,2589.37,로테이션 제외(모멘텀 순위 밖 또는 국면 0)
2024-08-12 09:37:12,CRDO,매수,94,27.2756,,,23.66,로테이션 매수: 126일 모멘텀 상위 5
2024-08-14 15:51:00,INCY,매도,4,61.1527,1.93,0.795,268.1,보유기한 청산 +0.99%
2024-08-15 10:36:00,VZ,매수,6,40.3635,,,25.75,저점 $40.14 대비 +0.51% 반등 (RSI 39)
2024-08-15 14:02:43,MNST,매도,4,23.6076,3.36,3.698,120.11,고점 $23.77 대비 -0.50% → 익절 +3.90%
2024-08-15 15:51:00,PEP,매도,2,172.1072,-0.1,-0.03,464.07,보유기한 청산 +0.16%
2024-08-16 11:00:00,PEP,매수,2,172.2878,,,119.25,저점 $171.16 대비 +0.61% 반등 (RSI 41)
2024-08-19 09:30:00,RTX,매도,24,117.941,77.71,2.827,2947.77,로테이션 제외(모멘텀 순위 밖 또는 국면 0)
2024-08-19 09:35:13,MU,매수,27,107.7872,,,35.48,로테이션 매수: 126일 모멘텀 상위 5
2024-08-20 10:26:28,MNST,매수,1,23.2416,,,12.22,저점 $23.10 대비 +0.57% 반등 (RSI 47)
2024-08-21 15:51:00,VZ,매도,6,41.0361,3.69,1.522,258.26,보유기한 청산 +1.72%
2024-08-22 09:49:24,MDB,매수,1,252.2723,,,5.81,저점 $250.72 대비 +0.57% 반등 (RSI 67)
2024-08-22 15:51:00,PEP,매도,2,175.7421,6.41,1.861,357.04,보유기한 청산 +2.06%
2024-08-23 09:45:39,TSLA,매수,1,215.5796,,,141.31,저점 $214.21 대비 +0.59% 반등 (RSI 29)
2024-08-26 09:30:00,MU,매도,27,100.6696,-196.2,-6.742,2857.4,로테이션 제외(모멘텀 순위 밖 또는 국면 0)
2024-08-26 09:35:00,RTX,매수,24,118.7293,,,5.9,로테이션 매수: 126일 모멘텀 상위 5
2024-08-26 15:51:00,MNST,매도,1,23.6673,0.39,1.687,29.55,보유기한 청산 +1.88%
2024-08-27 09:39:28,MDB,매도,1,241.794,-10.83,-4.294,271.17,손절 -4.11%
2024-08-27 09:50:00,CRWD,매수,4,65.5908,,,8.63,저점 $65.19 대비 +0.57% 반등 (RSI 40)
2024-08-27 10:17:38,TSLA,매도,1,206.8366,-9.04,-4.196,215.31,손절 -4.01%
2024-08-27 10:19:24,AMZN,매수,1,173.3207,,,41.87,저점 $172.34 대비 +0.52% 반등 (RSI 41)
2024-08-27 13:00:00,DAVE,매수,1,37.746,,,4.1,저점 $37.53 대비 +0.53% 반등 (RSI 38)
2024-08-28 09:57:00,CRWD,매도,4,66.8691,4.73,1.804,271.38,고점 $67.68 대비 -1.00% → 익절 +2.00%
2024-08-28 09:57:41,NET,매수,3,80.7203,,,29.05,저점 $80.26 대비 +0.52% 반등 (RSI 39)
2024-08-28 11:05:33,DAVE,매도,1,36.2052,-1.59,-4.222,65.23,손절 -4.03%
2024-08-28 11:08:10,FCX,매수,1,43.9019,,,21.29,저점 $43.61 대비 +0.62% 반등 (RSI 36)
2024-08-30 10:56:40,NET,매도,3,83.1967,7.08,2.923,270.7,고점 $83.69 대비 -0.50% → 익절 +3.12%
2024-08-30 13:02:43,DHI,매수,1,185.8504,,,84.72,저점 $184.67 대비 +0.59% 반등 (RSI 38)
2024-09-03 09:30:00,AMZN,매도,1,177.4113,3.84,2.215,262.0,고점 $178.90 대비 -0.50% → 익절 +2.41%
2024-09-03 09:45:39,FCX,매도,1,42.1214,-1.84,-4.196,304.09,손절 -4.01%
2024-09-03 09:57:41,BKNG,매수,1,155.7454,,,148.24,저점 $154.84 대비 +0.53% 반등 (RSI 57)
2024-09-03 10:22:48,LRCX,매수,1,78.1944,,,69.99,저점 $77.76 대비 +0.51% 반등 (RSI 54)
2024-09-04 09:37:44,LRCX,매도,1,74.9717,-3.33,-4.261,144.91,손절 -4.07%
2024-09-04 09:37:49,DDOG,매수,1,111.4457,,,33.38,저점 $110.77 대비 +0.56% 반등 (RSI 31)
2024-09-05 11:12:51,BKNG,매도,1,149.2684,-6.7,-4.299,182.54,손절 -4.11%
2024-09-05 11:14:00,INCY,매수,2,61.931,,,58.59,저점 $61.36 대비 +0.87% 반등 (RSI 16)
2024-09-05 15:51:00,DHI,매도,1,183.8913,-2.22,-1.196,242.35,보유기한 청산 -1.00%
2024-09-06 09:38:34,DAVE,매수,6,35.7844,,,27.49,저점 $35.53 대비 +0.67% 반등 (RSI 38)
2024-09-06 10:57:41,DDOG,매도,1,106.7716,-4.83,-4.334,134.19,손절 -4.15%
2024-09-06 10:58:25,DAVE,매도,6,34.3088,-9.15,-4.263,339.89,손절 -4.08%
2024-09-06 11:16:21,AVGO,매수,2,137.4658,,,64.77,저점 $136.60 대비 +0.58% 반등 (RSI 22)
2024-09-06 12:52:30,WDC,매수,1,45.6262,,,19.11,저점 $45.35 대비 +0.56% 반등 (RSI 28)
2024-09-09 09:30:00,CRDO,매도,94,24.7376,-242.06,-9.441,2342.75,로테이션 제외(모멘텀 순위 밖 또는 국면 0)
2024-09-09 09:30:00,NVDA,매도,29,104.8126,404.18,15.36,5380.09,로테이션 제외(모멘텀 순위 밖 또는 국면 0)
2024-09-09 09:30:00,SHIP,매도,323,10.3248,639.21,23.75,8712.58,로테이션 제외(모멘텀 순위 밖 또는 국면 0)
2024-09-09 09:35:00,PGR,매수,11,250.16,,,5958.89,로테이션 매수: 126일 모멘텀 상위 5
2024-09-09 09:36:00,DAVE,매수,87,34.4372,,,2960.76,로테이션 매수: 126일 모멘텀 상위 5
2024-09-09 09:38:00,AAPL,매수,13,221.2572,,,82.4,로테이션 매수: 126일 모멘텀 상위 5
2024-09-10 09:48:45,WDC,매도,1,46.8775,1.19,2.598,129.25,고점 $47.45 대비 -1.00% → 익절 +2.79%
2024-09-10 09:50:00,CROX,매수,1,127.7547,,,1.4,저점 $126.45 대비 +0.98% 반등 (RSI 14)
2024-09-10 11:08:34,AVGO,매도,2,144.3178,13.3,4.838,289.83,고점 $145.93 대비 -1.00% → 익절 +5.04%
2024-09-10 11:10:00,SLB,매수,7,39.93,,,10.12,저점 $39.70 대비 +0.53% 반등 (RSI 25)
2024-09-11 15:51:00,INCY,매도,2,63.1151,2.19,1.768,136.26,보유기한 청산 +1.96%
2024-09-12 11:02:43,MNST,매수,5,24.4779,,,13.78,저점 $24.33 대비 +0.58% 반등 (RSI 40)
2024-09-16 09:30:00,AAPL,매도,13,216.4417,-66.67,-2.318,2825.47,로테이션 제외(모멘텀 순위 밖 또는 국면 0)
2024-09-16 09:30:00,PGR,매도,11,257.1813,73.24,2.662,5652.4,로테이션 제외(모멘텀 순위 밖 또는 국면 0)
2024-09-16 09:30:00,RTX,매도,24,119.91,24.24,0.851,8528.14,로테이션 제외(모멘텀 순위 밖 또는 국면 0)
2024-09-16 09:35:17,NVDA,매수,26,116.1999,,,5504.83,로테이션 매수: 126일 모멘텀 상위 5
2024-09-16 09:36:40,CRDO,매수,108,28.4128,,,2434.1,로테이션 매수: 126일 모멘텀 상위 5
2024-09-16 09:36:40,TSLA,매수,10,229.9049,,,133.44,로테이션 매수: 126일 모멘텀 상위 5
2024-09-16 09:54:00,MNST,매도,5,25.5004,4.93,4.031,260.85,고점 $25.65 대비 -0.50% → 익절 +4.23%
2024-09-16 09:55:15,SLB,매도,7,40.8995,6.38,2.283,546.94,고점 $41.16 대비 -0.50% → 익절 +2.48%
2024-09-16 09:56:40,MDB,매수,1,289.478,,,257.26,저점 $287.71 대비 +0.56% 반등 (RSI 45)
2024-09-16 10:01:34,AAPL,매수,1,215.2576,,,41.85,저점 $213.92 대비 +0.57% 반등 (RSI 52)
2024-09-16 10:23:47,CROX,매도,1,133.3723,5.43,4.251,175.13,고점 $134.15 대비 -0.50% → 익절 +4.45%
2024-09-16 11:25:23,MRVL,매수,2,73.2066,,,28.61,저점 $72.69 대비 +0.65% 반등 (RSI 50)
2024-09-18 14:25:42,AAPL,매도,1,221.2966,5.73,2.66,249.75,고점 $222.70 대비 -0.50% → 익절 +2.86%
2024-09-18 15:00:00,KO,매수,3,71.7288,,,34.41,저점 $71.27 대비 +0.59% 반등 (RSI 46)
2024-09-19 14:06:55,MRVL,매도,2,75.4852,4.34,2.967,185.27,고점 $76.01 대비 -0.50% → 익절 +3.16%
2024-09-19 15:18:27,CROX,매수,1,135.2583,,,49.92,저점 $134.45 대비 +0.55% 반등 (RSI 52)
2024-09-20 10:09:00,MDB,매도,1,277.6165,-12.27,-4.238,327.33,손절 -4.05%
2024-09-20 10:10:00,UNP,매수,1,244.8524,,,82.31,저점 $242.54 대비 +0.90% 반등 (RSI 40)
2024-09-20 11:08:34,CROX,매도,1,137.8253,2.37,1.753,220.03,고점 $139.50 대비 -1.00% → 익절 +1.95%
2024-09-20 11:57:41,DHI,매수,1,193.19,,,26.71,저점 $192.01 대비 +0.57% 반등 (RSI 42)
2024-09-23 09:30:00,NVDA,매도,26,116.4018,0.92,0.031,3050.94,로테이션 제외(모멘텀 순위 밖 또는 국면 0)
2024-09-23 09:39:13,AAPL,매수,13,226.7133,,,101.61,로테이션 매수: 126일 모멘텀 상위 5
2024-09-24 15:51:00,KO,매도,3,71.2177,-1.84,-0.855,315.1,보유기한 청산 -0.66%
2024-09-25 09:39:00,INTC,매수,13,22.8734,,,17.54,저점 $22.73 대비 +0.58% 반등 (RSI 26)
2024-09-25 10:28:30,INTC,매도,13,23.7531,11.0,3.7,326.11,고점 $24.05 대비 -1.00% → 익절 +3.90%
2024-09-25 10:30:00,INCY,매수,5,62.9365,,,11.2,저점 $62.57 대비 +0.54% 반등 (RSI 34)
2024-09-26 12:00:00,INCY,매도,5,64.7776,8.75,2.78,334.85,고점 $65.20 대비 -0.50% → 익절 +2.98%
2024-09-26 12:00:00,NOW,매수,1,175.8794,,,158.85,저점 $174.82 대비 +0.55% 반등 (RSI 25)
2024-09-26 15:51:00,DHI,매도,1,188.0692,-5.39,-2.792,346.78,보유기한 청산 -2.60%
2024-09-26 15:51:00,UNP,매도,1,243.2616,-1.94,-0.792,589.87,보유기한 청산 -0.60%
2024-09-27 10:00:00,PGR,매수,2,252.0602,,,85.4,저점 $250.55 대비 +0.55% 반등 (RSI 30)
2024-09-30 09:30:00,AAPL,매도,13,230.0399,39.0,1.323,3073.73,로테이션 제외(모멘텀 순위 밖 또는 국면 0)
2024-09-30 09:36:00,SHIP,매수,251,12.1923,,,11.32,로테이션 매수: 126일 모멘텀 상위 5
2024-10-02 15:51:00,NOW,매도,1,175.9653,-0.17,-0.094,187.16,보유기한 청산 +0.10%
2024-10-03 09:41:15,ROST,매수,1,147.2198,,,39.84,저점 $146.34 대비 +0.55% 반등 (RSI 35)
2024-10-03 09:50:00,INTC,매수,1,21.7905,,,18.03,저점 $21.65 대비 +0.60% 반등 (RSI 35)
2024-10-03 10:27:20,INTC,매도,1,22.4745,0.65,2.994,40.49,고점 $22.73 대비 -1.00% → 익절 +3.19%
2024-10-03 11:54:00,MNST,매수,1,25.1342,,,15.34,저점 $24.99 대비 +0.52% 반등 (RSI 25)
2024-10-03 15:51:00,PGR,매도,2,251.924,-0.99,-0.197,518.82,보유기한 청산 -0.00%
2024-10-04 09:57:41,PEP,매수,3,167.7438,,,15.23,저점 $166.82 대비 +0.50% 반등 (RSI 42)
2024-10-07 09:30:00,NEM,매도,59,52.9035,426.78,15.863,3134.26,로테이션 제외(모멘텀 순위 밖 또는 국면 0)
2024-10-07 09:36:18,NVDA,매수,25,125.0125,,,6.76,로테이션 매수: 126일 모멘텀 상위 5
2024-10-07 11:10:00,ROST,매도,1,141.1394,-6.29,-4.27,147.8,손절 -4.08%
2024-10-07 12:06:00,STX,매수,1,106.4132,,,41.31,저점 $105.83 대비 +0.50% 반등 (RSI 39)
2024-10-09 14:00:00,PEP,매도,3,172.2172,12.69,2.522,557.59,고점 $173.28 대비 -0.50% → 익절 +2.72%
2024-10-09 14:02:43,MRVL,매수,7,72.7051,,,48.3,저점 $72.26 대비 +0.57% 반등 (RSI 46)
2024-10-09 15:51:00,MNST,매도,1,24.8634,-0.31,-1.22,73.14,보유기한 청산 -1.03%
2024-10-10 09:30:00,CRDO,매도,108,34.8326,688.44,22.435,3832.31,로테이션 제외(모멘텀 순위 밖 또는 국면 0)
2024-10-10 09:30:00,DAVE,매도,87,41.969,650.5,21.712,7480.95,로테이션 제외(모멘텀 순위 밖 또는 국면 0)
2024-10-10 09:30:00,NVDA,매도,25,131.4542,156.46,5.006,10764.91,로테이션 제외(모멘텀 순위 밖 또는 국면 0)
2024-10-10 09:30:00,SHIP,매도,251,10.7846,-357.45,-11.68,13469.87,로테이션 제외(모멘텀 순위 밖 또는 국면 0)
2024-10-10 09:30:00,TSLA,매도,10,241.6891,114.47,4.979,15884.99,로테이션 제외(모멘텀 순위 밖 또는 국면 0)
2024-10-11 15:51:00,STX,매도,1,109.6337,3.07,2.881,15994.55,보유기한 청산 +3.08%
2024-10-14 09:37:30,MRVL,매도,7,74.5127,11.92,2.341,16515.76,고점 $75.00 대비 -0.50% → 익절 +2.54%
2024-10-17 09:35:00,ORCL,매수,18,177.6421,,,13315.96,로테이션 매수: 126일 모멘텀 상위 5
2024-10-17 09:35:06,DAVE,매수,67,49.1727,,,10019.08,로테이션 매수: 126일 모멘텀 상위 5
2024-10-17 09:35:08,CRDO,매수,87,37.6829,,,6738.37,로테이션 매수: 126일 모멘텀 상위 5
2024-10-17 09:35:48,MDB,매수,12,274.6372,,,3440.42,저점 $273.00 대비 +0.55% 반등 (RSI 38)
2024-10-17 09:36:40,NVDA,매수,23,138.6787,,,248.58,로테이션 매수: 126일 모멘텀 상위 5
2024-10-17 09:39:13,NEM,매수,4,56.9184,,,20.74,로테이션 매수: 126일 모멘텀 상위 5
2024-10-21 09:30:00,NEM,매도,4,58.4308,5.72,2.512,254.3,로테이션 제외(모멘텀 순위 밖 또는 국면 0)
2024-10-21 09:35:00,TSLA,매수,1,218.2155,,,35.93,로테이션 매수: 126일 모멘텀 상위 5
2024-10-21 11:53:04,INTC,매수,1,22.4079,,,13.5,저점 $22.25 대비 +0.66% 반등 (RSI 40)
2024-10-22 09:30:00,CRDO,매도,87,39.7201,172.42,5.259,3466.63,로테이션 제외(모멘텀 순위 밖 또는 국면 0)
2024-10-22 09:30:00,DAVE,매도,67,43.968,-353.17,-10.72,6410.34,로테이션 제외(모멘텀 순위 밖 또는 국면 0)
2024-10-22 09:30:00,NVDA,매도,23,142.2188,76.8,2.408,9678.98,로테이션 제외(모멘텀 순위 밖 또는 국면 0)
2024-10-22 09:30:00,ORCL,매도,18,175.3623,-45.58,-1.425,12833.2,로테이션 제외(모멘텀 순위 밖 또는 국면 0)
2024-10-22 09:30:00,TSLA,매도,1,216.9551,-1.57,-0.72,13050.0,로테이션 제외(모멘텀 순위 밖 또는 국면 0)
2024-10-22 12:10:00,MDB,매도,12,263.1783,-142.12,-4.312,16205.83,손절 -4.12%
2024-10-25 10:56:15,INTC,매도,1,23.1971,0.76,3.376,16229.01,고점 $23.34 대비 -0.50% → 익절 +3.57%
2024-11-05 09:35:27,CRDO,매수,79,40.8556,,,12999.16,로테이션 매수: 126일 모멘텀 상위 5
2024-11-05 09:35:27,ORCL,매수,19,170.5052,,,9757.29,로테이션 매수: 126일 모멘텀 상위 5
2024-11-05 09:36:55,DAVE,매수,85,37.7457,,,6546.67,로테이션 매수: 126일 모멘텀 상위 5
2024-11-05 09:38:00,INCY,매수,42,75.5277,,,3372.28,로테이션 매수: 126일 모멘텀 상위 5
2024-11-05 09:38:00,NVDA,매수,23,137.4454,,,208.82,로테이션 매수: 126일 모멘텀 상위 5
2024-11-05 09:41:32,SHIP,매수,22,9.1278,,,7.87,저점 $9.07 대비 +0.59% 반등 (RSI 38)
2024-11-05 10:12:18,SHIP,매도,22,9.7177,12.68,6.315,221.51,고점 $9.78 대비 -0.50% → 익절 +6.52%
2024-11-05 10:41:36,SHIP,매수,23,9.249,,,8.63,저점 $9.19 대비 +0.59% 반등 (RSI 40)
2024-11-05 11:28:03,SHIP,매도,23,9.4553,4.44,2.086,225.94,고점 $9.57 대비 -1.00% → 익절 +2.28%
2024-11-05 11:33:31,CROX,매수,2,106.103,,,13.59,저점 $105.48 대비 +0.54% 반등 (RSI 35)
2024-11-06 09:30:00,CRDO,매도,79,43.948,239.51,7.421,3482.95,로테이션 제외(모멘텀 순위 밖 또는 국면 0)
2024-11-06 09:30:00,DAVE,매도,85,39.2204,120.67,3.761,6814.25,로테이션 제외(모멘텀 순위 밖 또는 국면 0)
2024-11-06 09:30:00,INCY,매도,42,78.1709,106.4,3.354,10095.03,로테이션 제외(모멘텀 순위 밖 또는 국면 0)
2024-11-06 09:30:00,NVDA,매도,23,142.8585,119.89,3.793,13378.37,로테이션 제외(모멘텀 순위 밖 또는 국면 0)
2024-11-06 09:30:00,ORCL,매도,19,178.4307,145.84,4.502,16766.08,로테이션 제외(모멘텀 순위 밖 또는 국면 0)
2024-11-06 11:04:17,CROX,매도,2,101.632,-9.24,-4.354,16969.2,손절 -4.17%
2024-11-08 09:36:00,NVDA,매수,22,149.3396,,,13681.43,로테이션 매수: 126일 모멘텀 상위 5
2024-11-08 09:36:12,DAVE,매수,73,46.2765,,,10300.87,로테이션 매수: 126일 모멘텀 상위 5
2024-11-08 09:36:40,INCY,매수,40,83.0282,,,6977.42,로테이션 매수: 126일 모멘텀 상위 5
2024-11-08 09:37:12,CRDO,매수,71,47.4337,,,3607.27,로테이션 매수: 126일 모멘텀 상위 5
2024-11-08 09:38:00,ORCL,매수,18,186.3531,,,250.57,로테이션 매수: 126일 모멘텀 상위 5
2024-11-08 09:38:10,MNST,매수,9,26.7665,,,9.5,저점 $26.60 대비 +0.58% 반등 (RSI 61)
2024-11-08 10:10:54,MNST,매도,9,27.6495,7.6,3.153,258.17,고점 $27.83 대비 -0.50% → 익절 +3.35%
2024-11-08 10:20:00,CROX,매수,2,100.8204,,,56.38,저점 $100.20 대비 +0.57% 반등 (RSI 34)
2024-11-08 10:20:46,VZ,매수,1,40.6703,,,15.68,저점 $40.44 대비 +0.52% 반등 (RSI 30)
2024-11-11 09:30:00,INCY,매도,40,83.4982,14.04,0.423,3353.18,로테이션 제외(모멘텀 순위 밖 또는 국면 0)
2024-11-11 09:35:42,TSLA,매수,9,340.5802,,,285.81,로테이션 매수: 126일 모멘텀 상위 5
2024-11-11 10:07:30,CROX,매도,2,102.8858,3.84,1.904,491.43,고점 $104.17 대비 -1.00% → 익절 +2.10%
2024-11-11 10:20:19,LRCX,매수,6,75.3328,,,39.12,저점 $74.86 대비 +0.58% 반등 (RSI 58)
2024-11-11 10:58:34,SHIP,매수,4,9.2886,,,1.94,저점 $9.23 대비 +0.59% 반등 (RSI 42)
2024-11-11 13:26:40,SHIP,매도,4,9.5052,0.81,2.187,39.93,고점 $9.62 대비 -1.00% → 익절 +2.38%
2024-11-11 13:30:00,INTC,매수,1,24.9875,,,14.92,저점 $24.83 대비 +0.58% 반등 (RSI 45)
2024-11-12 11:07:30,INTC,매도,1,23.966,-1.06,-4.228,38.87,손절 -4.04%
2024-11-12 11:38:00,SHIP,매수,4,9.1446,,,2.27,저점 $9.09 대비 +0.61% 반등 (RSI 35)
2024-11-13 09:30:00,CRDO,매도,71,47.0265,-33.71,-1.001,3338.71,로테이션 제외(모멘텀 순위 밖 또는 국면 0)
2024-11-13 09:30:00,DAVE,매도,73,78.0609,2313.74,68.49,9033.0,로테이션 제외(모멘텀 순위 밖 또는 국면 0)
2024-11-13 09:30:00,NVDA,매도,22,148.9755,-12.7,-0.387,12308.07,로테이션 제외(모멘텀 순위 밖 또는 국면 0)
2024-11-13 09:30:00,ORCL,매도,18,188.9055,41.11,1.226,15705.88,로테이션 제외(모멘텀 순위 밖 또는 국면 0)
2024-11-13 09:30:00,TSLA,매도,9,336.9974,-36.61,-1.194,18736.65,로테이션 제외(모멘텀 순위 밖 또는 국면 0)
2024-11-13 10:02:11,SHIP,매도,4,8.7631,-1.58,-4.311,18771.67,손절 -4.12%
2024-11-14 15:51:00,VZ,매도,1,40.8429,0.11,0.281,18812.49,보유기한 청산 +0.47%
2024-11-15 09:30:00,LRCX,매도,6,71.6242,-22.88,-5.062,19241.92,손절 -4.88%
2024-11-15 09:35:27,TSLA,매수,12,309.3746,,,15526.82,로테이션 매수: 126일 모멘텀 상위 5
2024-11-15 09:35:34,DAVE,매수,49,78.3525,,,11684.86,로테이션 매수: 126일 모멘텀 상위 5
2024-11-15 09:36:12,CRDO,매수,92,41.4407,,,7869.65,로테이션 매수: 126일 모멘텀 상위 5
2024-11-15 09:36:18,NVDA,매수,26,145.1892,,,4092.09,로테이션 매수: 126일 모멘텀 상위 5
2024-11-15 09:37:30,SHOP,매수,35,107.7313,,,318.85,저점 $107.10 대비 +0.54% 반등 (RSI 59)
2024-11-15 09:38:00,ORCL,매수,1,185.2526,,,133.47,로테이션 매수: 126일 모멘텀 상위 5
2024-11-15 09:42:00,RTX,매수,1,118.9094,,,14.48,저점 $118.15 대비 +0.59% 반등 (RSI 29)
2024-11-18 09:30:00,ORCL,매도,1,184.2079,-1.31,-0.707,198.55,로테이션 제외(모멘텀 순위 밖 또는 국면 0)
2024-11-18 09:45:00,MNST,매수,7,26.0183,,,16.3,저점 $25.86 대비 +0.57% 반등 (RSI 18)
2024-11-18 10:03:20,SHIP,매수,1,8.8959,,,7.39,저점 $8.84 대비 +0.58% 반등 (RSI 43)
2024-11-19 10:11:15,SHOP,매도,35,103.2184,-163.23,-4.329,3617.4,손절 -4.14%
2024-11-19 10:12:51,DAL,매수,57,62.6245,,,45.3,저점 $62.12 대비 +0.76% 반등 (RSI 40)
2024-11-19 12:08:34,DAL,매도,57,63.9837,72.31,2.026,3689.71,고점 $64.71 대비 -1.00% → 익절 +2.22%
2024-11-19 12:12:00,AMGN,매수,13,280.9137,,,35.28,저점 $279.32 대비 +0.52% 반등 (RSI 33)
2024-11-20 09:30:00,MNST,매도,7,26.5167,3.23,1.771,220.76,고점 $26.92 대비 -1.00% → 익절 +1.97%
2024-11-20 09:36:07,TGT,매수,1,129.1245,,,91.54,저점 $128.00 대비 +0.83% 반등 (RSI 54)
2024-11-20 10:01:50,TGT,매도,1,123.7022,-5.6,-4.339,215.16,손절 -4.15%
2024-11-20 10:02:18,ROST,매수,1,137.9056,,,77.15,저점 $136.80 대비 +0.76% 반등 (RSI 41)
2024-11-21 09:30:00,SHIP,매도,1,8.4958,-0.41,-4.638,85.64,손절 -4.45%
2024-11-21 11:54:00,AMGN,매도,13,288.0959,88.08,2.412,3828.16,고점 $289.83 대비 -0.50% → 익절 +2.61%
2024-11-21 11:57:41,SHOP,매수,35,107.5337,,,61.84,로테이션 매수: 126일 모멘텀 상위 5
2024-11-21 13:36:00,ROST,매도,1,141.7458,3.64,2.64,203.48,고점 $142.54 대비 -0.50% → 익절 +2.84%
2024-11-21 14:55:42,GOOGL,매수,1,166.4518,,,36.91,저점 $165.43 대비 +0.57% 반등 (RSI 28)
2024-11-21 15:51:00,RTX,매도,1,120.523,1.44,1.213,157.35,보유기한 청산 +1.41%
2024-11-22 09:43:50,TGT,매수,1,122.0299,,,35.23,저점 $121.26 대비 +0.58% 반등 (RSI 16)
2024-11-22 11:05:00,TGT,매도,1,124.3978,2.19,1.796,159.54,고점 $125.75 대비 -1.00% → 익절 +1.99%
2024-11-22 12:06:00,FCX,매수,3,43.6418,,,28.52,저점 $43.37 대비 +0.58% 반등 (RSI 45)
2024-11-25 09:30:00,NVDA,매도,26,141.899,-90.88,-2.407,3715.2,로테이션 제외(모멘텀 순위 밖 또는 국면 0)
2024-11-25 09:37:03,DASH,매수,20,179.1996,,,128.7,로테이션 매수: 126일 모멘텀 상위 5
2024-11-25 09:50:00,NEM,매수,3,41.8959,,,2.93,저점 $41.65 대비 +0.54% 반등 (RSI 60)
2024-11-27 15:51:00,GOOGL,매도,1,169.2953,2.6,1.564,172.1,보유기한 청산 +1.76%
2024-11-29 09:57:41,PEP,매수,1,161.9159,,,10.07,저점 $160.99 대비 +0.52% 반등 (RSI 55)
2024-12-02 15:51:00,FCX,매도,3,43.6182,-0.26,-0.197,140.83,보유기한 청산 -0.00%
2024-12-02 15:51:00,NEM,매도,3,40.8922,-3.19,-2.537,263.42,보유기한 청산 -2.35%
2024-12-03 09:42:00,SHIP,매수,35,7.3775,,,5.02,저점 $7.33 대비 +0.60% 반등 (RSI 36)
2024-12-03 10:42:00,SHIP,매도,35,7.8128,14.85,5.752,278.27,고점 $7.90 대비 -1.00% → 익절 +5.95%
2024-12-03 10:51:10,NEM,매수,6,41.6733,,,28.06,저점 $41.42 대비 +0.56% 반등 (RSI 44)
2024-12-03 10:57:00,SHIP,매수,3,7.8389,,,4.52,저점 $7.79 대비 +0.58% 반등 (RSI 33)
2024-12-05 15:51:00,PEP,매도,1,160.3764,-1.77,-1.093,164.78,보유기한 청산 -0.90%
2024-12-06 09:42:00,MNST,매수,6,26.8272,,,3.71,저점 $26.66 대비 +0.58% 반등 (RSI 21)
2024-12-06 10:11:32,SHIP,매도,3,7.5073,-1.03,-4.37,26.21,손절 -4.18%
2024-12-06 10:55:42,INTC,매수,1,20.8025,,,5.39,저점 $20.67 대비 +0.59% 반등 (RSI 23)
2024-12-09 09:30:00,DASH,매도,20,176.8715,-51.65,-1.441,3540.24,로테이션 제외(모멘텀 순위 밖 또는 국면 0)
2024-12-09 09:36:12,MRVL,매수,31,112.3712,,,54.3,로테이션 매수: 126일 모멘텀 상위 5
2024-12-09 15:51:49,NEM,매도,6,41.6725,-0.36,-0.145,304.15,보유기한 청산 +0.05%
2024-12-10 09:36:40,DAL,매수,4,64.054,,,47.75,저점 $63.68 대비 +0.54% 반등 (RSI 30)
2024-12-10 15:12:51,INTC,매도,1,19.96,-0.87,-4.19,67.7,손절 -4.00%
2024-12-11 10:00:00,VZ,매수,1,42.3211,,,25.35,저점 $42.06 대비 +0.57% 반등 (RSI 42)
2024-12-12 11:06:55,DAL,매도,4,61.4393,-10.82,-4.222,270.93,손절 -4.03%
2024-12-12 11:10:00,ROST,매수,1,154.7073,,,116.11,저점 $153.20 대비 +0.93% 반등 (RSI 33)
2024-12-12 15:51:49,MNST,매도,6,26.4618,-2.42,-1.504,274.77,보유기한 청산 -1.31%
2024-12-13 09:44:07,SHIP,매수,37,7.3317,,,3.3,저점 $7.28 대비 +0.66% 반등 (RSI 32)
2024-12-17 09:34:00,VZ,매도,1,40.5897,-1.79,-4.231,43.86,손절 -4.04%
2024-12-17 09:40:00,SLB,매수,1,39.6198,,,4.22,저점 $39.38 대비 +0.56% 반등 (RSI 34)
2024-12-18 15:01:45,SHIP,매도,37,7.0225,-11.82,-4.357,263.86,손절 -4.17%
2024-12-18 15:02:18,PEP,매수,1,155.2809,,,108.47,저점 $154.11 대비 +0.71% 반등 (RSI 33)
2024-12-18 15:06:40,SLB,매도,1,37.9794,-1.7,-4.28,146.42,손절 -4.09%
2024-12-18 15:10:00,VZ,매수,3,40.7103,,,24.21,저점 $40.33 대비 +0.89% 반등 (RSI 28)
2024-12-18 15:51:25,ROST,매도,1,148.4657,-6.46,-4.175,172.56,보유기한 청산 -3.99%
2024-12-19 09:35:42,MU,매수,1,90.8709,,,81.63,저점 $90.13 대비 +0.77% 반등 (RSI 39)
2024-12-19 10:07:08,MU,매도,1,87.1382,-3.86,-4.248,168.7,손절 -4.06%
2024-12-19 10:07:42,DHI,매수,1,140.0191,,,28.59,저점 $138.65 대비 +0.94% 반등 (RSI 18)
2024-12-23 09:30:00,DAVE,매도,49,88.9155,511.72,13.329,4382.27,로테이션 제외(모멘텀 순위 밖 또는 국면 0)
2024-12-23 09:30:00,MRVL,매도,31,112.0739,-14.19,-0.407,7854.02,로테이션 제외(모멘텀 순위 밖 또는 국면 0)
2024-12-23 09:30:00,SHOP,매도,35,108.4757,27.56,0.732,11647.9,로테이션 제외(모멘텀 순위 밖 또는 국면 0)
2024-12-23 09:30:00,TSLA,매도,12,430.747,1450.1,39.06,16813.09,로테이션 제외(모멘텀 순위 밖 또는 국면 0)
2024-12-26 15:51:00,DHI,매도,1,141.3713,1.15,0.822,16954.36,보유기한 청산 +1.02%
2024-12-26 15:51:00,PEP,매도,1,152.2872,-3.21,-2.07,17106.54,보유기한 청산 -1.88%
2024-12-26 15:51:00,VZ,매도,3,39.94,-2.48,-2.034,17226.27,보유기한 청산 -1.84%
2025-01-27 09:35:20,MRVL,매수,40,107.9894,,,12903.67,로테이션 매수: 126일 모멘텀 상위 5
2025-01-27 09:35:51,NVDA,매수,34,125.8155,,,8622.95,저점 $124.79 대비 +0.77% 반등 (RSI 46)
2025-01-27 09:35:54,DAVE,매수,50,85.0425,,,4367.84,로테이션 매수: 126일 모멘텀 상위 5
2025-01-27 09:36:09,MU,매수,45,94.5203,,,111.45,저점 $93.75 대비 +0.77% 반등 (RSI 40)
2025-01-27 09:36:09,SHOP,매수,1,103.7298,,,7.65,로테이션 매수: 126일 모멘텀 상위 5
2025-01-27 09:55:00,SHIP,매수,1,6.9743,,,0.67,저점 $6.93 대비 +0.56% 반등 (RSI 47)
2025-01-27 11:09:22,NVDA,매도,34,120.678,-180.67,-4.223,4100.73,손절 -4.04%
2025-01-27 11:12:00,TSLA,매수,10,400.4301,,,93.62,로테이션 매수: 126일 모멘텀 상위 5
2025-01-27 11:55:42,CRWD,매수,1,93.1882,,,0.37,저점 $92.61 대비 +0.57% 반등 (RSI 47)
2025-01-27 12:57:30,MU,매도,45,90.6002,-182.36,-4.287,4074.4,손절 -4.10%
2025-01-27 13:02:43,NEM,매수,99,41.0718,,,5.45,저점 $40.85 대비 +0.50% 반등 (RSI 35)
2025-01-27 13:26:28,SHIP,매도,1,7.2464,0.26,3.756,12.69,고점 $7.29 대비 -0.50% → 익절 +3.95%
2025-01-28 09:30:00,CRDO,매도,92,59.4353,1648.84,43.248,5476.74,로테이션 제외(모멘텀 순위 밖 또는 국면 0)
2025-01-28 09:30:00,DAVE,매도,50,89.2354,203.41,4.784,9935.25,로테이션 제외(모멘텀 순위 밖 또는 국면 0)
2025-01-28 09:30:00,MRVL,매도,40,103.2484,-195.68,-4.53,14062.17,로테이션 제외(모멘텀 순위 밖 또는 국면 0)
2025-01-28 09:30:00,SHOP,매도,1,108.9455,5.06,4.881,14171.04,로테이션 제외(모멘텀 순위 밖 또는 국면 0)
2025-01-28 09:30:00,TSLA,매도,10,394.8025,-61.96,-1.547,18116.18,로테이션 제외(모멘텀 순위 밖 또는 국면 0)
2025-01-28 10:33:31,CRWD,매도,1,99.9569,6.63,7.115,18216.07,고점 $100.60 대비 -0.50% → 익절 +7.32%
2025-01-30 11:57:41,NEM,매도,99,43.2209,206.79,5.086,22491.81,고점 $43.52 대비 -0.50% → 익절 +5.29%
2025-03-18 09:35:27,CRWD,매수,49,91.0845,,,18025.55,로테이션 매수: 126일 모멘텀 상위 5
2025-03-18 09:35:42,DASH,매수,23,188.4775,,,13687.53,로테이션 매수: 126일 모멘텀 상위 5
2025-03-18 09:35:52,CRDO,매수,95,46.839,,,9234.71,로테이션 매수: 126일 모멘텀 상위 5
2025-03-18 09:36:29,DAVE,매수,51,86.7794,,,4805.86,로테이션 매수: 126일 모멘텀 상위 5
2025-03-18 09:36:40,NET,매수,38,116.2181,,,386.48,로테이션 매수: 126일 모멘텀 상위 5
2025-03-18 10:13:47,INCY,매수,6,58.8494,,,33.14,저점 $58.47 대비 +0.59% 반등 (RSI 28)
2025-03-18 11:05:00,SHIP,매수,4,7.2716,,,4.03,저점 $7.22 대비 +0.66% 반등 (RSI 43)
2025-03-18 11:42:51,INCY,매도,6,60.0325,6.59,1.866,363.96,고점 $60.75 대비 -1.00% → 익절 +2.06%
2025-03-18 11:55:42,GOOGL,매수,2,159.439,,,44.86,저점 $158.53 대비 +0.52% 반등 (RSI 32)
2025-03-19 15:50:00,GOOGL,매도,2,163.9237,8.51,2.668,372.47,고점 $165.87 대비 -1.00% → 익절 +2.86%
2025-03-20 09:45:39,EOG,매수,3,122.7834,,,3.86,저점 $122.03 대비 +0.57% 반등 (RSI 59)
2025-03-24 09:30:00,CRWD,매도,49,92.2176,49.1,1.1,4519.23,로테이션 제외(모멘텀 순위 밖 또는 국면 0)
2025-03-24 09:35:13,SHOP,매수,42,106.9001,,,26.28,로테이션 매수: 126일 모멘텀 상위 5
2025-03-24 10:30:00,EOG,매도,3,127.0165,12.16,3.302,407.05,고점 $127.74 대비 -0.50% → 익절 +3.50%
2025-03-24 11:05:00,PEP,매수,2,145.9609,,,114.93,저점 $144.96 대비 +0.64% 반등 (RSI 27)
2025-03-24 11:23:08,SNDK,매수,2,52.7464,,,9.36,저점 $52.44 대비 +0.53% 반등 (RSI 51)
2025-03-24 15:50:46,SHIP,매도,4,7.0465,-0.94,-3.237,37.52,보유기한 청산 -3.05%
2025-03-26 09:30:00,CRDO,매도,95,48.5057,151.86,3.413,4642.2,로테이션 제외(모멘텀 순위 밖 또는 국면 0)
2025-03-26 09:30:00,DASH,매도,23,199.1404,238.87,5.51,9219.09,로테이션 제외(모멘텀 순위 밖 또는 국면 0)
2025-03-26 09:30:00,DAVE,매도,51,96.8516,506.98,11.455,14154.91,로테이션 제외(모멘텀 순위 밖 또는 국면 0)
2025-03-26 09:30:00,NET,매도,38,127.4662,420.8,9.528,18995.09,로테이션 제외(모멘텀 순위 밖 또는 국면 0)
2025-03-26 09:30:00,SHOP,매도,42,109.1154,86.56,1.928,23574.6,로테이션 제외(모멘텀 순위 밖 또는 국면 0)
2025-03-27 09:35:15,DAVE,매수,53,89.6694,,,18818.79,로테이션 매수: 126일 모멘텀 상위 5
2025-03-27 09:35:17,NET,매수,40,118.3751,,,14080.47,로테이션 매수: 126일 모멘텀 상위 5
2025-03-27 09:35:37,DAL,매수,100,47.7839,,,9298.74,저점 $47.52 대비 +0.51% 반등 (RSI 50)
2025-03-27 09:36:09,CRDO,매수,110,43.5048,,,4509.86,로테이션 매수: 126일 모멘텀 상위 5
2025-03-27 09:36:12,SHOP,매수,43,102.4612,,,100.95,로테이션 매수: 126일 모멘텀 상위 5
2025-03-27 09:38:10,SHIP,매수,14,6.9102,,,4.14,저점 $6.87 대비 +0.53% 반등 (RSI 34)
2025-03-27 10:48:00,PEP,매도,2,149.5252,6.71,2.297,302.97,고점 $150.39 대비 -0.50% → 익절 +2.49%
2025-03-27 10:48:27,DASH,매수,1,195.1175,,,107.71,로테이션 매수: 126일 모멘텀 상위 5
2025-03-28 09:30:00,CRDO,매도,110,41.8641,-187.2,-3.912,4709.4,로테이션 제외(모멘텀 순위 밖 또는 국면 0)
2025-03-28 09:30:00,DASH,매도,1,193.7031,-1.69,-0.867,4902.96,로테이션 제외(모멘텀 순위 밖 또는 국면 0)
2025-03-28 09:30:00,DAVE,매도,53,87.956,-97.54,-2.052,9561.22,로테이션 제외(모멘텀 순위 밖 또는 국면 0)
2025-03-28 09:30:00,NET,매도,40,117.2414,-52.09,-1.1,14247.46,로테이션 제외(모멘텀 순위 밖 또는 국면 0)
2025-03-28 09:30:00,SHOP,매도,43,99.1004,-150.71,-3.421,18505.66,로테이션 제외(모멘텀 순위 밖 또는 국면 0)
2025-03-28 09:40:42,DAL,매도,100,45.8133,-203.75,-4.264,23083.65,손절 -4.08%
2025-03-28 10:13:30,SNDK,매도,2,50.5964,-4.45,-4.216,23184.76,손절 -4.03%
2025-03-28 13:11:32,SHIP,매도,14,6.6267,-4.1,-4.243,23277.47,손절 -4.05%
2025-03-31 09:35:08,INTC,매수,206,22.5037,,,18638.45,저점 $22.38 대비 +0.50% 반등 (RSI 36)
2025-03-31 09:35:13,DASH,매수,26,178.4124,,,13996.48,로테이션 매수: 126일 모멘텀 상위 5
2025-03-31 09:35:17,DAVE,매수,57,81.4987,,,9347.8,로테이션 매수: 126일 모멘텀 상위 5
2025-03-31 09:36:00,CRWD,매수,53,86.9866,,,4734.29,저점 $86.45 대비 +0.57% 반등 (RSI 36)
2025-03-31 09:36:00,TSLA,매수,18,250.7503,,,217.62,저점 $249.17 대비 +0.58% 반등 (RSI 43)
2025-03-31 09:36:09,NET,매수,1,110.4219,,,107.12,로테이션 매수: 126일 모멘텀 상위 5
2025-03-31 09:36:12,SNDK,매수,2,47.7025,,,11.65,저점 $47.41 대비 +0.57% 반등 (RSI 28)
2025-03-31 10:17:38,SHIP,매수,1,6.2765,,,5.37,저점 $6.24 대비 +0.53% 반등 (RSI 26)
2025-03-31 15:07:30,TSLA,매도,18,257.3338,111.96,2.481,4634.0,고점 $260.35 대비 -1.00% → 익절 +2.68%
2025-03-31 15:08:10,CDNS,매수,18,253.9669,,,59.39,저점 $252.06 대비 +0.71% 반등 (RSI 35)
2025-03-31 15:08:34,SHIP,매도,1,6.4082,0.12,1.955,65.8,고점 $6.48 대비 -1.00% → 익절 +2.15%
2025-03-31 15:09:07,CRDO,매수,1,40.3702,,,25.4,로테이션 매수: 126일 모멘텀 상위 5
2025-04-01 09:30:00,CRDO,매도,1,39.95,-0.48,-1.183,65.32,로테이션 제외(모멘텀 순위 밖 또는 국면 0)
2025-04-01 09:30:00,DASH,매도,26,182.0389,87.59,1.888,4794.88,로테이션 제외(모멘텀 순위 밖 또는 국면 0)
2025-04-01 09:30:00,DAVE,매도,57,82.9185,74.23,1.598,9517.78,로테이션 제외(모멘텀 순위 밖 또는 국면 0)
2025-04-01 09:30:00,NET,매도,1,114.1079,3.53,3.193,9631.81,로테이션 제외(모멘텀 순위 밖 또는 국면 0)
2025-04-01 09:54:32,CRWD,매도,53,88.9324,96.46,2.092,14341.78,고점 $89.97 대비 -1.00% → 익절 +2.29%
2025-04-01 13:54:42,SNDK,매도,2,48.8076,2.07,2.172,14439.33,고점 $49.33 대비 -1.00% → 익절 +2.37%
2025-04-02 12:36:55,CDNS,매도,18,261.6524,131.7,2.881,19145.63,고점 $263.28 대비 -0.50% → 익절 +3.08%
2025-04-03 09:30:00,INTC,매도,206,21.3893,-236.04,-5.092,23548.61,손절 -4.90%
2025-04-16 09:35:08,NET,매수,43,108.5743,,,18876.65,로테이션 매수: 126일 모멘텀 상위 5
2025-04-16 09:35:27,CRWD,매수,48,96.5758,,,14237.77,로테이션 매수: 126일 모멘텀 상위 5
2025-04-16 09:35:42,DASH,매수,26,177.0052,,,9632.41,로테이션 매수: 126일 모멘텀 상위 5
2025-04-16 09:36:00,DAVE,매수,57,81.3021,,,4994.95,로테이션 매수: 126일 모멘텀 상위 5
2025-04-16 09:39:13,FTNT,매수,48,96.9551,,,337.85,로테이션 매수: 126일 모멘텀 상위 5
2025-04-16 09:42:00,JPM,매수,1,233.3016,,,104.38,저점 $232.00 대비 +0.51% 반등 (RSI 51)
2025-04-16 09:42:24,MRVL,매수,2,50.5733,,,3.17,저점 $50.26 대비 +0.57% 반등 (RSI 52)
2025-04-16 10:30:00,MRVL,매도,2,51.6142,1.94,1.914,106.32,고점 $52.18 대비 -1.00% → 익절 +2.11%
2025-04-16 10:51:00,MRVL,매수,2,51.5883,,,3.07,저점 $51.27 대비 +0.57% 반등 (RSI 44)
2025-04-21 10:05:10,MRVL,매도,2,49.4692,-4.38,-4.248,101.94,손절 -4.06%
2025-04-21 10:06:55,INCY,매수,1,57.3194,,,44.58,저점 $56.96 대비 +0.59% 반등 (RSI 52)
2025-04-21 10:20:00,SNDK,매수,1,29.1886,,,15.37,저점 $29.00 대비 +0.60% 반등 (RSI 44)
2025-04-22 09:38:46,SNDK,매도,1,29.903,0.67,2.303,45.25,고점 $30.26 대비 -1.00% → 익절 +2.50%
2025-04-22 09:47:08,BTSG,매수,2,16.1881,,,12.85,저점 $16.09 대비 +0.56% 반등 (RSI 27)
2025-04-22 15:51:00,JPM,매도,1,235.7354,2.1,0.899,248.41,보유기한 청산 +1.09%
2025-04-23 09:41:36,RTX,매수,2,118.0259,,,12.2,저점 $117.28 대비 +0.59% 반등 (RSI 24)
2025-04-23 09:56:00,BTSG,매도,2,16.7936,1.16,3.595,45.76,고점 $16.90 대비 -0.50% → 익절 +3.79%
2025-04-23 11:05:17,RTX,매도,2,121.1661,5.94,2.516,287.91,고점 $122.62 대비 -1.00% → 익절 +2.71%
2025-04-23 12:12:51,NEM,매수,5,53.1666,,,21.9,저점 $52.86 대비 +0.53% 반등 (RSI 30)
2025-04-24 10:01:12,NEM,매도,5,54.7449,7.51,2.824,295.42,고점 $55.40 대비 -1.00% → 익절 +3.02%
2025-04-24 10:07:30,UNP,매수,1,211.2112,,,84.06,저점 $209.89 대비 +0.58% 반등 (RSI 54)
2025-04-25 09:45:36,SLB,매수,2,33.839,,,16.34,저점 $33.62 대비 +0.59% 반등 (RSI 59)
2025-04-25 09:58:00,INCY,매도,1,58.3858,0.98,1.716,74.68,고점 $59.05 대비 -1.00% → 익절 +1.91%
2025-04-25 10:20:24,SLB,매도,2,35.3008,2.82,4.174,145.23,고점 $35.53 대비 -0.50% → 익절 +4.37%
2025-04-25 10:42:00,KO,매수,2,71.5274,,,2.07,저점 $71.12 대비 +0.52% 반등 (RSI 33)
2025-04-28 09:30:00,DASH,매도,26,188.7156,297.67,6.468,4905.1,로테이션 제외(모멘텀 순위 밖 또는 국면 0)
2025-04-28 09:30:00,FTNT,매도,48,102.3388,251.57,5.406,9813.77,로테이션 제외(모멘텀 순위 밖 또는 국면 0)
2025-04-28 09:36:18,TSLA,매수,17,291.3019,,,4858.18,로테이션 매수: 126일 모멘텀 상위 5
2025-04-28 09:36:55,CRDO,매수,110,44.022,,,12.37,로테이션 매수: 126일 모멘텀 상위 5
2025-04-30 10:27:36,SHIP,매수,2,5.6728,,,1.01,저점 $5.64 대비 +0.53% 반등 (RSI 60)
2025-04-30 15:50:00,UNP,매도,1,215.481,3.96,1.877,216.34,보유기한 청산 +2.07%
2025-05-01 10:55:42,NEM,매수,4,51.0569,,,11.97,저점 $50.77 대비 +0.51% 반등 (RSI 24)
2025-05-01 15:51:00,KO,매도,2,71.2277,-0.8,-0.562,154.32,보유기한 청산 -0.37%
2025-05-02 10:16:17,EOG,매수,1,108.6613,,,45.58,저점 $108.01 대비 +0.55% 반등 (RSI 48)
2025-05-05 09:30:00,TSLA,매도,17,284.4277,-123.86,-2.501,4877.32,로테이션 제외(모멘텀 순위 밖 또는 국면 0)
2025-05-05 09:37:12,FTNT,매수,46,104.5222,,,65.93,로테이션 매수: 126일 모멘텀 상위 5
2025-05-05 09:55:42,NEM,매도,4,52.7151,6.34,3.102,276.64,고점 $53.05 대비 -0.50% → 익절 +3.30%
2025-05-05 10:26:15,PEP,매수,2,132.4812,,,11.49,저점 $131.72 대비 +0.53% 반등 (RSI 45)
2025-05-06 10:02:18,SHIP,매도,2,5.7799,0.2,1.742,23.04,고점 $5.85 대비 -1.00% → 익절 +1.94%
2025-05-06 11:06:00,INTC,매수,1,20.0,,,3.03,저점 $19.89 대비 +0.50% 반등 (RSI 37)
2025-05-08 09:50:00,INTC,매도,1,21.0525,1.02,5.116,24.07,고점 $21.19 대비 -0.50% → 익절 +5.32%
2025-05-08 12:57:16,EOG,매도,1,111.3493,2.53,2.329,135.33,고점 $112.12 대비 -0.50% → 익절 +2.52%
2025-05-09 09:39:43,MNST,매수,4,29.4967,,,17.26,저점 $29.31 대비 +0.59% 반등 (RSI 46)
2025-05-09 10:25:08,MNST,매도,4,30.7151,4.7,3.985,140.04,고점 $30.92 대비 -0.50% → 익절 +4.18%
2025-05-09 10:28:20,SHOP,매수,1,90.2951,,,49.68,저점 $89.67 대비 +0.65% 반등 (RSI 46)
2025-05-09 15:51:00,PEP,매도,2,130.3115,-4.72,-1.78,310.11,보유기한 청산 -1.59%
2025-05-12 09:30:00,FTNT,매도,46,99.875,-220.49,-4.586,4901.01,로테이션 제외(모멘텀 순위 밖 또는 국면 0)
2025-05-12 09:35:08,BTSG,매수,207,23.6268,,,6.84,로테이션 매수: 126일 모멘텀 상위 5
2025-05-12 09:44:45,SHOP,매도,1,105.6406,15.21,16.839,112.4,고점 $106.32 대비 -0.50% → 익절 +17.05%
2025-05-12 09:54:00,NEM,매수,2,51.3081,,,9.71,저점 $50.99 대비 +0.57% 반등 (RSI 60)
2025-05-14 09:30:00,NEM,매도,2,49.1754,-4.41,-4.297,107.99,손절 -4.11%
2025-05-14 09:57:41,MNST,매수,3,30.1922,,,17.35,저점 $30.01 대비 +0.54% 반등 (RSI 42)
2025-05-15 09:58:14,SHIP,매수,2,5.9799,,,5.38,저점 $5.95 대비 +0.54% 반등 (RSI 59)
2025-05-15 13:30:00,SHIP,매도,2,6.1534,0.33,2.757,17.68,고점 $6.20 대비 -0.50% → 익절 +2.95%
2025-05-16 10:02:43,MNST,매도,3,31.052,2.45,2.703,110.77,고점 $31.24 대비 -0.50% → 익절 +2.90%
2025-05-16 10:16:57,LRCX,매수,1,83.0,,,27.71,저점 $82.53 대비 +0.52% 반등 (RSI 63)
2025-05-19 09:30:00,BTSG,매도,207,24.1479,100.8,2.061,5022.68,로테이션 제외(모멘텀 순위 밖 또는 국면 0)
2025-05-19 09:30:00,CRWD,매도,48,108.0534,543.9,11.733,10205.46,로테이션 제외(모멘텀 순위 밖 또는 국면 0)
2025-05-19 09:36:25,RL,매수,23,270.5127,,,3979.31,로테이션 매수: 126일 모멘텀 상위 5
2025-05-19 09:36:55,AVGO,매수,17,221.7108,,,207.59,로테이션 매수: 126일 모멘텀 상위 5
2025-05-19 09:44:00,MRVL,매수,3,61.02,,,24.4,저점 $60.64 대비 +0.58% 반등 (RSI 44)
2025-05-19 09:53:20,INTC,매수,1,21.1851,,,3.2,저점 $21.05 대비 +0.59% 반등 (RSI 51)
2025-05-19 11:05:00,MRVL,매도,3,62.2189,3.33,1.82,189.72,고점 $62.97 대비 -1.00% → 익절 +2.02%
2025-05-19 11:57:16,EOG,매수,1,114.087,,,75.56,저점 $113.37 대비 +0.59% 반등 (RSI 41)
2025-05-22 10:00:00,EOG,매도,1,109.4425,-4.8,-4.211,184.92,손절 -4.02%
2025-05-22 10:00:00,ORCL,매수,1,158.0677,,,26.74,저점 $156.82 대비 +0.75% 반등 (RSI 39)
2025-05-22 15:50:46,LRCX,매도,1,82.4388,-0.68,-0.819,109.12,보유기한 청산 -0.63%
2025-05-23 09:30:00,INTC,매도,1,20.1499,-1.06,-5.026,129.25,손절 -4.84%
2025-05-23 09:43:50,FCX,매수,3,37.4598,,,16.8,저점 $37.22 대비 +0.59% 반등 (RSI 42)
2025-05-23 09:46:21,SHIP,매수,2,5.8979,,,4.99,저점 $5.86 대비 +0.60% 반등 (RSI 39)
2025-05-23 11:00:00,FCX,매도,3,38.5707,3.17,2.82,120.62,고점 $38.79 대비 -0.50% → 익절 +3.02%
2025-05-23 11:00:00,MU,매수,1,92.0446,,,28.51,저점 $91.33 대비 +0.73% 반등 (RSI 24)
2025-05-27 09:47:08,MU,매도,1,94.1429,1.97,2.135,122.58,고점 $95.15 대비 -1.00% → 익절 +2.33%
2025-05-27 09:47:41,SHIP,매도,2,6.4485,1.08,9.185,135.47,고점 $6.49 대비 -0.50% → 익절 +9.39%
2025-05-27 10:13:20,INTC,매수,6,20.2951,,,13.62,저점 $20.18 대비 +0.52% 반등 (RSI 26)
2025-05-28 10:12:51,ORCL,매도,1,161.2493,2.95,1.868,174.75,고점 $163.14 대비 -1.00% → 익절 +2.06%
2025-05-28 11:16:57,RTX,매수,1,131.6944,,,42.96,저점 $130.90 대비 +0.56% 반등 (RSI 50)
2025-05-29 10:23:41,MNST,매수,1,31.6283,,,11.31,저점 $31.44 대비 +0.55% 반등 (RSI 54)
2025-05-30 11:00:00,RTX,매도,1,135.7961,3.91,2.969,147.01,고점 $136.59 대비 -0.50% → 익절 +3.17%
2025-05-30 11:00:00,SNDK,매수,3,37.5928,,,34.15,저점 $37.35 대비 +0.59% 반등 (RSI 39)
2025-05-30 12:15:00,INTC,매도,6,19.4704,-5.12,-4.204,150.89,손절 -4.02%
2025-05-30 12:55:42,DAL,매수,3,48.1169,,,6.43,저점 $47.84 대비 +0.53% 반등 (RSI 38)
2025-06-02 09:30:00,RL,매도,23,275.9719,116.57,1.874,6349.16,로테이션 제외(모멘텀 순위 밖 또는 국면 0)
2025-06-02 09:35:37,TSLA,매수,18,344.8949,,,136.7,저점 $342.75 대비 +0.58% 반등 (RSI 38)
2025-06-03 11:35:27,SNDK,매도,3,38.5607,2.74,2.43,252.3,고점 $38.80 대비 -0.50% → 익절 +2.63%
2025-06-03 11:39:13,CRWD,매수,2,120.5144,,,11.1,로테이션 매수: 126일 모멘텀 상위 5
2025-06-03 13:48:15,TSLA,매도,18,351.5546,110.91,1.787,6334.47,고점 $355.40 대비 -1.00% → 익절 +1.98%
2025-06-04 10:02:00,NOW,매수,31,201.7148,,,76.93,저점 $200.59 대비 +0.51% 반등 (RSI 47)
2025-06-04 11:23:41,DAL,매도,3,49.4315,3.73,2.587,225.12,고점 $49.72 대비 -0.50% → 익절 +2.78%
2025-06-04 12:00:00,BTSG,매수,9,23.4697,,,13.74,저점 $23.32 대비 +0.59% 반등 (RSI 45)
2025-06-04 15:51:00,MNST,매도,1,31.5642,-0.11,-0.346,45.28,보유기한 청산 -0.15%
2025-06-05 14:17:22,SHIP,매수,7,6.4382,,,0.18,저점 $6.40 대비 +0.55% 반등 (RSI 60)
2025-06-09 09:45:41,BTSG,매도,9,25.4058,17.11,8.1,228.67,고점 $25.57 대비 -0.50% → 익절 +8.30%
2025-06-09 09:52:30,NEM,매수,4,52.3895,,,18.96,저점 $52.08 대비 +0.54% 반등 (RSI 27)
2025-06-10 15:51:00,NOW,매도,31,201.4539,-17.02,-0.272,6259.47,보유기한 청산 -0.08%
2025-06-11 09:50:00,DASH,매수,29,213.586,,,61.15,저점 $212.24 대비 +0.58% 반등 (RSI 45)
2025-06-11 10:21:49,SHIP,매도,7,6.6807,1.63,3.62,107.88,고점 $6.72 대비 -0.50% → 익절 +3.82%
2025-06-11 10:23:20,USB,매수,2,44.6403,,,18.53,저점 $44.31 대비 +0.70% 반등 (RSI 62)
2025-06-13 10:36:00,NEM,매도,4,57.0931,18.5,8.829,246.74,고점 $57.46 대비 -0.50% → 익절 +9.03%
2025-06-13 10:48:00,DAL,매수,5,46.9835,,,11.66,저점 $46.69 대비 +0.58% 반등 (RSI 26)
2025-06-13 12:57:16,DASH,매도,29,218.9362,146.19,2.36,6356.17,고점 $220.17 대비 -0.50% → 익절 +2.56%
2025-06-13 13:06:00,MDB,매수,30,208.5192,,,96.22,저점 $207.19 대비 +0.59% 반등 (RSI 38)
2025-06-13 15:39:00,USB,매도,2,42.8286,-3.75,-4.199,181.81,손절 -4.01%
2025-06-16 09:30:00,CRWD,매도,2,120.3998,-0.57,-0.238,422.43,로테이션 제외(모멘텀 순위 밖 또는 국면 0)
2025-06-16 09:37:03,NEM,매수,7,56.8984,,,23.87,로테이션 매수: 126일 모멘텀 상위 5
2025-06-16 09:57:16,BTSG,매수,1,21.1406,,,2.71,저점 $21.01 대비 +0.57% 반등 (RSI 32)
2025-06-16 11:46:21,DAL,매도,5,48.7456,8.47,3.605,246.26,고점 $49.29 대비 -1.00% → 익절 +3.80%
2025-06-17 09:48:15,DDOG,매수,2,120.3321,,,5.43,저점 $119.57 대비 +0.59% 반등 (RSI 53)
2025-06-17 11:45:00,DDOG,매도,2,123.7081,6.4,2.66,252.66,고점 $124.40 대비 -0.50% → 익절 +2.86%
2025-06-18 09:55:42,AAPL,매수,1,196.2138,,,56.31,저점 $195.07 대비 +0.54% 반등 (RSI 36)
2025-06-18 13:02:43,BTSG,매도,1,22.059,0.89,4.198,78.36,고점 $22.19 대비 -0.50% → 익절 +4.40%
2025-06-18 14:46:00,SHIP,매수,11,6.8234,,,3.25,저점 $6.78 대비 +0.66% 반등 (RSI 47)
2025-06-20 15:51:00,MDB,매도,30,201.6025,-216.3,-3.458,6046.91,보유기한 청산 -3.27%
2025-06-23 09:30:00,AVGO,매도,17,248.8855,456.24,12.105,10274.87,로테이션 제외(모멘텀 순위 밖 또는 국면 0)
2025-06-23 09:30:00,SHIP,매도,11,6.5467,-3.15,-4.195,10346.83,손절 -4.01%
2025-06-23 09:36:18,STX,매수,54,131.9454,,,3216.79,로테이션 매수: 126일 모멘텀 상위 5
2025-06-23 09:41:36,LLY,매수,4,774.5643,,,116.37,저점 $769.78 대비 +0.57% 반등 (RSI 27)
2025-06-23 09:50:00,FCX,매수,2,40.0943,,,36.12,저점 $39.85 대비 +0.56% 반등 (RSI 30)
2025-06-23 09:55:42,AAPL,매도,1,201.0194,4.52,2.304,236.99,고점 $202.30 대비 -0.50% → 익절 +2.50%
2025-06-23 09:55:42,PANW,매수,1,197.2387,,,39.62,저점 $196.00 대비 +0.58% 반등 (RSI 50)
2025-06-23 14:42:00,PANW,매도,1,202.4854,4.96,2.515,241.95,고점 $203.77 대비 -0.50% → 익절 +2.71%
2025-06-23 14:45:00,GOOGL,매수,1,163.5417,,,78.3,저점 $162.59 대비 +0.54% 반등 (RSI 23)
2025-06-24 10:26:50,FCX,매도,2,41.4793,2.65,3.309,161.2,고점 $41.73 대비 -0.50% → 익절 +3.51%
2025-06-24 10:42:51,EOG,매수,1,121.9534,,,39.16,저점 $121.19 대비 +0.58% 반등 (RSI 35)
2025-06-25 12:00:00,GOOGL,매도,1,171.2873,7.51,4.59,210.32,고점 $172.36 대비 -0.50% → 익절 +4.79%
2025-06-25 12:05:00,SLB,매수,6,33.7332,,,7.78,저점 $33.52 대비 +0.58% 반등 (RSI 21)
2025-06-25 13:00:00,LLY,매도,4,794.0228,73.35,2.367,3181.55,고점 $798.95 대비 -0.50% → 익절 +2.56%
2025-06-26 10:14:12,ROST,매수,25,125.2855,,,47.22,저점 $124.49 대비 +0.59% 반등 (RSI 38)
2025-06-27 12:57:41,ROST,매도,25,128.8755,85.21,2.72,3266.76,고점 $129.59 대비 -0.50% → 익절 +2.92%
2025-06-27 13:24:32,SNDK,매수,69,46.9935,,,21.94,저점 $46.71 대비 +0.56% 반등 (RSI 45)
2025-06-30 15:51:00,EOG,매도,1,119.5968,-2.53,-2.074,141.45,보유기한 청산 -1.88%
2025-07-01 09:37:49,MU,매수,1,123.1544,,,18.21,저점 $122.42 대비 +0.55% 반등 (RSI 42)
2025-07-01 10:00:00,SNDK,매도,69,45.0795,-136.61,-4.213,3126.42,손절 -4.02%
2025-07-01 10:00:00,TSLA,매수,10,299.6948,,,127.37,저점 $297.24 대비 +0.78% 반등 (RSI 35)
2025-07-01 12:43:20,SLB,매도,6,35.5722,10.74,5.305,340.65,고점 $35.77 대비 -0.50% → 익절 +5.50%
2025-07-01 12:47:08,NOW,매수,1,200.473,,,140.04,저점 $198.95 대비 +0.72% 반등 (RSI 37)
2025-07-02 09:45:25,TSLA,매도,10,310.5364,104.05,3.472,3243.13,고점 $314.44 대비 -1.00% → 익절 +3.67%
2025-07-02 09:45:39,SHOP,매수,28,112.5219,,,90.32,저점 $111.80 대비 +0.60% 반등 (RSI 44)
2025-07-02 09:47:08,MU,매도,1,118.001,-5.33,-4.324,208.23,손절 -4.14%
2025-07-02 09:52:30,LRCX,매수,2,95.8779,,,16.34,저점 $95.28 대비 +0.58% 반등 (RSI 53)
2025-07-02 11:15:00,SHOP,매도,28,116.4503,105.41,3.346,3274.57,고점 $117.18 대비 -0.50% → 익절 +3.54%
2025-07-02 11:24:22,RL,매수,12,272.0076,,,8.19,저점 $270.39 대비 +0.55% 반등 (RSI 50)
2025-07-02 15:38:10,LRCX,매도,2,98.1809,4.33,2.257,204.41,고점 $98.79 대비 -0.50% → 익절 +2.45%
2025-07-03 09:58:14,MRVL,매수,2,74.6067,,,55.09,저점 $74.12 대비 +0.60% 반등 (RSI 36)
2025-07-03 10:41:15,NOW,매도,1,207.6006,6.84,3.41,262.54,고점 $208.90 대비 -0.50% → 익절 +3.61%
2025-07-07 09:30:00,RL,매도,12,277.901,66.0,2.022,3594.92,고점 $280.17 대비 -0.50% → 익절 +2.22%
2025-07-07 09:37:12,TSLA,매수,12,296.2981,,,36.86,저점 $294.41 대비 +0.59% 반등 (RSI 54)
2025-07-07 14:08:34,MRVL,매도,2,71.5756,-6.27,-4.203,179.9,손절 -4.01%
2025-07-07 14:57:41,EOG,매수,1,118.9594,,,60.86,저점 $118.15 대비 +0.63% 반등 (RSI 32)
2025-07-08 09:57:41,VZ,매수,1,42.8164,,,18.01,저점 $42.55 대비 +0.58% 반등 (RSI 38)
2025-07-08 15:06:00,EOG,매도,1,123.7181,4.59,3.854,141.64,고점 $125.08 대비 -1.00% → 익절 +4.05%
2025-07-08 15:25:23,SHOP,매수,1,112.0356,,,29.53,저점 $111.34 대비 +0.58% 반등 (RSI 38)
2025-07-10 10:19:33,TSLA,매도,12,305.912,110.2,3.099,3697.79,고점 $307.78 대비 -0.50% → 익절 +3.30%
2025-07-10 10:19:33,UNH,매수,12,299.6185,,,99.85,저점 $296.60 대비 +0.97% 반등 (RSI 43)
2025-07-10 15:08:34,SHOP,매도,1,115.1795,2.98,2.661,214.95,고점 $116.54 대비 -1.00% → 익절 +2.86%
2025-07-10 15:26:15,PANW,매수,1,192.9158,,,21.9,저점 $191.72 대비 +0.57% 반등 (RSI 29)
2025-07-14 15:51:00,VZ,매도,1,41.5592,-1.32,-3.077,63.43,보유기한 청산 -2.89%
2025-07-15 09:52:06,SNDK,매수,1,42.7914,,,20.6,저점 $42.51 대비 +0.60% 반등 (RSI 27)
2025-07-16 11:09:00,SNDK,매도,1,40.9872,-1.86,-4.356,61.56,손절 -4.17%
2025-07-16 11:26:40,BTSG,매수,3,19.94,,,1.7,저점 $19.83 대비 +0.50% 반등 (RSI 27)
2025-07-16 15:51:00,PANW,매도,1,192.4737,-0.72,-0.372,194.03,보유기한 청산 -0.18%
2025-07-16 15:51:00,UNH,매도,12,291.784,-99.09,-2.756,3692.89,보유기한 청산 -2.57%
2025-07-17 09:40:00,USB,매수,83,44.1908,,,22.48,저점 $43.92 대비 +0.58% 반등 (RSI 33)
2025-07-17 10:18:20,USB,매도,83,45.07,67.67,1.845,3760.56,고점 $45.60 대비 -1.00% → 익절 +2.04%
2025-07-17 10:20:46,UNH,매수,13,285.6327,,,44.73,저점 $283.83 대비 +0.58% 반등 (RSI 37)
2025-07-17 10:54:00,SLB,매수,1,34.618,,,10.09,저점 $34.41 대비 +0.55% 반등 (RSI 29)
2025-07-18 12:40:00,SLB,매도,1,33.1884,-1.48,-4.27,43.26,손절 -4.08%
2025-07-21 09:30:00,NEM,매도,7,58.9705,13.92,3.496,455.75,로테이션 제외(모멘텀 순위 밖 또는 국면 0)
2025-07-21 09:37:30,ORCL,매수,1,244.6042,,,210.97,로테이션 매수: 126일 모멘텀 상위 5
2025-07-21 09:45:39,SLB,매수,6,33.6661,,,8.84,저점 $33.46 대비 +0.57% 반등 (RSI 24)
2025-07-22 15:51:25,BTSG,매도,3,20.2049,0.71,1.185,69.41,보유기한 청산 +1.38%
2025-07-23 09:42:00,SLB,매도,6,34.6239,5.45,2.7,277.0,고점 $34.84 대비 -0.50% → 익절 +2.90%
2025-07-23 09:42:00,SNDK,매수,6,41.3226,,,28.89,저점 $41.06 대비 +0.59% 반등 (RSI 43)
2025-07-23 09:58:34,INTC,매수,1,23.0635,,,5.81,저점 $22.92 대비 +0.58% 반등 (RSI 53)
2025-07-23 11:26:40,SNDK,매도,6,43.3983,12.09,4.876,266.01,고점 $43.64 대비 -0.50% → 익절 +5.08%
2025-07-23 11:30:00,NOW,매수,1,192.2501,,,73.62,저점 $190.70 대비 +0.76% 반등 (RSI 47)
2025-07-23 15:50:00,UNH,매도,13,292.4937,83.82,2.257,3873.27,보유기한 청산 +2.45%
2025-07-24 09:42:21,NOW,매도,1,208.8683,16.33,8.495,4081.98,고점 $210.20 대비 -0.50% → 익절 +8.70%
2025-07-24 09:47:38,DAL,매수,74,55.0692,,,4.01,저점 $54.73 대비 +0.57% 반등 (RSI 50)
2025-07-25 09:30:00,INTC,매도,1,20.6147,-2.48,-10.753,24.61,손절 -10.57%
2025-07-28 09:30:00,ORCL,매도,1,245.877,0.92,0.377,270.31,로테이션 제외(모멘텀 순위 밖 또는 국면 0)
2025-07-28 09:35:48,NEM,매수,4,65.0825,,,9.79,로테이션 매수: 126일 모멘텀 상위 5
2025-07-29 10:30:00,SHIP,매수,1,6.9885,,,2.8,저점 $6.95 대비 +0.50% 반등 (RSI 39)
2025-07-30 15:50:00,DAL,매도,74,53.7621,-102.48,-2.515,3978.29,보유기한 청산 -2.32%
2025-07-31 09:35:20,PANW,매수,22,179.9958,,,15.61,저점 $178.48 대비 +0.80% 반등 (RSI 27)
2025-08-01 09:40:00,PANW,매도,22,172.398,-172.69,-4.361,3805.6,손절 -4.17%
2025-08-01 09:40:26,CDNS,매수,10,360.4201,,,198.88,저점 $358.00 대비 +0.63% 반등 (RSI 58)
2025-08-01 09:43:50,PEP,매수,1,139.8799,,,58.9,저점 $139.10 대비 +0.51% 반등 (RSI 24)
2025-08-01 09:54:00,SHIP,매도,1,6.6966,-0.3,-4.316,65.59,손절 -4.13%
2025-08-01 09:57:16,MNST,매수,2,29.226,,,7.1,저점 $29.05 대비 +0.57% 반등 (RSI 27)
2025-08-04 09:30:00,NEM,매도,4,63.1184,-8.22,-3.159,259.39,로테이션 제외(모멘텀 순위 밖 또는 국면 0)
2025-08-04 09:37:03,WDC,매수,3,77.6748,,,26.2,로테이션 매수: 126일 모멘텀 상위 5
2025-08-05 10:08:34,MNST,매도,2,29.8751,1.21,2.076,85.91,고점 $30.25 대비 -1.00% → 익절 +2.27%
2025-08-05 11:04:17,FCX,매수,2,39.8569,,,6.14,저점 $39.60 대비 +0.60% 반등 (RSI 37)
2025-08-07 10:00:00,FCX,매도,2,40.8153,1.8,2.26,87.71,고점 $41.08 대비 -0.50% → 익절 +2.46%
2025-08-07 10:25:23,VZ,매수,2,42.4291,,,2.79,저점 $42.17 대비 +0.56% 반등 (RSI 36)
2025-08-07 15:08:10,PEP,매도,1,143.3583,3.28,2.342,146.04,고점 $144.30 대비 -0.50% → 익절 +2.54%
2025-08-07 15:19:33,FTNT,매수,1,73.9069,,,72.09,저점 $73.45 대비 +0.57% 반등 (RSI 5)
2025-08-07 15:51:49,CDNS,매도,10,354.1562,-67.75,-1.88,3611.06,보유기한 청산 -1.69%
2025-08-08 09:36:40,CRWD,매수,33,108.2876,,,35.07,저점 $107.69 대비 +0.51% 반등 (RSI 28)
2025-08-08 09:48:10,FTNT,매도,1,75.7695,1.76,2.375,110.78,고점 $76.71 대비 -1.00% → 익절 +2.57%
2025-08-08 09:51:40,CROX,매수,1,76.2245,,,34.51,저점 $75.76 대비 +0.57% 반등 (RSI 11)
2025-08-11 09:30:00,CRDO,매도,110,119.6501,8306.1,171.528,13186.41,로테이션 제외(모멘텀 순위 밖 또는 국면 0)
2025-08-11 09:30:00,NET,매도,43,202.0089,4008.08,85.85,21866.46,로테이션 제외(모멘텀 순위 밖 또는 국면 0)
2025-08-11 09:35:17,AMD,매수,49,170.675,,,13497.53,로테이션 매수: 126일 모멘텀 상위 5
2025-08-11 09:36:00,NEM,매수,124,67.2736,,,5149.76,로테이션 매수: 126일 모멘텀 상위 5
2025-08-13 10:25:12,CROX,매도,1,80.0774,3.74,4.908,5229.78,고점 $80.56 대비 -0.50% → 익절 +5.11%
2025-08-13 11:20:46,CDNS,매수,14,348.4279,,,348.37,저점 $346.30 대비 +0.56% 반등 (RSI 40)
2025-08-13 15:51:00,VZ,매도,2,43.7448,2.51,2.956,435.8,보유기한 청산 +3.15%
2025-08-14 09:50:52,ORCL,매수,1,244.0441,,,191.58,저점 $242.57 대비 +0.56% 반등 (RSI 31)
2025-08-14 15:51:49,CRWD,매도,33,106.2727,-71.55,-2.002,3696.02,보유기한 청산 -1.81%
2025-08-15 09:38:04,SNDK,매수,85,43.1054,,,29.5,저점 $42.83 대비 +0.59% 반등 (RSI 55)
2025-08-15 10:26:32,SNDK,매도,85,45.5747,204.5,5.581,3900.52,고점 $46.13 대비 -1.00% → 익절 +5.78%
2025-08-15 10:27:16,LRCX,매수,38,100.4673,,,80.09,저점 $99.48 대비 +0.94% 반등 (RSI 68)
2025-08-18 09:30:00,NEM,매도,124,69.4253,254.68,3.053,8682.54,로테이션 제외(모멘텀 순위 밖 또는 국면 0)
2025-08-18 09:35:06,CRDO,매수,74,115.5017,,,129.43,로테이션 매수: 126일 모멘텀 상위 5
2025-08-19 14:54:42,ORCL,매도,1,233.9979,-10.39,-4.257,363.26,손절 -4.07%
2025-08-19 15:02:43,CROX,매수,4,83.0878,,,30.67,저점 $82.59 대비 +0.55% 반등 (RSI 45)
2025-08-19 15:51:00,CDNS,매도,14,346.2368,-37.63,-0.771,4874.45,보유기한 청산 -0.58%
2025-08-20 09:36:00,DASH,매수,19,245.3736,,,209.09,저점 $244.00 대비 +0.51% 반등 (RSI 40)
2025-08-20 10:35:42,DASH,매도,19,235.1781,-200.24,-4.295,4674.21,손절 -4.11%
2025-08-20 10:38:34,GS,매수,6,711.5689,,,401.81,저점 $705.55 대비 +0.80% 반등 (RSI 22)
2025-08-21 15:51:00,LRCX,매도,38,98.5107,-79.76,-2.089,4142.48,보유기한 청산 -1.90%
2025-08-22 09:42:24,NVDA,매수,24,172.2851,,,4.74,저점 $171.20 대비 +0.58% 반등 (RSI 45)
2025-08-22 10:42:51,NVDA,매도,24,175.982,82.75,2.001,4225.23,고점 $177.86 대비 -1.00% → 익절 +2.20%
2025-08-22 11:22:00,VZ,매수,94,44.6992,,,20.56,저점 $44.42 대비 +0.59% 반등 (RSI 56)
2025-08-22 12:04:17,CROX,매도,4,86.1729,11.86,3.567,365.0,고점 $86.72 대비 -0.50% → 익절 +3.76%
2025-08-22 13:06:00,GS,매도,6,740.4796,167.23,3.917,4804.63,고점 $744.84 대비 -0.50% → 익절 +4.11%
2025-08-25 09:30:00,WDC,매도,3,76.9615,-2.47,-1.061,5035.35,로테이션 제외(모멘텀 순위 밖 또는 국면 0)
2025-08-25 09:38:34,NEM,매수,70,70.9455,,,65.69,로테이션 매수: 126일 모멘텀 상위 5
2025-08-25 09:58:14,MNST,매수,2,31.2244,,,3.2,저점 $31.02 대비 +0.59% 반등 (RSI 35)
2025-08-28 15:51:00,VZ,매도,94,43.898,-81.27,-1.934,4126.6,보유기한 청산 -1.74%
2025-08-29 09:35:27,LRCX,매수,40,102.2213,,,34.88,저점 $101.65 대비 +0.51% 반등 (RSI 65)
2025-08-29 11:21:00,SHIP,매수,4,7.7681,,,3.79,저점 $7.72 대비 +0.53% 반등 (RSI 43)
2025-08-29 15:51:00,MNST,매도,2,31.2011,-0.14,-0.218,66.15,보유기한 청산 -0.02%
2025-09-02 09:30:00,LRCX,매도,40,94.9725,-295.59,-7.229,3862.27,손절 -7.04%
2025-09-02 09:42:24,FTNT,매수,51,75.4615,,,11.04,저점 $75.00 대비 +0.57% 반등 (RSI 53)
2025-09-04 15:50:00,SHIP,매도,4,8.2459,1.87,6.003,44.0,보유기한 청산 +6.20%
2025-09-05 10:22:56,FTNT,매도,51,77.7686,112.07,2.912,4007.31,고점 $78.25 대비 -0.50% → 익절 +3.11%
2025-09-05 10:23:41,RTX,매수,25,156.4257,,,93.93,저점 $155.56 대비 +0.51% 반등 (RSI 54)
2025-09-05 11:48:00,MNST,매수,2,31.3006,,,31.28,저점 $31.12 대비 +0.53% 반등 (RSI 41)
2025-09-08 09:30:00,AMD,매도,49,151.7241,-939.87,-11.238,7460.34,로테이션 제외(모멘텀 순위 밖 또는 국면 0)
2025-09-08 09:30:00,NEM,매도,70,76.6517,392.04,7.894,12822.03,로테이션 제외(모멘텀 순위 밖 또는 국면 0)
2025-09-08 09:36:12,AVGO,매수,26,341.4207,,,3938.88,로테이션 매수: 126일 모멘텀 상위 5
2025-09-08 09:36:18,WDC,매수,42,93.0725,,,27.1,로테이션 매수: 126일 모멘텀 상위 5
2025-09-10 11:20:46,INTC,매수,1,24.4272,,,2.66,저점 $24.28 대비 +0.56% 반등 (RSI 53)
2025-09-11 15:51:00,MNST,매도,2,31.9232,1.15,1.844,66.46,보유기한 청산 +2.04%
2025-09-11 15:51:00,RTX,매도,25,157.8144,29.1,0.744,4008.94,보유기한 청산 +0.94%
2025-09-12 09:57:41,META,매수,5,748.264,,,265.0,저점 $743.76 대비 +0.56% 반등 (RSI 43)
2025-09-12 10:42:00,ROST,매수,1,148.5926,,,116.3,저점 $147.75 대비 +0.52% 반등 (RSI 36)
2025-09-15 09:30:00,AVGO,매도,26,359.6901,461.96,5.204,9461.41,로테이션 제외(모멘텀 순위 밖 또는 국면 0)
2025-09-15 09:37:03,ORCL,매수,30,306.9901,,,245.27,로테이션 매수: 126일 모멘텀 상위 5
2025-09-15 10:24:22,INTC,매도,1,25.1727,0.71,2.907,270.42,고점 $25.32 대비 -0.50% → 익절 +3.10%
2025-09-15 10:24:46,DHI,매수,1,173.5768,,,96.72,저점 $172.27 대비 +0.71% 반등 (RSI 46)
2025-09-15 12:19:24,META,매도,5,769.7999,102.25,2.733,3942.91,고점 $774.07 대비 -0.50% → 익절 +2.93%
2025-09-15 12:30:00,EOG,매수,33,117.4687,,,63.73,저점 $116.82 대비 +0.51% 반등 (RSI 33)
2025-09-16 12:37:03,EOG,매도,33,120.5297,95.4,2.461,4038.31,고점 $121.23 대비 -0.50% → 익절 +2.66%
2025-09-16 12:57:41,DAL,매수,69,57.949,,,37.03,저점 $57.62 대비 +0.52% 반등 (RSI 33)
2025-09-17 14:40:26,DAL,매도,69,59.8008,121.97,3.05,4160.27,고점 $60.14 대비 -0.50% → 익절 +3.25%
2025-09-17 14:49:12,CRWD,매수,38,109.3825,,,0.83,저점 $108.69 대비 +0.59% 반등 (RSI 48)
2025-09-18 09:33:54,CRWD,매도,38,116.535,265.65,6.391,4425.92,고점 $117.23 대비 -0.50% → 익절 +6.59%
2025-09-18 09:46:48,AMD,매수,29,150.813,,,49.29,저점 $149.85 대비 +0.59% 반등 (RSI 49)
2025-09-18 15:51:00,ROST,매도,1,145.7804,-3.02,-2.034,194.96,보유기한 청산 -1.84%
2025-09-19 09:33:09,AMD,매도,29,156.994,172.86,3.952,4744.46,고점 $158.77 대비 -1.00% → 익절 +4.15%
2025-09-19 09:34:26,DHI,매도,1,166.2768,-7.54,-4.346,4910.62,손절 -4.16%
2025-09-19 10:00:00,SLB,매수,142,34.3602,,,28.06,저점 $34.17 대비 +0.52% 반등 (RSI 43)
2025-09-25 09:48:00,BTSG,매수,1,26.5663,,,1.47,저점 $26.40 대비 +0.58% 반등 (RSI 41)
2025-09-25 10:58:14,BTSG,매도,1,27.0865,0.48,1.814,28.54,고점 $27.42 대비 -1.00% → 익절 +2.01%
2025-09-25 12:13:38,BTSG,매수,1,26.6002,,,1.92,저점 $26.43 대비 +0.57% 반등 (RSI 36)
2025-09-25 15:51:00,SLB,매도,142,34.5724,23.13,0.474,4907.61,보유기한 청산 +0.67%
2025-09-26 09:40:00,DAL,매수,84,57.7359,,,54.41,저점 $57.38 대비 +0.57% 반등 (RSI 29)
2025-09-26 09:48:00,FCX,매수,1,35.5131,,,18.87,저점 $35.29 대비 +0.58% 반등 (RSI 10)
2025-09-29 09:57:00,BTSG,매도,1,27.3523,0.71,2.683,46.2,고점 $27.69 대비 -1.00% → 익절 +2.88%
2025-09-29 10:22:00,SHIP,매수,5,8.3692,,,4.33,저점 $8.32 대비 +0.54% 반등 (RSI 35)
2025-09-29 11:34:36,FCX,매도,1,37.6545,2.09,5.882,41.95,고점 $38.11 대비 -1.00% → 익절 +6.08%
2025-09-30 09:50:00,SHIP,매도,5,8.0214,-1.8,-4.296,82.03,손절 -4.11%
2025-09-30 11:51:25,SLB,매수,2,33.6354,,,14.71,저점 $33.42 대비 +0.59% 반등 (RSI 28)
2025-10-01 09:45:39,SHIP,매수,1,8.281,,,6.43,저점 $8.23 대비 +0.57% 반등 (RSI 28)
2025-10-02 10:00:00,SLB,매도,2,34.7951,2.22,3.302,75.97,고점 $35.20 대비 -1.00% → 익절 +3.50%
2025-10-02 10:02:18,MNST,매수,2,33.5368,,,8.85,저점 $33.28 대비 +0.72% 반등 (RSI 65)
2025-10-02 10:04:17,SHIP,매도,1,8.5194,0.23,2.733,17.36,고점 $8.62 대비 -1.00% → 익절 +2.93%
2025-10-02 15:51:49,DAL,매도,84,56.9032,-76.83,-1.584,4793.74,보유기한 청산 -1.39%
2025-10-03 09:50:00,BTSG,매수,172,27.7937,,,9.88,저점 $27.62 대비 +0.58% 반등 (RSI 47)
2025-10-03 10:28:40,BTSG,매도,172,28.6657,143.03,2.992,4936.77,고점 $29.00 대비 -1.00% → 익절 +3.19%
2025-10-03 10:54:42,TSLA,매수,11,427.2568,,,233.65,저점 $424.72 대비 +0.55% 반등 (RSI 31)
2025-10-03 11:00:00,RTX,매수,1,166.7367,,,66.8,저점 $165.49 대비 +0.70% 반등 (RSI 50)
2025-10-06 09:30:00,ORCL,매도,30,292.2338,-455.53,-4.946,8827.42,로테이션 제외(모멘텀 순위 밖 또는 국면 0)
2025-10-06 09:35:13,SNDK,매수,66,133.6113,,,2.9,로테이션 매수: 126일 모멘텀 상위 5
2025-10-07 09:30:00,TSLA,매도,11,447.6361,217.29,4.623,4923.3,고점 $453.55 대비 -1.00% → 익절 +4.82%
2025-10-07 09:41:15,CROX,매수,61,80.6441,,,0.57,저점 $80.17 대비 +0.55% 반등 (RSI 29)
2025-10-08 14:02:43,MNST,매도,2,34.3897,1.61,2.398,69.3,고점 $34.58 대비 -0.50% → 익절 +2.59%
2025-10-09 09:30:00,CRDO,매도,74,145.4972,2205.82,25.808,10828.23,로테이션 제외(모멘텀 순위 밖 또는 국면 0)
2025-10-09 09:30:00,SNDK,매도,66,126.9365,-452.83,-5.135,19199.92,로테이션 제외(모멘텀 순위 밖 또는 국면 0)
2025-10-09 09:30:00,STX,매도,54,223.7081,4941.38,69.352,31271.34,로테이션 제외(모멘텀 순위 밖 또는 국면 0)
2025-10-09 09:30:00,WDC,매도,42,119.8301,1117.41,28.585,36300.53,로테이션 제외(모멘텀 순위 밖 또는 국면 0)
2025-10-09 15:51:00,RTX,매도,1,161.9023,-5.07,-3.04,36462.32,보유기한 청산 -2.85%
2025-10-10 13:01:45,CROX,매도,61,77.3133,-210.06,-4.27,41174.99,손절 -4.08%
2025-10-17 09:35:00,CRDO,매수,74,131.6458,,,31426.38,로테이션 매수: 126일 모멘텀 상위 5
2025-10-17 09:35:48,SNDK,매수,70,140.0721,,,21614.46,로테이션 매수: 126일 모멘텀 상위 5
2025-10-17 09:36:12,STX,매수,44,221.0525,,,11881.35,로테이션 매수: 126일 모멘텀 상위 5
2025-10-17 09:36:29,WDC,매수,79,124.2493,,,2058.78,로테이션 매수: 126일 모멘텀 상위 5
2025-10-17 09:37:12,DASH,매수,7,265.5127,,,198.89,저점 $263.86 대비 +0.58% 반등 (RSI 40)
2025-10-17 09:45:00,DDOG,매수,1,152.6843,,,46.1,저점 $151.70 대비 +0.60% 반등 (RSI 28)
2025-10-17 09:51:04,BTSG,매수,1,29.1933,,,16.89,저점 $29.01 대비 +0.58% 반등 (RSI 43)
2025-10-17 10:28:22,BTSG,매도,1,29.7851,0.55,1.883,46.65,고점 $30.14 대비 -1.00% → 익절 +2.08%
2025-10-17 10:30:00,FCX,매수,1,41.3206,,,5.3,저점 $41.01 대비 +0.71% 반등 (RSI 41)
2025-10-20 12:08:10,DDOG,매도,1,156.396,3.49,2.286,161.58,고점 $158.08 대비 -1.00% → 익절 +2.48%
2025-10-20 14:57:41,MRVL,매수,1,86.0385,,,75.48,저점 $85.45 대비 +0.64% 반등 (RSI 40)
2025-10-22 09:30:00,MRVL,매도,1,81.2294,-4.93,-5.728,156.65,손절 -5.54%
2025-10-22 09:39:43,NEM,매수,1,83.3336,,,73.26,저점 $82.80 대비 +0.59% 반등 (RSI 33)
2025-10-22 10:25:08,NEM,매도,1,85.9196,2.46,2.958,159.12,고점 $86.90 대비 -1.00% → 익절 +3.15%
2025-10-22 10:55:15,DASH,매도,7,254.4327,-80.16,-4.313,1938.85,손절 -4.13%
2025-10-22 10:57:41,VZ,매수,48,40.0075,,,17.14,저점 $39.76 대비 +0.56% 반등 (RSI 35)
2025-10-23 15:48:00,VZ,매도,48,38.3708,-81.25,-4.231,1857.6,손절 -4.04%
2025-10-23 15:51:49,FCX,매도,1,41.0894,-0.29,-0.702,1898.66,보유기한 청산 -0.51%
2025-10-24 09:48:20,NEM,매수,23,81.7984,,,15.98,저점 $81.29 대비 +0.58% 반등 (RSI 50)
2025-10-24 13:02:43,NEM,매도,23,84.94,69.51,3.695,1968.17,고점 $86.00 대비 -1.00% → 익절 +3.89%
2025-10-24 15:19:24,NEM,매수,23,82.7776,,,62.95,저점 $82.29 대비 +0.54% 반등 (RSI 38)
2025-10-27 09:30:00,NEM,매도,23,79.2004,-84.94,-4.461,1883.23,손절 -4.27%
2025-10-27 10:22:00,AMGN,매수,6,290.055,,,141.68,저점 $288.26 대비 +0.57% 반등 (RSI 35)
2025-10-28 09:42:00,MNST,매수,4,34.7874,,,2.44,저점 $34.58 대비 +0.55% 반등 (RSI 49)
2025-10-29 09:30:00,CRDO,매도,74,165.867,2516.59,25.833,12267.64,로테이션 제외(모멘텀 순위 밖 또는 국면 0)
2025-10-29 09:30:00,SNDK,매도,70,186.5267,3235.42,32.998,25314.97,로테이션 제외(모멘텀 순위 밖 또는 국면 0)
2025-10-29 09:30:00,STX,매도,44,238.2408,741.83,7.627,35789.92,로테이션 제외(모멘텀 순위 밖 또는 국면 0)
2025-10-29 09:30:00,WDC,매도,79,131.3643,547.64,5.579,46160.12,로테이션 제외(모멘텀 순위 밖 또는 국면 0)
2025-10-29 15:06:00,MNST,매도,4,33.3533,-5.93,-4.262,46293.44,손절 -4.07%
2025-10-31 15:51:00,AMGN,매도,6,298.5173,48.25,2.772,48083.23,보유기한 청산 +2.97%
2025-11-06 09:35:18,SNDK,매수,52,215.0075,,,36895.02,로테이션 매수: 126일 모멘텀 상위 5
2025-11-06 09:35:27,STX,매수,39,283.5577,,,25828.53,로테이션 매수: 126일 모멘텀 상위 5
2025-11-06 09:35:33,CRDO,매수,63,176.3766,,,14709.02,로테이션 매수: 126일 모멘텀 상위 5
2025-11-06 09:36:18,WDC,매수,70,160.1881,,,3488.01,로테이션 매수: 126일 모멘텀 상위 5
2025-11-06 09:40:26,FTNT,매수,45,75.8971,,,70.25,저점 $75.41 대비 +0.60% 반등 (RSI 56)
2025-11-06 10:20:00,MNST,매수,2,33.1716,,,3.86,저점 $32.97 대비 +0.56% 반등 (RSI 63)
2025-11-06 10:58:00,FTNT,매도,45,79.8779,174.12,5.098,3595.74,고점 $80.80 대비 -1.00% → 익절 +5.30%
2025-11-06 11:15:00,AVGO,매수,10,354.8017,,,45.24,저점 $352.71 대비 +0.54% 반등 (RSI 45)
2025-11-06 11:15:00,FCX,매수,1,38.7629,,,6.45,저점 $38.54 대비 +0.53% 반등 (RSI 34)
2025-11-07 09:33:23,MNST,매도,2,35.0016,3.56,5.37,76.4,고점 $35.23 대비 -0.50% → 익절 +5.57%
2025-11-07 09:50:00,FCX,매도,1,39.4383,0.62,1.598,115.81,고점 $39.93 대비 -1.00% → 익절 +1.79%
2025-11-07 10:13:38,EOG,매수,1,104.1316,,,11.61,저점 $103.50 대비 +0.56% 반등 (RSI 44)
2025-11-07 11:12:51,AVGO,매도,10,340.0713,-152.27,-4.292,3409.84,손절 -4.10%
2025-11-07 11:18:45,CRWD,매수,25,131.108,,,129.84,저점 $130.38 대비 +0.51% 반등 (RSI 43)
2025-11-07 11:27:46,MRVL,매수,1,85.7128,,,44.07,저점 $85.15 대비 +0.61% 반등 (RSI 39)
2025-11-07 15:18:00,CRWD,매도,25,134.7768,86.97,2.653,3411.03,고점 $135.57 대비 -0.50% → 익절 +2.85%
2025-11-10 10:30:00,DHI,매수,23,143.1515,,,116.24,저점 $142.34 대비 +0.52% 반등 (RSI 39)
2025-11-10 10:55:15,MRVL,매도,1,93.4403,7.6,8.866,209.62,고점 $94.47 대비 -1.00% → 익절 +9.07%
2025-11-10 10:57:16,PEP,매수,1,142.0485,,,67.47,저점 $141.26 대비 +0.51% 반등 (RSI 40)
2025-11-11 10:40:35,EOG,매도,1,108.1295,3.85,3.694,175.52,고점 $108.90 대비 -0.50% → 익절 +3.89%
2025-11-11 15:06:00,DHI,매도,23,146.5417,73.21,2.224,3543.52,고점 $147.46 대비 -0.50% → 익절 +2.42%
2025-11-12 11:24:00,ORCL,매수,15,227.6938,,,125.72,저점 $226.26 대비 +0.58% 반등 (RSI 37)
2025-11-13 09:57:23,MRVL,매수,1,85.2404,,,40.42,저점 $84.71 대비 +0.58% 반등 (RSI 44)
2025-11-13 10:44:17,MRVL,매도,1,87.5099,2.15,2.517,127.86,고점 $88.45 대비 -1.00% → 익절 +2.71%
2025-11-13 11:18:34,MRVL,매수,1,86.5427,,,41.26,저점 $86.04 대비 +0.53% 반등 (RSI 39)
2025-11-13 12:05:00,ORCL,매도,15,218.3948,-144.27,-4.224,3314.79,손절 -4.04%
2025-11-13 12:10:00,CRWD,매수,24,133.9979,,,96.59,저점 $132.76 대비 +0.89% 반등 (RSI 32)
2025-11-13 14:06:00,PEP,매도,1,145.5172,3.26,2.297,242.0,고점 $146.39 대비 -0.50% → 익절 +2.49%
2025-11-13 14:06:55,NVDA,매수,1,185.772,,,56.1,저점 $183.85 대비 +0.99% 반등 (RSI 34)
2025-11-14 09:42:37,CRWD,매도,24,128.4886,-136.73,-4.251,3137.57,손절 -4.06%
2025-11-14 09:43:20,BTSG,매수,100,31.2002,,,15.37,저점 $31.00 대비 +0.60% 반등 (RSI 24)
2025-11-14 10:26:40,BTSG,매도,100,32.0261,78.07,2.502,3215.65,고점 $32.42 대비 -1.00% → 익절 +2.70%
2025-11-14 10:26:50,EOG,매수,29,109.3947,,,40.98,저점 $108.45 대비 +0.82% 반등 (RSI 56)
2025-11-17 09:30:00,STX,매도,39,256.2718,-1079.19,-9.759,10028.29,로테이션 제외(모멘텀 순위 밖 또는 국면 0)
2025-11-17 09:36:07,MU,매수,40,247.0021,,,141.29,로테이션 매수: 126일 모멘텀 상위 5
2025-11-17 14:06:40,MRVL,매도,1,82.9567,-3.71,-4.284,224.18,손절 -4.10%
2025-11-17 14:30:00,DDOG,매수,1,180.3401,,,43.72,저점 $179.31 대비 +0.52% 반등 (RSI 31)
2025-11-19 15:50:00,NVDA,매도,1,187.2522,1.21,0.653,230.83,보유기한 청산 +0.85%
2025-11-20 09:35:37,PANW,매수,1,199.3984,,,31.29,저점 $198.12 대비 +0.59% 반등 (RSI 36)
2025-11-20 09:48:51,DDOG,매도,1,173.0301,-7.56,-4.194,204.2,손절 -4.01%
2025-11-20 09:54:00,TGT,매수,2,86.1918,,,31.69,저점 $85.68 대비 +0.55% 반등 (RSI 29)
2025-11-20 11:13:12,PANW,매도,1,191.1373,-8.54,-4.283,222.69,손절 -4.10%
2025-11-20 12:00:00,PGR,매수,1,222.156,,,0.38,저점 $220.80 대비 +0.56% 반등 (RSI 39)
2025-11-20 15:51:49,EOG,매도,29,105.8104,-108.4,-3.417,3066.64,보유기한 청산 -3.23%
2025-11-21 09:35:08,ORCL,매수,14,208.4142,,,146.8,저점 $207.08 대비 +0.59% 반등 (RSI 33)
2025-11-21 10:09:25,ORCL,매도,14,199.8814,-123.54,-4.234,2943.1,손절 -4.05%
2025-11-21 10:10:54,NEM,매수,35,82.9725,,,37.03,저점 $82.45 대비 +0.58% 반등 (RSI 24)
2025-11-21 10:25:42,PGR,매도,1,227.7461,5.27,2.371,264.61,고점 $229.13 대비 -0.50% → 익절 +2.57%
2025-11-21 10:26:00,FTNT,매수,3,77.6988,,,31.35,저점 $77.18 대비 +0.62% 반등 (RSI 33)
2025-11-21 13:10:00,TGT,매도,2,87.896,3.16,1.833,207.01,고점 $88.98 대비 -1.00% → 익절 +2.03%
2025-11-21 13:45:39,AMD,매수,1,202.433,,,4.44,저점 $201.16 대비 +0.58% 반등 (RSI 30)
2025-11-24 10:33:45,AMD,매도,1,211.251,8.52,4.21,215.53,고점 $213.67 대비 -1.00% → 익절 +4.41%
2025-11-24 10:36:00,PEP,매수,1,146.1997,,,69.23,저점 $144.78 대비 +0.93% 반등 (RSI 44)
2025-11-25 09:30:00,NEM,매도,35,86.017,102.32,3.524,3077.63,고점 $87.29 대비 -1.00% → 익절 +3.72%
2025-11-25 10:09:32,ORCL,매수,16,186.8067,,,86.63,저점 $185.63 대비 +0.58% 반등 (RSI 36)
2025-11-25 13:06:31,ORCL,매도,16,196.9715,158.24,5.294,3235.87,고점 $199.41 대비 -1.00% → 익절 +5.49%
2025-11-25 14:06:00,FTNT,매도,3,80.6696,8.57,3.678,3477.7,고점 $81.19 대비 -0.50% → 익절 +3.88%
2025-11-26 10:15:52,SLB,매수,97,35.4952,,,32.25,저점 $35.29 대비 +0.53% 반등 (RSI 52)
2025-12-01 10:21:00,SLB,매도,97,36.7756,119.18,3.462,3596.88,고점 $36.98 대비 -0.50% → 익절 +3.66%
2025-12-01 10:21:25,INCY,매수,35,102.0699,,,21.94,저점 $101.47 대비 +0.54% 반등 (RSI 47)
2025-12-01 15:51:00,PEP,매도,1,149.3453,2.93,2.007,171.17,보유기한 청산 +2.20%
2025-12-02 10:42:00,RTX,매수,1,169.2846,,,1.77,저점 $168.23 대비 +0.58% 반등 (RSI 37)
2025-12-05 15:51:49,INCY,매도,35,102.8019,20.49,0.574,3597.21,보유기한 청산 +0.77%
2025-12-08 09:30:00,MU,매도,40,243.3683,-159.38,-1.613,13324.83,로테이션 제외(모멘텀 순위 밖 또는 국면 0)
2025-12-08 09:36:18,STX,매수,40,282.3016,,,2024.87,로테이션 매수: 126일 모멘텀 상위 5
2025-12-08 09:36:29,MRVL,매수,22,91.2156,,,16.72,저점 $90.45 대비 +0.80% 반등 (RSI 60)
2025-12-08 12:56:15,SHIP,매수,1,10.3283,,,6.38,저점 $10.26 대비 +0.60% 반등 (RSI 36)
2025-12-08 15:51:00,RTX,매도,1,171.4626,1.93,1.143,177.72,보유기한 청산 +1.34%
2025-12-09 09:39:00,DHI,매수,1,151.4997,,,26.12,저점 $150.56 대비 +0.57% 반등 (RSI 24)
2025-12-09 10:07:01,SHIP,매도,1,9.8954,-0.45,-4.331,36.0,손절 -4.14%
2025-12-11 10:15:00,DHI,매도,1,157.0814,5.36,3.539,192.97,고점 $158.00 대비 -0.50% → 익절 +3.74%
2025-12-11 10:18:34,INTC,매수,4,39.5558,,,34.64,저점 $39.32 대비 +0.55% 반등 (RSI 53)
2025-12-11 11:16:21,SHIP,매수,3,9.9964,,,4.63,저점 $9.94 대비 +0.52% 반등 (RSI 41)
2025-12-11 11:17:22,MRVL,매도,22,87.4662,-85.29,-4.25,1927.48,손절 -4.06%
2025-12-11 11:26:28,AVGO,매수,4,396.8383,,,339.01,저점 $394.19 대비 +0.62% 반등 (RSI 50)
2025-12-12 09:30:00,AVGO,매도,4,374.9224,-89.87,-5.662,1837.61,손절 -5.48%
2025-12-12 09:55:42,MNST,매수,50,36.604,,,6.13,저점 $36.38 대비 +0.57% 반등 (RSI 30)
2025-12-12 14:15:52,INTC,매도,4,37.911,-6.8,-4.298,157.66,손절 -4.11%
2025-12-12 14:19:05,INCY,매수,1,94.2271,,,63.37,저점 $93.54 대비 +0.68% 반등 (RSI 32)
2025-12-15 09:30:00,CRDO,매도,63,146.3218,-1907.96,-17.171,9274.91,로테이션 제외(모멘텀 순위 밖 또는 국면 0)
2025-12-15 09:36:25,MU,매수,37,248.5199,,,73.24,로테이션 매수: 126일 모멘텀 상위 5
2025-12-15 10:26:28,INCY,매도,1,96.8216,2.46,2.608,169.99,고점 $97.43 대비 -0.50% → 익절 +2.80%
2025-12-15 10:28:00,CRDO,매수,1,143.1515,,,26.74,저점 $142.12 대비 +0.68% 반등 (RSI 30)
2025-12-16 12:16:40,CRDO,매도,1,137.2014,-6.15,-4.297,163.84,손절 -4.11%
2025-12-16 12:20:00,NEM,매수,1,97.6608,,,66.11,저점 $97.12 대비 +0.51% 반등 (RSI 55)
2025-12-16 15:46:21,SHIP,매도,3,9.584,-1.28,-4.266,94.84,손절 -4.08%
2025-12-17 09:48:56,FTNT,매수,1,80.2074,,,14.58,저점 $79.69 대비 +0.60% 반등 (RSI 54)
2025-12-17 09:54:42,MNST,매도,50,37.3604,35.17,1.922,1881.23,고점 $37.76 대비 -1.00% → 익절 +2.12%
2025-12-17 09:55:27,BTSG,매수,52,35.9604,,,9.98,저점 $35.66 대비 +0.79% 반등 (RSI 54)
2025-12-18 10:25:00,NEM,매도,1,100.2575,2.46,2.514,110.16,고점 $100.84 대비 -0.50% → 익절 +2.71%
2025-12-18 10:51:10,INTC,매수,3,36.4153,,,0.84,저점 $36.15 대비 +0.68% 반등 (RSI 29)
2025-12-18 11:47:42,BTSG,매도,52,34.4512,-81.1,-4.337,1791.0,손절 -4.15%
2025-12-18 12:26:15,PANW,매수,9,184.2321,,,131.75,저점 $183.19 대비 +0.52% 반등 (RSI 44)
2025-12-19 15:41:25,INTC,매도,3,37.1533,2.06,1.882,243.13,고점 $37.58 대비 -1.00% → 익절 +2.08%
2025-12-22 09:50:00,SHIP,매수,25,9.4163,,,7.55,저점 $9.36 대비 +0.55% 반등 (RSI 26)
2025-12-22 10:35:00,PANW,매도,9,189.0854,41.28,2.489,1708.08,고점 $190.18 대비 -0.50% → 익절 +2.69%
2025-12-22 11:00:00,UNP,매수,7,234.2321,,,67.31,저점 $232.51 대비 +0.69% 반등 (RSI 38)
2025-12-23 15:51:00,FTNT,매도,1,80.533,0.21,0.263,147.78,보유기한 청산 +0.46%
2025-12-24 09:48:00,INTC,매수,4,35.1753,,,6.98,저점 $34.95 대비 +0.59% 반등 (RSI 42)
2025-12-26 15:51:00,SHIP,매도,25,9.4353,0.14,0.058,242.69,보유기한 청산 +0.25%
2025-12-26 15:51:00,UNP,매도,7,233.1167,-10.15,-0.619,1873.32,보유기한 청산 -0.43%
2025-12-29 09:30:00,INTC,매도,4,35.962,2.94,2.092,2017.06,고점 $36.49 대비 -1.00% → 익절 +2.29%
2025-12-29 09:38:16,NEM,매수,19,101.3146,,,90.74,저점 $100.60 대비 +0.66% 반등 (RSI 63)
2025-12-29 09:56:15,BTSG,매수,2,37.4296,,,15.82,저점 $37.19 대비 +0.59% 반등 (RSI 51)
2025-12-29 10:52:30,SHIP,매수,1,9.2413,,,6.58,저점 $9.18 대비 +0.59% 반등 (RSI 31)
2026-01-02 15:25:23,BTSG,매도,2,38.3808,1.79,2.397,83.28,고점 $38.60 대비 -0.50% → 익절 +2.59%
2026-01-02 15:51:00,NEM,매도,19,101.1994,-4.94,-0.257,2004.67,보유기한 청산 -0.06%
2026-01-02 15:51:49,SHIP,매도,1,9.1318,-0.12,-1.327,2013.79,보유기한 청산 -1.14%
2026-01-05 09:42:00,SHOP,매수,12,159.6706,,,96.4,저점 $158.65 대비 +0.59% 반등 (RSI 26)
2026-01-05 11:06:00,MNST,매수,2,37.959,,,20.43,저점 $37.72 대비 +0.57% 반등 (RSI 20)
2026-01-06 09:30:00,SHOP,매도,12,163.7681,46.39,2.421,1984.21,고점 $166.92 대비 -1.00% → 익절 +2.62%
2026-01-06 09:45:39,LLY,매수,1,1046.6331,,,936.85,"저점 $1,039.93 대비 +0.59% 반등 (RSI 29)"
2026-01-06 09:48:20,CROX,매수,11,84.8712,,,2.61,저점 $84.33 대비 +0.59% 반등 (RSI 42)
2026-01-06 10:36:40,CROX,매도,11,87.6901,29.65,3.176,966.5,고점 $88.32 대비 -0.50% → 익절 +3.37%
2026-01-06 10:37:30,TSLA,매수,2,439.4696,,,86.95,저점 $435.39 대비 +0.89% 반등 (RSI 34)
2026-01-07 10:20:19,LLY,매도,1,1110.8451,62.67,5.988,1196.98,"고점 $1,117.66 대비 -0.50% → 익절 +6.19%"
2026-01-07 10:24:46,MRVL,매수,14,84.5498,,,12.45,저점 $84.05 대비 +0.54% 반등 (RSI 47)
2026-01-09 15:51:00,MNST,매도,2,38.6723,1.32,1.735,89.74,보유기한 청산 +1.93%
2026-01-12 09:30:00,STX,매도,40,298.7306,640.53,5.672,12030.24,로테이션 제외(모멘텀 순위 밖 또는 국면 0)
2026-01-12 09:35:13,LRCX,매수,55,215.5677,,,165.72,로테이션 매수: 126일 모멘텀 상위 5
2026-01-12 09:37:12,SHOP,매수,1,163.4866,,,2.12,저점 $162.53 대비 +0.54% 반등 (RSI 45)
2026-01-12 13:00:00,TSLA,매도,2,451.3122,22.41,2.55,904.08,고점 $454.30 대비 -0.50% → 익절 +2.75%
2026-01-12 13:02:43,ISRG,매수,1,571.4589,,,332.22,저점 $568.15 대비 +0.53% 반등 (RSI 33)
2026-01-13 09:52:30,SHOP,매도,1,169.8361,6.11,3.738,501.94,고점 $170.90 대비 -0.50% → 익절 +3.94%
2026-01-13 09:59:16,DAL,매수,7,70.3588,,,9.08,저점 $69.93 대비 +0.56% 반등 (RSI 45)
2026-01-13 15:51:00,MRVL,매도,14,83.1251,-21.62,-1.827,1171.98,보유기한 청산 -1.64%
2026-01-14 09:30:00,ISRG,매도,1,542.4486,-29.81,-5.216,1714.03,손절 -5.03%
2026-01-14 09:40:00,JPM,매수,5,310.135,,,162.27,저점 $308.20 대비 +0.58% 반등 (RSI 19)
2026-01-14 09:42:51,NOW,매수,1,138.2591,,,23.92,저점 $137.39 대비 +0.58% 반등 (RSI 26)
2026-01-14 14:45:00,NOW,매도,1,132.5437,-5.91,-4.274,156.36,손절 -4.09%
2026-01-14 15:00:00,MRVL,매수,1,79.7479,,,76.56,저점 $79.27 대비 +0.55% 반등 (RSI 20)
2026-01-15 09:47:25,MRVL,매도,1,81.9028,2.04,2.557,158.4,고점 $82.90 대비 -1.00% → 익절 +2.75%
2026-01-15 12:00:00,NEM,매수,1,112.9965,,,45.33,저점 $112.31 대비 +0.56% 반등 (RSI 57)
2026-01-20 09:54:00,NEM,매도,1,117.7673,4.61,4.076,163.01,고점 $118.49 대비 -0.50% → 익절 +4.27%
2026-01-20 09:54:32,DHI,매수,1,152.175,,,10.73,저점 $150.64 대비 +0.97% 반등 (RSI 42)
2026-01-20 10:25:54,DHI,매도,1,155.1849,2.79,1.833,165.8,고점 $157.07 대비 -1.00% → 익절 +2.03%
2026-01-20 10:26:15,PEP,매수,1,145.3827,,,20.32,저점 $144.32 대비 +0.69% 반등 (RSI 65)
2026-01-20 14:06:55,DAL,매도,7,67.4213,-21.25,-4.315,491.92,손절 -4.13%
2026-01-20 14:10:00,NET,매수,2,177.9014,,,135.87,저점 $176.26 대비 +0.88% 반등 (RSI 23)
2026-01-20 15:51:00,JPM,매도,5,302.945,-38.14,-2.46,1649.49,보유기한 청산 -2.27%
2026-01-21 09:37:30,ORCL,매수,9,180.6903,,,22.14,저점 $179.68 대비 +0.51% 반등 (RSI 20)
2026-01-21 11:51:10,ORCL,매도,9,173.2843,-68.93,-4.239,1580.56,손절 -4.05%
2026-01-21 12:02:00,PGR,매수,7,201.7208,,,167.52,저점 $200.60 대비 +0.51% 반등 (RSI 35)
2026-01-21 13:08:34,NET,매도,2,170.6746,-14.95,-4.202,508.62,손절 -4.01%
2026-01-21 13:11:32,SHOP,매수,3,139.2995,,,90.43,저점 $137.96 대비 +0.92% 반등 (RSI 12)
2026-01-22 09:57:16,SHOP,매도,3,142.3686,8.6,2.059,517.23,고점 $144.12 대비 -1.00% → 익절 +2.25%
2026-01-22 10:18:00,TGT,매수,4,105.4152,,,95.27,저점 $104.80 대비 +0.54% 반등 (RSI 36)
2026-01-26 09:30:00,LRCX,매도,55,218.8605,164.02,1.383,12123.81,로테이션 제외(모멘텀 순위 밖 또는 국면 0)
2026-01-26 09:35:20,STX,매수,34,346.7334,,,326.62,로테이션 매수: 126일 모멘텀 상위 5
2026-01-26 15:51:00,PEP,매도,1,145.8304,0.24,0.165,472.35,보유기한 청산 +0.36%
2026-01-27 09:35:39,UNH,매수,1,296.8834,,,175.26,저점 $293.97 대비 +0.94% 반등 (RSI 55)
2026-01-27 10:09:37,UNH,매도,1,284.6593,-12.64,-4.257,459.71,손절 -4.07%
2026-01-27 10:12:51,UNP,매수,1,230.6077,,,228.94,저점 $229.17 대비 +0.58% 반등 (RSI 55)
2026-01-27 10:22:30,PGR,매도,7,207.8235,40.67,2.88,1682.64,고점 $209.00 대비 -0.50% → 익절 +3.08%
2026-01-27 10:22:30,TSLA,매수,3,434.8953,,,377.04,저점 $431.83 대비 +0.66% 반등 (RSI 43)
2026-01-28 15:08:49,TGT,매도,4,101.0282,-18.14,-4.302,780.86,손절 -4.11%
2026-01-28 15:10:00,UNH,매수,2,295.0224,,,190.4,저점 $292.44 대비 +0.83% 반등 (RSI 29)
2026-01-29 10:57:30,TSLA,매도,3,416.7433,-56.28,-4.314,1439.72,손절 -4.13%
2026-01-29 10:57:41,GOOGL,매수,4,328.6142,,,124.34,저점 $326.54 대비 +0.58% 반등 (RSI 39)
2026-01-30 09:30:00,GOOGL,매도,4,334.1528,20.26,1.541,1459.98,고점 $339.22 대비 -0.50% → 익절 +1.74%
2026-01-30 09:41:15,AMD,매수,6,237.2328,,,35.59,저점 $235.76 대비 +0.57% 반등 (RSI 54)
2026-01-30 10:26:15,AMD,매도,6,242.453,29.26,2.056,1489.24,고점 $245.24 대비 -1.00% → 익절 +2.25%
2026-01-30 10:26:40,SLB,매수,30,48.049,,,46.76,저점 $47.63 대비 +0.83% 반등 (RSI 38)
2026-02-02 15:51:00,UNP,매도,1,235.179,4.24,1.838,281.77,보유기한 청산 +2.03%
2026-02-03 09:38:27,CRDO,매수,2,123.8219,,,33.95,저점 $123.09 대비 +0.55% 반등 (RSI 30)
2026-02-03 09:58:43,CRDO,매도,2,118.7793,-10.43,-4.213,271.34,손절 -4.02%
2026-02-03 10:00:00,EOG,매수,2,108.085,,,55.02,저점 $107.00 대비 +0.97% 반등 (RSI 39)
2026-02-03 11:02:18,UNH,매도,2,282.9484,-24.97,-4.233,620.5,손절 -4.04%
2026-02-03 11:05:00,MSFT,매수,1,414.215,,,206.0,저점 $411.32 대비 +0.65% 반등 (RSI 22)
2026-02-04 10:34:17,SLB,매도,30,50.3731,67.61,4.69,1716.09,고점 $50.72 대비 -0.50% → 익절 +4.89%
2026-02-04 10:35:00,ISRG,매수,3,475.9345,,,287.28,저점 $471.95 대비 +0.79% 반등 (RSI 14)
2026-02-04 13:10:00,EOG,매도,2,113.7174,10.95,5.064,514.55,고점 $114.97 대비 -1.00% → 익절 +5.26%
2026-02-04 13:10:00,NOW,매수,4,108.247,,,81.26,저점 $107.16 대비 +0.97% 반등 (RSI 24)
2026-02-05 09:55:20,NOW,매도,4,110.7232,9.28,2.143,523.83,고점 $112.09 대비 -1.00% → 익절 +2.34%
2026-02-05 09:56:53,RL,매수,1,330.9836,,,192.61,저점 $328.91 대비 +0.58% 반등 (RSI 53)
2026-02-05 10:19:39,RL,매도,1,336.7715,5.31,1.604,529.14,고점 $341.00 대비 -1.00% → 익절 +1.80%
2026-02-05 10:21:15,DDOG,매수,4,108.5793,,,94.52,저점 $107.90 대비 +0.58% 반등 (RSI 26)
2026-02-05 12:57:00,DDOG,매도,4,110.8891,8.61,1.983,537.75,고점 $112.26 대비 -1.00% → 익절 +2.18%
2026-02-05 13:00:00,GOOGL,매수,1,323.6274,,,213.9,저점 $320.74 대비 +0.85% 반등 (RSI 36)
2026-02-05 14:47:08,MSFT,매도,1,397.4169,-17.38,-4.195,611.03,손절 -4.01%
2026-02-05 14:47:38,AMD,매수,3,193.7048,,,29.5,저점 $192.62 대비 +0.51% 반등 (RSI 20)
2026-02-06 10:23:41,ISRG,매도,3,488.0171,34.18,2.394,1492.49,고점 $491.07 대비 -0.50% → 익절 +2.59%
2026-02-06 10:23:45,CRWD,매수,15,95.3539,,,61.18,저점 $94.59 대비 +0.75% 반등 (RSI 19)
2026-02-06 10:37:03,AMD,매도,3,204.3544,31.09,5.351,673.79,고점 $206.66 대비 -1.00% → 익절 +5.55%
2026-02-06 10:37:30,NOW,매수,6,100.9565,,,67.63,저점 $100.26 대비 +0.65% 반등 (RSI 23)
2026-02-09 09:38:06,CRWD,매도,15,98.0423,38.25,2.674,1537.19,고점 $99.22 대비 -1.00% → 익절 +2.87%
2026-02-09 09:54:42,VZ,매수,33,46.111,,,14.46,저점 $45.82 대비 +0.58% 반등 (RSI 57)
2026-02-09 15:37:30,NOW,매도,6,103.1184,12.1,1.997,632.72,고점 $104.25 대비 -1.00% → 익절 +2.19%
2026-02-10 09:42:58,BKNG,매수,3,168.099,,,128.07,저점 $167.04 대비 +0.59% 반등 (RSI 23)
2026-02-10 10:28:22,BKNG,매도,3,173.1854,14.53,2.881,647.25,고점 $175.20 대비 -1.00% → 익절 +3.08%
2026-02-10 10:30:00,MNST,매수,16,40.1351,,,4.64,저점 $39.88 대비 +0.58% 반등 (RSI 35)
2026-02-10 15:43:38,VZ,매도,33,47.4713,42.68,2.805,1570.04,고점 $47.79 대비 -0.50% → 익절 +3.00%
2026-02-11 09:45:00,TGT,매수,13,113.7448,,,90.33,저점 $112.94 대비 +0.66% 반등 (RSI 47)
2026-02-11 11:11:32,GOOGL,매도,1,310.4547,-13.63,-4.21,400.55,손절 -4.02%
2026-02-11 11:22:00,BTSG,매수,10,38.4505,,,15.78,저점 $38.24 대비 +0.50% 반등 (RSI 40)
2026-02-12 09:53:04,BTSG,매도,10,40.4141,19.07,4.96,419.63,고점 $40.67 대비 -0.50% → 익절 +5.16%
2026-02-12 10:22:48,MRVL,매수,5,80.1631,,,18.53,저점 $79.67 대비 +0.57% 반등 (RSI 55)
2026-02-17 09:30:00,MRVL,매도,5,76.9135,-16.81,-4.194,402.82,손절 -4.01%
2026-02-17 09:35:42,CRDO,매수,3,118.5017,,,47.06,저점 $117.56 대비 +0.75% 반등 (RSI 47)
2026-02-17 09:52:13,TGT,매도,13,117.6518,48.64,3.289,1575.42,고점 $118.38 대비 -0.50% → 익절 +3.49%
2026-02-17 09:53:04,AVGO,매수,4,318.8844,,,298.99,저점 $316.31 대비 +0.76% 반등 (RSI 35)
2026-02-17 10:51:49,MNST,매도,16,41.2056,16.2,2.522,957.8,고점 $41.45 대비 -0.50% → 익절 +2.72%
2026-02-17 10:52:06,ORCL,매수,6,154.4417,,,30.5,저점 $153.15 대비 +0.79% 반등 (RSI 41)
2026-02-17 12:40:54,CRDO,매도,3,120.8963,6.67,1.876,392.92,고점 $122.28 대비 -1.00% → 익절 +2.07%
2026-02-17 12:43:50,CDNS,매수,1,286.8033,,,105.92,저점 $285.07 대비 +0.56% 반등 (RSI 39)
2026-02-17 12:46:00,AVGO,매도,4,329.3552,40.03,3.138,1422.38,고점 $332.88 대비 -1.00% → 익절 +3.34%
2026-02-17 12:54:42,TSLA,매수,3,405.9195,,,203.77,저점 $403.42 대비 +0.57% 반등 (RSI 38)
2026-02-18 09:35:37,CDNS,매도,1,301.1893,13.97,4.869,504.74,고점 $302.96 대비 -0.50% → 익절 +5.07%
2026-02-18 09:44:35,DDOG,매수,4,116.3337,,,39.08,저점 $115.60 대비 +0.58% 반등 (RSI 46)
2026-02-18 11:42:51,DDOG,매도,4,120.8595,17.42,3.745,522.16,고점 $122.27 대비 -1.00% → 익절 +3.94%
2026-02-18 11:56:15,PANW,매수,3,153.6128,,,61.0,저점 $152.68 대비 +0.56% 반등 (RSI 33)
2026-02-19 10:25:33,ORCL,매도,6,158.2698,21.63,2.334,1009.93,고점 $160.08 대비 -1.00% → 익절 +2.53%
2026-02-19 10:26:05,BKNG,매수,6,156.5881,,,69.74,저점 $155.31 대비 +0.77% 반등 (RSI 57)
2026-02-20 09:54:22,BKNG,매도,6,160.9734,24.95,2.655,1034.88,고점 $162.92 대비 -1.00% → 익절 +2.85%
2026-02-20 09:54:42,AAPL,매수,3,260.1522,,,253.87,저점 $258.16 대비 +0.72% 반등 (RSI 38)
2026-02-23 09:30:00,MU,매도,37,422.0988,6404.58,69.651,15860.13,로테이션 제외(모멘텀 순위 밖 또는 국면 0)
2026-02-23 09:30:00,SNDK,매도,52,659.1753,23063.88,206.289,50112.22,로테이션 제외(모멘텀 순위 밖 또는 국면 0)
2026-02-23 09:30:00,STX,매도,34,409.795,2125.67,18.031,64035.08,로테이션 제외(모멘텀 순위 밖 또는 국면 0)
2026-02-23 09:30:00,WDC,매도,70,283.808,8631.05,76.972,83887.14,로테이션 제외(모멘텀 순위 밖 또는 국면 0)
2026-02-23 09:50:52,PANW,매도,3,147.3791,-19.35,-4.198,84328.95,손절 -4.01%
2026-02-23 14:05:00,AAPL,매도,3,267.5522,21.07,2.699,85131.02,고점 $269.43 대비 -0.50% → 익절 +2.90%
2026-02-23 15:50:46,TSLA,매도,3,399.8,-20.09,-1.649,86329.55,보유기한 청산 -1.46%
2026-02-24 09:35:15,SNDK,매수,27,681.7189,,,67910.25,로테이션 매수: 126일 모멘텀 상위 5
2026-02-24 09:35:27,MU,매수,43,432.5884,,,49295.93,로테이션 매수: 126일 모멘텀 상위 5
2026-02-24 09:35:27,STX,매수,45,414.0519,,,30650.55,로테이션 매수: 126일 모멘텀 상위 5
2026-02-24 09:35:52,WDC,매수,66,283.5847,,,11920.86,로테이션 매수: 126일 모멘텀 상위 5
2026-02-24 09:37:49,JPM,매수,40,295.8118,,,80.1,저점 $293.97 대비 +0.58% 반등 (RSI 34)
2026-02-24 09:37:49,USB,매수,1,55.4427,,,24.62,저점 $55.13 대비 +0.52% 반등 (RSI 32)
2026-02-25 09:30:00,MU,매도,43,426.7545,-277.27,-1.491,18361.67,로테이션 제외(모멘텀 순위 밖 또는 국면 0)
2026-02-25 09:30:00,SNDK,매도,27,643.9678,-1044.86,-5.677,35736.11,로테이션 제외(모멘텀 순위 밖 또는 국면 0)
2026-02-25 09:30:00,STX,매도,45,407.796,-307.96,-1.653,54073.53,로테이션 제외(모멘텀 순위 밖 또는 국면 0)
2026-02-25 09:30:00,WDC,매도,66,280.5097,-229.57,-1.227,72573.66,로테이션 제외(모멘텀 순위 밖 또는 국면 0)
2026-02-26 10:13:12,USB,매도,1,57.7428,2.22,4.003,72631.36,고점 $58.10 대비 -0.50% → 익절 +4.20%
2026-02-26 10:17:22,JPM,매도,40,307.0289,431.44,3.646,84903.55,고점 $309.01 대비 -0.50% → 익절 +3.84%
2026-04-09 09:35:08,MU,매수,45,410.0619,,,66437.84,로테이션 매수: 126일 모멘텀 상위 5
2026-04-09 09:35:08,SNDK,매수,22,812.5499,,,48549.23,로테이션 매수: 126일 모멘텀 상위 5
2026-04-09 09:36:18,NOW,매수,191,97.2086,,,29969.4,저점 $96.50 대비 +0.68% 반등 (RSI 31)
2026-04-09 09:36:40,WDC,매수,53,345.2726,,,11657.14,로테이션 매수: 126일 모멘텀 상위 5
2026-04-09 09:36:51,CRM,매수,66,174.3771,,,140.2,저점 $173.17 대비 +0.65% 반등 (RSI 23)
2026-04-09 10:09:28,NOW,매도,191,93.0945,-811.77,-4.372,17908.26,손절 -4.18%
2026-04-09 10:11:32,STX,매수,36,495.3864,,,61.86,로테이션 매수: 126일 모멘텀 상위 5
2026-04-09 10:12:51,CRM,매도,66,167.0364,-500.59,-4.35,11078.22,손절 -4.16%
2026-04-09 10:23:41,MDB,매수,46,237.9289,,,125.83,저점 $236.50 대비 +0.55% 반등 (RSI 48)
2026-04-09 10:25:42,DDOG,매수,1,112.6657,,,13.08,저점 $112.04 대비 +0.51% 반등 (RSI 45)
2026-04-10 09:43:02,DDOG,매도,1,108.0483,-4.78,-4.238,121.05,손절 -4.05%
2026-04-10 09:46:00,MDB,매도,46,228.2902,-458.71,-4.191,10614.74,손절 -4.00%
2026-04-10 10:11:20,DASH,매수,71,148.6299,,,54.63,저점 $147.71 대비 +0.57% 반등 (RSI 43)
2026-04-10 11:12:51,DASH,매도,71,151.4592,185.65,1.759,10800.38,고점 $153.15 대비 -1.00% → 익절 +1.95%
2026-04-10 11:13:50,CRWD,매수,115,93.7748,,,8.74,저점 $93.21 대비 +0.56% 반등 (RSI 25)
2026-04-14 09:58:00,CRWD,매도,115,101.5852,882.12,8.18,11682.5,고점 $102.86 대비 -1.00% → 익절 +8.38%
2026-04-14 10:03:54,VZ,매수,259,44.9117,,,42.24,저점 $44.62 대비 +0.59% 반등 (RSI 25)
2026-04-15 12:02:43,MNST,매수,1,37.1504,,,5.06,저점 $36.93 대비 +0.55% 반등 (RSI 35)
2026-04-17 09:30:00,VZ,매도,259,46.0869,287.54,2.472,11932.87,고점 $46.86 대비 -1.00% → 익절 +2.67%
2026-04-17 09:38:10,EOG,매수,93,127.1135,,,103.03,저점 $126.31 대비 +0.59% 반등 (RSI 47)
2026-04-17 09:45:00,SLB,매수,2,50.8304,,,1.3,저점 $50.52 대비 +0.56% 반등 (RSI 46)
2026-04-17 13:06:00,SLB,매도,2,53.1184,4.43,4.355,107.46,고점 $53.42 대비 -0.50% → 익절 +4.55%
2026-04-20 09:54:42,SLB,매수,2,51.5842,,,4.22,저점 $51.26 대비 +0.58% 반등 (RSI 56)
2026-04-20 11:11:32,SLB,매도,2,52.5187,1.72,1.667,109.18,고점 $53.16 대비 -1.00% → 익절 +1.86%
2026-04-21 09:52:06,MNST,매도,1,38.2459,1.04,2.803,147.4,고점 $38.72 대비 -1.00% → 익절 +3.00%
2026-04-21 10:25:23,VZ,매수,3,46.5132,,,7.76,저점 $46.21 대비 +0.61% 반등 (RSI 51)
2026-04-22 09:57:41,EOG,매도,93,133.3783,565.29,4.782,12402.89,고점 $134.19 대비 -0.50% → 익절 +4.98%
2026-04-22 10:06:00,NEM,매수,110,111.875,,,88.02,저점 $111.21 대비 +0.55% 반등 (RSI 28)
2026-04-22 10:42:00,DAL,매수,1,69.6548,,,18.32,저점 $69.21 대비 +0.59% 반등 (RSI 40)
2026-04-24 10:25:47,NEM,매도,110,118.6456,726.62,5.905,13059.81,고점 $119.34 대비 -0.50% → 익절 +6.10%
2026-04-24 10:26:28,TGT,매수,100,129.3696,,,113.79,저점 $128.10 대비 +0.94% 반등 (RSI 53)
2026-04-27 10:14:26,VZ,매도,3,48.3508,5.31,3.805,258.73,고점 $48.65 대비 -0.50% → 익절 +4.00%
2026-04-27 10:16:00,FCX,매수,4,59.7544,,,19.55,저점 $59.37 대비 +0.59% 반등 (RSI 28)
2026-04-28 10:16:21,DAL,매도,1,66.8066,-2.95,-4.229,86.31,손절 -4.04%
2026-04-29 09:54:42,BTSG,매수,1,47.5638,,,38.71,저점 $47.27 대비 +0.57% 반등 (RSI 46)
2026-04-29 10:00:00,FCX,매도,4,57.3188,-10.08,-4.216,267.82,손절 -4.03%
2026-04-29 10:01:34,DAL,매수,4,66.551,,,1.43,저점 $66.02 대비 +0.75% 반등 (RSI 34)
2026-04-30 10:10:54,BTSG,매도,1,45.5429,-2.09,-4.389,46.94,손절 -4.20%
2026-04-30 15:51:00,TGT,매도,100,129.7018,14.69,0.114,13007.65,보유기한 청산 +0.31%
2026-05-01 09:35:48,AMGN,매수,38,334.6084,,,283.63,저점 $332.52 대비 +0.58% 반등 (RSI 56)
2026-05-01 09:47:08,BKNG,매수,1,169.2027,,,114.31,저점 $168.20 대비 +0.55% 반등 (RSI 28)
2026-05-01 10:25:00,DAL,매도,4,68.8406,8.77,3.295,389.47,고점 $69.25 대비 -0.50% → 익절 +3.49%
2026-05-01 13:06:00,FCX,매수,6,57.2186,,,45.91,저점 $56.85 대비 +0.60% 반등 (RSI 30)
2026-05-04 09:30:00,MU,매도,45,560.5996,6742.86,36.541,25254.48,로테이션 제외(모멘텀 순위 밖 또는 국면 0)
2026-05-04 09:35:27,INTC,매수,245,99.7073,,,809.08,로테이션 매수: 126일 모멘텀 상위 5
2026-05-05 10:10:00,AMGN,매도,38,320.6446,-548.42,-4.313,12984.68,손절 -4.13%
2026-05-05 10:12:00,DHI,매수,88,147.0096,,,38.78,저점 $145.87 대비 +0.73% 반등 (RSI 18)
2026-05-06 09:39:00,FCX,매도,6,60.2898,17.92,5.221,400.26,고점 $60.63 대비 -0.50% → 익절 +5.42%
2026-05-06 09:47:08,TSLA,매수,1,386.4625,,,13.52,저점 $384.02 대비 +0.59% 반등 (RSI 51)
2026-05-06 10:22:15,BKNG,매도,1,174.4827,5.03,2.975,187.88,고점 $175.52 대비 -0.50% → 익절 +3.17%
2026-05-06 10:26:40,SLB,매수,3,54.7198,,,23.6,저점 $54.37 대비 +0.59% 반등 (RSI 47)
2026-05-06 10:26:50,DHI,매도,88,150.9545,328.39,2.538,13297.9,고점 $152.80 대비 -1.00% → 익절 +2.73%
2026-05-06 10:28:00,SHOP,매수,122,108.124,,,97.54,저점 $107.49 대비 +0.54% 반등 (RSI 23)
2026-05-06 13:39:13,TSLA,매도,1,397.0851,10.06,2.604,494.33,고점 $399.75 대비 -0.50% → 익절 +2.80%
2026-05-06 13:42:00,NOW,매수,5,89.5397,,,46.32,저점 $88.90 대비 +0.67% 반등 (RSI 42)
2026-05-07 10:23:34,NOW,매도,5,94.8016,25.65,5.729,519.98,고점 $95.35 대비 -0.50% → 익절 +5.93%
2026-05-07 10:46:00,TGT,매수,4,124.4935,,,21.66,저점 $123.63 대비 +0.65% 반등 (RSI 29)
2026-05-08 09:30:00,SHOP,매도,122,110.3848,256.75,1.946,13478.77,고점 $111.90 대비 -1.00% → 익절 +2.14%
2026-05-08 09:35:54,NET,매수,61,218.6714,,,130.48,저점 $217.22 대비 +0.62% 반등 (RSI 77)
2026-05-08 09:55:34,NET,매도,61,209.6995,-565.96,-4.243,12912.81,손절 -4.05%
2026-05-08 09:58:00,AMZN,매수,47,271.554,,,140.84,저점 $269.95 대비 +0.54% 반등 (RSI 46)
2026-05-11 09:30:00,STX,매도,36,795.1522,10758.19,60.324,28745.42,로테이션 제외(모멘텀 순위 밖 또는 국면 0)
2026-05-11 09:35:46,MU,매수,35,800.7878,,,698.23,로테이션 매수: 126일 모멘텀 상위 5
2026-05-11 10:14:12,TGT,매도,4,119.4528,-20.86,-4.189,1175.69,손절 -4.00%
2026-05-11 10:18:00,DASH,매수,7,158.2091,,,67.45,저점 $157.20 대비 +0.59% 반등 (RSI 41)
2026-05-12 15:50:00,SLB,매도,3,55.6022,2.41,1.468,234.14,보유기한 청산 +1.66%
2026-05-13 09:43:50,NET,매수,1,186.9216,,,47.09,저점 $185.75 대비 +0.58% 반등 (RSI 22)
2026-05-13 09:47:50,DASH,매도,7,151.5912,-47.88,-4.323,1107.45,손절 -4.14%
2026-05-13 09:54:00,DHI,매수,7,142.3947,,,109.99,저점 $141.55 대비 +0.55% 반등 (RSI 36)
2026-05-13 12:24:32,NET,매도,1,190.4833,3.29,1.761,300.33,고점 $192.64 대비 -1.00% → 익절 +1.96%
2026-05-13 12:30:00,BKNG,매수,1,156.5683,,,143.66,저점 $155.42 대비 +0.69% 반등 (RSI 33)
2026-05-14 15:51:00,AMZN,매도,47,266.7033,-246.07,-1.928,12669.56,보유기한 청산 -1.74%
2026-05-15 09:44:24,STX,매수,16,770.5107,,,332.76,저점 $765.77 대비 +0.57% 반등 (RSI 50)
2026-05-15 10:05:10,DHI,매도,7,136.4544,-42.98,-4.312,1287.24,손절 -4.12%
2026-05-15 10:06:00,AMZN,매수,4,263.2787,,,233.39,저점 $260.89 대비 +0.87% 반등 (RSI 44)
2026-05-15 12:07:30,STX,매도,16,788.1348,264.15,2.143,12834.34,고점 $796.93 대비 -1.00% → 익절 +2.34%
2026-05-15 12:08:34,FCX,매수,204,62.8122,,,11.68,저점 $62.26 대비 +0.84% 반등 (RSI 36)
2026-05-18 14:04:44,FCX,매도,204,60.2249,-545.76,-4.259,12288.58,손절 -4.07%
2026-05-18 14:22:00,SHIP,매수,782,15.6966,,,5.25,저점 $15.61 대비 +0.50% 반등 (RSI 44)
2026-05-19 10:11:49,SHIP,매도,782,15.0386,-531.71,-4.332,11756.88,손절 -4.14%
2026-05-19 10:12:17,CRDO,매수,72,162.091,,,78.15,저점 $161.13 대비 +0.55% 반등 (RSI 28)
2026-05-19 10:37:03,CRDO,매도,72,155.3723,-500.08,-4.285,11256.79,손절 -4.10%
2026-05-19 10:38:34,FCX,매수,190,58.9761,,,43.48,저점 $58.45 대비 +0.85% 반등 (RSI 27)
2026-05-19 15:50:00,BKNG,매도,1,154.0729,-2.72,-1.736,197.44,보유기한 청산 -1.54%
2026-05-20 09:48:00,SHOP,매수,1,99.8602,,,97.51,저점 $99.23 대비 +0.58% 반등 (RSI 50)
2026-05-20 11:27:00,FCX,매도,190,60.3198,239.09,2.134,11549.91,고점 $61.06 대비 -1.00% → 익절 +2.33%
2026-05-20 12:05:00,SHOP,매도,1,103.7601,3.75,3.759,11653.6,고점 $104.50 대비 -0.50% → 익절 +3.96%
2026-05-20 14:02:43,UNH,매수,30,383.7918,,,131.78,저점 $381.50 대비 +0.55% 반등 (RSI 31)
2026-05-21 09:52:30,MNST,매수,3,42.9974,,,2.7,저점 $42.74 대비 +0.56% 반등 (RSI 50)
2026-05-21 15:51:00,AMZN,매도,4,268.6356,19.91,1.89,1076.46,보유기한 청산 +2.09%
2026-05-22 09:30:00,INTC,매도,245,120.2349,4990.64,20.43,30512.49,로테이션 제외(모멘텀 순위 밖 또는 국면 0)
2026-05-22 09:30:00,MU,매도,35,756.4366,-1591.24,-5.677,56968.45,로테이션 제외(모멘텀 순위 밖 또는 국면 0)
2026-05-22 09:30:00,SNDK,매도,22,1520.0396,15527.85,86.864,90384.91,로테이션 제외(모멘텀 순위 밖 또는 국면 0)
2026-05-22 09:30:00,WDC,매도,53,486.7565,7467.01,40.805,116164.17,로테이션 제외(모멘텀 순위 밖 또는 국면 0)
2026-05-26 09:35:22,INTC,매수,219,123.5758,,,89082.13,로테이션 매수: 126일 모멘텀 상위 5
2026-05-26 09:35:34,MU,매수,33,822.3428,,,61925.83,로테이션 매수: 126일 모멘텀 상위 5
2026-05-26 09:35:51,WDC,매수,54,501.6488,,,34817.83,로테이션 매수: 126일 모멘텀 상위 5
2026-05-26 09:36:09,SNDK,매수,17,1525.9776,,,8858.05,로테이션 매수: 126일 모멘텀 상위 5
2026-05-26 09:50:00,SHOP,매수,85,102.9672,,,99.72,저점 $102.32 대비 +0.58% 반등 (RSI 45)
2026-05-26 15:51:49,UNH,매도,30,376.7349,-228.02,-1.98,11393.51,보유기한 청산 -1.79%
2026-05-27 09:36:12,ISRG,매수,26,434.7639,,,81.74,저점 $432.22 대비 +0.54% 반등 (RSI 44)
2026-05-27 10:52:30,SHOP,매도,85,108.3958,448.58,5.125,9288.65,고점 $109.10 대비 -0.50% → 익절 +5.32%
2026-05-27 10:55:00,SLB,매수,165,55.978,,,45.82,저점 $55.66 대비 +0.52% 반등 (RSI 35)
2026-05-27 11:06:00,MNST,매도,3,44.6352,4.73,3.663,179.63,고점 $44.92 대비 -0.50% → 익절 +3.86%
2026-05-27 11:21:25,SHIP,매수,12,14.8474,,,1.33,저점 $14.76 대비 +0.54% 반등 (RSI 38)
2026-05-27 12:10:54,ISRG,매도,26,416.4816,-491.16,-4.345,10821.95,손절 -4.16%
2026-05-27 13:08:34,MDB,매수,36,297.6959,,,97.4,저점 $295.86 대비 +0.57% 반등 (RSI 27)
2026-05-28 09:35:24,SHIP,매도,12,15.2294,4.33,2.428,280.02,고점 $15.42 대비 -1.00% → 익절 +2.62%
2026-05-28 09:40:00,MDB,매도,36,317.806,708.11,6.607,11712.68,고점 $321.49 대비 -1.00% → 익절 +6.81%
2026-05-28 09:47:08,RL,매수,31,372.4886,,,157.45,저점 $370.15 대비 +0.58% 반등 (RSI 55)
2026-05-28 09:52:45,NEM,매수,1,104.2827,,,53.09,저점 $103.62 대비 +0.59% 반등 (RSI 42)
2026-05-28 11:11:32,NEM,매도,1,106.2469,1.81,1.739,159.26,고점 $107.58 대비 -1.00% → 익절 +1.93%
2026-05-28 11:12:34,SHIP,매수,10,14.8974,,,10.18,저점 $14.75 대비 +0.96% 반등 (RSI 26)
2026-05-28 15:40:35,SHIP,매도,10,14.2795,-6.39,-4.288,152.88,손절 -4.10%
2026-05-29 09:42:51,SHIP,매수,10,14.664,,,6.13,저점 $14.57 대비 +0.59% 반등 (RSI 25)
2026-05-29 12:43:50,SHIP,매도,10,15.1224,4.37,2.981,157.25,고점 $15.30 대비 -1.00% → 익절 +3.18%
2026-05-29 13:02:43,PEP,매수,1,145.3864,,,11.76,저점 $144.59 대비 +0.50% 반등 (RSI 34)
2026-06-01 09:30:00,INTC,매도,219,109.3903,-3143.05,-11.614,23950.74,로테이션 제외(모멘텀 순위 밖 또는 국면 0)
2026-06-01 09:36:18,STX,매수,27,885.0963,,,36.41,로테이션 매수: 126일 모멘텀 상위 5
2026-06-02 15:50:00,SLB,매도,165,56.7216,109.4,1.184,9388.65,보유기한 청산 +1.38%
2026-06-03 09:39:00,DHI,매수,63,146.7248,,,138.52,저점 $145.79 대비 +0.59% 반등 (RSI 56)
2026-06-03 15:51:49,RL,매도,31,359.81,-409.26,-3.544,11284.49,보유기한 청산 -3.36%
2026-06-04 09:36:25,AVGO,매수,27,411.6301,,,162.69,저점 $409.17 대비 +0.55% 반등 (RSI 60)
2026-06-04 14:06:31,AVGO,매도,27,421.2347,243.24,2.189,11527.73,고점 $426.48 대비 -1.00% → 익절 +2.38%
2026-06-04 14:58:00,BTSG,매수,201,57.2582,,,10.78,저점 $56.91 대비 +0.55% 반등 (RSI 30)
2026-06-04 15:49:15,BTSG,매도,201,60.1341,561.18,4.876,12088.9,고점 $60.88 대비 -1.00% → 익절 +5.08%
2026-06-04 15:51:49,PEP,매도,1,142.3388,-3.25,-2.238,12231.14,보유기한 청산 -2.05%
2026-06-05 09:35:17,AMD,매수,24,502.1567,,,170.94,저점 $499.12 대비 +0.56% 반등 (RSI 51)
2026-06-05 09:37:12,NEM,매수,1,105.5327,,,65.34,저점 $104.89 대비 +0.56% 반등 (RSI 49)
2026-06-05 12:04:44,AMD,매도,24,481.0427,-523.6,-4.345,11601.93,손절 -4.16%
2026-06-05 12:05:00,NVDA,매수,55,209.1145,,,92.58,저점 $207.53 대비 +0.71% 반등 (RSI 32)
2026-06-05 12:45:00,NEM,매도,1,101.1294,-4.55,-4.312,193.64,손절 -4.12%
2026-06-05 12:58:14,FCX,매수,3,63.2241,,,3.83,저점 $62.84 대비 +0.56% 반등 (RSI 25)
2026-06-08 10:03:20,FCX,매도,3,64.9583,4.93,2.598,198.57,고점 $65.72 대비 -1.00% → 익절 +2.79%
2026-06-08 10:03:20,SHIP,매수,12,15.281,,,15.07,저점 $15.16 대비 +0.75% 반등 (RSI 46)
2026-06-09 10:17:08,SHIP,매도,12,15.7735,5.64,3.077,204.21,고점 $15.87 대비 -0.50% → 익절 +3.27%
2026-06-09 10:18:00,MNST,매수,4,44.3,,,26.89,저점 $43.96 대비 +0.73% 반등 (RSI 42)
2026-06-09 10:55:42,DHI,매도,63,150.2591,209.28,2.264,9486.3,고점 $151.20 대비 -0.50% → 익절 +2.46%
2026-06-09 11:13:04,AMZN,매수,39,238.4345,,,180.84,저점 $237.00 대비 +0.56% 반등 (RSI 40)
2026-06-09 12:15:36,NVDA,매도,55,200.3412,-498.63,-4.335,11191.57,손절 -4.15%
2026-06-09 12:16:09,GOOGL,매수,30,361.3356,,,343.91,저점 $358.23 대비 +0.82% 반등 (RSI 40)
2026-06-09 15:49:05,AMZN,매도,39,243.0184,165.34,1.778,9814.71,고점 $245.80 대비 -1.00% → 익절 +1.97%
2026-06-10 09:38:34,ORCL,매수,49,199.4377,,,35.42,저점 $198.18 대비 +0.58% 반등 (RSI 35)
2026-06-10 10:49:17,ORCL,매도,49,209.8849,497.57,5.092,10312.28,고점 $212.48 대비 -1.00% → 익절 +5.29%
2026-06-10 10:57:41,BKNG,매수,63,161.1305,,,153.95,저점 $160.24 대비 +0.50% 반등 (RSI 35)
2026-06-10 11:24:32,MNST,매도,4,45.4073,4.17,2.355,335.45,고점 $45.66 대비 -0.50% → 익절 +2.55%
2026-06-10 11:25:33,NET,매수,1,223.4458,,,111.84,저점 $221.38 대비 +0.88% 반등 (RSI 25)
2026-06-11 10:19:33,GOOGL,매도,30,346.1868,-469.63,-4.332,10489.87,손절 -4.14%
2026-06-11 10:22:00,AMZN,매수,44,236.9487,,,56.83,저점 $235.51 대비 +0.56% 반등 (RSI 28)
2026-06-12 09:47:50,NET,매도,1,229.0908,5.32,2.381,285.75,고점 $231.90 대비 -1.00% → 익절 +2.58%
2026-06-12 09:48:10,BKNG,매도,63,167.392,379.67,3.74,10823.75,고점 $168.44 대비 -0.50% → 익절 +3.94%
2026-06-12 09:49:12,EOG,매수,79,135.2767,,,129.41,저점 $134.45 대비 +0.57% 반등 (RSI 37)
2026-06-12 10:18:56,NOW,매수,1,98.9961,,,30.34,저점 $98.42 대비 +0.54% 반등 (RSI 31)
2026-06-12 11:53:20,NOW,매도,1,101.0194,1.88,1.899,131.29,고점 $102.18 대비 -1.00% → 익절 +2.09%
2026-06-12 12:16:40,NOW,매수,1,100.9755,,,30.24,저점 $100.33 대비 +0.59% 반등 (RSI 33)
2026-06-15 09:42:00,NOW,매도,1,103.6657,2.54,2.519,133.83,고점 $104.80 대비 -1.00% → 익절 +2.72%
2026-06-15 09:46:40,EOG,매도,79,129.6551,-459.06,-4.296,10369.11,손절 -4.11%
2026-06-15 09:51:10,PGR,매수,51,201.5737,,,81.65,저점 $200.36 대비 +0.56% 반등 (RSI 53)
2026-06-15 10:18:00,KO,매수,1,80.8074,,,0.79,저점 $80.32 대비 +0.56% 반등 (RSI 55)
2026-06-15 10:22:00,AMZN,매도,44,246.418,401.44,3.85,10835.27,고점 $247.80 대비 -0.50% → 익절 +4.05%
2026-06-15 10:22:18,INCY,매수,105,103.054,,,7.02,저점 $102.25 대비 +0.73% 반등 (RSI 60)
2026-06-16 09:30:00,MU,매도,33,1098.8303,9078.62,33.454,36241.95,로테이션 제외(모멘텀 순위 밖 또는 국면 0)
2026-06-16 09:30:00,SNDK,매도,17,2133.1329,10277.01,39.616,72478.74,로테이션 제외(모멘텀 순위 밖 또는 국면 0)
2026-06-16 09:30:00,STX,매도,27,1047.2047,4339.56,18.159,100732.62,로테이션 제외(모멘텀 순위 밖 또는 국면 0)
2026-06-16 09:30:00,WDC,매도,54,686.4316,9932.25,36.665,137772.87,로테이션 제외(모멘텀 순위 밖 또는 국면 0)
2026-06-17 15:03:45,INCY,매도,105,98.8505,-456.51,-4.219,148144.6,손절 -4.03%
2026-06-18 09:35:27,DDOG,매수,148,225.3114,,,114775.18,저점 $224.04 대비 +0.52% 반등 (RSI 38)
2026-06-18 09:35:37,STX,매수,29,1139.7496,,,81699.31,로테이션 매수: 126일 모멘텀 상위 5
2026-06-18 09:35:42,WDC,매수,43,764.857,,,48787.43,로테이션 매수: 126일 모멘텀 상위 5
2026-06-18 09:36:00,SNDK,매수,16,2034.0335,,,16220.11,로테이션 매수: 126일 모멘텀 상위 5
2026-06-18 09:36:12,MU,매수,14,1102.0708,,,780.32,로테이션 매수: 126일 모멘텀 상위 5
2026-06-18 09:48:00,PGR,매도,51,206.8688,255.15,2.482,11322.93,고점 $208.14 대비 -0.50% → 익절 +2.68%
2026-06-18 09:49:05,UNP,매수,43,260.2464,,,124.5,저점 $258.08 대비 +0.79% 반등 (RSI 28)
2026-06-18 10:15:27,DDOG,매도,148,216.0863,-1411.99,-4.234,32081.93,손절 -4.05%
2026-06-18 10:15:47,NET,매수,147,217.7555,,,49.47,저점 $216.03 대비 +0.75% 반등 (RSI 38)
2026-06-18 11:24:32,NET,매도,147,221.9975,577.35,1.804,32659.28,고점 $224.71 대비 -1.00% → 익절 +2.00%
2026-06-18 11:48:56,MDB,매수,102,319.3421,,,63.59,저점 $317.38 대비 +0.57% 반등 (RSI 27)
2026-06-18 15:33:12,MDB,매도,102,328.7755,914.93,2.809,33574.21,고점 $332.92 대비 -1.00% → 익절 +3.01%
2026-06-22 09:37:49,BKNG,매수,197,170.2176,,,17.88,저점 $169.26 대비 +0.51% 반등 (RSI 48)
2026-06-22 15:51:49,KO,매도,1,79.5002,-1.42,-1.759,97.32,보유기한 청산 -1.57%
2026-06-23 09:36:12,FCX,매수,1,65.8029,,,31.47,저점 $65.43 대비 +0.53% 반등 (RSI 49)
2026-06-24 09:30:00,FCX,매도,1,62.6786,-3.22,-4.887,94.1,손절 -4.70%
2026-06-24 09:41:36,NEM,매수,1,93.5936,,,0.45,저점 $93.01 대비 +0.58% 반등 (RSI 32)
2026-06-24 10:24:11,NEM,매도,1,95.2524,1.52,1.628,95.63,고점 $96.41 대비 -1.00% → 익절 +1.82%
2026-06-24 10:42:51,BKNG,매도,197,182.3188,2334.25,6.961,35986.21,고점 $183.52 대비 -0.50% → 익절 +7.16%
2026-06-24 10:42:51,ORCL,매수,196,161.7408,,,4262.82,저점 $160.80 대비 +0.53% 반등 (RSI 18)
2026-06-24 10:54:00,UNH,매수,10,402.5975,,,234.02,저점 $400.00 대비 +0.60% 반등 (RSI 37)
2026-06-24 15:51:00,UNP,매도,43,259.6434,-41.91,-0.375,11390.54,보유기한 청산 -0.18%
2026-06-25 09:30:00,MU,매도,14,1224.8572,1695.69,10.99,28526.03,로테이션 제외(모멘텀 순위 밖 또는 국면 0)
2026-06-25 09:30:00,SNDK,매도,16,2234.2593,3154.73,9.694,64248.08,로테이션 제외(모멘텀 순위 밖 또는 국면 0)
2026-06-25 09:30:00,STX,매도,29,1094.4525,-1359.92,-4.114,95964.03,로테이션 제외(모멘텀 순위 밖 또는 국면 0)
2026-06-25 09:30:00,WDC,매도,43,708.7155,-2459.36,-7.478,126416.55,로테이션 제외(모멘텀 순위 밖 또는 국면 0)
2026-06-25 09:51:17,ORCL,매도,196,155.1081,-1344.4,-4.241,156795.55,손절 -4.05%
2026-06-25 11:05:00,UNH,매도,10,414.4567,112.75,2.801,160937.09,고점 $417.40 대비 -0.50% → 익절 +3.00%
2026-08-26 09:35:08,PANW,매수,102,328.7218,,,127384.0,로테이션 매수: 126일 모멘텀 상위 5
2026-08-26 09:35:48,AMD,매수,71,474.8173,,,93648.37,로테이션 매수: 126일 모멘텀 상위 5
2026-08-26 09:36:00,MRVL,매수,139,241.5575,,,60048.37,로테이션 매수: 126일 모멘텀 상위 5
2026-08-26 09:36:12,SNDK,매수,23,1450.7751,,,26657.18,로테이션 매수: 126일 모멘텀 상위 5
2026-08-26 09:37:22,DDOG,매수,120,220.4034,,,190.26,저점 $219.00 대비 +0.59% 반등 (RSI 30)
2026-08-26 09:39:13,FTNT,매수,1,150.4421,,,39.72,저점 $149.50 대비 +0.58% 반등 (RSI 52)
2026-08-26 10:19:28,DDOG,매도,120,232.0479,1358.5,5.136,27865.14,고점 $234.95 대비 -1.00% → 익절 +5.34%
2026-08-26 10:21:37,LLY,매수,23,1205.8164,,,111.95,"저점 $1,198.34 대비 +0.57% 반등 (RSI 41)"
2026-08-26 10:23:50,FTNT,매도,1,156.969,6.31,4.192,268.8,고점 $157.88 대비 -0.50% → 익절 +4.39%
2026-08-26 10:42:00,CRWD,매수,1,188.6863,,,79.98,저점 $187.59 대비 +0.53% 반등 (RSI 39)
2026-08-26 11:56:15,SHIP,매수,4,17.0279,,,11.83,저점 $16.92 대비 +0.59% 반등 (RSI 37)
2026-08-27 09:33:00,CRWD,매도,1,206.9165,17.95,9.512,218.59,고점 $208.25 대비 -0.50% → 익절 +9.72%
2026-08-27 09:58:00,INCY,매수,1,126.8048,,,91.7,저점 $126.06 대비 +0.54% 반등 (RSI 46)
2026-08-27 10:54:42,SHIP,매도,4,17.4669,1.66,2.434,161.51,고점 $17.66 대비 -1.00% → 익절 +2.63%
2026-08-27 10:57:16,USB,매수,2,62.1711,,,37.08,저점 $61.81 대비 +0.53% 반등 (RSI 34)
2026-08-31 09:30:00,AMD,매도,71,465.9869,-674.71,-2.001,33098.0,로테이션 제외(모멘텀 순위 밖 또는 국면 0)
2026-08-31 09:35:52,CRWD,매수,149,221.9696,,,1.38,로테이션 매수: 126일 모멘텀 상위 5
2026-08-31 10:03:20,LLY,매도,23,1155.3122,-1200.41,-4.328,26554.16,손절 -4.14%
2026-08-31 10:06:00,AMGN,매수,61,430.3937,,,281.77,저점 $426.00 대비 +0.98% 반등 (RSI 35)
2026-08-31 10:15:00,INCY,매도,1,121.5492,-5.43,-4.285,403.23,손절 -4.10%
2026-08-31 10:22:56,BTSG,매수,6,58.4405,,,52.34,저점 $58.10 대비 +0.54% 반등 (RSI 43)
2026-09-02 09:57:00,AMGN,매도,61,442.9181,725.89,2.765,27050.62,고점 $445.57 대비 -0.50% → 익절 +2.96%
2026-09-02 09:57:16,AMD,매수,59,455.1556,,,177.64,저점 $452.37 대비 +0.57% 반등 (RSI 42)
2026-09-02 15:42:00,BTSG,매도,6,60.2432,10.31,2.94,538.84,고점 $60.58 대비 -0.50% → 익절 +3.14%
2026-09-02 15:51:00,USB,매도,2,62.652,0.78,0.63,664.05,보유기한 청산 +0.82%
2026-09-03 09:35:48,CRDO,매수,3,169.2212,,,156.03,저점 $168.15 대비 +0.58% 반등 (RSI 16)
2026-09-03 10:00:00,MNST,매수,3,44.4782,,,22.5,저점 $44.21 대비 +0.56% 반등 (RSI 29)
2026-09-04 09:30:00,CRDO,매도,3,162.019,-22.32,-4.396,508.21,손절 -4.21%
2026-09-04 09:30:00,CRWD,매도,149,212.3938,-1473.05,-4.454,32131.77,로테이션 제외(모멘텀 순위 밖 또는 국면 0)
2026-09-04 09:30:00,MRVL,매도,139,211.6641,-4200.17,-12.509,61531.61,로테이션 제외(모멘텀 순위 밖 또는 국면 0)
2026-09-04 09:30:00,PANW,매도,102,329.4952,30.88,0.092,95115.58,로테이션 제외(모멘텀 순위 밖 또는 국면 0)
2026-09-04 09:30:00,SNDK,매도,23,1584.7972,3032.54,9.088,131539.31,로테이션 제외(모멘텀 순위 밖 또는 국면 0)
2026-09-04 10:22:00,AMD,매도,59,471.2891,912.78,3.399,159325.07,고점 $473.91 대비 -0.50% → 익절 +3.60%
2026-09-09 09:56:15,MNST,매도,3,42.6172,-5.77,-4.324,159452.83,손절 -4.14%
2026-09-14 09:35:08,MRVL,매수,155,214.9416,,,126113.55,로테이션 매수: 126일 모멘텀 상위 5
2026-09-14 09:35:37,SNDK,매수,22,1514.0191,,,92781.82,로테이션 매수: 126일 모멘텀 상위 5
2026-09-14 09:36:00,TSLA,매수,92,362.2529,,,59431.22,저점 $359.95 대비 +0.59% 반등 (RSI 50)
2026-09-14 09:36:40,AMD,매수,69,483.4716,,,26048.33,로테이션 매수: 126일 모멘텀 상위 5
2026-09-14 09:36:40,MU,매수,28,904.4353,,,706.42,로테이션 매수: 126일 모멘텀 상위 5
2026-09-14 09:42:00,ORCL,매수,4,141.8909,,,138.45,저점 $141.01 대비 +0.57% 반등 (RSI 33)
2026-09-14 09:45:00,FCX,매수,2,67.4337,,,3.49,저점 $67.01 대비 +0.58% 반등 (RSI 37)
2026-09-14 14:06:00,FCX,매도,2,69.2853,3.51,2.601,141.96,고점 $70.06 대비 -1.00% → 익절 +2.80%
2026-09-15 09:58:00,SHIP,매수,7,18.1119,,,15.09,저점 $18.00 대비 +0.57% 반등 (RSI 41)
2026-09-16 09:56:15,SHIP,매도,7,18.6356,3.48,2.746,145.44,고점 $18.75 대비 -0.50% → 익절 +2.94%
2026-09-16 10:23:01,ORCL,매도,4,144.7916,10.78,1.9,724.19,고점 $146.52 대비 -1.00% → 익절 +2.10%
2026-09-16 10:26:50,UNP,매수,2,284.157,,,155.48,저점 $282.23 대비 +0.63% 반등 (RSI 43)
2026-09-16 10:37:30,USB,매수,2,61.2616,,,32.87,저점 $60.84 대비 +0.64% 반등 (RSI 28)
2026-09-16 15:19:33,USB,매도,2,58.7806,-5.13,-4.19,150.34,손절 -4.00%
2026-09-16 15:27:16,FCX,매수,2,68.1741,,,13.9,저점 $67.80 대비 +0.50% 반등 (RSI 42)
2026-09-17 09:47:08,FCX,매도,2,71.1574,5.77,4.23,156.11,고점 $71.58 대비 -0.50% → 익절 +4.43%
2026-09-17 09:52:06,EOG,매수,1,143.6153,,,12.39,저점 $142.77 대비 +0.55% 반등 (RSI 38)
2026-09-17 10:24:00,TSLA,매도,92,372.0469,852.73,2.559,34215.72,고점 $374.12 대비 -0.50% → 익절 +2.76%
2026-09-17 10:24:46,BKNG,매수,201,169.4222,,,138.03,저점 $168.37 대비 +0.57% 반등 (RSI 40)
2026-09-21 09:30:00,MU,매도,28,1044.2276,3875.11,15.302,29355.06,로테이션 제외(모멘텀 순위 밖 또는 국면 0)
2026-09-21 09:36:00,INTC,매수,253,115.8179,,,32.62,로테이션 매수: 126일 모멘텀 상위 5
2026-09-21 10:15:42,UNP,매도,2,272.3038,-24.5,-4.311,576.83,손절 -4.12%
2026-09-21 10:24:00,DASH,매수,2,192.2728,,,192.02,저점 $191.14 대비 +0.54% 반등 (RSI 34)
2026-09-22 09:55:00,DASH,매도,2,199.3603,13.61,3.54,590.45,고점 $200.59 대비 -0.50% → 익절 +3.74%
2026-09-22 09:55:42,UNP,매수,2,271.0984,,,47.87,저점 $269.45 대비 +0.56% 반등 (RSI 22)
2026-09-22 10:58:53,BKNG,매도,201,162.3954,-1460.04,-4.287,32665.52,손절 -4.10%
2026-09-22 11:02:00,SHIP,매수,1812,18.0119,,,5.19,저점 $17.86 대비 +0.80% 반등 (RSI 34)
2026-09-23 15:51:00,EOG,매도,1,141.9756,-1.84,-1.284,147.06,보유기한 청산 -1.09%
2026-09-24 09:30:00,AMD,매도,69,605.0423,8334.55,24.984,41864.5,로테이션 제외(모멘텀 순위 밖 또는 국면 0)
2026-09-24 09:30:00,INTC,매도,253,119.95,1002.76,3.422,72189.7,로테이션 제외(모멘텀 순위 밖 또는 국면 0)
2026-09-24 09:30:00,MRVL,매도,155,253.873,5982.32,17.956,111511.29,로테이션 제외(모멘텀 순위 밖 또는 국면 0)
2026-09-24 09:30:00,SNDK,매도,22,1783.108,5868.0,17.617,150711.03,로테이션 제외(모멘텀 순위 밖 또는 국면 0)
2026-09-24 12:30:00,SHIP,매도,1812,17.2814,-1369.38,-4.196,182001.99,손절 -4.01%
2026-09-28 15:51:00,UNP,매도,2,274.1994,5.42,1.0,182549.98,보유기한 청산 +1.19%
