시각(ET),종목,구분,수량,가격($),손익($),수익률(%),가상현금($),사유
2023-11-20 09:30:00,CRDO,매수,183,17.7089,,,6757.01,K몫 매수: 주식층 비중 27.1%
2023-11-20 09:30:00,INTC,매수,74,43.8019,,,3513.4,K몫 매수: 주식층 비중 27.1%
2023-11-21 09:30:00,CRDO,매도,183,17.921,34.17,1.054,6790.56,K몫 제외(주식층 비중 0)
2023-11-21 09:30:00,CRWD,매수,41,51.961,,,4658.67,K몫 매수: 주식층 비중 17.9%
2023-11-21 09:30:00,DASH,매수,23,94.2971,,,2488.32,K몫 매수: 주식층 비중 17.9%
2023-11-21 09:30:00,INTC,매도,74,44.4778,45.34,1.399,5777.27,K몫 제외(주식층 비중 0)
2023-11-21 09:30:00,MDB,매수,5,402.7413,,,3762.15,K몫 매수: 주식층 비중 17.9%
2023-11-24 09:30:00,CRDO,매수,176,18.7194,,,465.24,K몫 매수: 주식층 비중 27.1%
2023-11-24 09:30:00,CRWD,매도,41,52.1889,6.29,0.295,2603.42,K몫 제외(주식층 비중 0)
2023-11-24 09:30:00,DASH,매도,23,93.7931,-14.69,-0.677,4759.09,K몫 제외(주식층 비중 0)
2023-11-24 09:30:00,INTC,매수,75,43.7018,,,1479.15,K몫 매수: 주식층 비중 27.1%
2023-11-24 09:30:00,MDB,매도,5,403.2982,-0.1,-0.005,3494.17,K몫 제외(주식층 비중 0)
2023-11-24 09:30:00,NVDA,매수,67,48.4942,,,242.78,K몫 매수: 주식층 비중 27.1%
2023-11-27 09:30:00,NVDA,매도,67,47.7761,-52.73,-1.623,3441.45,K몫 제외(주식층 비중 0)
2023-11-27 09:30:00,SHIP,매수,495,6.6033,,,170.52,K몫 매수: 주식층 비중 27.1%
2023-11-28 09:30:00,CRDO,매도,176,19.2104,81.65,2.478,3549.09,K몫 제외(주식층 비중 0)
2023-11-28 09:30:00,MDB,매수,7,401.0504,,,739.77,K몫 매수: 주식층 비중 24.6%
2023-11-29 09:30:00,DASH,매수,7,95.0475,,,73.97,K몫 매수: 주식층 비중 10.0%
2023-11-29 09:30:00,INTC,매도,75,44.5777,60.95,1.86,3414.86,K몫 제외(주식층 비중 0)
2023-11-29 09:30:00,LLY,매수,2,592.4961,,,2229.03,K몫 매수: 주식층 비중 10.0%
2023-11-29 09:30:00,MDB,매도,7,410.8045,64.21,2.287,5102.57,K몫 제외(주식층 비중 0)
2023-11-30 09:30:00,CRWD,매수,27,57.8264,,,3540.16,K몫 매수: 주식층 비중 12.5%
2023-11-30 09:30:00,LLY,매도,2,591.1643,-4.36,-0.368,4721.63,K몫 제외(주식층 비중 0)
2023-12-01 09:30:00,DASH,매도,7,93.0035,-15.25,-2.292,5372.18,K몫 제외(주식층 비중 0)
2023-12-01 09:30:00,MDB,매수,6,420.24,,,2848.97,K몫 매수: 주식층 비중 19.9%
2023-12-04 09:30:00,INTC,매수,65,43.3216,,,31.09,K몫 매수: 주식층 비중 28.3%
2023-12-04 09:30:00,MDB,매도,6,431.3442,62.97,2.497,2617.27,K몫 제외(주식층 비중 0)
2023-12-04 09:30:00,PANW,매수,17,146.3757,,,127.14,K몫 매수: 주식층 비중 28.3%
2023-12-04 09:30:00,SHIP,매도,495,7.2664,323.3,9.891,3721.36,K몫 제외(주식층 비중 0)
2023-12-06 09:30:00,PANW,매도,17,146.8265,4.1,0.165,6215.59,K몫 제외(주식층 비중 0)
2023-12-06 09:30:00,SHIP,매수,384,6.8334,,,3589.73,K몫 매수: 주식층 비중 20.7%
2023-12-07 09:30:00,DASH,매수,23,96.7083,,,1363.88,K몫 매수: 주식층 비중 17.6%
2023-12-07 09:30:00,INTC,매도,65,41.7291,-107.47,-3.816,4074.29,K몫 제외(주식층 비중 0)
2023-12-14 09:30:00,DASH,매도,23,101.4592,106.01,4.766,6406.15,K몫 제외(주식층 비중 0)
2023-12-14 09:30:00,DAVE,매수,468,7.5438,,,2873.19,K몫 매수: 주식층 비중 27.1%
2023-12-15 09:30:00,AAPL,매수,1,197.8489,,,2675.21,K몫 매수: 주식층 비중 2.1%
2023-12-15 09:30:00,AMD,매수,1,140.07,,,2535.04,K몫 매수: 주식층 비중 2.1%
2023-12-15 09:30:00,AVGO,매수,2,110.8554,,,2313.17,K몫 매수: 주식층 비중 2.3%
2023-12-15 09:30:00,CDNS,매수,1,270.3651,,,2042.62,K몫 매수: 주식층 비중 2.5%
2023-12-15 09:30:00,CRDO,매수,17,19.3096,,,1714.12,K몫 매수: 주식층 비중 2.6%
2023-12-15 09:30:00,CRM,매수,1,256.6282,,,1457.32,K몫 매수: 주식층 비중 2.8%
2023-12-15 09:30:00,DDOG,매수,3,121.6508,,,1092.11,K몫 매수: 주식층 비중 3.1%
2023-12-15 09:30:00,GOOGL,매수,2,132.016,,,827.89,K몫 매수: 주식층 비중 2.3%
2023-12-15 09:30:00,INTC,매수,9,46.123,,,412.49,K몫 매수: 주식층 비중 3.4%
2023-12-15 09:30:00,LRCX,매수,5,77.5387,,,24.53,K몫 매수: 주식층 비중 3.6%
2023-12-20 09:30:00,AMD,매도,1,138.9305,-1.34,-0.956,163.36,K몫 제외(주식층 비중 0)
2023-12-20 09:30:00,AVGO,매도,2,113.2434,4.46,2.01,389.68,K몫 제외(주식층 비중 0)
2023-12-20 09:30:00,CRDO,매도,17,19.2304,-1.82,-0.553,716.36,K몫 제외(주식층 비중 0)
2023-12-20 09:30:00,INTC,매도,9,46.6167,3.85,0.926,1135.6,K몫 제외(주식층 비중 0)
2023-12-20 09:30:00,LRCX,매도,5,77.1664,-2.41,-0.623,1521.15,K몫 제외(주식층 비중 0)
2023-12-20 09:30:00,META,매수,1,349.1745,,,1171.73,K몫 매수: 주식층 비중 3.1%
2023-12-20 09:30:00,MSFT,매수,1,375.1875,,,796.28,K몫 매수: 주식층 비중 4.0%
2023-12-20 09:30:00,NET,매수,6,85.1826,,,284.83,K몫 매수: 주식층 비중 4.2%
2023-12-20 09:30:00,NOW,매수,2,140.8844,,,2.86,K몫 매수: 주식층 비중 4.4%
2024-01-03 09:30:00,AAPL,매도,1,184.5757,-13.55,-6.847,187.3,K몫 제외(주식층 비중 0)
2024-01-03 09:30:00,AMD,매수,1,135.4427,,,51.77,K몫 매수: 주식층 비중 2.1%
2024-01-03 09:30:00,CRDO,매수,2,18.1491,,,15.44,K몫 매수: 주식층 비중 2.6%
2024-01-11 09:30:00,DAVE,매도,468,9.7151,1010.41,28.62,4558.81,K몫 제외(주식층 비중 0)
2024-01-11 09:30:00,INTC,매수,4,47.4637,,,4368.82,K몫 매수: 주식층 비중 1.6%
2024-01-11 09:30:00,LRCX,매수,3,74.9985,,,4143.67,K몫 매수: 주식층 비중 1.7%
2024-01-11 09:30:00,MDB,매수,4,396.108,,,2558.13,K몫 매수: 주식층 비중 12.8%
2024-01-11 09:30:00,MRVL,매수,4,63.5217,,,2303.86,K몫 매수: 주식층 비중 1.7%
2024-01-11 09:30:00,MU,매수,3,82.8414,,,2055.16,K몫 매수: 주식층 비중 1.9%
2024-01-11 09:30:00,NVDA,매수,33,55.0265,,,238.02,K몫 매수: 주식층 비중 12.6%
2024-01-11 09:30:00,PANW,매수,1,160.3451,,,77.56,K몫 매수: 주식층 비중 2.1%
2024-01-11 09:30:00,VZ,매수,1,39.0495,,,38.48,K몫 매수: 주식층 비중 1.9%
2024-01-11 09:30:00,WDC,매수,1,38.1672,,,0.29,K몫 매수: 주식층 비중 2.3%
2024-01-22 09:30:00,VZ,매도,1,39.3603,0.25,0.652,39.62,K몫 제외(주식층 비중 0)
2024-01-22 09:31:45,DAVE,매수,3,12.3062,,,2.68,K몫 매수: 주식층 비중 10.5%
2024-01-23 15:59:59,NOW,매도,2,150.5367,18.89,6.703,303.53,실적 발표 전 청산
2024-01-23 15:59:59,LRCX,매도,3,82.9955,23.65,10.512,552.34,실적 발표 전 청산
2024-01-24 09:30:00,AMD,매도,1,172.4637,36.8,27.17,724.67,K몫 제외(주식층 비중 0)
2024-01-24 09:30:00,CDNS,매도,1,297.4912,26.72,9.883,1021.95,K몫 제외(주식층 비중 0)
2024-01-24 09:30:00,CRDO,매도,2,21.969,7.58,20.889,1065.85,K몫 제외(주식층 비중 0)
2024-01-24 09:30:00,CRM,매도,1,279.84,22.83,8.895,1345.49,K몫 제외(주식층 비중 0)
2024-01-24 09:30:00,DDOG,매도,3,130.4297,25.8,7.068,1736.49,K몫 제외(주식층 비중 0)
2024-01-24 09:30:00,FTNT,매수,3,65.0925,,,1541.08,K몫 매수: 주식층 비중 1.5%
2024-01-24 09:30:00,INTC,매도,4,49.1454,6.45,3.398,1737.52,K몫 제외(주식층 비중 0)
2024-01-24 09:30:00,MDB,매도,4,417.4812,83.16,5.249,3406.22,K몫 제외(주식층 비중 0)
2024-01-24 09:30:00,MRVL,매도,4,71.7141,32.38,12.745,3692.87,K몫 제외(주식층 비중 0)
2024-01-24 09:30:00,MSFT,매도,1,401.3392,25.6,6.822,4093.92,K몫 제외(주식층 비중 0)
2024-01-24 09:30:00,MU,매도,3,88.3658,16.21,6.521,4358.82,K몫 제외(주식층 비중 0)
2024-01-24 09:30:00,NET,매도,6,85.3273,0.14,0.027,4870.41,K몫 제외(주식층 비중 0)
2024-01-24 09:30:00,NVDA,매도,33,60.2738,170.44,9.386,6857.99,K몫 제외(주식층 비중 0)
2024-01-24 09:30:00,SHIP,매도,384,7.7461,346.47,13.204,9830.34,K몫 제외(주식층 비중 0)
2024-01-24 09:30:00,WDC,매도,1,44.5733,6.35,16.629,9874.88,K몫 제외(주식층 비중 0)
2024-01-25 09:30:00,AMGN,매수,1,308.8744,,,9565.79,K몫 매수: 주식층 비중 3.9%
2024-01-25 09:30:00,CRWD,매도,27,76.3643,497.93,31.891,11626.12,K몫 제외(주식층 비중 0)
2024-01-25 09:30:00,DAVE,매도,3,17.8111,16.45,44.558,11679.51,K몫 제외(주식층 비중 0)
2024-01-25 09:30:00,FTNT,매도,3,67.2364,6.15,3.148,11881.07,K몫 제외(주식층 비중 0)
2024-01-25 09:30:00,KO,매수,4,59.0395,,,11644.75,K몫 매수: 주식층 비중 1.8%
2024-01-25 09:30:00,LLY,매수,1,628.304,,,11016.01,K몫 매수: 주식층 비중 4.6%
2024-01-25 09:30:00,MNST,매수,12,27.7139,,,10683.21,K몫 매수: 주식층 비중 2.2%
2024-01-25 09:30:00,PANW,매도,1,172.1439,11.56,7.21,10855.22,K몫 제외(주식층 비중 0)
2024-01-26 09:30:00,CRWD,매수,18,72.6588,,,9546.45,K몫 매수: 주식층 비중 8.7%
2024-01-26 09:30:00,DAVE,매수,69,16.5883,,,8401.06,K몫 매수: 주식층 비중 7.4%
2024-01-26 09:30:00,DDOG,매수,11,121.5207,,,7063.39,K몫 매수: 주식층 비중 8.8%
2024-01-26 09:30:00,FTNT,매수,3,65.4927,,,6866.78,K몫 매수: 주식층 비중 1.5%
2024-01-26 09:30:00,NET,매수,4,81.2806,,,6541.43,K몫 매수: 주식층 비중 2.3%
2024-01-26 09:30:00,NOW,매수,1,153.4967,,,6387.82,K몫 매수: 주식층 비중 1.9%
2024-01-26 09:30:00,ORCL,매수,2,114.6973,,,6158.27,K몫 매수: 주식층 비중 2.1%
2024-01-26 09:30:00,PANW,매수,1,170.085,,,5988.06,K몫 매수: 주식층 비중 2.1%
2024-01-26 09:30:00,SHOP,매수,4,80.5503,,,5665.64,K몫 매수: 주식층 비중 2.2%
2024-01-26 09:30:00,STX,매수,3,90.115,,,5395.1,K몫 매수: 주식층 비중 2.3%
2024-01-26 09:30:00,WDC,매수,7,44.512,,,5083.3,K몫 매수: 주식층 비중 2.3%
2024-01-29 09:30:00,CRWD,매도,18,73.4633,12.6,0.963,6404.67,K몫 제외(주식층 비중 0)
2024-01-29 09:30:00,DAVE,매도,69,14.7226,-130.27,-11.382,7419.79,K몫 제외(주식층 비중 0)
2024-01-29 09:30:00,DDOG,매도,11,124.7176,33.23,2.486,8790.69,K몫 제외(주식층 비중 0)
2024-01-29 09:30:00,FTNT,매도,3,65.7771,0.57,0.291,8987.87,K몫 제외(주식층 비중 0)
2024-01-29 09:30:00,NET,매도,4,80.1799,-4.86,-1.496,9308.36,K몫 제외(주식층 비중 0)
2024-01-29 09:30:00,NOW,매도,1,153.7871,0.07,0.046,9462.03,K몫 제외(주식층 비중 0)
2024-01-29 09:30:00,ORCL,매도,2,114.0729,-1.58,-0.687,9690.01,K몫 제외(주식층 비중 0)
2024-01-29 09:30:00,PANW,매도,1,170.9095,0.58,0.341,9860.8,K몫 제외(주식층 비중 0)
2024-01-29 09:30:00,SHOP,매도,4,81.6991,4.13,1.282,10187.36,K몫 제외(주식층 비중 0)
2024-01-29 09:30:00,STX,매도,3,90.6347,1.17,0.433,10459.06,K몫 제외(주식층 비중 0)
2024-01-29 09:30:00,WDC,매도,7,44.8755,2.1,0.673,10772.96,K몫 제외(주식층 비중 0)
2024-01-29 15:59:59,GOOGL,매도,2,153.4882,42.54,16.11,11079.71,실적 발표 전 청산
2024-01-30 09:30:00,CRWD,매수,12,75.2876,,,10175.63,K몫 매수: 주식층 비중 6.3%
2024-01-30 09:30:00,DASH,매수,6,109.7849,,,9516.46,K몫 매수: 주식층 비중 4.9%
2024-01-30 09:30:00,DAVE,매수,42,18.049,,,8757.87,K몫 매수: 주식층 비중 4.9%
2024-01-30 09:30:00,DDOG,매수,1,128.4242,,,8629.36,K몫 매수: 주식층 비중 1.4%
2024-01-30 09:30:00,FTNT,매수,3,66.2231,,,8430.55,K몫 매수: 주식층 비중 1.5%
2024-01-30 09:30:00,NET,매수,4,84.2821,,,8093.18,K몫 매수: 주식층 비중 2.3%
2024-01-30 09:30:00,ORCL,매수,2,113.4167,,,7866.19,K몫 매수: 주식층 비중 2.0%
2024-01-30 09:30:00,PANW,매수,6,172.5012,,,6830.46,K몫 매수: 주식층 비중 7.0%
2024-01-30 09:30:00,STX,매수,4,88.4242,,,6476.51,K몫 매수: 주식층 비중 2.3%
2024-01-30 09:30:00,WDC,매수,7,45.0641,,,6160.84,K몫 매수: 주식층 비중 2.3%
2024-01-31 15:59:59,META,매도,1,389.825,40.12,11.49,6550.39,실적 발표 전 청산
2024-02-01 09:30:00,AVGO,매수,1,118.7944,,,6431.51,K몫 매수: 주식층 비중 1.1%
2024-02-01 09:30:00,CRDO,매수,63,20.6203,,,5131.52,K몫 매수: 주식층 비중 8.5%
2024-02-01 09:30:00,DDOG,매도,1,125.6072,-3.0,-2.335,5257.03,K몫 제외(주식층 비중 0)
2024-02-01 09:30:00,GOOGL,매수,1,143.0715,,,5113.86,K몫 매수: 주식층 비중 1.5%
2024-02-01 09:30:00,LRCX,매수,2,83.2266,,,4947.29,K몫 매수: 주식층 비중 1.5%
2024-02-01 09:30:00,MRVL,매수,3,67.6438,,,4744.22,K몫 매수: 주식층 비중 1.6%
2024-02-01 09:30:00,MU,매수,3,85.983,,,4486.09,K몫 매수: 주식층 비중 1.8%
2024-02-01 09:30:00,NET,매도,4,79.88,-18.08,-5.362,4805.38,K몫 제외(주식층 비중 0)
2024-02-01 09:30:00,NOW,매수,1,153.8949,,,4651.37,K몫 매수: 주식층 비중 1.9%
2024-02-01 09:30:00,NVDA,매수,20,62.131,,,3407.88,K몫 매수: 주식층 비중 8.2%
2024-02-01 09:30:00,ORCL,매도,2,112.8535,-1.45,-0.639,3633.43,K몫 제외(주식층 비중 0)
2024-02-01 09:30:00,SHOP,매수,4,78.9094,,,3317.57,K몫 매수: 주식층 비중 2.2%
2024-02-01 09:30:00,STX,매도,4,86.037,-10.05,-2.841,3661.46,K몫 제외(주식층 비중 0)
2024-02-01 09:30:00,WDC,매도,7,43.2437,-13.18,-4.18,3963.95,K몫 제외(주식층 비중 0)
2024-02-05 09:30:00,DDOG,매수,1,137.4087,,,3826.44,K몫 매수: 주식층 비중 1.4%
2024-02-05 09:30:00,LLY,매도,1,687.656,58.41,9.296,4513.6,K몫 제외(주식층 비중 0)
2024-02-05 09:30:00,NET,매수,4,81.8109,,,4186.13,K몫 매수: 주식층 비중 2.3%
2024-02-05 09:30:00,ORCL,매수,2,115.5878,,,3954.79,K몫 매수: 주식층 비중 2.1%
2024-02-05 09:30:00,STX,매수,4,87.2136,,,3605.69,K몫 매수: 주식층 비중 2.3%
2024-02-05 09:30:00,WDC,매수,8,43.8995,,,3254.25,K몫 매수: 주식층 비중 2.3%
2024-02-05 15:59:59,AMGN,매도,1,321.879,12.55,4.064,3575.89,실적 발표 전 청산
2024-02-05 15:59:59,FTNT,매도,3,66.047,-0.81,-0.409,3773.89,실적 발표 전 청산
2024-02-06 09:30:00,CRWD,매도,12,76.3043,10.9,1.206,4688.87,K몫 제외(주식층 비중 0)
2024-02-06 09:30:00,PANW,매도,6,172.6586,-0.54,-0.052,5724.07,K몫 제외(주식층 비중 0)
2024-02-07 15:59:59,NET,매도,4,83.3083,5.52,1.686,6057.06,실적 발표 전 청산
2024-02-08 09:30:00,CRWD,매수,16,79.2171,,,4788.7,K몫 매수: 주식층 비중 8.1%
2024-02-08 09:30:00,DDOG,매도,1,128.016,-9.58,-6.974,4916.62,K몫 제외(주식층 비중 0)
2024-02-08 09:30:00,FTNT,매수,3,69.8249,,,4707.0,K몫 매수: 주식층 비중 1.5%
2024-02-08 09:30:00,KO,매도,4,59.8601,2.94,1.246,4946.26,K몫 제외(주식층 비중 0)
2024-02-08 09:30:00,MNST,매도,12,28.2309,5.72,1.721,5284.79,K몫 제외(주식층 비중 0)
2024-02-08 09:30:00,ORCL,매도,2,117.0315,2.55,1.105,5518.68,K몫 제외(주식층 비중 0)
2024-02-08 09:30:00,PANW,매수,1,181.7008,,,5336.85,K몫 매수: 주식층 비중 2.3%
2024-02-08 09:30:00,STX,매도,4,86.6566,-2.72,-0.781,5683.22,K몫 제외(주식층 비중 0)
2024-02-08 09:30:00,WDC,매도,8,43.493,-3.75,-1.068,6030.91,K몫 제외(주식층 비중 0)
2024-02-12 09:30:00,NOW,매도,1,162.7386,8.62,5.599,6193.53,K몫 제외(주식층 비중 0)
2024-02-12 09:30:00,SHOP,매도,4,91.3543,49.29,15.617,6558.68,K몫 제외(주식층 비중 0)
2024-02-14 09:30:00,DDOG,매수,1,134.8574,,,6423.73,K몫 매수: 주식층 비중 1.5%
2024-02-14 09:30:00,NET,매수,3,101.9209,,,6117.76,K몫 매수: 주식층 비중 2.3%
2024-02-14 09:30:00,NOW,매수,2,157.0785,,,5803.38,K몫 매수: 주식층 비중 2.1%
2024-02-14 09:30:00,ORCL,매수,3,114.3772,,,5460.01,K몫 매수: 주식층 비중 2.2%
2024-02-14 09:30:00,STX,매수,4,88.144,,,5107.18,K몫 매수: 주식층 비중 2.3%
2024-02-14 09:30:00,WDC,매수,8,42.2963,,,4768.58,K몫 매수: 주식층 비중 2.3%
2024-02-14 15:59:59,DASH,매도,6,119.89,59.64,9.055,5487.39,실적 발표 전 청산
2024-02-15 09:30:00,VZ,매수,7,40.2301,,,5205.58,K몫 매수: 주식층 비중 1.9%
2024-02-20 09:30:00,CRWD,매도,16,81.7091,38.03,3.001,6511.98,K몫 제외(주식층 비중 0)
2024-02-20 09:30:00,FTNT,매도,3,68.2159,-5.12,-2.446,6716.47,K몫 제외(주식층 비중 0)
2024-02-20 09:30:00,META,매수,3,471.0254,,,5302.41,K몫 매수: 주식층 비중 9.9%
2024-02-20 09:30:00,PANW,매도,1,183.5882,1.63,0.895,5485.86,K몫 제외(주식층 비중 0)
2024-02-20 15:59:59,NVDA,매도,20,69.4223,143.94,11.584,6873.29,실적 발표 전 청산
2024-02-21 09:30:00,AVGO,매도,1,121.7391,2.77,2.334,6994.94,K몫 제외(주식층 비중 0)
2024-02-21 09:30:00,CRDO,매도,63,21.0895,27.68,2.13,8322.61,K몫 제외(주식층 비중 0)
2024-02-21 09:30:00,LLY,매수,1,738.4491,,,7583.64,K몫 매수: 주식층 비중 5.1%
2024-02-21 09:30:00,LRCX,매도,2,89.4568,12.21,7.337,7762.43,K몫 제외(주식층 비중 0)
2024-02-21 09:30:00,MRVL,매도,3,64.4678,-9.81,-4.835,7955.69,K몫 제외(주식층 비중 0)
2024-02-21 09:30:00,MU,매도,3,80.7496,-16.06,-6.225,8197.76,K몫 제외(주식층 비중 0)
2024-02-22 09:30:00,CRWD,매수,17,75.5378,,,6912.72,K몫 매수: 주식층 비중 8.4%
2024-02-22 09:30:00,FTNT,매수,4,67.0335,,,6644.4,K몫 매수: 주식층 비중 1.7%
2024-02-22 09:30:00,RL,매수,5,185.7428,,,5715.03,K몫 매수: 주식층 비중 6.1%
2024-02-23 09:30:00,AMD,매수,1,181.9509,,,5532.96,K몫 매수: 주식층 비중 1.2%
2024-02-23 09:30:00,AVGO,매수,1,130.9024,,,5401.96,K몫 매수: 주식층 비중 1.3%
2024-02-23 09:30:00,CRDO,매수,74,23.4017,,,3669.02,K몫 매수: 주식층 비중 10.7%
2024-02-23 09:30:00,LRCX,매수,3,94.7614,,,3384.54,K몫 매수: 주식층 비중 1.8%
2024-02-23 09:30:00,MRVL,매수,5,69.8849,,,3034.87,K몫 매수: 주식층 비중 2.3%
2024-02-23 09:30:00,MU,매수,4,86.5933,,,2688.26,K몫 매수: 주식층 비중 2.3%
2024-02-23 09:30:00,NVDA,매수,22,80.8304,,,908.74,K몫 매수: 주식층 비중 11.3%
2024-02-26 15:59:59,CRDO,매도,74,22.2789,-85.51,-4.938,2556.18,실적 발표 전 청산
2024-02-27 09:30:00,AMD,매도,1,175.6621,-6.54,-3.597,2731.71,K몫 제외(주식층 비중 0)
2024-02-27 09:30:00,AVGO,매도,1,130.8475,-0.24,-0.185,2862.46,K몫 제외(주식층 비중 0)
2024-02-27 09:30:00,LRCX,매도,3,93.991,-2.72,-0.955,3144.23,K몫 제외(주식층 비중 0)
2024-02-27 09:30:00,MRVL,매도,5,69.7251,-1.3,-0.371,3492.6,K몫 제외(주식층 비중 0)
2024-02-27 09:30:00,MU,매도,4,91.954,20.93,6.043,3860.15,K몫 제외(주식층 비중 0)
2024-02-27 09:30:00,NVDA,매도,22,79.1604,-39.26,-2.208,5600.4,K몫 제외(주식층 비중 0)
2024-02-28 09:30:00,NOW,매도,2,152.5757,-9.45,-3.008,5905.33,K몫 제외(주식층 비중 0)
2024-02-28 09:30:00,SHIP,매수,87,8.1041,,,5199.79,K몫 매수: 주식층 비중 4.3%
2024-02-29 09:30:00,AMD,매수,1,180.5902,,,5019.07,K몫 매수: 주식층 비중 1.2%
2024-02-29 09:30:00,AVGO,매수,1,130.6653,,,4888.31,K몫 매수: 주식층 비중 1.3%
2024-02-29 09:30:00,CRDO,매수,10,22.7013,,,4661.14,K몫 매수: 주식층 비중 1.4%
2024-02-29 09:30:00,INTC,매수,8,42.3962,,,4321.73,K몫 매수: 주식층 비중 2.3%
2024-02-29 09:30:00,LRCX,매수,3,93.6938,,,4040.46,K몫 매수: 주식층 비중 1.8%
2024-02-29 09:30:00,MRVL,매수,5,68.9545,,,3695.44,K몫 매수: 주식층 비중 2.3%
2024-02-29 09:30:00,MU,매수,4,90.5452,,,3333.01,K몫 매수: 주식층 비중 2.3%
2024-02-29 09:30:00,NVDA,매수,20,79.2896,,,1746.11,K몫 매수: 주식층 비중 10.0%
2024-03-01 09:30:00,NOW,매수,2,154.4772,,,1436.93,K몫 매수: 주식층 비중 2.0%
2024-03-04 09:30:00,RL,매도,5,179.9,-30.52,-3.286,2335.78,K몫 제외(주식층 비중 0)
2024-03-04 15:59:59,CRWD,매도,17,78.3858,46.55,3.625,3667.36,실적 발표 전 청산
2024-03-05 09:30:00,AAPL,매수,1,171.0855,,,3496.16,K몫 매수: 주식층 비중 1.1%
2024-03-05 09:30:00,DAVE,매도,42,27.5762,398.77,52.604,4653.51,K몫 제외(주식층 비중 0)
2024-03-05 09:30:00,FTNT,매도,4,70.6447,14.05,5.24,4935.89,K몫 제외(주식층 비중 0)
2024-03-05 09:30:00,GOOGL,매도,1,132.1839,-11.08,-7.747,5067.97,K몫 제외(주식층 비중 0)
2024-03-05 09:30:00,LLY,매도,1,784.9173,45.38,6.145,5852.32,K몫 제외(주식층 비중 0)
2024-03-05 09:30:00,META,매도,3,494.0029,66.86,4.732,7333.24,K몫 제외(주식층 비중 0)
2024-03-05 09:30:00,SHIP,매도,87,8.006,-9.53,-1.352,8029.26,K몫 제외(주식층 비중 0)
2024-03-05 09:30:00,VZ,매도,7,40.3298,0.29,0.105,8311.36,K몫 제외(주식층 비중 0)
2024-03-06 15:59:59,MRVL,매도,5,81.3593,61.49,17.834,8717.86,실적 발표 전 청산
2024-03-06 15:59:59,AVGO,매도,1,134.9315,4.08,3.12,8852.69,실적 발표 전 청산
2024-03-07 09:30:00,AAPL,매도,1,169.0654,-2.26,-1.323,9021.63,K몫 제외(주식층 비중 0)
2024-03-07 09:30:00,AMD,매도,1,212.4137,31.54,17.466,9233.89,K몫 제외(주식층 비중 0)
2024-03-07 09:30:00,CDNS,매수,1,316.168,,,8917.5,K몫 매수: 주식층 비중 3.4%
2024-03-07 09:30:00,CRDO,매도,10,21.909,-8.24,-3.631,9136.43,K몫 제외(주식층 비중 0)
2024-03-07 09:30:00,CRM,매수,1,306.153,,,8830.07,K몫 매수: 주식층 비중 3.5%
2024-03-07 09:30:00,DDOG,매도,1,124.9375,-10.11,-7.493,8954.91,K몫 제외(주식층 비중 0)
2024-03-07 09:30:00,FTNT,매수,3,71.986,,,8738.8,K몫 매수: 주식층 비중 1.6%
2024-03-07 09:30:00,INTC,매도,8,45.5272,24.54,7.237,9102.76,K몫 제외(주식층 비중 0)
2024-03-07 09:30:00,LRCX,매도,3,98.8516,15.06,5.358,9399.09,K몫 제외(주식층 비중 0)
2024-03-07 09:30:00,MSFT,매수,1,406.3231,,,8992.49,K몫 매수: 주식층 비중 3.9%
2024-03-07 09:30:00,MU,매도,4,98.8805,32.8,9.056,9387.72,K몫 제외(주식층 비중 0)
2024-03-07 09:30:00,NET,매도,3,98.3708,-11.08,-3.624,9682.62,K몫 제외(주식층 비중 0)
2024-03-07 09:30:00,NVDA,매도,20,90.1129,214.04,13.497,11483.56,K몫 제외(주식층 비중 0)
2024-03-07 09:30:00,ORCL,매도,3,113.883,-1.97,-0.575,11824.96,K몫 제외(주식층 비중 0)
2024-03-07 09:30:00,STX,매도,4,94.0929,23.27,6.601,12201.06,K몫 제외(주식층 비중 0)
2024-03-07 09:30:00,WDC,매도,8,48.9778,52.93,15.642,12592.59,K몫 제외(주식층 비중 0)
2024-03-11 09:30:00,AMD,매수,5,202.101,,,11581.38,K몫 매수: 주식층 비중 6.4%
2024-03-11 09:30:00,AVGO,매수,8,128.8144,,,10550.14,K몫 매수: 주식층 비중 6.5%
2024-03-11 09:30:00,CRDO,매수,17,22.1599,,,10173.16,K몫 매수: 주식층 비중 2.2%
2024-03-11 09:30:00,INTC,매수,8,43.942,,,9821.38,K몫 매수: 주식층 비중 2.2%
2024-03-11 09:30:00,LRCX,매수,12,94.1971,,,8690.22,K몫 매수: 주식층 비중 6.9%
2024-03-11 09:30:00,MU,매수,3,96.048,,,8401.88,K몫 매수: 주식층 비중 2.2%
2024-03-11 09:30:00,NVDA,매수,13,87.6438,,,7261.71,K몫 매수: 주식층 비중 7.2%
2024-03-12 09:30:00,DASH,매수,7,128.8344,,,6359.24,K몫 매수: 주식층 비중 5.5%
2024-03-12 09:30:00,DAVE,매수,27,33.0165,,,5467.17,K몫 매수: 주식층 비중 5.5%
2024-03-12 09:30:00,SHIP,매수,112,8.2441,,,4543.18,K몫 매수: 주식층 비중 5.5%
2024-03-13 09:30:00,DDOG,매수,3,122.5312,,,4175.33,K몫 매수: 주식층 비중 2.3%
2024-03-13 09:30:00,MDB,매수,1,368.8243,,,3806.25,K몫 매수: 주식층 비중 2.3%
2024-03-13 09:30:00,META,매수,3,495.6377,,,2318.3,K몫 매수: 주식층 비중 8.8%
2024-03-13 09:30:00,NET,매수,3,96.3782,,,2028.96,K몫 매수: 주식층 비중 2.3%
2024-03-13 09:30:00,ORCL,매수,2,128.064,,,1772.65,K몫 매수: 주식층 비중 2.1%
2024-03-13 09:30:00,STX,매수,4,90.6153,,,1409.94,K몫 매수: 주식층 비중 2.2%
2024-03-13 09:30:00,WDC,매수,8,47.3782,,,1030.65,K몫 매수: 주식층 비중 2.3%
2024-03-14 09:30:00,SHIP,매도,112,9.1154,96.2,10.418,2050.83,K몫 제외(주식층 비중 0)
2024-03-18 09:30:00,SHIP,매수,167,8.8744,,,567.76,K몫 매수: 주식층 비중 8.8%
2024-03-19 15:59:59,MU,매도,3,93.963,-6.66,-2.312,849.44,실적 발표 전 청산
2024-03-20 09:30:00,AMD,매도,5,181.859,-102.58,-10.151,1758.08,K몫 제외(주식층 비중 0)
2024-03-20 09:30:00,AVGO,매도,8,123.84,-41.24,-4.002,2748.07,K몫 제외(주식층 비중 0)
2024-03-20 09:30:00,CRDO,매도,17,19.8001,-40.63,-10.784,3084.43,K몫 제외(주식층 비중 0)
2024-03-20 09:30:00,GOOGL,매수,2,148.074,,,2788.07,K몫 매수: 주식층 비중 1.9%
2024-03-20 09:30:00,INTC,매도,8,42.9665,-8.3,-2.361,3131.55,K몫 제외(주식층 비중 0)
2024-03-20 09:30:00,LRCX,매도,12,92.5537,-21.32,-1.886,4241.39,K몫 제외(주식층 비중 0)
2024-03-20 09:30:00,NVDA,매도,13,89.8451,26.97,2.367,5408.52,K몫 제외(주식층 비중 0)
2024-03-20 09:30:00,SHOP,매수,3,77.5688,,,5175.65,K몫 매수: 주식층 비중 1.8%
2024-03-20 09:30:00,VZ,매수,6,39.98,,,4935.6,K몫 매수: 주식층 비중 1.5%
2024-03-22 09:30:00,AMD,매수,2,177.2486,,,4580.86,K몫 매수: 주식층 비중 2.1%
2024-03-22 09:30:00,AVGO,매수,2,135.0675,,,4310.54,K몫 매수: 주식층 비중 2.2%
2024-03-22 09:30:00,CRDO,매수,17,21.8109,,,3939.49,K몫 매수: 주식층 비중 2.3%
2024-03-22 09:30:00,INTC,매수,5,42.2411,,,3728.14,K몫 매수: 주식층 비중 1.3%
2024-03-22 09:30:00,LRCX,매수,2,98.5242,,,3530.95,K몫 매수: 주식층 비중 1.4%
2024-03-22 09:30:00,MU,매수,2,109.3647,,,3312.07,K몫 매수: 주식층 비중 1.5%
2024-03-22 09:30:00,NVDA,매수,22,91.2086,,,1304.07,K몫 매수: 주식층 비중 11.9%
2024-04-05 09:30:00,CRWD,매수,16,77.6638,,,60.58,K몫 매수: 주식층 비중 11.8%
2024-04-08 09:30:00,AMD,매도,2,168.1459,-18.7,-5.275,396.63,K몫 제외(주식층 비중 0)
2024-04-08 09:30:00,AVGO,매도,2,133.2983,-3.92,-1.452,663.03,K몫 제외(주식층 비중 0)
2024-04-08 09:30:00,CDNS,매도,1,308.8955,-7.72,-2.442,971.7,K몫 제외(주식층 비중 0)
2024-04-08 09:30:00,CRDO,매도,17,21.3793,-7.86,-2.12,1334.89,K몫 제외(주식층 비중 0)
2024-04-08 09:30:00,CRM,매도,1,300.9495,-5.64,-1.841,1635.61,K몫 제외(주식층 비중 0)
2024-04-08 09:30:00,CRWD,매도,16,78.8493,17.18,1.382,2896.28,K몫 제외(주식층 비중 0)
2024-04-08 09:30:00,DASH,매도,7,138.9305,69.33,7.688,3868.09,K몫 제외(주식층 비중 0)
2024-04-08 09:30:00,DAVE,매도,27,38.2109,138.87,15.578,4899.03,K몫 제외(주식층 비중 0)
2024-04-08 09:30:00,DDOG,매도,3,125.2573,7.65,2.08,5274.52,K몫 제외(주식층 비중 0)
2024-04-08 09:30:00,FTNT,매도,3,70.005,-6.25,-2.893,5484.39,K몫 제외(주식층 비중 0)
2024-04-08 09:30:00,GOOGL,매도,2,152.7736,8.97,3.028,5789.71,K몫 제외(주식층 비중 0)
2024-04-08 09:30:00,INTC,매도,5,38.6107,-18.44,-8.731,5982.62,K몫 제외(주식층 비중 0)
2024-04-08 09:30:00,LRCX,매도,2,97.3653,-2.6,-1.318,6177.21,K몫 제외(주식층 비중 0)
2024-04-08 09:30:00,MDB,매도,1,360.7396,-8.61,-2.333,6537.69,K몫 제외(주식층 비중 0)
2024-04-08 09:30:00,META,매도,3,529.0253,97.96,6.588,8123.61,K몫 제외(주식층 비중 0)
2024-04-08 09:30:00,MSFT,매도,1,424.8395,17.92,4.411,8548.13,K몫 제외(주식층 비중 0)
2024-04-08 09:30:00,MU,매도,2,129.0255,38.98,17.821,8806.0,K몫 제외(주식층 비중 0)
2024-04-08 09:30:00,NET,매도,3,96.5517,0.11,0.037,9095.44,K몫 제외(주식층 비중 0)
2024-04-08 09:30:00,NOW,매도,2,156.5897,3.78,1.223,9408.39,K몫 제외(주식층 비중 0)
2024-04-08 09:30:00,NVDA,매도,22,88.6517,-59.08,-2.944,11357.3,K몫 제외(주식층 비중 0)
2024-04-08 09:30:00,ORCL,매도,2,124.9375,-6.61,-2.583,11607.0,K몫 제외(주식층 비중 0)
2024-04-08 09:30:00,SHIP,매도,167,8.6457,-40.29,-2.719,13049.77,K몫 제외(주식층 비중 0)
2024-04-08 09:30:00,SHOP,매도,3,75.1724,-7.52,-3.23,13275.12,K몫 제외(주식층 비중 0)
2024-04-08 09:30:00,STX,매도,4,91.2743,2.12,0.584,13639.95,K몫 제외(주식층 비중 0)
2024-04-08 09:30:00,VZ,매도,6,42.0989,12.36,5.153,13892.36,K몫 제외(주식층 비중 0)
2024-04-08 09:30:00,WDC,매도,8,56.5099,72.46,19.117,14344.11,K몫 제외(주식층 비중 0)
2024-04-15 09:30:00,AMD,매수,2,164.4872,,,14014.91,K몫 매수: 주식층 비중 2.2%
2024-04-15 09:30:00,AVGO,매수,1,137.0685,,,13877.74,K몫 매수: 주식층 비중 1.1%
2024-04-15 09:30:00,CRDO,매수,9,21.8109,,,13681.31,K몫 매수: 주식층 비중 1.2%
2024-04-15 09:30:00,CRWD,매수,27,77.5387,,,11586.3,K몫 매수: 주식층 비중 12.3%
2024-04-15 09:30:00,DAVE,매수,55,34.1571,,,9706.34,K몫 매수: 주식층 비중 10.9%
2024-04-15 09:30:00,DDOG,매수,1,128.119,,,9578.13,K몫 매수: 주식층 비중 1.5%
2024-04-15 09:30:00,FTNT,매수,3,67.0335,,,9376.89,K몫 매수: 주식층 비중 1.5%
2024-04-15 09:30:00,GOOGL,매수,1,158.4492,,,9218.33,K몫 매수: 주식층 비중 1.2%
2024-04-15 09:30:00,INTC,매수,10,36.038,,,8857.7,K몫 매수: 주식층 비중 2.3%
2024-04-15 09:30:00,KO,매수,1,58.6393,,,8799.02,K몫 매수: 주식층 비중 0.5%
2024-04-15 09:30:00,LRCX,매수,2,97.6368,,,8603.61,K몫 매수: 주식층 비중 1.6%
2024-04-15 09:30:00,MRVL,매수,4,71.1956,,,8318.63,K몫 매수: 주식층 비중 1.7%
2024-04-15 09:30:00,MU,매수,17,123.8519,,,6211.67,K몫 매수: 주식층 비중 12.8%
2024-04-15 09:30:00,NET,매수,3,93.2266,,,5931.8,K몫 매수: 주식층 비중 1.9%
2024-04-15 09:30:00,NOW,매수,2,153.8769,,,5623.83,K몫 매수: 주식층 비중 2.1%
2024-04-15 09:30:00,NVDA,매수,25,89.1731,,,3392.94,K몫 매수: 주식층 비중 13.2%
2024-04-15 09:30:00,ORCL,매수,2,122.2411,,,3148.29,K몫 매수: 주식층 비중 2.1%
2024-04-15 09:30:00,SHOP,매수,5,70.035,,,2797.87,K몫 매수: 주식층 비중 2.3%
2024-04-15 09:30:00,STX,매수,4,86.7333,,,2450.69,K몫 매수: 주식층 비중 2.3%
2024-04-15 09:30:00,VZ,매수,8,40.1301,,,2129.42,K몫 매수: 주식층 비중 2.0%
2024-04-15 09:30:00,WDC,매수,6,55.3224,,,1797.26,K몫 매수: 주식층 비중 2.2%
2024-04-16 09:30:00,AMD,매도,2,162.1789,-5.08,-1.545,2121.38,K몫 제외(주식층 비중 0)
2024-04-16 09:30:00,AVGO,매도,1,131.5342,-5.73,-4.178,2252.82,K몫 제외(주식층 비중 0)
2024-04-16 09:30:00,CRDO,매도,9,19.2404,-23.4,-11.92,2425.85,K몫 제외(주식층 비중 0)
2024-04-16 09:30:00,CRWD,매도,27,74.1629,-94.08,-4.494,4426.79,K몫 제외(주식층 비중 0)
2024-04-16 09:30:00,DAVE,매도,55,35.5422,73.44,3.909,6380.19,K몫 제외(주식층 비중 0)
2024-04-16 09:30:00,DDOG,매도,1,125.877,-2.42,-1.892,6505.97,K몫 제외(주식층 비중 0)
2024-04-16 09:30:00,FTNT,매도,3,64.5877,-7.62,-3.789,6699.59,K몫 제외(주식층 비중 0)
2024-04-16 09:30:00,INTC,매도,10,36.2519,1.62,0.45,7061.85,K몫 제외(주식층 비중 0)
2024-04-16 09:30:00,LRCX,매도,2,94.8366,-5.88,-3.009,7251.38,K몫 제외(주식층 비중 0)
2024-04-16 09:30:00,MRVL,매도,4,67.2863,-16.03,-5.63,7520.33,K몫 제외(주식층 비중 0)
2024-04-16 09:30:00,MU,매도,17,119.4602,-77.61,-3.686,9549.67,K몫 제외(주식층 비중 0)
2024-04-16 09:30:00,NET,매도,3,89.875,-10.45,-3.735,9819.1,K몫 제외(주식층 비중 0)
2024-04-16 09:30:00,NOW,매도,2,147.5262,-13.13,-4.267,10113.94,K몫 제외(주식층 비중 0)
2024-04-16 09:30:00,NVDA,매도,25,86.4468,-71.3,-3.198,12273.53,K몫 제외(주식층 비중 0)
2024-04-16 09:30:00,ORCL,매도,2,120.03,-4.77,-1.951,12513.41,K몫 제외(주식층 비중 0)
2024-04-16 09:30:00,SHOP,매도,5,68.4358,-8.49,-2.425,12855.34,K몫 제외(주식층 비중 0)
2024-04-16 09:30:00,STX,매도,4,83.4982,-13.43,-3.87,13189.09,K몫 제외(주식층 비중 0)
2024-04-16 09:30:00,WDC,매도,6,52.8836,-15.1,-4.548,13506.16,K몫 제외(주식층 비중 0)
2024-04-18 09:30:00,AMD,매수,1,155.6178,,,13350.43,K몫 매수: 주식층 비중 1.6%
2024-04-18 09:30:00,AVGO,매수,1,128.8644,,,13221.48,K몫 매수: 주식층 비중 0.9%
2024-04-18 09:30:00,CRDO,매수,15,18.4792,,,12944.1,K몫 매수: 주식층 비중 1.7%
2024-04-18 09:30:00,CRWD,매수,27,73.2866,,,10963.97,K몫 매수: 주식층 비중 11.9%
2024-04-18 09:30:00,DAVE,매수,49,34.2771,,,9283.22,K몫 매수: 주식층 비중 10.2%
2024-04-18 09:30:00,DDOG,매수,1,123.962,,,9159.17,K몫 매수: 주식층 비중 1.1%
2024-04-18 09:30:00,FTNT,매수,3,64.8024,,,8964.63,K몫 매수: 주식층 비중 1.2%
2024-04-18 09:30:00,INTC,매수,8,35.4377,,,8680.93,K몫 매수: 주식층 비중 1.8%
2024-04-18 09:30:00,LRCX,매수,2,90.8743,,,8499.05,K몫 매수: 주식층 비중 1.2%
2024-04-18 09:30:00,MRVL,매수,3,65.5327,,,8302.31,K몫 매수: 주식층 비중 1.3%
2024-04-18 09:30:00,MU,매수,2,116.058,,,8070.04,K몫 매수: 주식층 비중 1.4%
2024-04-18 09:30:00,NET,매수,3,87.7739,,,7806.53,K몫 매수: 주식층 비중 1.8%
2024-04-18 09:30:00,NOW,매수,1,147.4537,,,7658.97,K몫 매수: 주식층 비중 1.6%
2024-04-18 09:30:00,NVDA,매수,3,85.0195,,,7403.74,K몫 매수: 주식층 비중 1.9%
2024-04-18 09:30:00,ORCL,매수,2,118.8194,,,7165.93,K몫 매수: 주식층 비중 1.6%
2024-04-18 09:30:00,RTX,매수,1,100.5703,,,7065.29,K몫 매수: 주식층 비중 0.6%
2024-04-18 09:30:00,SHIP,매수,185,9.2546,,,5351.99,K몫 매수: 주식층 비중 10.2%
2024-04-18 09:30:00,SHOP,매수,4,69.3647,,,5074.33,K몫 매수: 주식층 비중 2.0%
2024-04-18 09:30:00,STX,매수,4,83.8769,,,4738.59,K몫 매수: 주식층 비중 2.2%
2024-04-18 09:30:00,WDC,매수,37,52.9063,,,2779.69,K몫 매수: 주식층 비중 11.8%
2024-04-19 09:30:00,VZ,매도,8,39.98,-1.66,-0.517,3099.29,K몫 제외(주식층 비중 0)
2024-04-22 09:30:00,KO,매도,1,60.1099,1.39,2.363,3159.36,K몫 제외(주식층 비중 0)
2024-04-22 09:30:00,NOW,매도,1,144.5777,-3.08,-2.092,3303.83,K몫 제외(주식층 비중 0)
2024-04-22 09:30:00,PGR,매수,6,215.1675,,,2011.92,K몫 매수: 주식층 비중 8.4%
2024-04-22 09:30:00,RTX,매도,1,101.949,1.23,1.227,2113.8,K몫 제외(주식층 비중 0)
2024-04-22 09:30:00,SHOP,매도,4,70.015,2.2,0.794,2393.65,K몫 제외(주식층 비중 0)
2024-04-22 15:59:59,STX,매도,4,85.1474,4.6,1.371,2734.0,실적 발표 전 청산
2024-04-23 09:30:00,AMD,매도,1,151.5742,-4.26,-2.74,2885.46,K몫 제외(주식층 비중 0)
2024-04-23 09:30:00,AVGO,매도,1,122.7556,-6.29,-4.88,3008.12,K몫 제외(주식층 비중 0)
2024-04-23 09:30:00,CRDO,매도,15,17.4713,-15.5,-5.594,3270.0,K몫 제외(주식층 비중 0)
2024-04-23 09:30:00,CRWD,매도,27,73.0884,-8.18,-0.413,5241.95,K몫 제외(주식층 비중 0)
2024-04-23 09:30:00,DAVE,매도,49,37.911,175.53,10.451,7098.23,K몫 제외(주식층 비중 0)
2024-04-23 09:30:00,DDOG,매도,1,125.4373,1.3,1.046,7223.58,K몫 제외(주식층 비중 0)
2024-04-23 09:30:00,FTNT,매도,3,64.048,-2.54,-1.306,7415.58,K몫 제외(주식층 비중 0)
2024-04-23 09:30:00,GOOGL,매도,1,156.9715,-1.7,-1.075,7572.44,K몫 제외(주식층 비중 0)
2024-04-23 09:30:00,INTC,매도,8,34.323,-9.32,-3.286,7846.82,K몫 제외(주식층 비중 0)
2024-04-23 09:30:00,LRCX,매도,2,86.7666,-8.47,-4.66,8020.23,K몫 제외(주식층 비중 0)
2024-04-23 09:30:00,MRVL,매도,3,63.3783,-6.74,-3.428,8210.23,K몫 제외(주식층 비중 0)
2024-04-23 09:30:00,MU,매도,2,109.6551,-13.13,-5.656,8429.38,K몫 제외(주식층 비중 0)
2024-04-23 09:30:00,NET,매도,3,85.957,-5.82,-2.211,8687.06,K몫 제외(주식층 비중 0)
2024-04-23 09:30:00,NVDA,매도,3,80.7546,-13.15,-5.156,8929.15,K몫 제외(주식층 비중 0)
2024-04-23 09:30:00,ORCL,매도,2,115.1124,-7.75,-3.261,9159.2,K몫 제외(주식층 비중 0)
2024-04-23 09:30:00,PGR,매도,6,213.6231,-11.11,-0.86,10440.01,K몫 제외(주식층 비중 0)
2024-04-23 09:30:00,SHIP,매도,185,9.2154,-9.7,-0.567,12143.61,K몫 제외(주식층 비중 0)
2024-04-23 09:30:00,WDC,매도,37,50.8438,-79.05,-4.038,14023.46,K몫 제외(주식층 비중 0)
2024-04-24 09:30:00,CRWD,매수,8,75.938,,,13415.53,K몫 매수: 주식층 비중 3.9%
2024-04-24 09:30:00,DAVE,매수,7,43.5918,,,13110.17,K몫 매수: 주식층 비중 2.0%
2024-04-24 09:30:00,FTNT,매수,5,64.9224,,,12785.33,K몫 매수: 주식층 비중 2.0%
2024-04-24 09:30:00,KO,매수,1,60.3502,,,12724.94,K몫 매수: 주식층 비중 0.5%
2024-04-24 09:30:00,PGR,매수,1,213.9169,,,12510.87,K몫 매수: 주식층 비중 2.3%
2024-04-25 09:30:00,CRWD,매도,8,72.256,-30.3,-4.988,13088.5,K몫 제외(주식층 비중 0)
2024-04-25 09:30:00,DAVE,매도,7,42.2988,-9.48,-3.107,13384.37,K몫 제외(주식층 비중 0)
2024-04-25 09:30:00,FTNT,매도,5,64.5777,-2.19,-0.674,13707.03,K몫 제외(주식층 비중 0)
2024-04-25 09:30:00,KO,매도,1,61.8391,1.4,2.322,13768.82,K몫 제외(주식층 비중 0)
2024-04-25 09:30:00,PGR,매도,1,212.0339,-2.19,-1.023,13980.7,K몫 제외(주식층 비중 0)
2024-04-30 09:30:00,CDNS,매수,1,281.6607,,,13698.84,K몫 매수: 주식층 비중 1.8%
2024-04-30 09:30:00,CRWD,매수,18,75.5378,,,12338.21,K몫 매수: 주식층 비중 8.3%
2024-04-30 09:30:00,DAVE,매수,22,47.9139,,,11283.37,K몫 매수: 주식층 비중 6.3%
2024-04-30 09:30:00,DDOG,매수,1,128.3141,,,11154.96,K몫 매수: 주식층 비중 1.3%
2024-04-30 09:30:00,FTNT,매수,5,63.8219,,,10835.63,K몫 매수: 주식층 비중 2.2%
2024-04-30 09:30:00,NET,매수,4,89.3046,,,10478.16,K몫 매수: 주식층 비중 2.3%
2024-04-30 09:30:00,NOW,매수,1,143.4017,,,10334.66,K몫 매수: 주식층 비중 1.6%
2024-04-30 09:30:00,ORCL,매수,3,115.1475,,,9988.97,K몫 매수: 주식층 비중 2.3%
2024-04-30 09:30:00,PGR,매수,5,206.9434,,,8953.53,K몫 매수: 주식층 비중 6.6%
2024-04-30 09:30:00,SHOP,매수,5,72.4362,,,8591.1,K몫 매수: 주식층 비중 2.3%
2024-04-30 09:30:00,STX,매수,4,85.4827,,,8248.93,K몫 매수: 주식층 비중 2.3%
2024-04-30 09:30:00,VZ,매수,1,39.93,,,8208.97,K몫 매수: 주식층 비중 0.3%
2024-04-30 09:30:00,WDC,매수,27,52.7021,,,6785.02,K몫 매수: 주식층 비중 8.6%
2024-05-01 09:30:00,DDOG,매도,1,126.9565,-1.54,-1.2,6911.88,K몫 제외(주식층 비중 0)
2024-05-01 09:30:00,KO,매수,1,61.8309,,,6850.01,K몫 매수: 주식층 비중 0.5%
2024-05-01 09:30:00,NET,매도,4,88.0759,-5.42,-1.518,7202.05,K몫 제외(주식층 비중 0)
2024-05-01 09:30:00,ORCL,매도,3,113.853,-4.37,-1.266,7543.36,K몫 제외(주식층 비중 0)
2024-05-01 09:30:00,SHIP,매수,68,9.5548,,,6893.19,K몫 매수: 주식층 비중 3.9%
2024-05-01 09:30:00,STX,매도,4,86.9265,5.28,1.545,7240.64,K몫 제외(주식층 비중 0)
2024-05-01 09:30:00,WDC,매도,27,52.8836,2.86,0.201,8667.45,K몫 제외(주식층 비중 0)
2024-05-01 15:59:59,FTNT,매도,5,63.4882,-2.12,-0.665,8984.66,실적 발표 전 청산
2024-05-02 09:30:00,AMD,매수,1,145.7502,,,8838.81,K몫 매수: 주식층 비중 1.2%
2024-05-02 09:30:00,AVGO,매수,2,125.6908,,,8587.25,K몫 매수: 주식층 비중 1.6%
2024-05-02 09:30:00,CRDO,매수,16,17.5688,,,8305.95,K몫 매수: 주식층 비중 1.8%
2024-05-02 09:30:00,CRWD,매도,18,75.9295,5.1,0.375,9671.69,K몫 제외(주식층 비중 0)
2024-05-02 09:30:00,INTC,매수,11,30.6053,,,9334.79,K몫 매수: 주식층 비중 2.1%
2024-05-02 09:30:00,KO,매도,1,62.1489,0.23,0.371,9396.9,K몫 제외(주식층 비중 0)
2024-05-02 09:30:00,LLY,매수,1,777.7287,,,8618.62,K몫 매수: 주식층 비중 6.3%
2024-05-02 09:30:00,MRVL,매수,5,65.2826,,,8291.98,K몫 매수: 주식층 비중 2.2%
2024-05-02 09:30:00,MU,매수,3,111.7859,,,7956.39,K몫 매수: 주식층 비중 2.3%
2024-05-02 09:30:00,NVDA,매수,16,84.5222,,,6603.09,K몫 매수: 주식층 비중 8.4%
2024-05-03 09:30:00,RTX,매수,1,102.051,,,6500.97,K몫 매수: 주식층 비중 0.6%
2024-05-06 09:30:00,CRWD,매수,19,76.8809,,,5039.21,K몫 매수: 주식층 비중 9.0%
2024-05-06 09:30:00,DAVE,매도,22,45.7671,-48.7,-4.62,6045.35,K몫 제외(주식층 비중 0)
2024-05-06 09:30:00,KO,매수,1,62.3311,,,5982.97,K몫 매수: 주식층 비중 0.7%
2024-05-07 09:30:00,AMD,매도,1,156.1819,10.22,7.009,6139.04,K몫 제외(주식층 비중 0)
2024-05-07 09:30:00,AVGO,매도,2,131.5782,11.41,4.538,6402.0,K몫 제외(주식층 비중 0)
2024-05-07 09:30:00,CDNS,매도,1,285.857,3.79,1.346,6687.65,K몫 제외(주식층 비중 0)
2024-05-07 09:30:00,CRDO,매도,16,17.1314,-7.39,-2.631,6961.56,K몫 제외(주식층 비중 0)
2024-05-07 09:30:00,CRWD,매도,19,78.958,37.35,2.557,8460.66,K몫 제외(주식층 비중 0)
2024-05-07 09:30:00,INTC,매도,11,31.0745,4.68,1.389,8802.23,K몫 제외(주식층 비중 0)
2024-05-07 09:30:00,KO,매도,1,62.7286,0.31,0.494,8864.91,K몫 제외(주식층 비중 0)
2024-05-07 09:30:00,LLY,매도,1,768.5156,-10.32,-1.327,9632.87,K몫 제외(주식층 비중 0)
2024-05-07 09:30:00,MRVL,매도,5,69.5952,21.08,6.458,9980.59,K몫 제외(주식층 비중 0)
2024-05-07 09:30:00,MU,매도,3,120.0699,24.35,7.262,10340.54,K몫 제외(주식층 비중 0)
2024-05-07 09:30:00,NOW,매도,1,145.927,2.32,1.617,10486.36,K몫 제외(주식층 비중 0)
2024-05-07 09:30:00,NVDA,매도,16,91.0405,102.28,7.563,11941.94,K몫 제외(주식층 비중 0)
2024-05-07 09:30:00,PGR,매도,5,216.2218,44.88,4.337,13022.26,K몫 제외(주식층 비중 0)
2024-05-07 09:30:00,RTX,매도,1,102.2189,0.02,0.021,13124.41,K몫 제외(주식층 비중 0)
2024-05-07 09:30:00,SHIP,매도,68,9.5952,1.82,0.28,13776.4,K몫 제외(주식층 비중 0)
2024-05-07 09:30:00,SHOP,매도,5,76.4917,19.74,5.452,14158.58,K몫 제외(주식층 비중 0)
2024-05-07 09:30:00,VZ,매도,1,39.4902,-0.5,-1.243,14198.04,K몫 제외(주식층 비중 0)
2024-05-08 09:30:00,AMD,매수,1,153.3634,,,14044.57,K몫 매수: 주식층 비중 1.2%
2024-05-08 09:30:00,AVGO,매수,2,129.4147,,,13785.56,K몫 매수: 주식층 비중 1.7%
2024-05-08 09:30:00,CRDO,매수,18,17.0385,,,13478.66,K몫 매수: 주식층 비중 1.9%
2024-05-08 09:30:00,CRWD,매수,19,78.009,,,11995.45,K몫 매수: 주식층 비중 8.8%
2024-05-08 09:30:00,INTC,매수,7,30.025,,,11785.13,K몫 매수: 주식층 비중 1.3%
2024-05-08 09:30:00,KO,매수,1,62.8814,,,11722.2,K몫 매수: 주식층 비중 0.7%
2024-05-08 09:30:00,MRVL,매수,5,67.8439,,,11382.74,K몫 매수: 주식층 비중 2.2%
2024-05-08 09:30:00,MU,매수,12,118.3612,,,9961.41,K몫 매수: 주식층 비중 9.0%
2024-05-08 09:30:00,NVDA,매수,17,89.5327,,,8438.29,K몫 매수: 주식층 비중 9.0%
2024-05-08 09:30:00,ORCL,매수,3,117.7689,,,8084.74,K몫 매수: 주식층 비중 2.3%
2024-05-08 09:30:00,RTX,매수,1,103.2916,,,7981.37,K몫 매수: 주식층 비중 0.6%
2024-05-08 09:30:00,SHIP,매수,111,10.2351,,,6844.48,K몫 매수: 주식층 비중 6.7%
2024-05-08 09:30:00,STX,매수,4,88.8044,,,6489.02,K몫 매수: 주식층 비중 2.3%
2024-05-08 09:30:00,VZ,매수,1,39.2596,,,6449.73,K몫 매수: 주식층 비중 0.3%
2024-05-08 09:30:00,WDC,매수,7,53.3222,,,6076.21,K몫 매수: 주식층 비중 2.3%
2024-05-09 09:30:00,CDNS,매수,1,282.6412,,,5793.37,K몫 매수: 주식층 비중 1.9%
2024-05-09 09:30:00,DAVE,매수,27,51.7359,,,4395.53,K몫 매수: 주식층 비중 8.3%
2024-05-09 09:30:00,NOW,매수,2,144.1881,,,4106.95,K몫 매수: 주식층 비중 2.3%
2024-05-13 09:30:00,INTC,매도,7,30.02,-0.34,-0.16,4316.94,K몫 제외(주식층 비중 0)
2024-05-14 09:30:00,SHIP,매도,111,10.3748,13.87,1.221,5467.7,K몫 제외(주식층 비중 0)
2024-05-16 09:30:00,SHIP,매수,137,10.7654,,,3991.81,K몫 매수: 주식층 비중 8.4%
2024-05-17 09:30:00,AMD,매도,1,168.3208,14.73,9.603,4160.01,K몫 제외(주식층 비중 0)
2024-05-17 09:30:00,AVGO,매도,2,141.5702,23.92,9.243,4442.94,K몫 제외(주식층 비중 0)
2024-05-17 09:30:00,CDNS,매도,1,289.0154,5.97,2.111,4731.75,K몫 제외(주식층 비중 0)
2024-05-17 09:30:00,CRDO,매도,18,19.2804,39.89,13.005,5078.54,K몫 제외(주식층 비중 0)
2024-05-17 09:30:00,CRWD,매도,19,84.9575,129.81,8.758,6691.55,K몫 제외(주식층 비중 0)
2024-05-17 09:30:00,KO,매도,1,63.3083,0.34,0.535,6754.81,K몫 제외(주식층 비중 0)
2024-05-17 09:30:00,MRVL,매도,5,73.5032,27.79,8.193,7122.06,K몫 제외(주식층 비중 0)
2024-05-17 09:30:00,MU,매도,12,128.4358,118.78,8.363,8662.17,K몫 제외(주식층 비중 0)
2024-05-17 09:30:00,NOW,매도,2,152.9235,17.05,5.911,8967.79,K몫 제외(주식층 비중 0)
2024-05-17 09:30:00,ORCL,매도,3,123.1184,15.53,4.396,9336.88,K몫 제외(주식층 비중 0)
2024-05-17 09:30:00,RTX,매도,1,104.6377,1.2,1.159,9441.44,K몫 제외(주식층 비중 0)
2024-05-17 09:30:00,STX,매도,4,98.4507,38.05,10.712,9834.95,K몫 제외(주식층 비중 0)
2024-05-17 09:30:00,VZ,매도,1,40.3698,1.05,2.683,9875.29,K몫 제외(주식층 비중 0)
2024-05-17 09:30:00,WDC,매도,7,55.4976,14.68,3.934,10263.49,K몫 제외(주식층 비중 0)
2024-05-21 15:59:59,NVDA,매도,17,95.3033,95.85,6.298,11882.47,실적 발표 전 청산
2024-05-22 09:30:00,CRWD,매수,29,87.5437,,,9341.92,K몫 매수: 주식층 비중 14.7%
2024-05-23 09:30:00,CRWD,매도,29,87.4563,-6.17,-0.243,11876.3,K몫 제외(주식층 비중 0)
2024-05-23 09:30:00,DAVE,매도,27,44.1279,-207.26,-14.838,13066.88,K몫 제외(주식층 비중 0)
2024-05-23 09:30:00,SHIP,매도,137,12.3538,215.35,14.601,14758.12,K몫 제외(주식층 비중 0)
2024-05-24 09:30:00,DAVE,매수,94,43.8019,,,10637.86,K몫 매수: 주식층 비중 23.3%
2024-05-24 09:30:00,NVDA,매수,39,104.5703,,,6556.77,K몫 매수: 주식층 비중 23.3%
2024-05-24 09:30:00,SHIP,매수,337,12.2061,,,2440.43,K몫 매수: 주식층 비중 23.3%
2024-05-29 09:30:00,CRWD,매수,27,85.6678,,,125.78,K몫 매수: 주식층 비중 13.3%
2024-05-29 09:30:00,NVDA,매도,39,112.998,322.61,7.91,4529.49,K몫 제외(주식층 비중 0)
2024-05-31 09:30:00,CRWD,매도,27,82.3988,-91.51,-3.956,6752.63,K몫 제외(주식층 비중 0)
2024-05-31 09:30:00,DAVE,매도,94,47.976,386.19,9.38,11259.08,K몫 제외(주식층 비중 0)
2024-05-31 09:30:00,ISRG,매수,2,404.232,,,10450.05,K몫 매수: 주식층 비중 5.3%
2024-05-31 09:30:00,LLY,매수,1,819.2094,,,9630.27,K몫 매수: 주식층 비중 5.3%
2024-05-31 09:30:00,META,매수,2,466.0329,,,8697.55,K몫 매수: 주식층 비중 5.3%
2024-05-31 09:30:00,SHIP,매도,337,12.3338,37.13,0.903,12851.02,K몫 제외(주식층 비중 0)
2024-06-03 09:30:00,ISRG,매도,2,401.774,-6.07,-0.751,13653.98,K몫 제외(주식층 비중 0)
2024-06-03 09:30:00,LLY,매도,1,823.4181,3.03,0.37,14476.79,K몫 제외(주식층 비중 0)
2024-06-03 09:30:00,META,매도,2,470.6346,7.86,0.844,15417.38,K몫 제외(주식층 비중 0)
2024-06-04 09:30:00,DAVE,매수,107,36.2581,,,11535.04,K몫 매수: 주식층 비중 21.0%
2024-06-04 09:30:00,NVDA,매수,33,115.7749,,,7711.8,K몫 매수: 주식층 비중 21.0%
2024-06-04 09:30:00,SHIP,매수,323,12.026,,,3824.68,K몫 매수: 주식층 비중 21.0%
2024-06-05 09:30:00,MU,매수,29,128.8644,,,84.99,K몫 매수: 주식층 비중 23.3%
2024-06-05 09:30:00,SHIP,매도,323,11.8541,-61.05,-1.572,3911.06,K몫 제외(주식층 비중 0)
2024-06-07 09:30:00,MU,매도,29,130.1449,31.76,0.85,7682.51,K몫 제외(주식층 비중 0)
2024-06-07 09:30:00,SHIP,매수,407,12.006,,,2792.65,K몫 매수: 주식층 비중 26.0%
2024-06-10 09:30:00,MU,매수,21,129.7749,,,65.47,K몫 매수: 주식층 비중 27.1%
2024-06-10 09:30:00,SHIP,매도,407,11.8641,-64.71,-1.324,4890.62,K몫 제외(주식층 비중 0)
2024-06-10 09:35:00,SHIP,매수,236,11.8359,,,2095.39,로테이션 매수: 126일 모멘텀 상위 2
2024-06-12 09:30:00,CRWD,매수,21,97.7013,,,42.22,K몫 매수: 주식층 비중 15.3%
2024-06-12 09:30:00,MU,매도,21,138.1809,172.5,6.33,2941.9,K몫 제외(주식층 비중 0)
2024-06-12 09:30:00,NVDA,매도,33,122.9885,232.41,6.083,6997.56,K몫 제외(주식층 비중 0)
2024-06-13 09:30:00,CRWD,매도,21,96.914,-19.46,-0.948,9031.27,K몫 제외(주식층 비중 0)
2024-06-13 09:30:00,WDC,매수,61,59.7426,,,5384.42,K몫 매수: 주식층 비중 19.6%
2024-06-14 09:30:00,MU,매수,34,141.6708,,,564.24,K몫 매수: 주식층 비중 26.0%
2024-06-14 09:30:00,NVDA,매수,4,130.005,,,43.85,K몫 매수: 주식층 비중 26.0%
2024-06-14 09:30:00,WDC,매도,61,59.0068,-50.07,-1.374,3640.64,K몫 제외(주식층 비중 0)
2024-06-17 09:30:00,AMD,매수,1,158.079,,,3482.45,K몫 매수: 주식층 비중 1.1%
2024-06-17 09:30:00,AVGO,매수,1,179.9899,,,3302.33,K몫 매수: 주식층 비중 1.2%
2024-06-17 09:30:00,CRDO,매수,8,28.9645,,,3070.45,K몫 매수: 주식층 비중 1.3%
2024-06-17 09:30:00,CRWD,매수,23,95.6778,,,868.32,K몫 매수: 주식층 비중 12.1%
2024-06-17 09:30:00,DAL,매수,1,48.6343,,,819.66,K몫 매수: 주식층 비중 0.3%
2024-06-17 09:30:00,GOOGL,매수,1,175.4077,,,644.13,K몫 매수: 주식층 비중 1.3%
2024-06-17 09:30:00,KO,매수,4,62.4012,,,394.35,K몫 매수: 주식층 비중 1.5%
2024-06-17 09:30:00,LRCX,매수,3,103.3657,,,84.03,K몫 매수: 주식층 비중 1.8%
2024-06-17 09:30:00,NET,매수,1,77.0685,,,6.91,K몫 매수: 주식층 비중 2.0%
2024-06-25 15:59:59,MU,매도,34,141.0195,-29.02,-0.602,4798.07,실적 발표 전 청산
2024-06-26 09:30:00,AMD,매도,1,160.4397,2.13,1.349,4958.39,K몫 제외(주식층 비중 0)
2024-06-26 09:30:00,AVGO,매도,1,159.7001,-20.53,-11.408,5117.98,K몫 제외(주식층 비중 0)
2024-06-26 09:30:00,CRDO,매도,8,29.2254,1.75,0.757,5351.61,K몫 제외(주식층 비중 0)
2024-06-26 09:30:00,CROX,매수,8,151.8259,,,4136.15,K몫 매수: 주식층 비중 7.2%
2024-06-26 09:30:00,LRCX,매도,3,105.3073,5.38,1.734,4451.84,K몫 제외(주식층 비중 0)
2024-06-26 09:30:00,NVDA,매도,4,126.0869,-16.4,-3.155,4955.82,K몫 제외(주식층 비중 0)
2024-06-26 09:30:00,RTX,매수,1,100.9805,,,4854.77,K몫 매수: 주식층 비중 0.8%
2024-06-26 09:30:00,SHOP,매수,5,65.2326,,,4528.38,K몫 매수: 주식층 비중 2.0%
2024-06-26 09:30:00,STX,매수,3,103.6718,,,4217.15,K몫 매수: 주식층 비중 2.2%
2024-06-26 09:30:00,USB,매수,1,39.7299,,,4177.39,K몫 매수: 주식층 비중 0.3%
2024-06-26 09:30:00,VZ,매수,10,41.0205,,,3766.9,K몫 매수: 주식층 비중 2.3%
2024-06-26 09:30:00,WDC,매수,7,58.1092,,,3359.85,K몫 매수: 주식층 비중 2.3%
2024-06-28 09:30:00,AMD,매수,1,160.2001,,,3199.54,K몫 매수: 주식층 비중 1.1%
2024-06-28 09:30:00,AVGO,매수,2,159.6678,,,2879.98,K몫 매수: 주식층 비중 2.3%
2024-06-28 09:30:00,CRDO,매수,58,31.5157,,,1050.78,K몫 매수: 주식층 비중 10.6%
2024-06-28 09:30:00,LRCX,매수,2,106.5583,,,837.52,K몫 매수: 주식층 비중 1.7%
2024-06-28 09:30:00,NVDA,매수,6,124.6373,,,89.17,K몫 매수: 주식층 비중 11.6%
2024-07-03 09:30:00,INCY,매수,1,59.2496,,,29.88,K몫 매수: 주식층 비중 0.4%
2024-07-05 09:30:00,INCY,매도,1,57.4513,-1.88,-3.176,87.29,K몫 제외(주식층 비중 0)
2024-07-10 09:30:00,DAL,매도,1,47.1064,-1.6,-3.282,134.36,K몫 제외(주식층 비중 0)
2024-07-10 09:30:00,KO,매도,4,62.6886,0.79,0.317,384.93,K몫 제외(주식층 비중 0)
2024-07-10 09:30:00,ORCL,매수,2,141.1906,,,102.35,K몫 매수: 주식층 비중 2.1%
2024-07-11 09:30:00,DAVE,매도,107,35.6822,-67.13,-1.73,3917.56,K몫 제외(주식층 비중 0)
2024-07-11 09:35:08,DAVE,매수,77,35.5255,,,1180.18,로테이션 매수: 126일 모멘텀 상위 2
2024-07-12 09:30:00,KO,매수,5,63.4917,,,862.5,K몫 매수: 주식층 비중 1.8%
2024-07-15 09:30:00,PANW,매수,2,166.6133,,,529.04,K몫 매수: 주식층 비중 2.3%
2024-07-16 09:30:00,AMD,매도,1,179.6251,19.18,11.974,708.54,K몫 제외(주식층 비중 0)
2024-07-16 09:30:00,AVGO,매도,2,172.3338,24.86,7.784,1052.95,K몫 제외(주식층 비중 0)
2024-07-16 09:30:00,CRDO,매도,58,33.1234,90.56,4.954,2972.71,K몫 제외(주식층 비중 0)
2024-07-16 09:30:00,CROX,매도,8,136.0519,-127.84,-10.525,4060.33,K몫 제외(주식층 비중 0)
2024-07-16 09:30:00,CRWD,매도,23,94.5127,-29.92,-1.36,6232.53,K몫 제외(주식층 비중 0)
2024-07-16 09:30:00,DAVE,매도,77,39.1604,275.78,10.082,9245.69,로테이션 제외(모멘텀 순위 밖 또는 국면 0)
2024-07-16 09:30:00,GOOGL,매도,1,187.3013,11.63,6.633,9432.85,K몫 제외(주식층 비중 0)
2024-07-16 09:30:00,KO,매도,5,63.3983,-0.92,-0.29,9749.61,K몫 제외(주식층 비중 0)
2024-07-16 09:30:00,LRCX,매도,2,107.3463,1.27,0.596,9964.15,K몫 제외(주식층 비중 0)
2024-07-16 09:30:00,NET,매도,1,83.7381,6.55,8.505,10047.82,K몫 제외(주식층 비중 0)
2024-07-16 09:30:00,NVDA,매도,6,128.3458,21.17,2.83,10817.34,K몫 제외(주식층 비중 0)
2024-07-16 09:30:00,ORCL,매도,2,143.388,3.99,1.412,11103.9,K몫 제외(주식층 비중 0)
2024-07-16 09:30:00,PANW,매도,2,170.7584,7.81,2.343,11445.17,K몫 제외(주식층 비중 0)
2024-07-16 09:30:00,RTX,매도,1,101.8191,0.69,0.687,11546.91,K몫 제외(주식층 비중 0)
2024-07-16 09:30:00,SHIP,매도,236,9.6652,-515.92,-18.47,13826.23,로테이션 제외(모멘텀 순위 밖 또는 국면 0)
2024-07-16 09:30:00,SHOP,매도,5,67.2264,9.5,2.911,14162.11,K몫 제외(주식층 비중 0)
2024-07-16 09:30:00,STX,매도,3,109.2454,16.26,5.229,14489.61,K몫 제외(주식층 비중 0)
2024-07-16 09:30:00,USB,매도,1,42.5587,2.77,6.972,14532.14,K몫 제외(주식층 비중 0)
2024-07-16 09:30:00,VZ,매도,10,40.8296,-2.49,-0.608,14940.14,K몫 제외(주식층 비중 0)
2024-07-16 09:30:00,WDC,매도,7,59.1088,6.41,1.576,15353.6,K몫 제외(주식층 비중 0)
2024-07-29 09:30:00,DAVE,매수,76,36.3181,,,12591.48,로테이션 매수: 126일 모멘텀 상위 2
2024-07-29 09:30:00,NEM,매수,105,47.2136,,,7630.59,K몫 매수: 주식층 비중 27.1%
2024-07-29 09:30:00,NVDA,매수,24,113.6977,,,4899.93,로테이션 매수: 126일 모멘텀 상위 2
2024-07-30 09:30:00,GS,매수,3,498.5592,,,3403.21,K몫 매수: 주식층 비중 10.7%
2024-07-31 09:30:00,CRWD,매수,40,58.6968,,,1053.69,K몫 매수: 주식층 비중 13.3%
2024-07-31 09:30:00,GS,매도,3,504.6076,15.99,1.069,2566.41,K몫 제외(주식층 비중 0)
2024-07-31 09:30:00,NEM,매도,105,48.2059,97.03,1.957,7624.33,K몫 제외(주식층 비중 0)
2024-07-31 09:30:00,PANW,매수,15,160.4027,,,5216.61,K몫 매수: 주식층 비중 13.3%
2024-08-01 09:30:00,CRWD,매도,40,57.971,-32.37,-1.379,7533.75,K몫 제외(주식층 비중 0)
2024-08-01 09:30:00,GS,매수,4,510.255,,,5491.31,K몫 매수: 주식층 비중 11.3%
2024-08-01 09:30:00,NEM,매수,42,49.2746,,,3420.32,K몫 매수: 주식층 비중 11.3%
2024-08-01 09:30:00,PANW,매도,15,161.6241,14.87,0.618,5842.91,K몫 제외(주식층 비중 0)
2024-08-02 09:30:00,DAVE,매도,76,33.4932,-218.48,-7.916,8386.54,로테이션 제외(모멘텀 순위 밖 또는 국면 0)
2024-08-02 09:30:00,GS,매도,4,490.8545,-80.46,-3.942,10348.53,K몫 제외(주식층 비중 0)
2024-08-02 09:30:00,NEM,매도,42,49.975,26.43,1.277,12445.95,K몫 제외(주식층 비중 0)
2024-08-02 09:30:00,NVDA,매도,24,103.8181,-240.84,-8.826,14935.76,로테이션 제외(모멘텀 순위 밖 또는 국면 0)
2024-08-05 09:30:00,AVGO,매수,34,128.9344,,,10548.92,K몫 매수: 주식층 비중 24.8%
2024-08-05 09:30:00,CRDO,매수,197,22.5313,,,6107.16,K몫 매수: 주식층 비중 24.8%
2024-08-05 09:30:00,NVDA,매수,29,92.106,,,3434.21,로테이션 매수: 126일 모멘텀 상위 2
2024-08-07 09:30:00,DAVE,매수,91,32.7664,,,450.38,로테이션 매수: 126일 모멘텀 상위 2
2024-08-14 09:30:00,AMD,매수,3,143.0715,,,20.87,K몫 매수: 주식층 비중 2.2%
2024-08-15 09:30:00,SHIP,매수,1,10.8554,,,10.01,K몫 매수: 주식층 비중 9.4%
2024-08-27 15:59:59,NVDA,매도,29,128.2758,1044.34,39.098,3727.29,실적 발표 전 청산
2024-08-28 09:30:00,AMD,매도,3,149.3253,18.13,4.225,4174.94,K몫 제외(주식층 비중 0)
2024-08-28 09:30:00,AVGO,매도,34,160.0,1049.19,23.933,9610.97,K몫 제외(주식층 비중 0)
2024-08-28 09:30:00,CRDO,매도,197,34.9425,2436.89,54.901,16489.62,K몫 제외(주식층 비중 0)
2024-08-28 09:30:00,DAL,매수,1,40.8004,,,16448.79,K몫 매수: 주식층 비중 0.2%
2024-08-28 09:30:00,DDOG,매수,3,115.5577,,,16101.87,K몫 매수: 주식층 비중 1.5%
2024-08-28 09:30:00,FCX,매수,1,44.072,,,16057.77,K몫 매수: 주식층 비중 0.2%
2024-08-28 09:30:00,GOOGL,매수,2,165.0825,,,15727.37,K몫 매수: 주식층 비중 1.5%
2024-08-28 09:30:00,INCY,매수,1,65.5528,,,15661.77,K몫 매수: 주식층 비중 0.3%
2024-08-28 09:30:00,KO,매수,4,71.6458,,,15374.99,K몫 매수: 주식층 비중 1.4%
2024-08-28 09:30:00,LLY,매수,1,954.6271,,,14419.69,K몫 매수: 주식층 비중 5.9%
2024-08-28 09:30:00,META,매수,3,517.8188,,,12865.15,K몫 매수: 주식층 비중 7.8%
2024-08-28 09:30:00,NEM,매수,1,52.076,,,12813.04,K몫 매수: 주식층 비중 0.3%
2024-08-28 09:30:00,NET,매수,6,80.5903,,,12329.16,K몫 매수: 주식층 비중 2.1%
2024-08-28 09:30:00,ORCL,매수,4,138.8994,,,11773.17,K몫 매수: 주식층 비중 2.4%
2024-08-28 09:30:00,PEP,매수,1,175.6378,,,11597.41,K몫 매수: 주식층 비중 0.9%
2024-08-28 09:30:00,STX,매수,5,100.06,,,11096.76,K몫 매수: 주식층 비중 2.5%
2024-08-28 09:30:00,USB,매수,1,45.5928,,,11051.14,K몫 매수: 주식층 비중 0.4%
2024-08-28 09:30:00,WDC,매수,11,47.0454,,,10533.27,K몫 매수: 주식층 비중 2.4%
2024-08-29 09:30:00,DDOG,매도,3,115.2224,-1.5,-0.433,10878.69,K몫 제외(주식층 비중 0)
2024-08-29 09:30:00,NET,매도,6,80.3998,-1.83,-0.379,11360.74,K몫 제외(주식층 비중 0)
2024-08-29 09:30:00,NVDA,매수,29,121.4157,,,7837.22,로테이션 매수: 126일 모멘텀 상위 2
2024-08-29 09:30:00,ORCL,매도,4,139.0704,-0.11,-0.02,8393.09,K몫 제외(주식층 비중 0)
2024-08-29 09:30:00,RTX,매수,6,121.1505,,,7665.68,K몫 매수: 주식층 비중 3.6%
2024-08-29 09:30:00,STX,매도,5,99.0105,-5.96,-1.191,8160.37,K몫 제외(주식층 비중 0)
2024-08-29 09:30:00,WDC,매도,11,47.7992,7.55,1.458,8685.78,K몫 제외(주식층 비중 0)
2024-08-30 09:30:00,CDNS,매수,1,269.2646,,,8416.32,K몫 매수: 주식층 비중 1.2%
2024-08-30 09:30:00,FTNT,매수,4,76.5382,,,8109.96,K몫 매수: 주식층 비중 1.5%
2024-08-30 09:30:00,ISRG,매수,2,489.4046,,,7130.46,K몫 매수: 주식층 비중 5.6%
2024-08-30 09:30:00,MSFT,매수,1,416.044,,,6714.13,K몫 매수: 주식층 비중 2.3%
2024-08-30 09:30:00,PANW,매수,3,179.2346,,,6176.05,K몫 매수: 주식층 비중 2.4%
2024-08-30 09:30:00,SHOP,매수,7,73.5868,,,5660.58,K몫 매수: 주식층 비중 2.2%
2024-09-03 09:30:00,AMGN,매수,1,332.0409,,,5328.31,K몫 매수: 주식층 비중 2.0%
2024-09-03 09:30:00,CDNS,매도,1,266.7566,-2.89,-1.074,5594.87,K몫 제외(주식층 비중 0)
2024-09-03 09:30:00,DAL,매도,1,42.0789,1.22,2.988,5636.92,K몫 제외(주식층 비중 0)
2024-09-03 09:30:00,FCX,매도,1,42.3388,-1.79,-4.073,5679.22,K몫 제외(주식층 비중 0)
2024-09-03 09:30:00,FTNT,매도,4,76.2369,-1.64,-0.536,5983.95,K몫 제외(주식층 비중 0)
2024-09-03 09:30:00,MSFT,매도,1,417.781,1.14,0.274,6401.43,K몫 제외(주식층 비중 0)
2024-09-03 09:30:00,NEM,매도,1,52.4438,0.29,0.563,6453.83,K몫 제외(주식층 비중 0)
2024-09-03 09:30:00,PANW,매도,3,178.983,-1.52,-0.283,6990.39,K몫 제외(주식층 비중 0)
2024-09-03 09:30:00,RTX,매도,6,123.0584,10.4,1.431,7728.2,K몫 제외(주식층 비중 0)
2024-09-03 09:30:00,SHIP,매도,1,11.3143,0.44,4.081,7739.51,K몫 제외(주식층 비중 0)
2024-09-03 09:30:00,SHOP,매도,7,73.1134,-4.05,-0.786,8250.93,K몫 제외(주식층 비중 0)
2024-09-03 09:30:00,USB,매도,1,47.2514,1.59,3.492,8298.14,K몫 제외(주식층 비중 0)
2024-09-04 09:30:00,AMGN,매도,1,327.836,-4.68,-1.408,8625.74,K몫 제외(주식층 비중 0)
2024-09-04 09:30:00,CDNS,매수,1,248.7743,,,8376.79,K몫 매수: 주식층 비중 1.9%
2024-09-04 09:30:00,DDOG,매수,4,110.8254,,,7933.18,K몫 매수: 주식층 비중 2.4%
2024-09-04 09:30:00,FTNT,매수,31,76.5883,,,5557.28,K몫 매수: 주식층 비중 10.4%
2024-09-04 09:30:00,GOOGL,매도,2,156.5517,-17.52,-5.307,5870.16,K몫 제외(주식층 비중 0)
2024-09-04 09:30:00,INCY,매도,1,66.3868,0.74,1.128,5936.49,K몫 제외(주식층 비중 0)
2024-09-04 09:30:00,ISRG,매도,2,480.7195,-18.76,-1.916,6897.23,K몫 제외(주식층 비중 0)
2024-09-04 09:30:00,KO,매도,4,73.2634,6.06,2.113,7190.07,K몫 제외(주식층 비중 0)
2024-09-04 09:30:00,LLY,매도,1,949.2751,-6.71,-0.703,8138.65,K몫 제외(주식층 비중 0)
2024-09-04 09:30:00,META,매도,3,506.0769,-37.42,-2.409,9655.77,K몫 제외(주식층 비중 0)
2024-09-04 09:30:00,MSFT,매수,2,405.48,,,8844.25,K몫 매수: 주식층 비중 3.6%
2024-09-04 09:30:00,NET,매수,10,77.0385,,,8073.32,K몫 매수: 주식층 비중 3.3%
2024-09-04 09:30:00,ORCL,매수,19,138.5092,,,5439.81,K몫 매수: 주식층 비중 11.9%
2024-09-04 09:30:00,PANW,매수,4,171.7358,,,4752.38,K몫 매수: 주식층 비중 3.6%
2024-09-04 09:30:00,PEP,매도,1,177.811,1.92,1.093,4930.06,K몫 제외(주식층 비중 0)
2024-09-04 09:30:00,SHOP,매수,11,70.8954,,,4149.67,K몫 매수: 주식층 비중 3.6%
2024-09-04 09:30:00,STX,매수,28,96.148,,,1455.64,K몫 매수: 주식층 비중 11.9%
2024-09-04 09:30:00,WDC,매수,31,46.8564,,,2.07,K몫 매수: 주식층 비중 11.7%
2024-09-06 15:59:59,ORCL,매도,19,141.7891,58.51,2.223,2694.1,실적 발표 전 청산
2024-09-09 09:30:00,AMD,매수,3,136.128,,,2285.43,K몫 매수: 주식층 비중 1.9%
2024-09-09 09:30:00,DDOG,매도,4,108.2159,-11.06,-2.496,2717.98,K몫 제외(주식층 비중 0)
2024-09-09 09:30:00,LRCX,매수,8,74.3386,,,2122.85,K몫 매수: 주식층 비중 2.8%
2024-09-09 09:30:00,MU,매수,24,87.9089,,,11.56,K몫 매수: 주식층 비중 10.6%
2024-09-09 09:30:00,NET,매도,10,76.9715,-1.77,-0.23,780.71,K몫 제외(주식층 비중 0)
2024-09-09 09:30:00,STX,매도,28,99.4503,88.54,3.289,3563.29,K몫 제외(주식층 비중 0)
2024-09-09 09:30:00,WDC,매도,31,46.7793,-4.46,-0.307,5012.39,K몫 제외(주식층 비중 0)
2024-09-11 09:30:00,AAPL,매수,1,221.1105,,,4791.12,K몫 매수: 주식층 비중 1.8%
2024-09-11 09:30:00,DDOG,매수,4,108.084,,,4358.48,K몫 매수: 주식층 비중 2.1%
2024-09-11 09:30:00,NET,매수,9,76.5282,,,3669.25,K몫 매수: 주식층 비중 3.0%
2024-09-11 09:30:00,ORCL,매수,19,156.6883,,,690.09,K몫 매수: 주식층 비중 13.4%
2024-09-11 09:30:00,STX,매수,6,101.7208,,,79.33,K몫 매수: 주식층 비중 13.6%
2024-09-11 09:30:00,WDC,매수,1,47.7639,,,31.54,K몫 매수: 주식층 비중 3.3%
2024-09-12 09:30:00,SHIP,매수,1,10.3452,,,21.18,K몫 매수: 주식층 비중 0.1%
2024-09-24 09:30:00,CDNS,매도,1,274.6226,25.47,10.24,295.61,K몫 제외(주식층 비중 0)
2024-09-24 09:30:00,DAL,매수,1,47.3937,,,248.18,K몫 매수: 주식층 비중 0.2%
2024-09-24 09:30:00,EOG,매수,1,129.4647,,,118.62,K몫 매수: 주식층 비중 0.5%
2024-09-24 09:30:00,FCX,매수,1,48.2041,,,70.39,K몫 매수: 주식층 비중 0.2%
2024-09-24 09:30:00,INCY,매수,1,64.1821,,,6.16,K몫 매수: 주식층 비중 0.3%
2024-09-24 15:59:59,MU,매도,24,93.973,142.41,6.75,2259.86,실적 발표 전 청산
2024-09-25 09:30:00,AMD,매도,3,158.4207,66.25,16.221,2734.78,K몫 제외(주식층 비중 0)
2024-09-25 09:30:00,GOOGL,매수,2,162.081,,,2410.39,K몫 매수: 주식층 비중 1.5%
2024-09-25 09:30:00,KO,매수,4,71.956,,,2122.36,K몫 매수: 주식층 비중 1.3%
2024-09-25 09:30:00,LLY,매수,2,933.2664,,,254.53,K몫 매수: 주식층 비중 8.6%
2024-09-25 09:30:00,LRCX,매도,8,78.8606,35.3,5.935,884.95,K몫 제외(주식층 비중 0)
2024-09-25 09:30:00,NEM,매수,1,55.8079,,,829.1,K몫 매수: 주식층 비중 0.3%
2024-09-25 09:30:00,PEP,매수,1,170.4852,,,658.5,K몫 매수: 주식층 비중 0.9%
2024-09-25 09:30:00,PGR,매수,2,258.5692,,,141.0,K몫 매수: 주식층 비중 8.9%
2024-09-25 09:30:00,RTX,매수,1,120.5703,,,20.34,K몫 매수: 주식층 비중 0.5%
2024-09-30 09:30:00,DDOG,매도,4,114.3728,24.52,5.671,477.5,K몫 제외(주식층 비중 0)
2024-09-30 09:30:00,LRCX,매수,5,82.141,,,66.51,K몫 매수: 주식층 비중 1.7%
2024-09-30 09:30:00,USB,매수,1,45.2926,,,21.18,K몫 매수: 주식층 비중 0.4%
2024-10-07 09:30:00,BTSG,매수,1,14.9775,,,6.19,K몫 매수: 주식층 비중 0.2%
2024-10-07 09:30:00,DAVE,매도,91,43.1484,939.81,31.519,3929.83,로테이션 제외(모멘텀 순위 밖 또는 국면 0)
2024-10-07 09:30:00,DDOG,매수,3,122.4412,,,3562.25,K몫 매수: 주식층 비중 1.6%
2024-10-07 09:30:00,KO,매도,4,70.015,-8.17,-2.838,3842.11,K몫 제외(주식층 비중 0)
2024-10-07 09:30:00,META,매수,5,598.5191,,,847.42,K몫 매수: 주식층 비중 11.7%
2024-10-07 09:30:00,MU,매수,5,102.2811,,,335.65,K몫 매수: 주식층 비중 2.0%
2024-10-07 09:30:00,NVDA,매도,29,124.8875,95.57,2.714,3954.75,로테이션 제외(모멘텀 순위 밖 또는 국면 0)
2024-10-07 09:30:00,PEP,매도,1,167.7461,-2.98,-1.748,4122.37,K몫 제외(주식층 비중 0)
2024-10-07 09:31:49,CRDO,매수,88,32.4035,,,1268.87,K몫 매수: 주식층 비중 11.2%
2024-10-07 09:33:09,AMD,매수,1,171.3386,,,1097.41,K몫 매수: 주식층 비중 1.1%
2024-10-07 09:36:18,NVDA,매수,8,125.0125,,,96.61,K몫 매수: 주식층 비중 12.3%
2024-10-07 09:36:55,DAVE,매수,2,43.2916,,,9.96,K몫 매수: 주식층 비중 10.0%
2024-10-09 09:30:00,DAL,매도,1,50.7746,3.31,6.985,60.7,K몫 제외(주식층 비중 0)
2024-10-10 09:30:00,AAPL,매도,1,227.6661,6.23,2.82,288.2,K몫 제외(주식층 비중 0)
2024-10-10 09:30:00,AMD,매도,1,169.6751,-1.91,-1.113,457.75,K몫 제외(주식층 비중 0)
2024-10-10 09:30:00,BTSG,매도,1,15.0425,0.04,0.291,472.78,K몫 제외(주식층 비중 0)
2024-10-10 09:30:00,CRDO,매도,88,34.8326,209.52,7.348,3535.81,K몫 제외(주식층 비중 0)
2024-10-10 09:30:00,DAVE,매도,2,41.969,-2.77,-3.196,3619.69,K몫 제외(주식층 비중 0)
2024-10-10 09:30:00,DDOG,매도,3,125.1874,7.71,2.098,3994.98,K몫 제외(주식층 비중 0)
2024-10-10 09:30:00,EOG,매도,1,131.8041,2.15,1.663,4126.68,K몫 제외(주식층 비중 0)
2024-10-10 09:30:00,FCX,매도,1,48.8905,0.62,1.28,4175.54,K몫 제외(주식층 비중 0)
2024-10-10 09:30:00,FTNT,매도,31,79.8101,96.41,4.061,6647.85,K몫 제외(주식층 비중 0)
2024-10-10 09:30:00,GOOGL,매도,2,160.7896,-3.04,-0.939,6969.19,K몫 제외(주식층 비중 0)
2024-10-10 09:30:00,INCY,매도,1,65.2674,0.99,1.547,7034.41,K몫 제외(주식층 비중 0)
2024-10-10 09:30:00,LLY,매도,2,919.54,-30.1,-1.613,8872.15,K몫 제외(주식층 비중 0)
2024-10-10 09:30:00,LRCX,매도,5,81.4992,-3.79,-0.924,9279.35,K몫 제외(주식층 비중 0)
2024-10-10 09:30:00,META,매도,5,586.9564,-62.05,-2.073,12211.99,K몫 제외(주식층 비중 0)
2024-10-10 09:30:00,MSFT,매도,2,415.0174,17.9,2.207,13041.41,K몫 제외(주식층 비중 0)
2024-10-10 09:30:00,MU,매도,5,101.3293,-5.49,-1.073,13547.69,K몫 제외(주식층 비중 0)
2024-10-10 09:30:00,NEM,매도,1,52.9635,-2.92,-5.236,13600.62,K몫 제외(주식층 비중 0)
2024-10-10 09:30:00,NET,매도,9,84.5377,71.05,10.315,14360.9,K몫 제외(주식층 비중 0)
2024-10-10 09:30:00,NVDA,매도,8,131.8141,52.94,5.294,15414.64,K몫 제외(주식층 비중 0)
2024-10-10 09:30:00,ORCL,매도,19,177.5612,392.04,13.169,18785.84,K몫 제외(주식층 비중 0)
2024-10-10 09:30:00,PANW,매도,4,179.91,31.69,4.613,19504.96,K몫 제외(주식층 비중 0)
2024-10-10 09:30:00,PGR,매도,2,255.3223,-7.23,-1.398,20015.23,K몫 제외(주식층 비중 0)
2024-10-10 09:30:00,RTX,매도,1,123.5682,2.82,2.342,20138.71,K몫 제외(주식층 비중 0)
2024-10-10 09:30:00,SHIP,매도,1,10.7846,0.42,4.102,20149.48,K몫 제외(주식층 비중 0)
2024-10-10 09:30:00,SHOP,매도,11,82.3188,124.45,15.958,21054.33,K몫 제외(주식층 비중 0)
2024-10-10 09:30:00,STX,매도,6,107.6961,34.95,5.727,21700.03,K몫 제외(주식층 비중 0)
2024-10-10 09:30:00,USB,매도,1,44.8776,-0.48,-1.059,21744.88,K몫 제외(주식층 비중 0)
2024-10-10 09:30:00,WDC,매도,1,48.2185,0.39,0.808,21793.06,K몫 제외(주식층 비중 0)
2024-10-17 09:30:00,BTSG,매수,129,15.7979,,,19753.71,K몫 매수: 주식층 비중 7.8%
2024-10-17 09:30:00,CRDO,매수,103,37.8789,,,15849.45,로테이션 매수: 126일 모멘텀 상위 2
2024-10-17 09:30:00,INCY,매수,30,66.023,,,13867.37,K몫 매수: 주식층 비중 7.8%
2024-10-17 09:30:00,LLY,매수,2,921.4605,,,12023.16,K몫 매수: 주식층 비중 7.8%
2024-10-17 09:30:00,NEM,매수,68,56.8284,,,8156.12,로테이션 매수: 126일 모멘텀 상위 2
2024-10-21 09:30:00,ISRG,매수,4,519.2995,,,6077.47,K몫 매수: 주식층 비중 8.6%
2024-10-21 09:30:00,LLY,매도,2,917.521,-10.51,-0.57,7911.17,K몫 제외(주식층 비중 0)
2024-10-22 09:30:00,BTSG,매도,129,16.082,33.7,1.654,9984.23,K몫 제외(주식층 비중 0)
2024-10-22 09:30:00,CRDO,매도,103,39.7201,183.93,4.714,14072.42,로테이션 제외(모멘텀 순위 밖 또는 국면 0)
2024-10-22 09:30:00,INCY,매도,30,64.9675,-34.47,-1.741,16020.02,K몫 제외(주식층 비중 0)
2024-10-22 09:30:00,ISRG,매도,4,514.7425,-21.19,-1.02,18077.49,K몫 제외(주식층 비중 0)
2024-10-22 09:30:00,NEM,매도,68,57.901,67.36,1.743,22011.88,로테이션 제외(모멘텀 순위 밖 또는 국면 0)
2024-11-05 09:30:00,CRDO,매수,97,40.7754,,,18053.9,로테이션 매수: 126일 모멘텀 상위 2
2024-11-05 09:30:00,NVDA,매수,47,137.4987,,,11586.94,K몫 매수: 주식층 비중 24.6%
2024-11-05 09:30:00,ORCL,매수,38,170.5552,,,5101.3,K몫 매수: 주식층 비중 24.6%
2024-11-05 09:30:00,TSLA,매수,15,247.5237,,,1385.85,로테이션 매수: 126일 모멘텀 상위 2
2024-11-06 09:30:00,ORCL,매도,38,178.4307,289.78,4.471,8161.27,K몫 제외(주식층 비중 0)
2024-11-12 09:30:00,NVDA,매도,47,146.6466,420.4,6.505,15048.63,K몫 제외(주식층 비중 0)
2024-11-12 09:30:00,ORCL,매수,31,188.6343,,,9196.87,K몫 매수: 주식층 비중 19.8%
2024-11-13 09:30:00,CRDO,매도,97,47.0265,600.26,15.176,13755.11,로테이션 제외(모멘텀 순위 밖 또는 국면 0)
2024-11-13 09:30:00,ORCL,매도,31,188.9055,0.04,0.001,19606.91,K몫 제외(주식층 비중 0)
2024-11-13 09:30:00,TSLA,매도,15,335.757,1317.22,35.477,24639.59,로테이션 제외(모멘텀 순위 밖 또는 국면 0)
2024-11-15 09:30:00,AAPL,매수,1,226.033,,,24413.39,K몫 매수: 주식층 비중 1.5%
2024-11-15 09:30:00,AVGO,매수,2,168.5842,,,24075.99,K몫 매수: 주식층 비중 1.1%
2024-11-15 09:30:00,CRDO,매수,107,41.2306,,,19661.23,로테이션 매수: 126일 모멘텀 상위 2
2024-11-15 09:30:00,DAL,매수,39,65.4727,,,17106.0,K몫 매수: 주식층 비중 8.8%
2024-11-15 09:30:00,FTNT,매수,4,94.8474,,,16726.35,K몫 매수: 주식층 비중 1.6%
2024-11-15 09:30:00,KO,매수,5,62.5212,,,16413.52,K몫 매수: 주식층 비중 1.1%
2024-11-15 09:30:00,MSFT,매수,1,420.4601,,,15992.77,K몫 매수: 주식층 비중 2.2%
2024-11-15 09:30:00,MU,매수,5,97.6388,,,15504.23,K몫 매수: 주식층 비중 1.9%
2024-11-15 09:30:00,NET,매수,6,90.4752,,,14961.0,K몫 매수: 주식층 비중 2.0%
2024-11-15 09:30:00,NVDA,매수,21,144.9424,,,11915.08,K몫 매수: 주식층 비중 10.8%
2024-11-15 09:30:00,ORCL,매수,17,184.6123,,,8774.48,K몫 매수: 주식층 비중 10.9%
2024-11-15 09:30:00,PANW,매수,3,193.9565,,,8192.2,K몫 매수: 주식층 비중 2.4%
2024-11-15 09:30:00,PEP,매수,2,164.4122,,,7863.14,K몫 매수: 주식층 비중 1.2%
2024-11-15 09:30:00,RTX,매수,1,118.2091,,,7744.85,K몫 매수: 주식층 비중 0.6%
2024-11-15 09:30:00,SHIP,매수,3,9.0745,,,7717.61,K몫 매수: 주식층 비중 0.1%
2024-11-15 09:30:00,SHOP,매수,6,107.1535,,,7074.24,K몫 매수: 주식층 비중 2.3%
2024-11-15 09:30:00,STX,매수,7,96.1881,,,6400.45,K몫 매수: 주식층 비중 2.5%
2024-11-15 09:30:00,TSLA,매수,14,311.0104,,,2043.26,로테이션 매수: 126일 모멘텀 상위 2
2024-11-15 09:30:00,USB,매수,1,50.2951,,,1992.93,K몫 매수: 주식층 비중 0.2%
2024-11-15 09:30:00,WDC,매수,15,47.2269,,,1284.03,K몫 매수: 주식층 비중 2.4%
2024-11-18 10:01:34,FCX,매수,1,42.8347,,,1241.16,K몫 매수: 주식층 비중 0.1%
2024-11-19 15:59:59,NVDA,매도,21,146.9165,37.07,1.218,4324.16,실적 발표 전 청산
2024-11-19 15:59:59,PANW,매도,3,193.933,-0.9,-0.155,4905.53,실적 발표 전 청산
2024-11-20 09:30:00,AVGO,매도,2,165.4572,-6.73,-1.997,5236.2,K몫 제외(주식층 비중 0)
2024-11-20 09:30:00,DASH,매수,10,175.8579,,,3476.39,K몫 매수: 주식층 비중 6.0%
2024-11-20 09:30:00,FTNT,매도,4,90.9845,-15.98,-4.213,3840.07,K몫 제외(주식층 비중 0)
2024-11-20 09:30:00,MU,매도,5,97.881,0.51,0.105,4329.11,K몫 제외(주식층 비중 0)
2024-11-21 09:30:00,GS,매수,3,586.8033,,,2567.47,K몫 매수: 주식층 비중 5.8%
2024-11-22 09:30:00,AVGO,매수,4,163.8769,,,1911.5,K몫 매수: 주식층 비중 2.3%
2024-11-22 09:30:00,FTNT,매수,5,94.3672,,,1439.34,K몫 매수: 주식층 비중 1.6%
2024-11-22 09:30:00,MDB,매수,1,325.1525,,,1113.96,K몫 매수: 주식층 비중 1.7%
2024-11-22 09:30:00,MU,매수,5,102.4112,,,601.54,K몫 매수: 주식층 비중 2.0%
2024-11-22 09:30:00,NVDA,매수,4,145.983,,,17.2,K몫 매수: 주식층 비중 11.3%
2024-11-25 09:30:00,PEP,매도,2,162.6186,-4.05,-1.233,342.2,K몫 제외(주식층 비중 0)
2024-11-25 09:30:00,ROST,매수,1,148.9044,,,193.19,K몫 매수: 주식층 비중 0.5%
2024-11-25 09:33:20,NEM,매수,1,41.8142,,,151.35,K몫 매수: 주식층 비중 0.1%
2024-11-26 09:30:00,BTSG,매수,7,18.9395,,,18.68,K몫 매수: 주식층 비중 8.8%
2024-11-26 09:30:00,FTNT,매도,5,93.923,-2.89,-0.613,487.95,K몫 제외(주식층 비중 0)
2024-11-27 09:30:00,CDNS,매수,1,308.3741,,,179.36,K몫 매수: 주식층 비중 1.3%
2024-11-29 09:30:00,FTNT,매수,1,94.4622,,,84.84,K몫 매수: 주식층 비중 1.7%
2024-12-02 09:30:00,AVGO,매도,4,163.0085,-4.41,-0.673,736.39,K몫 제외(주식층 비중 0)
2024-12-02 09:30:00,MNST,매수,4,27.6988,,,625.52,K몫 매수: 주식층 비중 0.4%
2024-12-02 09:30:00,MU,매도,5,97.7811,-23.87,-4.661,1114.07,K몫 제외(주식층 비중 0)
2024-12-02 09:30:00,NVDA,매도,4,138.7706,-29.66,-5.08,1668.75,K몫 제외(주식층 비중 0)
2024-12-02 09:30:00,PANW,매수,4,195.3026,,,886.99,K몫 매수: 주식층 비중 2.6%
2024-12-02 15:59:59,CRDO,매도,107,47.7261,688.2,15.6,5989.96,실적 발표 전 청산
2024-12-03 09:30:00,CDNS,매도,1,306.5966,-2.22,-0.719,6296.33,K몫 제외(주식층 비중 0)
2024-12-03 09:30:00,MSFT,매도,1,429.6251,8.56,2.035,6725.64,K몫 제외(주식층 비중 0)
2024-12-03 09:30:00,SHOP,매도,6,112.6936,32.3,5.023,7401.31,K몫 제외(주식층 비중 0)
2024-12-03 09:31:44,CRDO,매수,72,64.2821,,,2769.76,로테이션 매수: 126일 모멘텀 상위 2
2024-12-05 09:30:00,AVGO,매수,4,170.8354,,,2085.94,K몫 매수: 주식층 비중 2.4%
2024-12-05 09:30:00,CDNS,매수,1,318.6592,,,1767.05,K몫 매수: 주식층 비중 1.4%
2024-12-05 09:30:00,MRVL,매수,5,116.6083,,,1183.6,K몫 매수: 주식층 비중 1.9%
2024-12-05 09:30:00,MSFT,매수,1,438.139,,,745.16,K몫 매수: 주식층 비중 2.4%
2024-12-05 09:30:00,MU,매수,6,103.8219,,,121.79,K몫 매수: 주식층 비중 2.1%
2024-12-05 09:30:00,SHOP,매수,1,113.4867,,,8.23,K몫 매수: 주식층 비중 2.3%
2024-12-06 15:59:59,ORCL,매도,17,191.5842,113.95,3.631,3262.78,실적 발표 전 청산
2024-12-06 15:59:59,MDB,매도,1,343.2283,17.6,5.412,3605.76,실적 발표 전 청산
2024-12-09 09:30:00,AAPL,매도,1,241.7091,15.34,6.787,3847.29,K몫 제외(주식층 비중 0)
2024-12-09 09:30:00,MNST,매도,4,26.2319,-6.02,-5.435,3952.14,K몫 제외(주식층 비중 0)
2024-12-09 09:30:00,NET,매도,6,112.9035,133.7,24.628,4629.07,K몫 제외(주식층 비중 0)
2024-12-09 09:30:00,NVDA,매수,22,139.057,,,1567.67,K몫 매수: 주식층 비중 9.3%
2024-12-09 09:30:00,STX,매도,7,98.3808,14.37,2.135,2255.83,K몫 제외(주식층 비중 0)
2024-12-09 09:30:00,WDC,매도,15,53.624,94.87,13.392,3059.61,K몫 제외(주식층 비중 0)
2024-12-10 09:30:00,MNST,매수,4,26.4682,,,2953.66,K몫 매수: 주식층 비중 0.3%
2024-12-11 09:30:00,AAPL,매수,2,248.069,,,2457.17,K몫 매수: 주식층 비중 1.6%
2024-12-11 09:30:00,NET,매수,6,112.4512,,,1781.99,K몫 매수: 주식층 비중 2.2%
2024-12-11 09:30:00,STX,매수,8,97.8989,,,998.25,K몫 매수: 주식층 비중 2.5%
2024-12-11 09:30:00,WDC,매수,14,52.6189,,,261.07,K몫 매수: 주식층 비중 2.4%
2024-12-11 15:59:59,AVGO,매도,4,183.0484,47.84,7.001,992.73,실적 발표 전 청산
2024-12-12 09:30:00,MNST,매도,4,26.1469,-1.44,-1.356,1097.25,K몫 제외(주식층 비중 0)
2024-12-12 09:30:00,MRVL,매도,5,110.4747,-31.48,-5.399,1649.22,K몫 제외(주식층 비중 0)
2024-12-12 09:30:00,MU,매도,6,101.5392,-14.58,-2.34,2258.01,K몫 제외(주식층 비중 0)
2024-12-12 09:30:00,NVDA,매도,22,137.0315,-48.9,-1.599,5270.5,K몫 제외(주식층 비중 0)
2024-12-13 09:30:00,MNST,매수,4,26.1631,,,5165.77,K몫 매수: 주식층 비중 0.3%
2024-12-16 09:30:00,AVGO,매수,16,231.9059,,,1452.68,K몫 매수: 주식층 비중 11.5%
2024-12-16 09:30:00,MRVL,매수,5,122.5713,,,839.4,K몫 매수: 주식층 비중 1.9%
2024-12-16 09:30:00,MU,매수,6,105.7929,,,204.19,K몫 매수: 주식층 비중 2.1%
2024-12-16 09:30:00,NVDA,매수,1,134.2321,,,69.87,K몫 매수: 주식층 비중 2.4%
2024-12-17 09:30:00,MNST,매도,4,26.002,-0.79,-0.758,173.8,K몫 제외(주식층 비중 0)
2024-12-17 09:30:56,DAVE,매수,1,103.9945,,,69.73,K몫 매수: 주식층 비중 8.6%
2024-12-17 15:59:59,MU,매도,6,108.5857,15.84,2.495,720.77,실적 발표 전 청산
2024-12-18 09:30:00,AVGO,매도,16,239.4302,115.0,3.099,4548.86,K몫 제외(주식층 비중 0)
2024-12-18 09:30:00,MRVL,매도,5,112.4438,-51.48,-8.4,5110.67,K몫 제외(주식층 비중 0)
2024-12-18 09:30:00,NOW,매수,3,223.6098,,,4439.37,K몫 매수: 주식층 비중 2.1%
2024-12-18 09:30:00,NVDA,매도,1,133.8031,-0.62,-0.462,4573.07,K몫 제외(주식층 비중 0)
2024-12-20 09:30:00,AVGO,매수,3,220.4702,,,3911.2,K몫 매수: 주식층 비중 2.3%
2024-12-20 09:30:00,MRVL,매수,6,108.054,,,3262.42,K몫 매수: 주식층 비중 2.3%
2024-12-20 09:30:00,NVDA,매수,5,129.8749,,,2612.59,K몫 매수: 주식층 비중 2.4%
2024-12-20 09:30:00,VZ,매수,3,39.95,,,2492.66,K몫 매수: 주식층 비중 0.5%
2024-12-23 09:30:00,AAPL,매도,2,254.6426,12.43,2.505,3001.57,K몫 제외(주식층 비중 0)
2024-12-23 09:30:00,AVGO,매도,3,226.5767,17.36,2.625,3680.81,K몫 제외(주식층 비중 0)
2024-12-23 09:30:00,BTSG,매도,7,16.9815,-13.89,-10.473,3799.59,K몫 제외(주식층 비중 0)
2024-12-23 09:30:00,CDNS,매도,1,302.3437,-16.76,-5.259,4101.71,K몫 제외(주식층 비중 0)
2024-12-23 09:30:00,CRDO,매도,72,69.7651,387.87,8.38,9121.13,로테이션 제외(모멘텀 순위 밖 또는 국면 0)
2024-12-23 09:30:00,DAL,매도,39,60.5697,-194.73,-7.626,11481.63,K몫 제외(주식층 비중 0)
2024-12-23 09:30:00,DASH,매도,10,170.9545,-51.51,-2.929,13189.92,K몫 제외(주식층 비중 0)
2024-12-23 09:30:00,DAVE,매도,1,88.9155,-15.22,-14.632,13278.77,K몫 제외(주식층 비중 0)
2024-12-23 09:30:00,FCX,매도,1,38.9005,-3.99,-9.321,13317.65,K몫 제외(주식층 비중 0)
2024-12-23 09:30:00,FTNT,매도,1,96.8216,2.22,2.353,13414.4,K몫 제외(주식층 비중 0)
2024-12-23 09:30:00,GS,매도,3,564.7175,-68.73,-3.904,15107.31,K몫 제외(주식층 비중 0)
2024-12-23 09:30:00,KO,매도,5,62.4688,-0.71,-0.227,15419.43,K몫 제외(주식층 비중 0)
2024-12-23 09:30:00,MRVL,매도,6,112.0739,23.17,3.575,16091.38,K몫 제외(주식층 비중 0)
2024-12-23 09:30:00,MSFT,매도,1,436.4717,-2.29,-0.523,16527.53,K몫 제외(주식층 비중 0)
2024-12-23 09:30:00,NEM,매도,1,37.991,-3.88,-9.28,16565.5,K몫 제외(주식층 비중 0)
2024-12-23 09:30:00,NET,매도,6,112.1039,-3.05,-0.452,17237.63,K몫 제외(주식층 비중 0)
2024-12-23 09:30:00,NOW,매도,3,217.0914,-20.5,-3.056,17888.43,K몫 제외(주식층 비중 0)
2024-12-23 09:30:00,NVDA,매도,5,136.2119,30.73,4.733,18568.99,K몫 제외(주식층 비중 0)
2024-12-23 09:30:00,PANW,매도,4,187.364,-32.85,-4.205,19317.9,K몫 제외(주식층 비중 0)
2024-12-23 09:30:00,ROST,매도,1,147.7361,-1.38,-0.927,19465.53,K몫 제외(주식층 비중 0)
2024-12-23 09:30:00,RTX,매도,1,116.1319,-2.24,-1.899,19581.58,K몫 제외(주식층 비중 0)
2024-12-23 09:30:00,SHIP,매도,3,6.9711,-6.34,-23.305,19602.47,K몫 제외(주식층 비중 0)
2024-12-23 09:30:00,SHOP,매도,1,108.4757,-5.17,-4.555,19710.87,K몫 제외(주식층 비중 0)
2024-12-23 09:30:00,STX,매도,8,87.4163,-84.92,-10.843,20409.69,K몫 제외(주식층 비중 0)
2024-12-23 09:30:00,TSLA,매도,14,430.747,1668.86,38.328,26435.75,로테이션 제외(모멘텀 순위 밖 또는 국면 0)
2024-12-23 09:30:00,USB,매도,1,47.5162,-2.85,-5.664,26483.23,K몫 제외(주식층 비중 0)
2024-12-23 09:30:00,VZ,매도,3,39.91,-0.29,-0.243,26602.87,K몫 제외(주식층 비중 0)
2024-12-23 09:30:00,WDC,매도,14,45.3364,-102.93,-13.973,27237.12,K몫 제외(주식층 비중 0)
2025-01-27 09:30:00,AAPL,매수,4,224.142,,,26339.92,K몫 매수: 주식층 비중 2.8%
2025-01-27 09:30:00,AVGO,매수,3,212.2861,,,25702.62,K몫 매수: 주식층 비중 2.1%
2025-01-27 09:30:00,BTSG,매수,139,22.5613,,,22564.4,K몫 매수: 주식층 비중 9.7%
2025-01-27 09:30:00,CDNS,매수,1,307.4487,,,22256.74,K몫 매수: 주식층 비중 1.2%
2025-01-27 09:30:00,CRDO,매수,71,68.2401,,,17408.3,로테이션 매수: 126일 모멘텀 상위 2
2025-01-27 09:30:00,DAL,매수,1,66.3632,,,17341.89,K몫 매수: 주식층 비중 0.3%
2025-01-27 09:30:00,DAVE,매수,56,86.043,,,12520.11,로테이션 매수: 126일 모멘텀 상위 2
2025-01-27 09:30:00,EOG,매수,1,132.096,,,12387.92,K몫 매수: 주식층 비중 0.6%
2025-01-27 09:30:00,FTNT,매수,5,94.898,,,11913.1,K몫 매수: 주식층 비중 1.5%
2025-01-27 09:30:00,KO,매수,8,62.9014,,,11409.54,K몫 매수: 주식층 비중 1.7%
2025-01-27 09:30:00,MRVL,매수,7,108.084,,,10652.42,K몫 매수: 주식층 비중 2.3%
2025-01-27 09:30:00,MSFT,매수,1,424.4221,,,10227.7,K몫 매수: 주식층 비중 2.1%
2025-01-27 09:30:00,NEM,매수,1,41.6608,,,10186.01,K몫 매수: 주식층 비중 0.2%
2025-01-27 09:30:00,NET,매수,4,121.8109,,,9698.42,K몫 매수: 주식층 비중 1.8%
2025-01-27 09:30:00,NOW,매수,3,223.5947,,,9027.17,K몫 매수: 주식층 비중 2.7%
2025-01-27 09:30:00,NVDA,매수,6,124.8524,,,8277.53,K몫 매수: 주식층 비중 2.5%
2025-01-27 09:30:00,ORCL,매수,3,168.9844,,,7770.22,K몫 매수: 주식층 비중 1.9%
2025-01-27 09:30:00,PANW,매수,4,185.1425,,,7029.14,K몫 매수: 주식층 비중 2.6%
2025-01-27 09:30:00,ROST,매수,1,148.3041,,,6880.73,K몫 매수: 주식층 비중 0.8%
2025-01-27 09:30:00,SHOP,매수,7,104.5022,,,6148.7,K몫 매수: 주식층 비중 2.4%
2025-01-27 09:30:00,STX,매수,6,105.1525,,,5517.34,K몫 매수: 주식층 비중 2.1%
2025-01-27 09:30:00,TSLA,매수,7,394.7293,,,2752.3,K몫 매수: 주식층 비중 9.6%
2025-01-27 09:30:00,USB,매수,2,49.2746,,,2653.69,K몫 매수: 주식층 비중 0.4%
2025-01-28 09:30:00,AAPL,매도,4,230.7646,25.19,2.809,3576.07,K몫 제외(주식층 비중 0)
2025-01-28 09:30:00,AVGO,매도,3,207.906,-14.04,-2.205,4199.33,K몫 제외(주식층 비중 0)
2025-01-28 09:30:00,BTSG,매도,139,23.7081,154.81,4.937,7492.36,K몫 제외(주식층 비중 0)
2025-01-28 09:30:00,CDNS,매도,1,289.3153,-18.56,-6.037,7781.46,K몫 제외(주식층 비중 0)
2025-01-28 09:30:00,CRDO,매도,71,59.4353,-631.62,-13.036,11998.29,로테이션 제외(모멘텀 순위 밖 또는 국면 0)
2025-01-28 09:30:00,DAL,매도,1,67.5962,1.14,1.714,12065.83,K몫 제외(주식층 비중 0)
2025-01-28 09:30:00,DAVE,매도,56,89.2354,171.75,3.564,17059.36,로테이션 제외(모멘텀 순위 밖 또는 국면 0)
2025-01-28 09:30:00,EOG,매도,1,131.2421,-1.04,-0.789,17190.51,K몫 제외(주식층 비중 0)
2025-01-28 09:30:00,FTNT,매도,5,96.4817,7.23,1.525,17672.57,K몫 제외(주식층 비중 0)
2025-01-28 09:30:00,KO,매도,8,63.4782,3.89,0.773,18180.02,K몫 제외(주식층 비중 0)
2025-01-28 09:30:00,MRVL,매도,7,103.2484,-34.91,-4.614,18902.23,K몫 제외(주식층 비중 0)
2025-01-28 09:30:00,MSFT,매도,1,434.3827,9.35,2.202,19336.3,K몫 제외(주식층 비중 0)
2025-01-28 09:30:00,NEM,매도,1,41.5492,-0.17,-0.411,19377.82,K몫 제외(주식층 비중 0)
2025-01-28 09:30:00,NET,매도,4,128.7656,27.1,5.562,19892.5,K몫 제외(주식층 비중 0)
2025-01-28 09:30:00,NOW,매도,3,229.885,17.9,2.668,20581.66,K몫 제외(주식층 비중 0)
2025-01-28 09:30:00,NVDA,매도,6,121.7441,-19.71,-2.631,21311.59,K몫 제외(주식층 비중 0)
2025-01-28 09:30:00,ORCL,매도,3,162.9085,-18.94,-3.736,21799.96,K몫 제외(주식층 비중 0)
2025-01-28 09:30:00,PANW,매도,4,188.5657,12.62,1.705,22553.67,K몫 제외(주식층 비중 0)
2025-01-28 09:30:00,ROST,매도,1,145.7071,-2.81,-1.893,22699.27,K몫 제외(주식층 비중 0)
2025-01-28 09:30:00,SHOP,매도,7,108.9455,30.03,4.106,23461.33,K몫 제외(주식층 비중 0)
2025-01-28 09:30:00,STX,매도,6,103.5982,-10.22,-1.62,24082.47,K몫 제외(주식층 비중 0)
2025-01-28 09:30:00,TSLA,매도,7,396.7115,9.91,0.359,26857.42,K몫 제외(주식층 비중 0)
2025-01-28 09:30:00,USB,매도,2,49.5752,0.46,0.467,26956.5,K몫 제외(주식층 비중 0)
2025-03-18 09:30:00,AAPL,매수,3,214.2471,,,26313.31,K몫 매수: 주식층 비중 2.4%
2025-03-18 09:30:00,AVGO,매수,5,190.5352,,,25359.96,K몫 매수: 주식층 비중 3.2%
2025-03-18 09:30:00,CRDO,매수,103,46.8734,,,20528.62,로테이션 매수: 126일 모멘텀 상위 2
2025-03-18 09:30:00,CRM,매수,4,280.16,,,19407.2,K몫 매수: 주식층 비중 4.0%
2025-03-18 09:30:00,CRWD,매수,12,90.5452,,,18319.89,K몫 매수: 주식층 비중 3.5%
2025-03-18 09:30:00,DAVE,매수,56,86.143,,,13492.51,로테이션 매수: 126일 모멘텀 상위 2
2025-03-18 09:30:00,FTNT,매수,45,96.128,,,9163.72,K몫 매수: 주식층 비중 13.5%
2025-03-18 09:30:00,INTC,매수,26,25.5648,,,8498.57,K몫 매수: 주식층 비중 2.1%
2025-03-18 09:30:00,NET,매수,35,115.5377,,,4451.91,K몫 매수: 주식층 비중 12.9%
2025-03-18 09:30:00,PANW,매수,6,183.0415,,,3352.9,K몫 매수: 주식층 비중 3.9%
2025-03-18 09:30:00,SHOP,매수,11,95.948,,,2296.73,K몫 매수: 주식층 비중 3.5%
2025-03-18 09:30:00,SNDK,매수,41,55.1676,,,33.28,K몫 매수: 주식층 비중 12.1%
2025-03-20 09:30:00,AVGO,매도,5,191.4242,3.08,0.323,989.7,K몫 제외(주식층 비중 0)
2025-03-20 09:30:00,INTC,매도,26,23.7581,-47.89,-7.205,1606.96,K몫 제외(주식층 비중 0)
2025-03-20 09:30:00,SNDK,매도,41,56.4817,50.61,2.237,3921.02,K몫 제외(주식층 비중 0)
2025-03-20 09:30:00,STX,매수,13,88.3341,,,2771.87,K몫 매수: 주식층 비중 3.7%
2025-03-24 09:30:00,AVGO,매수,6,194.3921,,,1604.7,K몫 매수: 주식층 비중 3.6%
2025-03-24 09:30:00,INTC,매수,32,24.7274,,,812.87,K몫 매수: 주식층 비중 2.4%
2025-03-24 09:30:00,SNDK,매수,14,54.9695,,,42.76,K몫 매수: 주식층 비중 3.0%
2025-03-26 09:30:00,AAPL,매도,3,223.3982,26.51,4.125,712.47,K몫 제외(주식층 비중 0)
2025-03-26 09:30:00,AVGO,매도,6,186.5667,-48.59,-4.166,1831.05,K몫 제외(주식층 비중 0)
2025-03-26 09:30:00,CRDO,매도,103,48.5057,161.1,3.337,6823.49,로테이션 제외(모멘텀 순위 밖 또는 국면 0)
2025-03-26 09:30:00,CRM,매도,4,288.1958,30.52,2.723,7975.44,K몫 제외(주식층 비중 0)
2025-03-26 09:30:00,CRWD,매도,12,95.5497,58.46,5.38,9121.2,K몫 제외(주식층 비중 0)
2025-03-26 09:30:00,DAVE,매도,56,96.8516,592.34,12.279,14540.92,로테이션 제외(모멘텀 순위 밖 또는 국면 0)
2025-03-26 09:30:00,FTNT,매도,45,101.5692,238.49,5.513,19108.2,K몫 제외(주식층 비중 0)
2025-03-26 09:30:00,INTC,매도,32,24.2479,-16.46,-2.081,19883.57,K몫 제외(주식층 비중 0)
2025-03-26 09:30:00,NET,매도,35,127.4662,411.41,10.174,24341.63,K몫 제외(주식층 비중 0)
2025-03-26 09:30:00,PANW,매도,6,189.3353,36.16,3.293,25476.81,K몫 제외(주식층 비중 0)
2025-03-26 09:30:00,SHOP,매도,11,109.1154,143.23,13.571,26676.2,K몫 제외(주식층 비중 0)
2025-03-26 09:30:00,SNDK,매도,14,53.2134,-25.67,-3.335,27420.65,K몫 제외(주식층 비중 0)
2025-03-26 09:30:00,STX,매도,13,87.976,-6.29,-0.548,28563.5,K몫 제외(주식층 비중 0)
2025-03-27 09:30:00,AAPL,매수,5,221.4407,,,27455.52,K몫 매수: 주식층 비중 3.6%
2025-03-27 09:30:00,AVGO,매수,8,177.6578,,,26033.26,K몫 매수: 주식층 비중 4.3%
2025-03-27 09:30:00,CRDO,매수,118,43.4917,,,20897.65,로테이션 매수: 126일 모멘텀 상위 2
2025-03-27 09:30:00,CRM,매수,4,280.6803,,,19774.14,K몫 매수: 주식층 비중 4.0%
2025-03-27 09:30:00,CRWD,매수,10,92.2386,,,18851.11,K몫 매수: 주식층 비중 2.8%
2025-03-27 09:30:00,DAVE,매수,56,90.5553,,,13776.46,로테이션 매수: 126일 모멘텀 상위 2
2025-03-27 09:30:00,FTNT,매수,53,100.4502,,,8448.88,K몫 매수: 주식층 비중 15.8%
2025-03-27 09:30:00,NET,매수,38,119.0595,,,3921.45,K몫 매수: 주식층 비중 13.5%
2025-03-27 09:30:00,PANW,매수,10,183.1415,,,2088.75,K몫 매수: 주식층 비중 5.8%
2025-03-27 09:30:00,SHOP,매수,20,102.3712,,,39.9,K몫 매수: 주식층 비중 13.7%
2025-03-28 09:30:00,AAPL,매도,5,221.5382,-1.1,-0.099,1146.78,K몫 제외(주식층 비중 0)
2025-03-28 09:30:00,AVGO,매도,8,171.844,-48.51,-3.413,2520.53,K몫 제외(주식층 비중 0)
2025-03-28 09:30:00,CRDO,매도,118,41.8641,-199.26,-3.883,7456.88,로테이션 제외(모멘텀 순위 밖 또는 국면 0)
2025-03-28 09:30:00,CRM,매도,4,276.5716,-18.03,-1.606,8562.36,K몫 제외(주식층 비중 0)
2025-03-28 09:30:00,CRWD,매도,10,91.3293,-10.41,-1.128,9474.98,K몫 제외(주식층 비중 0)
2025-03-28 09:30:00,DAVE,매도,56,87.956,-152.7,-3.011,14396.92,로테이션 제외(모멘텀 순위 밖 또는 국면 0)
2025-03-28 09:30:00,FTNT,매도,53,99.0205,-83.33,-1.565,19641.18,K몫 제외(주식층 비중 0)
2025-03-28 09:30:00,NET,매도,38,117.2414,-75.51,-1.669,24093.1,K몫 제외(주식층 비중 0)
2025-03-28 09:30:00,PANW,매도,10,173.933,-94.64,-5.167,25831.16,K몫 제외(주식층 비중 0)
2025-03-28 09:30:00,SHOP,매도,20,99.1004,-68.29,-3.336,27811.72,K몫 제외(주식층 비중 0)
2025-03-31 09:30:00,AAPL,매수,4,217.3286,,,26941.8,K몫 매수: 주식층 비중 3.1%
2025-03-31 09:30:00,AVGO,매수,7,164.5672,,,25789.02,K몫 매수: 주식층 비중 3.8%
2025-03-31 09:30:00,CRDO,매수,106,38.5593,,,21698.87,K몫 매수: 주식층 비중 12.4%
2025-03-31 09:30:00,CRM,매수,4,264.6823,,,20639.4,K몫 매수: 주식층 비중 3.4%
2025-03-31 09:30:00,CRWD,매수,10,86.4895,,,19773.9,K몫 매수: 주식층 비중 2.6%
2025-03-31 09:30:00,DAVE,매수,61,81.0425,,,14826.85,로테이션 매수: 126일 모멘텀 상위 2
2025-03-31 09:30:00,FTNT,매수,53,94.6773,,,9805.44,K몫 매수: 주식층 비중 15.2%
2025-03-31 09:30:00,MRVL,매수,16,60.4052,,,8838.28,K몫 매수: 주식층 비중 3.0%
2025-03-31 09:30:00,NET,매수,45,110.3051,,,3871.08,로테이션 매수: 126일 모멘텀 상위 2
2025-03-31 09:30:00,NVDA,매수,11,105.1626,,,2713.48,K몫 매수: 주식층 비중 3.5%
2025-03-31 09:30:00,PANW,매수,8,169.8749,,,1353.53,K몫 매수: 주식층 비중 4.5%
2025-03-31 09:30:00,SHOP,매수,14,92.7764,,,53.75,K몫 매수: 주식층 비중 14.2%
2025-03-31 09:30:00,SNDK,매수,1,47.4337,,,6.28,K몫 매수: 주식층 비중 3.4%
2025-04-01 09:30:00,AAPL,매도,4,219.6951,8.22,0.945,884.42,K몫 제외(주식층 비중 0)
2025-04-01 09:30:00,AVGO,매도,7,166.2868,10.38,0.901,2047.58,K몫 제외(주식층 비중 0)
2025-04-01 09:30:00,CRDO,매도,106,39.95,141.47,3.461,6279.19,K몫 제외(주식층 비중 0)
2025-04-01 09:30:00,CRM,매도,4,268.7256,14.65,1.383,7353.31,K몫 제외(주식층 비중 0)
2025-04-01 09:30:00,CRWD,매도,10,89.6901,30.75,3.555,8249.55,K몫 제외(주식층 비중 0)
2025-04-01 09:30:00,DAVE,매도,61,82.9185,107.28,2.17,13303.89,로테이션 제외(모멘텀 순위 밖 또는 국면 0)
2025-04-01 09:30:00,FTNT,매도,53,95.2823,24.87,0.496,18350.17,K몫 제외(주식층 비중 0)
2025-04-01 09:30:00,MRVL,매도,16,61.4593,15.47,1.601,19332.8,K몫 제외(주식층 비중 0)
2025-04-01 09:30:00,NET,매도,45,114.1079,163.9,3.302,24463.91,로테이션 제외(모멘텀 순위 밖 또는 국면 0)
2025-04-01 09:30:00,NVDA,매도,11,108.4782,34.79,3.008,25656.3,K몫 제외(주식층 비중 0)
2025-04-01 09:30:00,PANW,매도,8,168.4357,-13.45,-0.99,27002.8,K몫 제외(주식층 비중 0)
2025-04-01 09:30:00,SHOP,매도,14,95.8019,40.47,3.116,28343.05,K몫 제외(주식층 비중 0)
2025-04-01 09:30:00,SNDK,매도,1,47.5262,0.02,0.052,28390.54,K몫 제외(주식층 비중 0)
2025-04-16 09:30:00,CRDO,매수,138,36.9335,,,23290.15,로테이션 매수: 126일 모멘텀 상위 2
2025-04-16 09:30:00,CRWD,매수,91,96.5758,,,14495.61,K몫 매수: 주식층 비중 25.8%
2025-04-16 09:30:00,DAVE,매수,62,81.7308,,,9424.75,로테이션 매수: 126일 모멘텀 상위 2
2025-04-16 09:30:00,FTNT,매수,90,97.2486,,,666.25,K몫 매수: 주식층 비중 25.8%
2025-04-16 09:30:00,NET,매수,6,109.0795,,,11.31,K몫 매수: 주식층 비중 25.8%
2025-04-29 09:30:00,NET,매도,6,120.8296,69.51,10.621,735.76,K몫 제외(주식층 비중 0)
2025-04-29 09:30:00,PANW,매수,4,182.6713,,,4.56,K몫 매수: 주식층 비중 4.9%
2025-05-06 15:59:59,FTNT,매도,90,107.1064,874.04,9.986,9637.1,실적 발표 전 청산
2025-05-07 09:30:00,CRWD,매도,91,106.3018,871.86,9.921,19303.51,K몫 제외(주식층 비중 0)
2025-05-07 09:30:00,PANW,매도,4,188.7056,23.07,3.158,20057.78,K몫 제외(주식층 비중 0)
2025-05-07 15:59:59,DAVE,매도,62,107.976,1618.76,31.945,26747.4,실적 발표 전 청산
2025-05-09 09:30:00,AVGO,매수,18,209.3646,,,22976.2,K몫 매수: 주식층 비중 9.7%
2025-05-09 09:30:00,CDNS,매수,3,309.6848,,,22046.5,K몫 매수: 주식층 비중 2.8%
2025-05-09 09:30:00,CRM,매수,5,281.7608,,,20636.71,K몫 매수: 주식층 비중 3.7%
2025-05-09 09:30:00,CRWD,매수,39,104.7886,,,16547.09,K몫 매수: 주식층 비중 10.2%
2025-05-09 09:30:00,DAVE,매수,39,152.9064,,,10579.57,로테이션 매수: 126일 모멘텀 상위 2
2025-05-09 09:30:00,MSFT,매수,4,440.5001,,,8816.33,K몫 매수: 주식층 비중 4.7%
2025-05-09 09:30:00,NOW,매수,7,196.098,,,7442.69,K몫 매수: 주식층 비중 3.8%
2025-05-09 09:30:00,PANW,매수,25,188.8344,,,2718.52,K몫 매수: 주식층 비중 11.7%
2025-05-09 09:30:00,SNDK,매수,36,37.979,,,1350.32,K몫 매수: 주식층 비중 3.4%
2025-05-12 09:30:00,STX,매수,13,100.1601,,,47.33,K몫 매수: 주식층 비중 4.1%
2025-05-13 09:30:00,BTSG,매수,2,22.5113,,,2.28,K몫 매수: 주식층 비중 9.4%
2025-05-19 09:30:00,CRDO,매도,138,57.5512,2835.88,55.64,7938.54,로테이션 제외(모멘텀 순위 밖 또는 국면 0)
2025-05-19 09:30:00,KO,매수,7,72.066,,,7433.73,K몫 매수: 주식층 비중 1.3%
2025-05-19 09:30:00,LRCX,매수,9,82.8964,,,6687.14,K몫 매수: 주식층 비중 1.9%
2025-05-19 09:30:00,MU,매수,10,95.9279,,,5727.19,K몫 매수: 주식층 비중 2.2%
2025-05-19 09:30:00,NEM,매수,2,50.8054,,,5625.51,K몫 매수: 주식층 비중 0.3%
2025-05-19 09:30:00,NVDA,매수,7,132.9064,,,4694.51,K몫 매수: 주식층 비중 2.4%
2025-05-19 09:30:00,ORCL,매수,6,158.3792,,,3743.57,K몫 매수: 주식층 비중 2.5%
2025-05-19 09:30:00,RL,매수,13,271.9259,,,206.06,K몫 매수: 주식층 비중 9.2%
2025-05-19 09:30:00,ROST,매수,1,151.6759,,,54.28,K몫 매수: 주식층 비중 0.7%
2025-05-19 09:30:00,WDC,매수,1,49.1346,,,5.11,K몫 매수: 주식층 비중 2.4%
2025-05-19 15:59:59,PANW,매도,25,194.2128,127.61,2.703,4856.88,실적 발표 전 청산
2025-05-20 09:30:00,BKNG,매수,1,213.4259,,,4643.31,K몫 매수: 주식층 비중 0.5%
2025-05-20 09:30:00,CRDO,매수,67,61.7058,,,506.12,K몫 매수: 주식층 비중 9.3%
2025-05-20 09:30:00,CRWD,매도,39,110.4173,213.51,5.225,4809.25,K몫 제외(주식층 비중 0)
2025-05-20 09:30:00,DAL,매수,1,51.0055,,,4758.21,K몫 매수: 주식층 비중 0.1%
2025-05-20 09:30:00,META,매수,1,636.1679,,,4121.6,K몫 매수: 주식층 비중 1.8%
2025-05-20 09:30:00,PGR,매수,1,287.0635,,,3834.34,K몫 매수: 주식층 비중 0.7%
2025-05-20 09:30:00,RL,매도,13,277.861,72.04,2.038,7443.89,K몫 제외(주식층 비중 0)
2025-05-20 09:30:00,ROST,매도,1,153.2283,1.33,0.88,7597.01,K몫 제외(주식층 비중 0)
2025-05-20 09:30:00,TSLA,매수,10,348.114,,,4113.43,K몫 매수: 주식층 비중 8.1%
2025-05-20 09:38:00,CRWD,매수,37,110.7145,,,14.13,로테이션 매수: 126일 모멘텀 상위 2
2025-05-27 09:30:00,MU,매도,10,95.1024,-9.62,-1.003,964.46,K몫 제외(주식층 비중 0)
2025-05-27 09:30:00,PANW,매수,5,188.5642,,,20.98,K몫 매수: 주식층 비중 2.6%
2025-05-27 15:59:59,NVDA,매도,7,135.4223,16.27,1.749,968.24,실적 발표 전 청산
2025-05-27 15:59:59,CRM,매도,5,277.1014,-25.29,-1.795,2352.74,실적 발표 전 청산
2025-05-28 09:30:00,AVGO,매도,18,237.0114,491.89,13.052,6615.83,K몫 제외(주식층 비중 0)
2025-05-28 09:30:00,CDNS,매도,3,322.7086,37.71,4.059,7583.25,K몫 제외(주식층 비중 0)
2025-05-28 09:30:00,CRDO,매도,67,64.4278,176.32,4.265,11896.76,K몫 제외(주식층 비중 0)
2025-05-28 09:30:00,GOOGL,매수,4,173.2116,,,11203.42,K몫 매수: 주식층 비중 1.6%
2025-05-28 09:30:00,LRCX,매도,9,83.933,8.26,1.107,11958.27,K몫 제외(주식층 비중 0)
2025-05-28 09:30:00,MSFT,매도,4,460.9894,79.38,4.505,13800.88,K몫 제외(주식층 비중 0)
2025-05-28 09:30:00,NOW,매도,7,205.3753,62.93,4.584,15237.46,K몫 제외(주식층 비중 0)
2025-05-28 09:30:00,SNDK,매도,36,38.3808,12.5,0.914,16618.16,K몫 제외(주식층 비중 0)
2025-05-28 09:30:00,USB,매수,5,43.7619,,,16399.2,K몫 매수: 주식층 비중 0.5%
2025-05-29 09:30:00,RL,매수,9,285.6728,,,13826.34,K몫 매수: 주식층 비중 5.8%
2025-05-30 09:30:00,CRM,매수,3,268.214,,,13021.14,K몫 매수: 주식층 비중 1.8%
2025-05-30 09:30:00,MSFT,매수,2,459.9449,,,12100.6,K몫 매수: 주식층 비중 2.5%
2025-05-30 09:30:00,NOW,매수,4,204.102,,,11283.62,K몫 매수: 주식층 비중 2.2%
2025-06-02 09:30:00,MNST,매수,26,31.8209,,,10455.7,K몫 매수: 주식층 비중 1.8%
2025-06-02 09:30:00,NET,매수,29,165.0825,,,5664.96,K몫 매수: 주식층 비중 10.6%
2025-06-02 09:30:00,SHOP,매수,10,106.3081,,,4601.13,K몫 매수: 주식층 비중 2.3%
2025-06-02 15:59:59,CRWD,매도,37,119.7326,327.57,7.996,9028.0,실적 발표 전 청산
2025-06-03 09:30:00,GOOGL,매도,4,167.3813,-24.29,-3.507,9697.04,K몫 제외(주식층 비중 0)
2025-06-03 09:30:00,PANW,매도,5,194.9025,30.32,3.216,10670.84,K몫 제외(주식층 비중 0)
2025-06-04 09:30:00,CRDO,매수,52,72.8264,,,6881.22,K몫 매수: 주식층 비중 8.2%
2025-06-04 09:30:00,CRWD,매수,60,113.7443,,,51.78,로테이션 매수: 126일 모멘텀 상위 2
2025-06-04 09:30:00,NET,매도,29,172.4637,207.05,4.325,5049.58,K몫 제외(주식층 비중 0)
2025-06-04 09:30:00,NVDA,매수,7,142.2911,,,4052.84,K몫 매수: 주식층 비중 2.4%
2025-06-04 09:30:00,ORCL,매도,6,169.6252,66.07,6.952,5069.85,K몫 제외(주식층 비중 0)
2025-06-04 09:30:00,SNDK,매수,28,38.6593,,,3986.63,K몫 매수: 주식층 비중 2.3%
2025-06-04 09:30:00,STX,매도,13,123.6681,303.52,23.31,5593.14,K몫 제외(주식층 비중 0)
2025-06-04 09:30:00,WDC,매도,1,53.973,4.76,9.697,5647.08,K몫 제외(주식층 비중 0)
2025-06-04 09:33:00,MU,매수,9,102.2536,,,4726.15,K몫 매수: 주식층 비중 2.1%
2025-06-04 09:33:09,LRCX,매수,10,84.108,,,3884.48,K몫 매수: 주식층 비중 1.8%
2025-06-05 09:30:00,CRDO,매도,52,77.0814,215.69,5.695,7889.79,K몫 제외(주식층 비중 0)
2025-06-05 09:30:00,FCX,매수,2,42.001,,,7805.73,K몫 매수: 주식층 비중 0.2%
2025-06-05 09:30:00,LRCX,매도,10,85.4273,11.98,1.424,8659.38,K몫 제외(주식층 비중 0)
2025-06-05 09:30:00,MU,매도,9,106.2469,34.6,3.759,9614.9,K몫 제외(주식층 비중 0)
2025-06-05 09:30:00,NVDA,매도,7,142.0789,-2.91,-0.292,10608.73,K몫 제외(주식층 비중 0)
2025-06-05 09:30:00,PANW,매수,5,194.2071,,,9637.01,K몫 매수: 주식층 비중 2.5%
2025-06-05 09:30:00,SNDK,매도,28,38.9405,6.32,0.584,10726.55,K몫 제외(주식층 비중 0)
2025-06-06 09:30:00,DDOG,매수,6,122.7013,,,9989.83,K몫 매수: 주식층 비중 1.7%
2025-06-06 09:30:00,NET,매수,25,178.4792,,,5524.73,K몫 매수: 주식층 비중 9.7%
2025-06-06 09:30:00,ORCL,매수,6,174.087,,,4479.47,K몫 매수: 주식층 비중 2.5%
2025-06-06 09:30:00,STX,매수,8,128.9745,,,3446.95,K몫 매수: 주식층 비중 2.4%
2025-06-06 09:30:00,WDC,매수,20,55.938,,,2327.41,K몫 매수: 주식층 비중 2.4%
2025-06-09 09:30:00,AVGO,매수,2,245.1675,,,1836.73,K몫 매수: 주식층 비중 1.2%
2025-06-09 09:30:00,CRDO,매수,25,73.2666,,,3.79,K몫 매수: 주식층 비중 11.9%
2025-06-10 15:59:59,ORCL,매도,6,177.4312,18.56,1.777,1067.6,실적 발표 전 청산
2025-06-11 09:30:00,DDOG,매도,6,119.93,-17.67,-2.4,1786.65,K몫 제외(주식층 비중 0)
2025-06-11 09:30:00,FTNT,매수,7,101.7008,,,1074.25,K몫 매수: 주식층 비중 1.5%
2025-06-11 09:30:00,GOOGL,매수,3,179.9649,,,533.97,K몫 매수: 주식층 비중 1.4%
2025-06-11 09:30:00,INTC,매수,24,21.7909,,,10.63,K몫 매수: 주식층 비중 1.5%
2025-06-11 09:30:00,NET,매도,25,178.9105,4.39,0.098,4480.12,K몫 제외(주식층 비중 0)
2025-06-11 09:30:00,NVDA,매수,6,144.6823,,,3611.42,K몫 매수: 주식층 비중 2.0%
2025-06-11 09:30:00,SNDK,매수,25,42.4012,,,2550.65,K몫 매수: 주식층 비중 2.2%
2025-06-11 09:30:00,STX,매도,8,128.9855,-1.39,-0.134,3581.78,K몫 제외(주식층 비중 0)
2025-06-11 09:30:00,WDC,매도,20,56.3818,7.27,0.65,4708.59,K몫 제외(주식층 비중 0)
2025-06-11 09:33:31,MRVL,매수,11,69.4647,,,3943.95,K몫 매수: 주식층 비중 1.7%
2025-06-11 09:33:45,MU,매수,7,115.4777,,,3135.04,K몫 매수: 주식층 비중 1.8%
2025-06-11 09:34:36,LRCX,매수,8,91.2956,,,2404.16,K몫 매수: 주식층 비중 1.6%
2025-06-12 09:30:00,INTC,매도,24,20.4898,-31.95,-6.11,2895.56,K몫 제외(주식층 비중 0)
2025-06-13 09:30:00,DDOG,매수,5,120.5602,,,2292.33,K몫 매수: 주식층 비중 1.5%
2025-06-13 09:30:00,NET,매수,13,167.2086,,,117.1,K몫 매수: 주식층 비중 13.1%
2025-06-16 09:30:00,MRVL,매도,11,68.5657,-10.97,-1.436,870.77,K몫 제외(주식층 비중 0)
2025-06-16 09:30:00,ORCL,매수,4,213.3066,,,16.95,K몫 매수: 주식층 비중 2.2%
2025-06-23 09:30:00,CRWD,매도,60,117.6299,223.2,3.271,7069.59,로테이션 제외(모멘텀 순위 밖 또는 국면 0)
2025-06-23 09:30:00,FCX,매도,2,40.03,-4.06,-4.832,7149.59,K몫 제외(주식층 비중 0)
2025-06-23 09:30:00,INTC,매수,35,21.0805,,,6411.26,K몫 매수: 주식층 비중 1.6%
2025-06-23 09:30:00,MRVL,매수,11,73.0265,,,5607.4,K몫 매수: 주식층 비중 1.8%
2025-06-24 15:59:59,MU,매도,7,127.8061,85.08,10.525,6501.39,실적 발표 전 청산
2025-06-25 09:30:00,AVGO,매도,2,265.917,40.77,8.314,7032.84,K몫 제외(주식층 비중 0)
2025-06-25 09:30:00,CRDO,매도,25,93.2983,497.81,27.178,9363.59,K몫 제외(주식층 비중 0)
2025-06-25 09:30:00,CRWD,매수,33,122.081,,,5332.1,K몫 매수: 주식층 비중 8.1%
2025-06-25 09:30:00,INTC,매도,35,22.5637,50.82,6.888,6121.25,K몫 제외(주식층 비중 0)
2025-06-25 09:30:00,LRCX,매도,8,96.2019,38.18,5.227,6890.31,K몫 제외(주식층 비중 0)
2025-06-25 09:30:00,MRVL,매도,11,76.3318,35.18,4.38,7729.35,K몫 제외(주식층 비중 0)
2025-06-25 09:30:00,NVDA,매도,6,149.2353,26.06,3.002,8624.1,K몫 제외(주식층 비중 0)
2025-06-25 09:30:00,SNDK,매도,25,47.4263,124.02,11.7,9808.89,K몫 제외(주식층 비중 0)
2025-06-25 09:30:00,STX,매수,8,137.7388,,,8706.21,K몫 매수: 주식층 비중 2.3%
2025-06-25 09:30:00,WDC,매수,18,62.6013,,,7578.6,K몫 매수: 주식층 비중 2.3%
2025-06-27 09:30:00,AMD,매수,3,144.2321,,,7145.6,K몫 매수: 주식층 비중 1.1%
2025-06-27 09:30:00,AVGO,매수,2,270.8554,,,6603.51,K몫 매수: 주식층 비중 1.2%
2025-06-27 09:30:00,CRDO,매수,69,94.3672,,,87.62,K몫 매수: 주식층 비중 13.1%
2025-06-27 09:30:00,INTC,매수,3,22.7214,,,19.41,K몫 매수: 주식층 비중 1.6%
2025-07-09 09:30:00,DAL,매도,1,51.2444,0.17,0.325,70.62,K몫 제외(주식층 비중 0)
2025-07-09 09:30:00,FCX,매수,1,46.7584,,,23.82,K몫 매수: 주식층 비중 0.1%
2025-07-11 09:30:00,PANW,매도,5,192.8935,-7.95,-0.819,987.59,K몫 제외(주식층 비중 0)
2025-07-11 09:30:00,SNDK,매수,21,46.3231,,,14.12,K몫 매수: 주식층 비중 4.6%
2025-07-15 15:59:59,PGR,매도,1,242.0789,-45.36,-15.802,256.02,실적 발표 전 청산
2025-07-16 09:30:00,DAL,매수,1,56.5282,,,199.45,K몫 매수: 주식층 비중 0.1%
2025-07-16 09:30:00,EOG,매수,1,119.7699,,,79.6,K몫 매수: 주식층 비중 0.5%
2025-07-16 09:30:00,KO,매도,7,69.3153,-19.96,-3.957,564.45,K몫 제외(주식층 비중 0)
2025-07-16 09:30:00,LRCX,매수,5,97.7689,,,75.27,K몫 매수: 주식층 비중 3.6%
2025-07-16 09:30:00,MNST,매도,26,29.5502,-60.18,-7.274,843.01,K몫 제외(주식층 비중 0)
2025-07-16 09:30:00,MRVL,매수,12,70.1651,,,0.44,K몫 매수: 주식층 비중 3.8%
2025-07-16 09:30:00,USB,매도,5,45.937,10.55,4.824,229.96,K몫 제외(주식층 비중 0)
2025-07-16 09:32:43,MU,매수,1,119.0995,,,110.78,K몫 매수: 주식층 비중 4.2%
2025-07-22 15:59:59,NOW,매도,4,192.3958,-47.96,-5.874,879.8,실적 발표 전 청산
2025-07-22 15:59:59,GOOGL,매도,3,191.2543,33.07,6.126,1453.14,실적 발표 전 청산
2025-07-22 15:59:59,FCX,매도,1,45.7471,-1.08,-2.304,1498.86,실적 발표 전 청산
2025-07-22 15:59:59,TSLA,매도,10,331.9139,-166.86,-4.793,4815.57,실적 발표 전 청산
2025-07-23 09:30:00,CRM,매도,3,263.7831,-14.43,-1.794,5606.34,K몫 제외(주식층 비중 0)
2025-07-23 09:30:00,KO,매수,8,69.6098,,,5049.08,K몫 매수: 주식층 비중 1.3%
2025-07-23 09:30:00,MNST,매수,15,29.8099,,,4601.61,K몫 매수: 주식층 비중 0.9%
2025-07-23 09:30:00,MSFT,매도,2,506.2468,91.22,9.916,5613.37,K몫 제외(주식층 비중 0)
2025-07-23 09:30:00,NVDA,매수,11,169.6048,,,3746.41,K몫 매수: 주식층 비중 4.1%
2025-07-23 09:30:00,PEP,매수,1,145.9329,,,3600.38,K몫 매수: 주식층 비중 0.4%
2025-07-23 09:30:00,PGR,매수,1,247.7838,,,3352.42,K몫 매수: 주식층 비중 0.6%
2025-07-23 09:30:00,SHOP,매도,10,122.4048,159.33,14.987,4575.57,K몫 제외(주식층 비중 0)
2025-07-23 09:30:00,USB,매수,5,46.5433,,,4342.69,K몫 매수: 주식층 비중 0.6%
2025-07-23 15:59:59,NEM,매도,2,61.4293,21.09,20.753,4465.46,실적 발표 전 청산
2025-07-23 15:59:59,INTC,매도,3,23.4783,2.17,3.186,4535.85,실적 발표 전 청산
2025-07-24 09:30:00,AMD,매도,3,159.0604,43.83,10.13,5012.68,K몫 제외(주식층 비중 0)
2025-07-24 09:30:00,AVGO,매도,2,289.5651,36.62,6.76,5591.39,K몫 제외(주식층 비중 0)
2025-07-24 09:30:00,CRDO,매도,69,100.0699,383.89,5.896,12491.17,K몫 제외(주식층 비중 0)
2025-07-24 09:30:00,LRCX,매도,5,97.4912,-2.09,-0.427,12978.27,K몫 제외(주식층 비중 0)
2025-07-24 09:30:00,MRVL,매도,12,73.6282,40.32,4.789,13861.16,K몫 제외(주식층 비중 0)
2025-07-24 09:30:00,MU,매도,1,110.8795,-8.38,-7.04,13971.96,K몫 제외(주식층 비중 0)
2025-07-24 09:30:00,NVDA,매도,11,172.3638,27.66,1.483,15866.58,K몫 제외(주식층 비중 0)
2025-07-24 09:30:00,PEP,매도,1,145.6372,-0.5,-0.346,16012.11,K몫 제외(주식층 비중 0)
2025-07-24 09:30:00,SNDK,매도,21,43.0585,-69.9,-7.185,16915.68,K몫 제외(주식층 비중 0)
2025-07-25 09:30:00,CRM,매수,5,268.144,,,15574.02,K몫 매수: 주식층 비중 2.8%
2025-07-25 09:30:00,FCX,매수,2,44.5923,,,15484.77,K몫 매수: 주식층 비중 0.2%
2025-07-25 09:30:00,GOOGL,매수,6,192.076,,,14331.51,K몫 매수: 주식층 비중 2.5%
2025-07-25 09:30:00,MDB,매수,6,236.118,,,12913.81,K몫 매수: 주식층 비중 3.1%
2025-07-25 09:30:00,MSFT,매수,3,512.7213,,,11374.57,K몫 매수: 주식층 비중 3.8%
2025-07-25 09:30:00,NOW,매수,9,200.124,,,9572.19,K몫 매수: 주식층 비중 3.7%
2025-07-25 09:30:00,SHIP,매수,9,7.2636,,,9506.78,K몫 매수: 주식층 비중 0.1%
2025-07-25 09:30:00,SHOP,매수,17,122.2511,,,7427.05,K몫 매수: 주식층 비중 4.2%
2025-07-28 09:30:00,AMD,매수,6,169.1645,,,6411.35,K몫 매수: 주식층 비중 2.1%
2025-07-28 09:30:00,AVGO,매수,3,292.6062,,,5532.92,K몫 매수: 주식층 비중 2.3%
2025-07-28 09:30:00,BTSG,매도,2,20.5497,-3.98,-8.85,5573.99,K몫 제외(주식층 비중 0)
2025-07-28 09:30:00,CRDO,매수,11,104.6823,,,4421.68,K몫 매수: 주식층 비중 2.4%
2025-07-28 09:30:00,CRM,매도,5,269.3653,4.18,0.312,5767.52,K몫 제외(주식층 비중 0)
2025-07-28 09:30:00,EOG,매도,1,119.6801,-0.26,-0.218,5887.11,K몫 제외(주식층 비중 0)
2025-07-28 09:30:00,LRCX,매수,15,98.8494,,,4403.34,K몫 매수: 주식층 비중 3.0%
2025-07-28 09:30:00,MRVL,매수,21,75.1375,,,2824.34,K몫 매수: 주식층 비중 3.2%
2025-07-28 09:30:00,MSFT,매도,3,513.823,1.1,0.072,4364.69,K몫 제외(주식층 비중 0)
2025-07-28 09:30:00,MU,매수,20,111.8859,,,2125.4,K몫 매수: 주식층 비중 4.7%
2025-07-28 09:30:00,NEM,매수,1,64.8524,,,2060.5,K몫 매수: 주식층 비중 0.1%
2025-07-28 09:30:00,NOW,매도,9,195.1024,-47.74,-2.65,3815.14,K몫 제외(주식층 비중 0)
2025-07-28 09:30:00,NVDA,매수,11,174.107,,,1898.63,K몫 매수: 주식층 비중 3.9%
2025-07-28 09:30:00,SHOP,매도,17,125.957,59.98,2.886,4038.33,K몫 제외(주식층 비중 0)
2025-07-28 09:30:00,SNDK,매수,50,43.1015,,,1881.75,K몫 매수: 주식층 비중 4.3%
2025-07-28 15:59:59,STX,매도,8,150.4148,99.76,9.053,3084.19,실적 발표 전 청산
2025-07-28 15:59:59,BKNG,매도,1,226.9681,13.23,6.198,3310.99,실적 발표 전 청산
2025-07-29 09:30:00,DDOG,매도,5,150.9145,150.8,25.016,4065.01,K몫 제외(주식층 비중 0)
2025-07-29 09:30:00,EOG,매수,1,122.061,,,3942.86,K몫 매수: 주식층 비중 0.3%
2025-07-29 09:30:00,MDB,매도,6,244.8775,50.49,3.564,5411.06,K몫 제외(주식층 비중 0)
2025-07-29 09:30:00,NET,매도,13,199.9,421.57,19.394,8007.86,K몫 제외(주식층 비중 0)
2025-07-29 09:30:00,ORCL,매도,4,248.5756,139.75,16.379,9001.44,K몫 제외(주식층 비중 0)
2025-07-29 09:30:00,WDC,매도,18,69.4153,120.95,10.734,10250.0,K몫 제외(주식층 비중 0)
2025-07-29 09:38:00,NET,매수,38,199.8866,,,2648.99,로테이션 매수: 126일 모멘텀 상위 2
2025-07-29 15:59:59,META,매도,1,699.65,62.53,9.829,3348.13,실적 발표 전 청산
2025-07-29 15:59:59,LRCX,매도,15,98.8805,-1.65,-0.112,4830.26,실적 발표 전 청산
2025-07-30 09:30:00,AMD,매도,6,175.4742,36.38,3.584,5882.33,K몫 제외(주식층 비중 0)
2025-07-30 09:30:00,AVGO,매도,3,297.0014,11.92,1.358,6772.69,K몫 제외(주식층 비중 0)
2025-07-30 09:30:00,BTSG,매수,2,20.7104,,,6731.24,K몫 매수: 주식층 비중 0.1%
2025-07-30 09:30:00,CRDO,매도,11,111.914,77.84,6.76,7961.39,K몫 제외(주식층 비중 0)
2025-07-30 09:30:00,MRVL,매도,21,83.1184,165.22,10.471,9705.61,K몫 제외(주식층 비중 0)
2025-07-30 09:30:00,MU,매도,20,112.6436,11.94,0.534,11956.83,K몫 제외(주식층 비중 0)
2025-07-30 09:30:00,NVDA,매도,11,176.4617,23.14,1.208,13896.5,K몫 제외(주식층 비중 0)
2025-07-30 09:30:00,SNDK,매도,50,42.049,-55.67,-2.583,15997.41,K몫 제외(주식층 비중 0)
2025-07-30 15:59:59,NET,매도,38,200.8495,25.7,0.338,23624.12,실적 발표 전 청산
2025-07-31 09:30:00,BKNG,매수,1,225.1125,,,23398.85,K몫 매수: 주식층 비중 0.7%
2025-07-31 09:30:00,BTSG,매도,2,21.2394,1.0,2.41,23441.3,K몫 제외(주식층 비중 0)
2025-07-31 09:30:00,FCX,매도,2,38.8806,-11.54,-12.942,23519.0,K몫 제외(주식층 비중 0)
2025-07-31 09:30:00,RL,매도,9,304.1778,162.75,6.33,26254.6,K몫 제외(주식층 비중 0)
2025-07-31 09:30:00,SHIP,매도,9,6.8266,-4.02,-6.156,26316.0,K몫 제외(주식층 비중 0)
2025-08-01 09:30:00,AMD,매수,6,170.2251,,,25293.93,K몫 매수: 주식층 비중 2.2%
2025-08-01 09:30:00,AVGO,매수,4,286.6783,,,24146.42,K몫 매수: 주식층 비중 2.4%
2025-08-01 09:30:00,CDNS,매수,3,358.179,,,23071.13,K몫 매수: 주식층 비중 2.5%
2025-08-01 09:30:00,CRDO,매수,12,105.7929,,,21800.72,K몫 매수: 주식층 비중 2.5%
2025-08-01 09:30:00,EOG,매도,1,119.4003,-2.83,-2.321,21920.04,K몫 제외(주식층 비중 0)
2025-08-01 09:30:00,FCX,매수,2,39.9099,,,21840.16,K몫 매수: 주식층 비중 0.2%
2025-08-01 09:30:00,LRCX,매수,17,92.7964,,,20261.52,K몫 매수: 주식층 비중 3.1%
2025-08-01 09:30:00,META,매수,2,761.0053,,,18738.44,K몫 매수: 주식층 비중 3.2%
2025-08-01 09:30:00,MRVL,매수,21,77.1035,,,17118.14,K몫 매수: 주식층 비중 3.2%
2025-08-01 09:30:00,MSFT,매수,3,535.5827,,,15510.26,K몫 매수: 주식층 비중 4.0%
2025-08-01 09:30:00,MU,매수,22,105.5427,,,13186.7,K몫 매수: 주식층 비중 4.7%
2025-08-01 09:30:00,NET,매수,38,198.7593,,,5628.56,로테이션 매수: 126일 모멘텀 상위 2
2025-08-01 09:30:00,NOW,매수,10,187.5517,,,3751.73,K몫 매수: 주식층 비중 4.0%
2025-08-01 09:30:00,NVDA,매수,11,174.177,,,1834.44,K몫 매수: 주식층 비중 4.0%
2025-08-01 09:30:00,PGR,매도,1,243.1983,-4.94,-1.992,2077.46,K몫 제외(주식층 비중 0)
2025-08-01 09:30:00,SHOP,매수,17,118.4592,,,62.24,K몫 매수: 주식층 비중 4.2%
2025-08-01 09:30:00,SNDK,매수,1,42.2011,,,20.01,K몫 매수: 주식층 비중 4.4%
2025-08-04 09:30:00,FCX,매도,2,40.1599,0.39,0.483,100.27,K몫 제외(주식층 비중 0)
2025-08-04 09:30:00,WDC,매수,1,77.4187,,,22.8,K몫 매수: 주식층 비중 4.9%
2025-08-04 15:59:59,AMD,매도,6,176.6816,37.25,3.647,1082.12,실적 발표 전 청산
2025-08-05 09:30:00,AVGO,매도,4,297.7311,42.54,3.71,2272.17,K몫 제외(주식층 비중 0)
2025-08-05 09:30:00,CDNS,매도,3,366.0669,22.11,2.058,3369.57,K몫 제외(주식층 비중 0)
2025-08-05 09:30:00,CRDO,매도,12,114.9225,107.66,8.48,4747.63,K몫 제외(주식층 비중 0)
2025-08-05 09:30:00,DDOG,매수,17,139.7298,,,2370.56,K몫 매수: 주식층 비중 4.6%
2025-08-05 09:30:00,FCX,매수,2,40.3902,,,2289.73,K몫 매수: 주식층 비중 0.2%
2025-08-05 09:30:00,LRCX,매도,17,98.7306,98.55,6.247,3966.92,K몫 제외(주식층 비중 0)
2025-08-05 09:30:00,MRVL,매도,21,76.8616,-7.39,-0.457,5579.83,K몫 제외(주식층 비중 0)
2025-08-05 09:30:00,MSFT,매도,3,536.9514,1.81,0.112,7189.51,K몫 제외(주식층 비중 0)
2025-08-05 09:30:00,MU,매도,22,109.2703,78.63,3.386,9591.71,K몫 제외(주식층 비중 0)
2025-08-05 09:30:00,NOW,매도,10,184.3078,-35.1,-1.871,11433.44,K몫 제외(주식층 비중 0)
2025-08-05 09:30:00,NVDA,매도,11,179.5302,56.1,2.928,13406.83,K몫 제외(주식층 비중 0)
2025-08-05 09:30:00,ORCL,매수,8,255.5377,,,11361.1,K몫 매수: 주식층 비중 4.0%
2025-08-05 09:30:00,PANW,매수,12,171.7658,,,9298.46,K몫 매수: 주식층 비중 4.2%
2025-08-05 09:30:00,ROST,매수,1,141.3707,,,9156.99,K몫 매수: 주식층 비중 0.3%
2025-08-05 09:30:00,SHOP,매도,17,124.6926,103.01,5.115,11275.22,K몫 제외(주식층 비중 0)
2025-08-05 09:30:00,SNDK,매도,1,42.5087,0.25,0.585,11317.7,K몫 제외(주식층 비중 0)
2025-08-05 09:30:00,STX,매수,15,156.8584,,,8963.18,K몫 매수: 주식층 비중 4.6%
2025-08-05 15:59:59,FTNT,매도,7,96.1519,-39.83,-5.595,9635.75,실적 발표 전 청산
2025-08-05 15:59:59,DAVE,매도,39,239.1804,3353.7,56.239,18956.97,실적 발표 전 청산
2025-08-06 09:30:00,BKNG,매도,1,218.8693,-6.56,-2.914,19175.68,K몫 제외(주식층 비중 0)
2025-08-06 09:30:00,CRWD,매도,33,111.1944,-364.76,-9.054,22842.42,K몫 제외(주식층 비중 0)
2025-08-06 09:30:00,DDOG,매도,17,133.0335,-117.15,-4.932,25102.33,K몫 제외(주식층 비중 0)
2025-08-06 09:30:00,FCX,매도,2,40.2299,-0.44,-0.54,25182.74,K몫 제외(주식층 비중 0)
2025-08-06 09:30:00,GS,매수,1,724.8622,,,24457.37,K몫 매수: 주식층 비중 1.5%
2025-08-06 09:30:00,ORCL,매도,8,256.7116,6.46,0.316,26509.56,K몫 제외(주식층 비중 0)
2025-08-06 09:30:00,PANW,매도,12,169.1654,-34.13,-1.656,28538.06,K몫 제외(주식층 비중 0)
2025-08-06 09:30:00,ROST,매도,1,142.2089,0.64,0.449,28680.17,K몫 제외(주식층 비중 0)
2025-08-06 09:30:00,SHIP,매수,6,7.2936,,,28636.37,K몫 매수: 주식층 비중 0.1%
2025-08-06 09:30:00,STX,매도,15,152.9235,-62.34,-2.65,30928.55,K몫 제외(주식층 비중 0)
2025-08-06 09:30:00,WDC,매도,1,75.887,-1.64,-2.12,31004.38,K몫 제외(주식층 비중 0)
2025-08-06 15:59:59,MNST,매도,15,29.7351,-1.76,-0.394,31450.09,실적 발표 전 청산
2025-08-07 09:30:00,AVGO,매수,11,306.3231,,,28078.17,K몫 매수: 주식층 비중 6.9%
2025-08-07 09:30:00,CDNS,매수,1,363.1965,,,27714.72,K몫 매수: 주식층 비중 1.2%
2025-08-07 09:30:00,CRDO,매수,30,119.7799,,,24118.81,K몫 매수: 주식층 비중 7.0%
2025-08-07 09:30:00,DAVE,매수,39,202.011,,,16234.87,로테이션 매수: 126일 모멘텀 상위 2
2025-08-07 09:30:00,KO,매도,8,69.4253,-2.27,-0.408,16789.86,K몫 제외(주식층 비중 0)
2025-08-07 09:30:00,LRCX,매수,8,98.6443,,,16000.16,K몫 매수: 주식층 비중 1.5%
2025-08-07 09:30:00,MRVL,매수,10,76.5382,,,15234.24,K몫 매수: 주식층 비중 1.6%
2025-08-07 09:30:00,MSFT,매수,2,526.8333,,,14179.84,K몫 매수: 주식층 비중 2.2%
2025-08-07 09:30:00,MU,매수,10,114.152,,,13037.52,K몫 매수: 주식층 비중 2.4%
2025-08-07 09:30:00,NOW,매수,5,184.4922,,,12114.41,K몫 매수: 주식층 비중 1.9%
2025-08-07 09:30:00,NVDA,매수,5,181.6408,,,11205.57,K몫 매수: 주식층 비중 2.0%
2025-08-07 09:30:00,SHOP,매수,26,154.5372,,,7184.79,K몫 매수: 주식층 비중 7.9%
2025-08-07 09:30:00,SNDK,매수,27,42.021,,,6049.43,K몫 매수: 주식층 비중 2.2%
2025-08-08 09:30:00,BKNG,매수,1,216.9084,,,5832.37,K몫 매수: 주식층 비중 0.5%
2025-08-08 09:30:00,CRWD,매수,11,107.7413,,,4646.38,K몫 매수: 주식층 비중 2.4%
2025-08-08 09:30:00,DDOG,매수,8,136.6583,,,3552.35,K몫 매수: 주식층 비중 2.3%
2025-08-08 09:30:00,FCX,매수,1,41.4007,,,3510.92,K몫 매수: 주식층 비중 0.1%
2025-08-08 09:30:00,FTNT,매수,9,76.1431,,,2825.15,K몫 매수: 주식층 비중 1.3%
2025-08-08 09:30:00,ORCL,매수,4,250.155,,,1823.83,K몫 매수: 주식층 비중 2.0%
2025-08-08 09:30:00,STX,매수,8,149.6048,,,626.16,K몫 매수: 주식층 비중 2.3%
2025-08-08 09:30:00,WDC,매수,8,74.9675,,,26.0,K몫 매수: 주식층 비중 2.4%
2025-08-11 09:30:00,DDOG,매도,8,129.1354,-61.7,-5.644,1058.33,K몫 제외(주식층 비중 0)
2025-08-11 09:30:00,KO,매수,3,70.3352,,,847.17,K몫 매수: 주식층 비중 0.5%
2025-08-11 09:30:00,MNST,매수,3,32.2311,,,750.41,K몫 매수: 주식층 비중 0.2%
2025-08-11 09:30:00,PANW,매수,4,167.2836,,,80.81,K몫 매수: 주식층 비중 2.1%
2025-08-12 09:30:00,PANW,매도,4,171.3843,15.43,2.307,765.85,K몫 제외(주식층 비중 0)
2025-08-12 09:34:17,AAPL,매수,2,227.8172,,,309.89,K몫 매수: 주식층 비중 1.2%
2025-08-13 09:30:00,AVGO,매도,11,316.8415,110.8,3.288,3792.61,K몫 제외(주식층 비중 0)
2025-08-13 09:30:00,CRDO,매도,30,128.3358,251.35,6.995,7639.87,K몫 제외(주식층 비중 0)
2025-08-13 09:30:00,LRCX,매도,8,106.4468,61.25,7.761,8490.82,K몫 제외(주식층 비중 0)
2025-08-13 09:30:00,MRVL,매도,10,78.3208,16.72,2.184,9273.46,K몫 제외(주식층 비중 0)
2025-08-13 09:30:00,MU,매도,10,127.5162,131.91,11.556,10547.69,K몫 제외(주식층 비중 0)
2025-08-13 09:30:00,NVDA,매도,5,182.5237,3.11,0.343,11459.64,K몫 제외(주식층 비중 0)
2025-08-13 09:30:00,SNDK,매도,27,47.2264,138.82,12.236,12733.82,K몫 제외(주식층 비중 0)
2025-08-18 09:30:00,AVGO,매수,17,302.4311,,,7588.9,K몫 매수: 주식층 비중 10.1%
2025-08-18 09:30:00,CRDO,매수,45,116.3582,,,2349.11,K몫 매수: 주식층 비중 10.1%
2025-08-18 09:30:00,CRWD,매도,11,106.4468,-15.92,-1.344,3519.17,K몫 제외(주식층 비중 0)
2025-08-18 09:30:00,FTNT,매도,9,79.5302,29.48,4.302,4234.42,K몫 제외(주식층 비중 0)
2025-08-18 09:30:00,LRCX,매수,8,99.1596,,,3440.59,K몫 매수: 주식층 비중 1.6%
2025-08-18 09:30:00,MU,매수,10,121.4107,,,2225.63,K몫 매수: 주식층 비중 2.4%
2025-08-18 09:30:00,NVDA,매수,6,180.7403,,,1140.43,K몫 매수: 주식층 비중 2.1%
2025-08-18 09:30:00,PEP,매수,1,150.5653,,,989.76,K몫 매수: 주식층 비중 0.3%
2025-08-18 09:30:00,SNDK,매수,22,44.2721,,,15.09,K몫 매수: 주식층 비중 2.2%
2025-08-20 09:30:00,NOW,매도,5,176.7636,-39.93,-4.329,898.27,K몫 제외(주식층 비중 0)
2025-08-20 09:32:43,FTNT,매수,8,78.2791,,,271.59,K몫 매수: 주식층 비중 1.3%
2025-08-20 09:32:51,CRWD,매수,2,104.5796,,,62.29,K몫 매수: 주식층 비중 2.4%
2025-08-26 09:30:00,AAPL,매도,2,226.7566,-2.77,-0.608,515.47,K몫 제외(주식층 비중 0)
2025-08-26 09:30:00,EOG,매수,1,120.6503,,,394.74,K몫 매수: 주식층 비중 0.3%
2025-08-26 09:30:00,INTC,매수,16,24.5673,,,1.38,K몫 매수: 주식층 비중 1.4%
2025-08-26 09:30:00,ORCL,매도,4,234.8825,-62.48,-6.244,940.23,K몫 제외(주식층 비중 0)
2025-08-26 09:30:00,ROST,매수,1,147.4837,,,792.64,K몫 매수: 주식층 비중 0.4%
2025-08-26 09:30:00,STX,매도,8,163.6381,110.47,9.23,2100.79,K몫 제외(주식층 비중 0)
2025-08-26 09:30:00,WDC,매도,8,79.0604,31.86,5.313,2732.81,K몫 제외(주식층 비중 0)
2025-08-26 15:59:59,NVDA,매도,6,181.6091,3.66,0.337,3821.67,실적 발표 전 청산
2025-08-26 15:59:59,CRWD,매도,2,104.2853,-0.89,-0.424,4030.09,실적 발표 전 청산
2025-08-27 09:30:00,AVGO,매도,17,297.5012,-91.1,-1.772,9083.92,K몫 제외(주식층 비중 0)
2025-08-27 09:30:00,CRDO,매도,45,120.7774,191.23,3.652,14514.93,K몫 제외(주식층 비중 0)
2025-08-27 09:30:00,FTNT,매도,8,77.996,-3.16,-0.504,15138.45,K몫 제외(주식층 비중 0)
2025-08-27 09:30:00,INTC,매도,16,24.1779,-6.79,-1.727,15525.01,K몫 제외(주식층 비중 0)
2025-08-27 09:30:00,LRCX,매도,8,103.1234,30.55,3.852,16349.4,K몫 제외(주식층 비중 0)
2025-08-27 09:30:00,MU,매도,10,116.7616,-48.19,-3.969,17516.16,K몫 제외(주식층 비중 0)
2025-08-27 09:30:00,RL,매수,6,296.7183,,,15734.6,K몫 매수: 주식층 비중 3.5%
2025-08-27 09:30:00,SNDK,매도,22,47.3763,66.85,6.863,16776.12,K몫 제외(주식층 비중 0)
2025-08-28 09:30:00,AAPL,매수,2,230.9254,,,16313.95,K몫 매수: 주식층 비중 1.2%
2025-08-28 09:30:00,MDB,매수,2,299.8198,,,15713.89,K몫 매수: 주식층 비중 1.4%
2025-08-28 09:30:00,ORCL,매수,4,235.6578,,,14770.6,K몫 매수: 주식층 비중 1.9%
2025-08-28 09:30:00,STX,매수,25,167.1936,,,10587.83,K몫 매수: 주식층 비중 7.9%
2025-08-28 09:30:00,WDC,매수,52,80.9405,,,6375.98,K몫 매수: 주식층 비중 7.9%
2025-08-29 09:30:00,CRWD,매수,11,111.2719,,,5151.13,K몫 매수: 주식층 비중 2.3%
2025-08-29 09:30:00,FTNT,매수,8,79.2096,,,4517.01,K몫 매수: 주식층 비중 1.3%
2025-09-02 09:30:00,AMD,매수,7,158.134,,,3409.3,K몫 매수: 주식층 비중 2.1%
2025-09-02 09:30:00,AVGO,매수,11,289.4847,,,222.74,K몫 매수: 주식층 비중 11.0%
2025-09-02 09:30:00,INTC,매수,9,23.8819,,,7.65,K몫 매수: 주식층 비중 1.3%
2025-09-03 09:30:00,AMD,매도,7,161.6991,23.35,2.11,1138.72,K몫 제외(주식층 비중 0)
2025-09-03 09:30:00,AVGO,매도,11,302.1389,134.54,4.225,4459.82,K몫 제외(주식층 비중 0)
2025-09-03 09:30:00,BTSG,매수,1,23.8119,,,4435.99,K몫 매수: 주식층 비중 0.1%
2025-09-03 09:30:00,CDNS,매도,1,340.7096,-22.99,-6.33,4776.45,K몫 제외(주식층 비중 0)
2025-09-03 09:30:00,FTNT,매도,8,76.6916,-21.04,-3.32,5389.54,K몫 제외(주식층 비중 0)
2025-09-03 09:30:00,INTC,매도,9,24.068,1.37,0.635,5605.99,K몫 제외(주식층 비중 0)
2025-09-03 09:30:00,MSFT,매도,2,503.6331,-47.87,-4.543,6612.52,K몫 제외(주식층 비중 0)
2025-09-03 09:30:00,SHOP,매도,26,139.7971,-388.71,-9.674,10244.59,K몫 제외(주식층 비중 0)
2025-09-05 09:30:00,CDNS,매수,1,354.177,,,9890.17,K몫 매수: 주식층 비중 1.2%
2025-09-05 09:30:00,MSFT,매수,2,509.3245,,,8870.81,K몫 매수: 주식층 비중 2.1%
2025-09-05 09:30:00,SHOP,매수,8,146.6633,,,7696.68,K몫 매수: 주식층 비중 2.3%
2025-09-08 09:30:00,AMD,매수,7,151.8759,,,6632.8,K몫 매수: 주식층 비중 2.1%
2025-09-08 09:30:00,AVGO,매수,17,343.1415,,,795.32,K몫 매수: 주식층 비중 11.0%
2025-09-08 09:30:00,CRDO,매수,5,144.3091,,,73.26,K몫 매수: 주식층 비중 12.1%
2025-09-08 09:30:00,EOG,매도,1,117.7911,-3.03,-2.511,190.97,K몫 제외(주식층 비중 0)
2025-09-08 09:30:00,INTC,매수,7,24.4922,,,19.4,K몫 매수: 주식층 비중 1.4%
2025-09-08 09:30:00,NET,매도,38,216.5916,666.33,8.822,8243.88,로테이션 제외(모멘텀 순위 밖 또는 국면 0)
2025-09-08 09:30:00,NVDA,매수,6,167.6438,,,7237.31,K몫 매수: 주식층 비중 2.0%
2025-09-08 15:59:59,ORCL,매도,4,238.4007,9.62,1.02,8190.22,실적 발표 전 청산
2025-09-09 09:30:00,AAPL,매도,2,236.8815,11.24,2.434,8663.64,K몫 제외(주식층 비중 0)
2025-09-09 09:30:00,LRCX,매수,7,104.9625,,,7928.38,K몫 매수: 주식층 비중 1.5%
2025-09-09 09:30:00,MDB,매도,2,322.4687,44.41,7.406,8572.85,K몫 제외(주식층 비중 0)
2025-09-09 09:30:00,MU,매수,7,131.8609,,,7649.18,K몫 매수: 주식층 비중 1.7%
2025-09-09 09:30:00,SNDK,매수,69,70.2951,,,2795.42,K몫 매수: 주식층 비중 8.9%
2025-09-09 09:30:00,STX,매도,25,188.9255,536.92,12.846,7515.11,K몫 제외(주식층 비중 0)
2025-09-09 09:30:00,WDC,매도,52,92.9035,615.61,14.626,12342.56,K몫 제외(주식층 비중 0)
2025-09-11 09:30:00,AAPL,매수,3,226.9884,,,11661.12,K몫 매수: 주식층 비중 1.2%
2025-09-11 09:30:00,CDNS,매도,1,342.1888,-12.49,-3.525,12003.06,K몫 제외(주식층 비중 0)
2025-09-11 09:30:00,DDOG,매수,5,139.5697,,,11304.72,K몫 매수: 주식층 비중 1.3%
2025-09-11 09:30:00,EOG,매수,1,119.1395,,,11185.5,K몫 매수: 주식층 비중 0.3%
2025-09-12 09:30:00,EOG,매도,1,120.7096,1.4,1.174,11306.12,K몫 제외(주식층 비중 0)
2025-09-12 09:30:00,MDB,매수,2,336.2681,,,10633.12,K몫 매수: 주식층 비중 1.6%
2025-09-16 09:30:00,PEP,매도,1,140.6097,-10.16,-6.75,10773.62,K몫 제외(주식층 비중 0)
2025-09-16 09:30:00,STX,매수,33,212.106,,,3769.23,K몫 매수: 주식층 비중 12.1%
2025-09-22 15:59:59,MU,매도,7,164.4977,226.97,24.59,4919.87,실적 발표 전 청산
2025-09-23 09:30:00,AMD,매도,7,160.4497,58.45,5.498,6042.2,K몫 제외(주식층 비중 0)
2025-09-23 09:30:00,AVGO,매도,17,340.9195,-46.09,-0.79,11833.6,K몫 제외(주식층 비중 0)
2025-09-23 09:30:00,CRDO,매도,5,163.5829,95.27,13.203,12650.91,K몫 제외(주식층 비중 0)
2025-09-23 09:30:00,INTC,매도,7,28.9755,31.11,18.148,12853.59,K몫 제외(주식층 비중 0)
2025-09-23 09:30:00,LRCX,매도,7,130.2648,175.94,23.946,13764.78,K몫 제외(주식층 비중 0)
2025-09-23 09:30:00,NET,매수,6,228.4542,,,12393.1,K몫 매수: 주식층 비중 2.2%
2025-09-23 09:30:00,NVDA,매도,6,181.4406,81.28,8.081,13480.95,K몫 제외(주식층 비중 0)
2025-09-23 09:30:00,PEP,매수,1,140.9504,,,13339.9,K몫 매수: 주식층 비중 0.3%
2025-09-23 09:30:00,SNDK,매도,69,104.9475,2382.33,49.117,20575.99,K몫 제외(주식층 비중 0)
2025-09-23 09:30:00,WDC,매수,46,112.5362,,,15395.7,K몫 매수: 주식층 비중 8.5%
2025-09-24 09:30:00,UNP,매수,1,229.4447,,,15166.09,K몫 매수: 주식층 비중 0.5%
2025-09-25 09:30:00,AMD,매수,9,157.2586,,,13749.78,K몫 매수: 주식층 비중 2.4%
2025-09-25 09:30:00,AVGO,매수,2,334.167,,,13080.97,K몫 매수: 주식층 비중 1.2%
2025-09-25 09:30:00,CRDO,매수,10,138.069,,,11699.32,K몫 매수: 주식층 비중 2.3%
2025-09-25 09:30:00,INTC,매수,31,31.5157,,,10721.65,K몫 매수: 주식층 비중 1.6%
2025-09-26 09:30:00,BKNG,매도,1,223.0264,5.8,2.675,10944.51,K몫 제외(주식층 비중 0)
2025-09-26 09:30:00,BTSG,매도,1,26.5517,2.7,11.355,10971.04,K몫 제외(주식층 비중 0)
2025-09-26 09:30:00,DAL,매도,1,57.3513,0.74,1.312,11028.35,K몫 제외(주식층 비중 0)
2025-09-26 09:30:00,FCX,매도,1,35.4823,-5.97,-14.428,11063.81,K몫 제외(주식층 비중 0)
2025-09-26 09:30:00,GOOGL,매도,6,246.8765,326.92,28.367,12543.98,K몫 제외(주식층 비중 0)
2025-09-26 09:30:00,GS,매도,1,796.7614,70.81,9.769,13340.16,K몫 제외(주식층 비중 0)
2025-09-26 09:30:00,KO,매도,3,66.1369,-12.89,-6.108,13538.43,K몫 제외(주식층 비중 0)
2025-09-26 09:30:00,LRCX,매수,5,127.4837,,,12900.57,K몫 매수: 주식층 비중 1.1%
2025-09-26 09:30:00,META,매도,2,747.626,-28.92,-1.9,14394.73,K몫 제외(주식층 비중 0)
2025-09-26 09:30:00,MNST,매도,3,32.3638,0.26,0.268,14491.75,K몫 제외(주식층 비중 0)
2025-09-26 09:30:00,MU,매수,4,158.079,,,13858.99,K몫 매수: 주식층 비중 1.2%
2025-09-26 09:30:00,NEM,매도,1,83.7981,18.84,29.049,13942.72,K몫 제외(주식층 비중 0)
2025-09-26 09:30:00,NVDA,매수,4,177.0885,,,13233.88,K몫 매수: 주식층 비중 1.4%
2025-09-26 09:30:00,PEP,매도,1,139.93,-1.22,-0.866,13373.7,K몫 제외(주식층 비중 0)
2025-09-26 09:30:00,RL,매도,6,309.3253,73.04,4.103,15228.3,K몫 제외(주식층 비중 0)
2025-09-26 09:30:00,ROST,매도,1,150.1249,2.43,1.647,15378.32,K몫 제외(주식층 비중 0)
2025-09-26 09:30:00,SHIP,매도,6,8.8456,9.24,21.119,15431.35,K몫 제외(주식층 비중 0)
2025-09-26 09:30:00,SNDK,매수,44,96.048,,,11202.28,K몫 매수: 주식층 비중 7.1%
2025-09-26 09:30:00,UNP,매도,1,231.904,2.13,0.928,11434.01,K몫 제외(주식층 비중 0)
2025-09-26 09:30:00,USB,매도,5,49.3753,13.82,5.937,11680.71,K몫 제외(주식층 비중 0)
2025-10-01 09:30:00,MRVL,매수,10,82.041,,,10859.73,K몫 매수: 주식층 비중 1.4%
2025-10-09 09:30:00,AAPL,매도,3,257.2013,89.6,13.158,11630.77,K몫 제외(주식층 비중 0)
2025-10-09 09:30:00,AMD,매도,9,235.957,705.74,49.864,13752.83,K몫 제외(주식층 비중 0)
2025-10-09 09:30:00,AVGO,매도,2,345.4572,21.61,3.233,14443.24,K몫 제외(주식층 비중 0)
2025-10-09 09:30:00,CRDO,매도,10,145.8834,76.11,5.513,15901.01,K몫 제외(주식층 비중 0)
2025-10-09 09:30:00,CRWD,매도,11,126.8428,169.41,13.84,17295.26,K몫 제외(주식층 비중 0)
2025-10-09 09:30:00,DAVE,매도,39,208.3708,236.59,3.003,25415.79,로테이션 제외(모멘텀 순위 밖 또는 국면 0)
2025-10-09 09:30:00,DDOG,매도,5,163.5732,118.93,17.043,26233.06,K몫 제외(주식층 비중 0)
2025-10-09 09:30:00,INTC,매도,31,37.3863,180.46,18.471,27391.19,K몫 제외(주식층 비중 0)
2025-10-09 09:30:00,LRCX,매도,5,141.6192,69.71,10.937,28098.77,K몫 제외(주식층 비중 0)
2025-10-09 09:30:00,MDB,매도,2,329.88,-13.73,-2.041,28758.04,K몫 제외(주식층 비중 0)
2025-10-09 09:30:00,MRVL,매도,10,92.018,98.52,12.009,29677.55,K몫 제외(주식층 비중 0)
2025-10-09 09:30:00,MSFT,매도,2,523.5181,26.91,2.642,30723.82,K몫 제외(주식층 비중 0)
2025-10-09 09:30:00,MU,매도,4,195.862,150.12,23.741,31506.7,K몫 제외(주식층 비중 0)
2025-10-09 09:30:00,NET,매도,6,218.6506,-60.74,-4.431,32817.65,K몫 제외(주식층 비중 0)
2025-10-09 09:30:00,NVDA,매도,4,191.8827,58.12,8.205,33584.62,K몫 제외(주식층 비중 0)
2025-10-09 09:30:00,SHOP,매도,8,165.887,152.0,12.955,34910.74,K몫 제외(주식층 비중 0)
2025-10-09 09:30:00,SNDK,매도,44,127.0764,1358.21,32.139,40498.02,K몫 제외(주식층 비중 0)
2025-10-09 09:30:00,STX,매도,33,224.0979,385.43,5.507,47887.86,K몫 제외(주식층 비중 0)
2025-10-09 09:30:00,WDC,매도,46,120.3248,350.61,6.773,53418.76,K몫 제외(주식층 비중 0)
2025-10-14 09:30:00,AAPL,매수,3,246.7383,,,52678.02,K몫 매수: 주식층 비중 1.3%
2025-10-14 09:30:00,AMD,매수,3,219.3996,,,52019.37,K몫 매수: 주식층 비중 1.1%
2025-10-14 09:30:00,AVGO,매수,4,350.3001,,,50617.18,K몫 매수: 주식층 비중 2.2%
2025-10-14 09:30:00,BKNG,매수,1,208.4914,,,50408.55,K몫 매수: 주식층 비중 0.5%
2025-10-14 09:30:00,BTSG,매수,2,28.8544,,,50350.8,K몫 매수: 주식층 비중 0.1%
2025-10-14 09:30:00,CRDO,매수,66,143.9349,,,40844.44,로테이션 매수: 126일 모멘텀 상위 2
2025-10-14 09:30:00,CRWD,매수,6,125.1976,,,40092.73,K몫 매수: 주식층 비중 1.4%
2025-10-14 09:30:00,DAL,매수,1,57.8289,,,40034.86,K몫 매수: 주식층 비중 0.2%
2025-10-14 09:30:00,DAVE,매수,48,198.099,,,30519.45,로테이션 매수: 126일 모멘텀 상위 2
2025-10-14 09:30:00,DDOG,매수,5,160.7103,,,29715.34,K몫 매수: 주식층 비중 1.4%
2025-10-14 09:30:00,FCX,매수,1,41.5808,,,29673.73,K몫 매수: 주식층 비중 0.1%
2025-10-14 09:30:00,INTC,매수,26,35.918,,,28739.21,K몫 매수: 주식층 비중 1.5%
2025-10-14 09:30:00,KO,매수,10,66.9034,,,28069.71,K몫 매수: 주식층 비중 1.1%
2025-10-14 09:30:00,LRCX,매수,11,134.3777,,,26590.52,K몫 매수: 주식층 비중 2.4%
2025-10-14 09:30:00,MDB,매수,3,312.4762,,,25652.43,K몫 매수: 주식층 비중 1.6%
2025-10-14 09:30:00,MNST,매수,6,33.5918,,,25450.74,K몫 매수: 주식층 비중 0.3%
2025-10-14 09:30:00,MRVL,매수,12,86.8434,,,24407.89,K몫 매수: 주식층 비중 1.7%
2025-10-14 09:30:00,MSFT,매수,2,510.1049,,,23386.97,K몫 매수: 주식층 비중 2.4%
2025-10-14 09:30:00,MU,매수,6,187.0535,,,22263.86,K몫 매수: 주식층 비중 1.8%
2025-10-14 09:30:00,NEM,매수,79,87.7438,,,15327.24,K몫 매수: 주식층 비중 10.9%
2025-10-14 09:30:00,NET,매수,5,217.4387,,,14239.29,K몫 매수: 주식층 비중 2.0%
2025-10-14 09:30:00,NVDA,매수,7,184.8724,,,12944.28,K몫 매수: 주식층 비중 2.2%
2025-10-14 09:30:00,ORCL,매수,4,303.7218,,,11728.54,K몫 매수: 주식층 비중 2.3%
2025-10-14 09:30:00,PEP,매수,1,148.7844,,,11579.65,K몫 매수: 주식층 비중 0.3%
2025-10-14 09:30:00,ROST,매수,1,154.7373,,,11424.8,K몫 매수: 주식층 비중 0.4%
2025-10-14 09:30:00,SHIP,매수,10,7.994,,,11344.81,K몫 매수: 주식층 비중 0.1%
2025-10-14 09:30:00,SHOP,매수,9,148.1891,,,10010.17,K몫 매수: 주식층 비중 2.3%
2025-10-14 09:30:00,SNDK,매수,67,123.4017,,,1736.47,K몫 매수: 주식층 비중 13.0%
2025-10-14 09:30:00,STX,매수,8,215.5978,,,10.49,K몫 매수: 주식층 비중 13.0%
2025-10-16 09:30:00,AAPL,매도,3,248.1459,3.16,0.427,754.38,K몫 제외(주식층 비중 0)
2025-10-16 09:30:00,AMD,매도,3,236.0769,49.05,7.453,1462.09,K몫 제외(주식층 비중 0)
2025-10-16 09:30:00,AVGO,매도,4,356.5217,22.86,1.632,2887.14,K몫 제외(주식층 비중 0)
2025-10-16 09:30:00,BKNG,매도,1,202.2864,-6.5,-3.117,3089.28,K몫 제외(주식층 비중 0)
2025-10-16 09:30:00,BTSG,매도,2,30.8746,3.95,6.853,3150.98,K몫 제외(주식층 비중 0)
2025-10-16 09:30:00,CRDO,매도,66,133.933,-673.23,-7.087,11984.11,로테이션 제외(모멘텀 순위 밖 또는 국면 0)
2025-10-16 09:30:00,CRWD,매도,6,122.3713,-18.02,-2.399,12717.8,K몫 제외(주식층 비중 0)
2025-10-16 09:30:00,DAL,매도,1,61.5992,3.68,6.372,12779.35,K몫 제외(주식층 비중 0)
2025-10-16 09:30:00,DAVE,매도,48,223.928,1225.29,12.886,23520.05,로테이션 제외(모멘텀 순위 밖 또는 국면 0)
2025-10-16 09:30:00,DDOG,매도,5,160.5097,-2.15,-0.268,24322.01,K몫 제외(주식층 비중 0)
2025-10-16 09:30:00,FCX,매도,1,41.999,0.36,0.862,24363.98,K몫 제외(주식층 비중 0)
2025-10-16 09:30:00,INTC,매도,26,37.1264,30.06,3.219,25328.56,K몫 제외(주식층 비중 0)
2025-10-16 09:30:00,KO,매도,10,67.1414,1.42,0.212,25999.49,K몫 제외(주식층 비중 0)
2025-10-16 09:30:00,LRCX,매도,11,147.3463,140.44,9.501,27619.11,K몫 제외(주식층 비중 0)
2025-10-16 09:30:00,MDB,매도,3,319.84,20.73,2.212,28577.93,K몫 제외(주식층 비중 0)
2025-10-16 09:30:00,MNST,매도,6,34.3678,4.36,2.165,28783.99,K몫 제외(주식층 비중 0)
2025-10-16 09:30:00,MRVL,매도,12,89.6052,31.63,3.035,29858.47,K몫 제외(주식층 비중 0)
2025-10-16 09:30:00,MSFT,매도,2,512.4736,3.28,0.321,30882.66,K몫 제외(주식층 비중 0)
2025-10-16 09:30:00,MU,매도,6,199.8,74.82,6.666,32080.59,K몫 제외(주식층 비중 0)
2025-10-16 09:30:00,NEM,매도,79,94.9925,562.31,8.112,39579.52,K몫 제외(주식층 비중 0)
2025-10-16 09:30:00,NET,매도,5,218.6706,4.6,0.423,40672.07,K몫 제외(주식층 비중 0)
2025-10-16 09:30:00,NVDA,매도,7,182.0989,-21.25,-1.642,41945.83,K몫 제외(주식층 비중 0)
2025-10-16 09:30:00,ORCL,매도,4,305.4472,5.16,0.425,43166.73,K몫 제외(주식층 비중 0)
2025-10-16 09:30:00,PEP,매도,1,152.4537,3.45,2.321,43319.07,K몫 제외(주식층 비중 0)
2025-10-16 09:30:00,ROST,매도,1,157.2214,2.26,1.461,43476.18,K몫 제외(주식층 비중 0)
2025-10-16 09:30:00,SHIP,매도,10,8.086,0.8,1.007,43556.98,K몫 제외(주식층 비중 0)
2025-10-16 09:30:00,SHOP,매도,9,161.0494,113.75,8.529,45005.37,K몫 제외(주식층 비중 0)
2025-10-16 09:30:00,SNDK,매도,67,145.927,1496.27,18.097,54775.34,K몫 제외(주식층 비중 0)
2025-10-16 09:30:00,STX,매도,8,223.888,63.81,3.699,56565.14,K몫 제외(주식층 비중 0)
2025-10-17 09:30:00,AAPL,매수,3,248.144,,,55820.18,K몫 매수: 주식층 비중 1.3%
2025-10-17 09:30:00,AMD,매수,3,233.3966,,,55119.5,K몫 매수: 주식층 비중 1.1%
2025-10-17 09:30:00,AVGO,매수,4,349.8248,,,53719.22,K몫 매수: 주식층 비중 2.2%
2025-10-17 09:30:00,BKNG,매수,1,198.055,,,53521.03,K몫 매수: 주식층 비중 0.4%
2025-10-17 09:30:00,CRDO,매수,76,132.5662,,,43438.94,로테이션 매수: 126일 모멘텀 상위 2
2025-10-17 09:30:00,CRWD,매수,7,119.6448,,,42600.84,K몫 매수: 주식층 비중 1.4%
2025-10-17 09:30:00,DAL,매수,1,60.3702,,,42540.43,K몫 매수: 주식층 비중 0.2%
2025-10-17 09:30:00,DAVE,매수,48,208.104,,,32544.45,로테이션 매수: 126일 모멘텀 상위 2
2025-10-17 09:30:00,DDOG,매수,6,152.3762,,,31629.55,K몫 매수: 주식층 비중 1.4%
2025-10-17 09:30:00,FCX,매수,1,41.6208,,,31587.9,K몫 매수: 주식층 비중 0.1%
2025-10-17 09:30:00,INTC,매수,28,36.3332,,,30569.86,K몫 매수: 주식층 비중 1.5%
2025-10-17 09:30:00,KO,매수,11,68.034,,,29820.96,K몫 매수: 주식층 비중 1.2%
2025-10-17 09:30:00,LRCX,매수,11,142.3311,,,28254.22,K몫 매수: 주식층 비중 2.4%
2025-10-17 09:30:00,MDB,매수,3,311.9259,,,27317.79,K몫 매수: 주식층 비중 1.6%
2025-10-17 09:30:00,MNST,매수,6,35.3026,,,27105.83,K몫 매수: 주식층 비중 0.3%
2025-10-17 09:30:00,MRVL,매수,13,86.7634,,,25977.11,K몫 매수: 주식층 비중 1.7%
2025-10-17 09:30:00,MSFT,매수,3,509.2945,,,24448.16,K몫 매수: 주식층 비중 2.4%
2025-10-17 09:30:00,MU,매수,6,199.3796,,,23251.04,K몫 매수: 주식층 비중 1.8%
2025-10-17 09:30:00,NEM,매수,1,96.4082,,,23154.57,K몫 매수: 주식층 비중 0.2%
2025-10-17 09:30:00,NET,매수,6,208.3291,,,21903.72,K몫 매수: 주식층 비중 2.0%
2025-10-17 09:30:00,NVDA,매수,8,180.1,,,20461.91,K몫 매수: 주식층 비중 2.2%
2025-10-17 09:30:00,ORCL,매수,5,303.9019,,,18941.34,K몫 매수: 주식층 비중 2.3%
2025-10-17 09:30:00,PEP,매수,1,153.8469,,,18787.38,K몫 매수: 주식층 비중 0.4%
2025-10-17 09:30:00,ROST,매수,1,156.2181,,,18631.05,K몫 매수: 주식층 비중 0.4%
2025-10-17 09:30:00,SHIP,매수,12,8.004,,,18534.94,K몫 매수: 주식층 비중 0.1%
2025-10-17 09:30:00,SHOP,매수,10,155.9579,,,16974.27,K몫 매수: 주식층 비중 2.3%
2025-10-17 09:30:00,SNDK,매수,63,139.2397,,,8196.03,K몫 매수: 주식층 비중 13.0%
2025-10-17 09:30:00,STX,매수,36,222.3624,,,185.38,K몫 매수: 주식층 비중 13.1%
2025-10-17 09:30:00,USB,매수,3,46.3131,,,46.34,K몫 매수: 주식층 비중 0.5%
2025-10-20 09:30:00,KO,매도,11,68.3908,2.85,0.381,798.09,K몫 제외(주식층 비중 0)
2025-10-20 09:30:00,MNST,매도,6,35.2199,-0.8,-0.377,1009.25,K몫 제외(주식층 비중 0)
2025-10-20 09:30:00,NEM,매도,1,93.8131,-2.73,-2.833,1103.0,K몫 제외(주식층 비중 0)
2025-10-20 09:30:00,PEP,매도,1,154.2828,0.22,0.14,1257.17,K몫 제외(주식층 비중 0)
2025-10-20 09:30:00,UNP,매수,1,226.7733,,,1030.24,K몫 매수: 주식층 비중 0.5%
2025-10-20 09:30:00,WDC,매수,7,129.0045,,,126.57,K몫 매수: 주식층 비중 11.9%
2025-10-21 09:30:00,BTSG,매수,2,29.935,,,66.66,K몫 매수: 주식층 비중 0.1%
2025-10-21 15:59:59,LRCX,매도,11,144.9225,26.25,1.676,1659.65,실적 발표 전 청산
2025-10-22 09:30:00,AMD,매도,3,236.5966,8.59,1.227,2368.92,K몫 제외(주식층 비중 0)
2025-10-22 09:30:00,AVGO,매도,4,347.1863,-12.55,-0.897,3756.65,K몫 제외(주식층 비중 0)
2025-10-22 09:30:00,FCX,매도,1,40.6297,-1.05,-2.523,3797.25,K몫 제외(주식층 비중 0)
2025-10-22 09:30:00,INTC,매도,28,37.8161,40.04,3.935,4855.33,K몫 제외(주식층 비중 0)
2025-10-22 09:30:00,KO,매수,8,71.3957,,,4283.76,K몫 매수: 주식층 비중 0.8%
2025-10-22 09:30:00,MNST,매수,6,34.4772,,,4076.75,K몫 매수: 주식층 비중 0.3%
2025-10-22 09:30:00,MRVL,매도,13,81.2294,-73.5,-6.517,5131.96,K몫 제외(주식층 비중 0)
2025-10-22 09:30:00,MU,매도,6,202.1489,14.89,1.245,6343.97,K몫 제외(주식층 비중 0)
2025-10-22 09:30:00,NVDA,매도,8,181.0394,5.45,0.378,7791.23,K몫 제외(주식층 비중 0)
2025-10-22 09:30:00,PEP,매수,1,153.2466,,,7637.88,K몫 매수: 주식층 비중 0.4%
2025-10-22 09:30:00,SHIP,매도,12,7.976,-0.47,-0.492,7733.52,K몫 제외(주식층 비중 0)
2025-10-22 09:30:00,SNDK,매도,63,149.0255,603.51,6.88,17115.27,K몫 제외(주식층 비중 0)
2025-10-22 09:30:00,UNP,매도,1,226.8765,-0.22,-0.098,17341.98,K몫 제외(주식층 비중 0)
2025-10-24 09:30:00,SHIP,매수,11,8.4542,,,17248.92,K몫 매수: 주식층 비중 0.1%
2025-10-24 09:30:00,UNP,매수,1,220.6202,,,17028.14,K몫 매수: 주식층 비중 0.6%
2025-10-24 09:30:00,VZ,매수,9,38.6143,,,16680.37,K몫 매수: 주식층 비중 0.5%
2025-10-27 09:30:00,AMD,매수,2,258.3291,,,16163.35,K몫 매수: 주식층 비중 1.0%
2025-10-27 09:30:00,AMZN,매수,1,227.9239,,,15935.27,K몫 매수: 주식층 비중 0.5%
2025-10-27 09:30:00,AVGO,매수,4,361.7108,,,14487.41,K몫 매수: 주식층 비중 2.0%
2025-10-27 09:30:00,BTSG,매도,2,33.7231,7.49,12.502,14554.81,K몫 제외(주식층 비중 0)
2025-10-27 09:30:00,FCX,매수,1,41.7509,,,14513.03,K몫 매수: 주식층 비중 0.1%
2025-10-27 09:30:00,INTC,매수,26,38.3342,,,13515.64,K몫 매수: 주식층 비중 1.4%
2025-10-27 09:30:00,LRCX,매수,10,156.1881,,,11952.67,K몫 매수: 주식층 비중 2.2%
2025-10-27 09:30:00,MRVL,매수,19,86.123,,,10315.19,K몫 매수: 주식층 비중 2.2%
2025-10-27 09:30:00,MSFT,매도,3,531.4433,64.21,4.203,11908.35,K몫 제외(주식층 비중 0)
2025-10-27 09:30:00,MU,매수,5,224.7423,,,10783.85,K몫 매수: 주식층 비중 1.6%
2025-10-27 09:30:00,NVDA,매수,7,190.075,,,9452.4,K몫 매수: 주식층 비중 2.0%
2025-10-27 09:30:00,SHOP,매도,10,174.9325,187.38,12.015,11200.45,K몫 제외(주식층 비중 0)
2025-10-27 09:30:00,SNDK,매수,46,191.8904,,,2367.31,K몫 매수: 주식층 비중 11.9%
2025-10-27 09:30:00,VZ,매도,9,38.7856,1.04,0.3,2716.12,K몫 제외(주식층 비중 0)
2025-10-27 09:33:45,RL,매수,1,340.23,,,2375.66,K몫 매수: 주식층 비중 0.7%
2025-10-27 15:59:59,STX,매도,36,230.2148,271.03,3.386,10657.34,실적 발표 전 청산
2025-10-27 15:59:59,BKNG,매도,1,210.2948,11.95,6.033,10867.48,실적 발표 전 청산
2025-10-28 09:30:00,AAPL,매도,3,269.0004,61.46,8.256,11673.89,K몫 제외(주식층 비중 0)
2025-10-28 09:30:00,DDOG,매도,6,158.9105,37.87,4.142,12626.66,K몫 제외(주식층 비중 0)
2025-10-28 09:30:00,MDB,매도,3,342.8285,91.3,9.757,13654.4,K몫 제외(주식층 비중 0)
2025-10-28 09:30:00,NET,매도,6,226.1369,104.98,8.399,15010.23,K몫 제외(주식층 비중 0)
2025-10-28 09:30:00,ORCL,매도,5,282.8585,-107.31,-7.062,16423.49,K몫 제외(주식층 비중 0)
2025-10-28 09:30:00,SLB,매수,4,36.1981,,,16278.59,K몫 매수: 주식층 비중 0.2%
2025-10-28 09:30:00,WDC,매도,7,126.6267,-17.92,-1.985,17164.33,K몫 제외(주식층 비중 0)
2025-10-29 09:30:00,AMD,매도,2,264.0579,10.71,2.073,17692.06,K몫 제외(주식층 비중 0)
2025-10-29 09:30:00,AMZN,매도,1,231.5562,3.3,1.449,17923.45,K몫 제외(주식층 비중 0)
2025-10-29 09:30:00,AVGO,매도,4,373.0134,43.11,2.979,19414.41,K몫 제외(주식층 비중 0)
2025-10-29 09:30:00,CRDO,매도,76,165.867,2514.6,24.959,32011.1,로테이션 제외(모멘텀 순위 밖 또는 국면 0)
2025-10-29 09:30:00,CRWD,매도,7,135.1824,107.49,12.834,32956.69,K몫 제외(주식층 비중 0)
2025-10-29 09:30:00,DAL,매도,1,57.8711,-2.58,-4.28,33014.52,K몫 제외(주식층 비중 0)
2025-10-29 09:30:00,DAVE,매도,48,247.7061,1885.23,18.873,44895.73,로테이션 제외(모멘텀 순위 밖 또는 국면 0)
2025-10-29 09:30:00,FCX,매도,1,41.6991,-0.11,-0.267,44937.4,K몫 제외(주식층 비중 0)
2025-10-29 09:30:00,INTC,매도,26,41.5792,82.88,8.316,46017.67,K몫 제외(주식층 비중 0)
2025-10-29 09:30:00,KO,매도,8,69.885,-12.89,-2.257,46576.34,K몫 제외(주식층 비중 0)
2025-10-29 09:30:00,LRCX,매도,10,158.1709,17.58,1.126,48156.9,K몫 제외(주식층 비중 0)
2025-10-29 09:30:00,MNST,매도,6,34.4178,-0.65,-0.315,48363.25,K몫 제외(주식층 비중 0)
2025-10-29 09:30:00,MRVL,매도,19,90.3048,77.06,4.709,50077.79,K몫 제외(주식층 비중 0)
2025-10-29 09:30:00,MU,매도,5,228.903,19.18,1.707,51221.47,K몫 제외(주식층 비중 0)
2025-10-29 09:30:00,NVDA,매도,7,207.876,122.61,9.215,52675.54,K몫 제외(주식층 비중 0)
2025-10-29 09:30:00,PEP,매도,1,148.4258,-5.04,-3.287,52823.86,K몫 제외(주식층 비중 0)
2025-10-29 09:30:00,RL,매도,1,328.3757,-12.33,-3.625,53151.99,K몫 제외(주식층 비중 0)
2025-10-29 09:30:00,ROST,매도,1,159.0205,2.58,1.65,53310.9,K몫 제외(주식층 비중 0)
2025-10-29 09:30:00,SHIP,매도,11,8.4658,-0.01,-0.007,53403.95,K몫 제외(주식층 비중 0)
2025-10-29 09:30:00,SLB,매도,4,35.902,-1.39,-0.96,53547.46,K몫 제외(주식층 비중 0)
2025-10-29 09:30:00,SNDK,매도,46,186.5267,-259.17,-2.936,62121.42,K몫 제외(주식층 비중 0)
2025-10-29 09:30:00,UNP,매도,1,216.5317,-4.4,-1.995,62337.8,K몫 제외(주식층 비중 0)
2025-10-29 09:30:00,USB,매도,3,46.8865,1.52,1.094,62478.35,K몫 제외(주식층 비중 0)
2025-11-06 09:30:00,AMGN,매수,2,317.4354,,,61843.04,K몫 매수: 주식층 비중 1.2%
2025-11-06 09:30:00,BTSG,매수,28,32.8764,,,60921.85,K몫 매수: 주식층 비중 1.3%
2025-11-06 09:30:00,ISRG,매수,2,546.7732,,,59827.54,K몫 매수: 주식층 비중 1.5%
2025-11-06 09:30:00,LLY,매수,1,928.464,,,58898.43,K몫 매수: 주식층 비중 1.6%
2025-11-06 09:30:00,WDC,매수,70,160.07,,,47685.68,로테이션 매수: 126일 모멘텀 상위 2
2025-11-07 09:30:00,RL,매수,2,317.6688,,,47049.9,K몫 매수: 주식층 비중 1.0%
2025-11-07 09:30:00,ROST,매수,4,160.9905,,,46405.49,K몫 매수: 주식층 비중 1.0%
2025-11-07 09:30:00,SNDK,매수,54,208.104,,,35160.01,로테이션 매수: 126일 모멘텀 상위 2
2025-11-10 09:30:00,KO,매수,12,70.045,,,34318.88,K몫 매수: 주식층 비중 1.1%
2025-11-10 09:30:00,MNST,매수,75,34.9325,,,31697.11,K몫 매수: 주식층 비중 3.4%
2025-11-10 09:30:00,PEP,매수,9,142.5712,,,30413.07,K몫 매수: 주식층 비중 1.8%
2025-11-18 09:30:00,AMGN,매도,2,343.5581,51.3,8.08,31099.68,K몫 제외(주식층 비중 0)
2025-11-18 09:30:00,AVGO,매수,1,343.3616,,,30756.08,K몫 매수: 주식층 비중 0.7%
2025-11-18 09:30:00,BTSG,매도,28,31.1244,-50.34,-5.468,31626.93,K몫 제외(주식층 비중 0)
2025-11-18 09:30:00,CRDO,매수,3,140.2501,,,31205.89,K몫 매수: 주식층 비중 0.7%
2025-11-18 09:30:00,CRWD,매수,2,131.3156,,,30943.07,K몫 매수: 주식층 비중 0.4%
2025-11-18 09:30:00,DDOG,매수,1,176.9234,,,30766.02,K몫 매수: 주식층 비중 0.4%
2025-11-18 09:30:00,INTC,매수,16,34.2671,,,30217.37,K몫 매수: 주식층 비중 0.7%
2025-11-18 09:30:00,ISRG,매도,2,545.782,-3.54,-0.324,31308.13,K몫 제외(주식층 비중 0)
2025-11-18 09:30:00,KO,매도,12,70.9545,9.7,1.154,32158.97,K몫 제외(주식층 비중 0)
2025-11-18 09:30:00,LLY,매도,1,1013.503,83.65,9.009,33171.73,K몫 제외(주식층 비중 0)
2025-11-18 09:30:00,LRCX,매수,4,146.073,,,32587.03,K몫 매수: 주식층 비중 0.8%
2025-11-18 09:30:00,MDB,매수,1,335.7794,,,32251.01,K몫 매수: 주식층 비중 0.5%
2025-11-18 09:30:00,MNST,매도,75,35.972,74.16,2.831,34946.94,K몫 제외(주식층 비중 0)
2025-11-18 09:30:00,MRVL,매수,7,80.5102,,,34382.98,K몫 매수: 주식층 비중 0.8%
2025-11-18 09:30:00,MU,매수,10,235.4377,,,32026.95,K몫 매수: 주식층 비중 3.2%
2025-11-18 09:30:00,NET,매수,3,187.5687,,,31463.85,K몫 매수: 주식층 비중 0.8%
2025-11-18 09:30:00,ORCL,매수,3,216.3131,,,30814.46,K몫 매수: 주식층 비중 0.8%
2025-11-18 09:30:00,PEP,매도,9,148.4757,51.27,3.995,32149.77,K몫 제외(주식층 비중 0)
2025-11-18 09:30:00,RL,매도,2,321.0494,5.85,0.92,32791.4,K몫 제외(주식층 비중 0)
2025-11-18 09:30:00,ROST,매도,4,158.9205,-9.19,-1.428,33426.61,K몫 제외(주식층 비중 0)
2025-11-18 09:30:00,STX,매수,11,255.3276,,,30616.04,K몫 매수: 주식층 비중 3.6%
2025-11-19 09:30:00,AAPL,매수,3,265.6578,,,29818.51,K몫 매수: 주식층 비중 1.3%
2025-11-19 09:30:00,AVGO,매도,1,340.5346,-3.32,-0.966,30158.8,K몫 제외(주식층 비중 0)
2025-11-19 09:30:00,BTSG,매수,129,31.6958,,,26067.17,K몫 매수: 주식층 비중 5.4%
2025-11-19 09:30:00,CDNS,매수,4,304.3621,,,24848.87,K몫 매수: 주식층 비중 2.0%
2025-11-19 09:30:00,CRDO,매도,3,140.4298,-0.06,-0.015,25269.85,K몫 제외(주식층 비중 0)
2025-11-19 09:30:00,CRWD,매도,2,128.2783,-6.45,-2.454,25526.22,K몫 제외(주식층 비중 0)
2025-11-19 09:30:00,DAL,매수,1,57.8189,,,25468.36,K몫 매수: 주식층 비중 0.1%
2025-11-19 09:30:00,FCX,매수,1,40.9305,,,25427.41,K몫 매수: 주식층 비중 0.1%
2025-11-19 09:30:00,GOOGL,매수,14,287.4537,,,21400.24,K몫 매수: 주식층 비중 5.4%
2025-11-19 09:30:00,INTC,매도,16,34.3128,-0.05,-0.01,21948.84,K몫 제외(주식층 비중 0)
2025-11-19 09:30:00,KO,매수,6,71.2356,,,21521.13,K몫 매수: 주식층 비중 0.6%
2025-11-19 09:30:00,LRCX,매도,4,146.7566,1.9,0.325,22107.73,K몫 제외(주식층 비중 0)
2025-11-19 09:30:00,MNST,매수,5,36.2931,,,21926.13,K몫 매수: 주식층 비중 0.3%
2025-11-19 09:30:00,MRVL,매도,7,79.0505,-11.02,-1.955,22479.08,K몫 제외(주식층 비중 0)
2025-11-19 09:30:00,MSFT,매수,3,490.3451,,,21007.02,K몫 매수: 주식층 비중 1.9%
2025-11-19 09:30:00,MU,매도,10,226.7965,-89.71,-3.811,23273.33,K몫 제외(주식층 비중 0)
2025-11-19 09:30:00,PEP,매수,1,148.3742,,,23124.85,K몫 매수: 주식층 비중 0.4%
2025-11-19 09:30:00,SHIP,매수,9,9.5047,,,23039.25,K몫 매수: 주식층 비중 0.1%
2025-11-19 09:30:00,SLB,매수,3,35.3977,,,22932.98,K몫 매수: 주식층 비중 0.2%
2025-11-19 09:30:00,USB,매수,5,45.9029,,,22703.3,K몫 매수: 주식층 비중 0.3%
2025-11-19 10:17:08,BKNG,매수,1,189.1137,,,22514.06,K몫 매수: 주식층 비중 0.2%
2025-11-20 09:30:00,CDNS,매도,4,311.9889,28.74,2.361,23761.1,K몫 제외(주식층 비중 0)
2025-11-21 09:30:00,AVGO,매수,3,345.1025,,,22725.07,K몫 매수: 주식층 비중 1.5%
2025-11-21 09:30:00,BKNG,매도,1,184.4485,-4.93,-2.608,22909.39,K몫 제외(주식층 비중 0)
2025-11-21 09:30:00,BTSG,매도,129,32.7036,124.06,3.034,27125.08,K몫 제외(주식층 비중 0)
2025-11-21 09:30:00,CDNS,매수,4,301.6707,,,25917.55,K몫 매수: 주식층 비중 1.7%
2025-11-21 09:30:00,CRDO,매수,9,130.8054,,,24739.47,K몫 매수: 주식층 비중 1.7%
2025-11-21 09:30:00,CRWD,매수,10,124.2652,,,23495.95,K몫 매수: 주식층 비중 1.8%
2025-11-21 09:30:00,DAL,매도,1,56.8316,-1.07,-1.849,23552.74,K몫 제외(주식층 비중 0)
2025-11-21 09:30:00,FCX,매도,1,39.8101,-1.18,-2.878,23592.52,K몫 제외(주식층 비중 0)
2025-11-21 09:30:00,GOOGL,매도,14,296.2668,117.54,2.921,27737.23,K몫 제외(주식층 비중 0)
2025-11-21 09:30:00,INTC,매수,42,33.5167,,,26328.54,K몫 매수: 주식층 비중 2.0%
2025-11-21 09:30:00,KO,매도,6,71.6442,1.84,0.43,26758.09,K몫 제외(주식층 비중 0)
2025-11-21 09:30:00,LRCX,매수,10,139.3646,,,25363.47,K몫 매수: 주식층 비중 2.1%
2025-11-21 09:30:00,MNST,매도,5,36.1719,-0.87,-0.477,25544.2,K몫 제외(주식층 비중 0)
2025-11-21 09:30:00,MRVL,매수,21,76.8284,,,23929.67,K몫 매수: 주식층 비중 2.3%
2025-11-21 09:30:00,MU,매수,40,204.6173,,,15739.25,K몫 매수: 주식층 비중 11.3%
2025-11-21 09:30:00,PEP,매도,1,146.2069,-2.38,-1.603,15885.35,K몫 제외(주식층 비중 0)
2025-11-21 09:30:00,SHIP,매도,9,9.2954,-2.01,-2.344,15968.95,K몫 제외(주식층 비중 0)
2025-11-21 09:30:00,SLB,매도,3,35.1524,-0.89,-0.835,16074.33,K몫 제외(주식층 비중 0)
2025-11-21 09:30:00,USB,매도,5,46.8066,4.19,1.824,16308.19,K몫 제외(주식층 비중 0)
2025-11-25 09:30:00,AMZN,매수,2,226.4932,,,15854.89,K몫 매수: 주식층 비중 0.7%
2025-11-25 09:30:00,BKNG,매수,2,195.398,,,15463.82,K몫 매수: 주식층 비중 0.5%
2025-11-25 09:30:00,BTSG,매수,1,35.5578,,,15428.24,K몫 매수: 주식층 비중 0.1%
2025-11-25 09:30:00,CDNS,매도,4,302.1289,0.11,0.009,16635.87,K몫 제외(주식층 비중 0)
2025-11-25 09:30:00,DAL,매수,1,60.5403,,,16575.29,K몫 매수: 주식층 비중 0.1%
2025-11-25 09:30:00,INCY,매수,1,106.6433,,,16468.57,K몫 매수: 주식층 비중 0.2%
2025-11-25 09:30:00,KO,매수,5,72.8314,,,16104.16,K몫 매수: 주식층 비중 0.6%
2025-11-25 09:30:00,MNST,매수,5,36.7484,,,15920.29,K몫 매수: 주식층 비중 0.3%
2025-11-25 09:30:00,PEP,매수,1,146.003,,,15774.18,K몫 매수: 주식층 비중 0.4%
2025-11-25 09:30:00,RL,매수,1,351.1755,,,15422.76,K몫 매수: 주식층 비중 0.6%
2025-11-25 09:30:00,ROST,매수,3,173.8069,,,14900.98,K몫 매수: 주식층 비중 0.8%
2025-11-25 09:30:00,SHIP,매수,7,10.025,,,14830.75,K몫 매수: 주식층 비중 0.1%
2025-11-25 09:30:00,SLB,매수,3,35.8379,,,14723.16,K몫 매수: 주식층 비중 0.2%
2025-11-25 09:30:00,TSLA,매수,1,414.6172,,,14308.26,K몫 매수: 주식층 비중 0.7%
2025-11-25 09:30:00,USB,매수,5,48.074,,,14067.72,K몫 매수: 주식층 비중 0.4%
2025-12-01 09:30:00,AAPL,매도,3,278.0109,35.89,4.504,14901.14,K몫 제외(주식층 비중 0)
2025-12-01 09:30:00,AVGO,매도,3,394.6526,147.06,14.205,16084.23,K몫 제외(주식층 비중 0)
2025-12-01 09:30:00,CRDO,매도,9,171.936,368.22,31.278,17630.53,K몫 제외(주식층 비중 0)
2025-12-01 09:30:00,DDOG,매도,1,158.3305,-18.83,-10.644,17788.74,K몫 제외(주식층 비중 0)
2025-12-01 09:30:00,DHI,매수,3,156.6683,,,17318.41,K몫 매수: 주식층 비중 0.8%
2025-12-01 09:30:00,GOOGL,매수,7,317.8589,,,15091.84,K몫 매수: 주식층 비중 3.0%
2025-12-01 09:30:00,INTC,매도,42,39.8451,263.58,18.724,16764.11,K몫 제외(주식층 비중 0)
2025-12-01 09:30:00,LRCX,매도,10,154.5727,149.98,10.761,18308.71,K몫 제외(주식층 비중 0)
2025-12-01 09:30:00,MDB,매도,1,326.2668,-9.99,-2.974,18634.74,K몫 제외(주식층 비중 0)
2025-12-01 09:30:00,MRVL,매도,21,89.0255,253.64,15.721,20502.91,K몫 제외(주식층 비중 0)
2025-12-01 09:30:00,MU,매도,40,232.1689,1089.56,13.312,29782.88,K몫 제외(주식층 비중 0)
2025-12-01 09:30:00,NET,매도,3,197.2313,28.16,5.005,30374.15,K몫 제외(주식층 비중 0)
2025-12-01 09:30:00,ORCL,매도,3,200.3998,-48.63,-7.494,30974.91,K몫 제외(주식층 비중 0)
2025-12-01 09:30:00,STX,매도,11,271.954,178.74,6.364,33964.22,K몫 제외(주식층 비중 0)
2025-12-01 09:30:00,UNP,매수,1,231.5757,,,33732.48,K몫 매수: 주식층 비중 0.5%
2025-12-01 15:59:59,CRWD,매도,10,125.972,15.28,1.229,34991.28,실적 발표 전 청산
2025-12-02 09:30:00,AMGN,매수,1,338.244,,,34652.8,K몫 매수: 주식층 비중 0.6%
2025-12-02 09:30:00,ISRG,매수,1,568.9293,,,34083.47,K몫 매수: 주식층 비중 0.9%
2025-12-03 09:30:00,AAPL,매수,2,286.3431,,,33510.38,K몫 매수: 주식층 비중 0.9%
2025-12-03 09:30:00,DDOG,매수,6,156.2581,,,32572.18,K몫 매수: 주식층 비중 1.3%
2025-12-03 09:30:00,MDB,매수,2,404.9874,,,31761.64,K몫 매수: 주식층 비중 1.4%
2025-12-03 09:30:00,MSFT,매도,3,476.0519,-44.95,-3.056,33188.75,K몫 제외(주식층 비중 0)
2025-12-03 09:30:00,NET,매수,6,199.7998,,,31989.11,K몫 매수: 주식층 비중 1.7%
2025-12-03 09:30:00,ORCL,매수,3,200.4302,,,31387.4,K몫 매수: 주식층 비중 0.9%
2025-12-03 09:30:00,STX,매수,21,268.134,,,25752.64,K몫 매수: 주식층 비중 7.4%
2025-12-04 09:30:00,AVGO,매수,2,380.5152,,,24991.08,K몫 매수: 주식층 비중 1.4%
2025-12-04 09:30:00,CRDO,매수,42,187.2736,,,17120.08,K몫 매수: 주식층 비중 10.2%
2025-12-04 09:30:00,CRWD,매수,9,130.9342,,,15940.85,K몫 매수: 주식층 비중 1.6%
2025-12-09 15:59:59,ORCL,매도,3,221.5292,62.39,10.376,16604.95,실적 발표 전 청산
2025-12-10 09:30:00,AAPL,매도,2,277.7311,-18.03,-3.148,17160.01,K몫 제외(주식층 비중 0)
2025-12-10 09:30:00,AMD,매수,4,221.9327,,,16271.66,K몫 매수: 주식층 비중 1.3%
2025-12-10 09:30:00,CRM,매수,3,260.8804,,,15488.47,K몫 매수: 주식층 비중 1.1%
2025-12-10 09:30:00,DDOG,매도,6,151.924,-27.33,-2.915,16399.35,K몫 제외(주식층 비중 0)
2025-12-10 09:30:00,INTC,매수,34,40.082,,,15035.61,K몫 매수: 주식층 비중 1.7%
2025-12-10 09:30:00,MDB,매도,2,411.716,12.29,1.517,15858.44,K몫 제외(주식층 비중 0)
2025-12-10 09:30:00,MRVL,매수,17,91.3757,,,14303.96,K몫 매수: 주식층 비중 2.0%
2025-12-10 09:30:00,NET,매도,6,208.6356,51.26,4.276,15554.86,K몫 제외(주식층 비중 0)
2025-12-10 09:30:00,SHOP,매수,11,158.7293,,,13807.62,K몫 매수: 주식층 비중 2.3%
2025-12-10 09:30:00,STX,매도,21,282.9085,301.99,5.363,19744.36,K몫 제외(주식층 비중 0)
2025-12-10 09:31:40,DAVE,매수,28,193.1421,,,14332.59,K몫 매수: 주식층 비중 7.0%
2025-12-10 15:59:59,AVGO,매도,2,412.6436,63.12,8.294,15157.28,실적 발표 전 청산
2025-12-11 09:30:00,AMD,매도,4,217.7011,-18.18,-2.048,16027.45,K몫 제외(주식층 비중 0)
2025-12-11 09:30:00,CRDO,매도,42,159.6801,-1169.33,-14.867,22729.12,K몫 제외(주식층 비중 0)
2025-12-11 09:30:00,FCX,매수,1,46.6033,,,22682.48,K몫 매수: 주식층 비중 0.1%
2025-12-11 09:30:00,INTC,매도,34,40.06,-2.7,-0.198,24043.53,K몫 제외(주식층 비중 0)
2025-12-11 09:30:00,MRVL,매도,17,90.9345,-9.72,-0.625,25588.28,K몫 제외(주식층 비중 0)
2025-12-12 09:30:00,AAPL,매수,3,277.9339,,,24753.9,K몫 매수: 주식층 비중 1.3%
2025-12-12 09:30:00,DDOG,매수,9,150.075,,,23402.28,K몫 매수: 주식층 비중 1.7%
2025-12-12 09:30:00,MDB,매수,16,418.0489,,,16708.81,K몫 매수: 주식층 비중 8.2%
2025-12-12 09:30:00,NET,매수,8,207.3836,,,15048.58,K몫 매수: 주식층 비중 2.2%
2025-12-16 09:30:00,CRM,매도,3,253.873,-22.13,-2.827,15809.65,K몫 제외(주식층 비중 0)
2025-12-16 09:30:00,INTC,매수,36,37.5788,,,14455.86,K몫 매수: 주식층 비중 1.8%
2025-12-17 09:30:00,AAPL,매도,3,274.8725,-10.37,-1.244,15279.88,K몫 제외(주식층 비중 0)
2025-12-17 09:30:00,AMGN,매도,1,326.4567,-12.26,-3.625,15606.1,K몫 제외(주식층 비중 0)
2025-12-17 09:30:00,AMZN,매도,2,224.4477,-4.74,-1.045,16054.66,K몫 제외(주식층 비중 0)
2025-12-17 09:30:00,BKNG,매도,2,216.9019,42.42,10.854,16488.15,K몫 제외(주식층 비중 0)
2025-12-17 09:30:00,BTSG,매도,1,36.3018,0.69,1.948,16524.43,K몫 제외(주식층 비중 0)
2025-12-17 09:30:00,CRWD,매도,9,122.1064,-81.08,-6.88,17622.58,K몫 제외(주식층 비중 0)
2025-12-17 09:30:00,DAL,매도,1,70.9045,10.27,16.964,17693.43,K몫 제외(주식층 비중 0)
2025-12-17 09:30:00,DAVE,매도,28,200.6796,203.16,3.757,23308.36,K몫 제외(주식층 비중 0)
2025-12-17 09:30:00,DDOG,매도,9,140.3198,-89.66,-6.638,24570.32,K몫 제외(주식층 비중 0)
2025-12-17 09:30:00,DHI,매도,3,151.924,-14.89,-3.169,25025.76,K몫 제외(주식층 비중 0)
2025-12-17 09:30:00,FCX,매도,1,48.0859,1.41,3.036,25073.81,K몫 제외(주식층 비중 0)
2025-12-17 09:30:00,GOOGL,매도,7,307.856,-73.15,-3.288,27227.23,K몫 제외(주식층 비중 0)
2025-12-17 09:30:00,INCY,매도,1,97.2114,-9.58,-8.981,27324.37,K몫 제외(주식층 비중 0)
2025-12-17 09:30:00,INTC,매도,36,37.5512,-2.93,-0.216,28675.22,K몫 제외(주식층 비중 0)
2025-12-17 09:30:00,ISRG,매도,1,554.4027,-15.33,-2.694,29229.22,K몫 제외(주식층 비중 0)
2025-12-17 09:30:00,KO,매도,5,70.5347,-12.0,-3.294,29581.64,K몫 제외(주식층 비중 0)
2025-12-17 09:30:00,MNST,매도,5,37.5862,3.92,2.135,29769.43,K몫 제외(주식층 비중 0)
2025-12-17 09:30:00,NET,매도,8,198.7006,-71.79,-4.327,31357.88,K몫 제외(주식층 비중 0)
2025-12-17 09:30:00,PEP,매도,1,150.3048,4.09,2.801,31508.07,K몫 제외(주식층 비중 0)
2025-12-17 09:30:00,RL,매도,1,372.7135,21.02,5.986,31880.51,K몫 제외(주식층 비중 0)
2025-12-17 09:30:00,ROST,매도,3,182.3888,24.98,4.791,32427.28,K몫 제외(주식층 비중 0)
2025-12-17 09:30:00,SHIP,매도,7,9.5952,-3.11,-4.427,32494.4,K몫 제외(주식층 비중 0)
2025-12-17 09:30:00,SHOP,매도,11,166.4467,82.33,4.715,34323.98,K몫 제외(주식층 비중 0)
2025-12-17 09:30:00,SLB,매도,3,37.8111,5.76,5.359,34437.33,K몫 제외(주식층 비중 0)
2025-12-17 09:30:00,STX,매수,45,294.3471,,,21182.43,K몫 매수: 주식층 비중 16.7%
2025-12-17 09:30:00,TSLA,매도,1,487.9709,72.71,17.536,21670.05,K몫 제외(주식층 비중 0)
2025-12-17 09:30:00,UNP,매도,1,235.1723,3.26,1.409,21905.05,K몫 제외(주식층 비중 0)
2025-12-17 09:30:00,USB,매도,5,53.6732,27.63,11.495,22173.22,K몫 제외(주식층 비중 0)
2025-12-19 09:30:00,MDB,매도,16,427.861,147.31,2.202,29014.0,K몫 제외(주식층 비중 0)
2025-12-23 09:30:00,MU,매수,70,277.9989,,,9540.45,K몫 매수: 주식층 비중 24.5%
2025-12-23 09:30:00,STX,매도,45,280.8595,-625.44,-4.722,22169.9,K몫 제외(주식층 비중 0)
2026-01-13 09:30:00,BTSG,매수,246,39.4997,,,12446.16,K몫 매수: 주식층 비중 9.9%
2026-01-13 09:30:00,GOOGL,매수,28,336.278,,,3023.79,K몫 매수: 주식층 비중 9.9%
2026-01-13 09:30:00,INCY,매수,28,106.4732,,,40.45,K몫 매수: 주식층 비중 9.9%
2026-01-13 09:30:00,MU,매도,70,348.3707,4894.6,25.152,24408.6,K몫 제외(주식층 비중 0)
2026-01-21 09:30:00,BTSG,매도,246,38.9105,-158.73,-1.634,33973.61,K몫 제외(주식층 비중 0)
2026-01-21 09:30:00,GOOGL,매도,28,320.7046,-449.2,-4.771,42946.78,K몫 제외(주식층 비중 0)
2026-01-21 09:30:00,INCY,매도,28,102.4488,-116.87,-3.92,45813.25,K몫 제외(주식층 비중 0)
2026-01-21 09:30:00,MU,매수,81,371.6157,,,15691.31,K몫 매수: 주식층 비중 29.6%
2026-01-22 09:30:00,BTSG,매수,398,39.3497,,,19.18,K몫 매수: 주식층 비중 19.5%
2026-01-22 09:30:00,MU,매도,81,389.0254,1366.11,4.538,31507.23,K몫 제외(주식층 비중 0)
2026-01-22 09:30:00,STX,매수,60,350.635,,,10454.4,K몫 매수: 주식층 비중 19.5%
2026-01-26 09:30:00,BTSG,매도,398,39.8001,156.74,1.001,26283.27,K몫 제외(주식층 비중 0)
2026-01-26 09:30:00,MU,매수,66,395.8278,,,140.35,K몫 매수: 주식층 비중 27.7%
2026-01-26 09:30:00,STX,매도,60,348.6256,-150.56,-0.716,21042.62,K몫 제외(주식층 비중 0)
2026-01-28 09:30:00,BTSG,매수,209,39.1596,,,12852.54,K몫 매수: 주식층 비중 7.4%
2026-01-28 09:30:00,GOOGL,매수,24,335.8578,,,4786.31,K몫 매수: 주식층 비중 7.4%
2026-01-28 09:30:00,MU,매도,66,422.2238,1703.5,6.521,32632.73,K몫 제외(주식층 비중 0)
2026-01-28 09:30:00,SHIP,매수,793,10.4052,,,24375.63,K몫 매수: 주식층 비중 7.4%
2026-01-28 15:59:59,SNDK,매도,54,527.726,17230.92,153.333,52852.03,실적 발표 전 청산
2026-01-28 15:59:59,WDC,매도,70,279.5502,8341.48,74.445,72406.26,실적 발표 전 청산
2026-01-30 09:30:00,FCX,매수,201,61.7659,,,59982.63,K몫 매수: 주식층 비중 10.7%
2026-01-30 09:30:00,SHIP,매도,793,10.7946,296.77,3.597,68536.5,K몫 제외(주식층 비중 0)
2026-01-30 09:30:00,SNDK,매수,26,651.5556,,,51584.19,로테이션 매수: 126일 모멘텀 상위 2
2026-01-30 09:30:00,WDC,매수,63,277.2786,,,34103.42,로테이션 매수: 126일 모멘텀 상위 2
2026-02-02 09:30:00,BTSG,매도,209,39.4503,49.01,0.599,42342.5,K몫 제외(주식층 비중 0)
2026-02-02 09:30:00,FCX,매도,201,59.8501,-402.55,-3.242,54363.58,K몫 제외(주식층 비중 0)
2026-02-02 09:30:00,GOOGL,매도,24,336.0519,-6.87,-0.085,62422.94,K몫 제외(주식층 비중 0)
2026-02-02 09:30:00,MU,매수,67,412.3861,,,34773.73,K몫 매수: 주식층 비중 24.7%
2026-02-02 09:30:00,STX,매수,69,400.21,,,7139.91,K몫 매수: 주식층 비중 24.7%
2026-02-03 09:30:00,BTSG,매수,175,40.7504,,,3.61,K몫 매수: 주식층 비중 15.1%
2026-02-03 09:30:00,MU,매도,67,441.2992,1896.26,6.863,29549.07,K몫 제외(주식층 비중 0)
2026-02-04 09:30:00,FCX,매수,293,65.0125,,,10487.08,K몫 매수: 주식층 비중 15.4%
2026-02-05 09:30:00,BTSG,매도,175,37.1714,-636.06,-8.919,16987.32,K몫 제외(주식층 비중 0)
2026-02-05 09:30:00,FCX,매도,293,59.92,-1518.24,-7.97,34531.07,K몫 제외(주식층 비중 0)
2026-02-05 09:30:00,MU,매수,65,370.105,,,10457.41,K몫 매수: 주식층 비중 21.1%
2026-02-09 09:30:00,LRCX,매수,45,228.5642,,,164.82,K몫 매수: 주식층 비중 16.8%
2026-02-09 09:30:00,STX,매도,69,423.688,1579.31,5.719,29377.95,K몫 제외(주식층 비중 0)
2026-02-12 09:30:00,LRCX,매도,45,235.937,316.82,3.08,39987.37,K몫 제외(주식층 비중 0)
2026-02-12 09:30:00,STX,매수,63,424.5322,,,13223.12,K몫 매수: 주식층 비중 22.1%
2026-02-17 09:30:00,AAPL,매수,13,258.179,,,9864.44,K몫 매수: 주식층 비중 2.8%
2026-02-17 09:30:00,AMGN,매수,1,371.0854,,,9493.1,K몫 매수: 주식층 비중 0.4%
2026-02-17 09:30:00,AVGO,매수,13,319.8348,,,5332.33,K몫 매수: 주식층 비중 3.5%
2026-02-17 09:30:00,BTSG,매수,9,38.8494,,,4982.44,K몫 매수: 주식층 비중 0.3%
2026-02-17 09:30:00,CRDO,매수,37,117.6188,,,627.5,K몫 매수: 주식층 비중 3.6%
2026-02-17 09:30:00,CROX,매수,2,96.9384,,,433.49,K몫 매수: 주식층 비중 0.2%
2026-02-17 09:30:00,DAL,매수,6,69.5348,,,15.99,K몫 매수: 주식층 비중 2.0%
2026-02-18 09:30:00,SHIP,매수,1,12.9465,,,3.04,K몫 매수: 주식층 비중 0.2%
2026-02-23 09:30:00,AAPL,매도,13,263.3582,62.48,1.862,3424.19,K몫 제외(주식층 비중 0)
2026-02-23 09:30:00,AMGN,매도,1,375.2823,3.66,0.987,3799.2,K몫 제외(주식층 비중 0)
2026-02-23 09:30:00,AVGO,매도,13,332.0839,153.18,3.684,8113.14,K몫 제외(주식층 비중 0)
2026-02-23 09:30:00,BTSG,매도,9,40.6896,16.05,4.59,8479.08,K몫 제외(주식층 비중 0)
2026-02-23 09:30:00,CRDO,매도,37,122.0989,159.42,3.663,12993.44,K몫 제외(주식층 비중 0)
2026-02-23 09:30:00,CROX,매도,2,99.4702,4.78,2.467,13192.24,K몫 제외(주식층 비중 0)
2026-02-23 09:30:00,DAL,매도,6,68.5657,-6.41,-1.536,13603.33,K몫 제외(주식층 비중 0)
2026-02-23 09:30:00,MU,매도,65,422.0988,3342.73,13.895,41019.73,K몫 제외(주식층 비중 0)
2026-02-23 09:30:00,SHIP,매도,1,13.8131,0.85,6.546,41033.53,K몫 제외(주식층 비중 0)
2026-02-23 09:30:00,SNDK,매도,26,659.1753,173.74,1.026,58159.58,로테이션 제외(모멘텀 순위 밖 또는 국면 0)
2026-02-23 09:30:00,STX,매도,63,409.795,-966.01,-3.612,83957.81,K몫 제외(주식층 비중 0)
2026-02-23 09:30:00,WDC,매도,63,283.808,386.08,2.21,101824.67,로테이션 제외(모멘텀 순위 밖 또는 국면 0)
2026-02-24 09:30:00,AAPL,매수,12,268.134,,,98604.81,K몫 매수: 주식층 비중 2.8%
2026-02-24 09:30:00,AMGN,매수,1,380.19,,,98224.35,K몫 매수: 주식층 비중 0.4%
2026-02-24 09:30:00,AVGO,매수,15,322.9594,,,93376.57,K몫 매수: 주식층 비중 4.0%
2026-02-24 09:30:00,BTSG,매수,7,39.99,,,93096.44,K몫 매수: 주식층 비중 0.2%
2026-02-24 09:30:00,CRDO,매수,23,124.072,,,90240.79,K몫 매수: 주식층 비중 2.4%
2026-02-24 09:30:00,CROX,매수,1,96.6383,,,90144.08,K몫 매수: 주식층 비중 0.1%
2026-02-24 09:30:00,CRWD,매수,41,87.2586,,,86563.98,K몫 매수: 주식층 비중 2.9%
2026-02-24 09:30:00,DAL,매수,4,67.0335,,,86295.66,K몫 매수: 주식층 비중 0.2%
2026-02-24 09:30:00,DHI,매수,1,164.082,,,86131.46,K몫 매수: 주식층 비중 0.2%
2026-02-24 09:30:00,FCX,매수,3,65.4277,,,85935.04,K몫 매수: 주식층 비중 0.2%
2026-02-24 09:30:00,GOOGL,매수,2,310.6353,,,85313.33,K몫 매수: 주식층 비중 0.5%
2026-02-24 09:30:00,KO,매수,19,80.5803,,,83781.24,K몫 매수: 주식층 비중 1.3%
2026-02-24 09:30:00,LRCX,매수,21,243.5717,,,78662.65,K몫 매수: 주식층 비중 4.2%
2026-02-24 09:30:00,MDB,매수,17,304.102,,,73489.3,K몫 매수: 주식층 비중 4.4%
2026-02-24 09:30:00,MNST,매수,32,42.3111,,,72134.39,K몫 매수: 주식층 비중 1.1%
2026-02-24 09:30:00,MRVL,매수,72,78.039,,,66511.65,K몫 매수: 주식층 비중 4.7%
2026-02-24 09:30:00,MU,매수,42,429.4846,,,48460.67,로테이션 매수: 126일 모멘텀 상위 2
2026-02-24 09:30:00,ORCL,매수,30,140.9104,,,44230.4,K몫 매수: 주식층 비중 3.5%
2026-02-24 09:30:00,PEP,매수,5,168.3641,,,43387.99,K몫 매수: 주식층 비중 0.8%
2026-02-24 09:30:00,RL,매수,1,366.153,,,43021.58,K몫 매수: 주식층 비중 0.4%
2026-02-24 09:30:00,ROST,매수,4,201.6908,,,42214.25,K몫 매수: 주식층 비중 0.7%
2026-02-24 09:30:00,SHIP,매수,19,13.6168,,,41955.35,K몫 매수: 주식층 비중 0.2%
2026-02-24 09:30:00,SLB,매수,6,51.4907,,,41646.19,K몫 매수: 주식층 비중 0.3%
2026-02-24 09:30:00,SNDK,매수,26,681.6406,,,23911.13,로테이션 매수: 126일 모멘텀 상위 2
2026-02-24 09:30:00,STX,매수,13,414.8773,,,18513.95,K몫 매수: 주식층 비중 4.6%
2026-02-24 09:30:00,TGT,매수,3,113.4567,,,18173.34,K몫 매수: 주식층 비중 0.4%
2026-02-24 09:30:00,UNP,매수,3,263.9219,,,17381.02,K몫 매수: 주식층 비중 0.7%
2026-02-24 09:30:00,USB,매수,14,55.3977,,,16604.91,K몫 매수: 주식층 비중 0.7%
2026-02-25 09:30:00,AAPL,매도,12,271.5442,36.29,1.128,19861.06,K몫 제외(주식층 비중 0)
2026-02-25 09:30:00,AMGN,매도,1,381.809,1.07,0.283,20242.59,K몫 제외(주식층 비중 0)
2026-02-25 09:30:00,AVGO,매도,15,330.5696,107.14,2.212,25197.51,K몫 제외(주식층 비중 0)
2026-02-25 09:30:00,BTSG,매도,7,40.5647,3.62,1.293,25481.26,K몫 제외(주식층 비중 0)
2026-02-25 09:30:00,CRDO,매도,23,118.7456,-126.5,-4.433,28210.41,K몫 제외(주식층 비중 0)
2026-02-25 09:30:00,CROX,매도,1,96.1219,-0.65,-0.677,28306.47,K몫 제외(주식층 비중 0)
2026-02-25 09:30:00,CRWD,매도,41,87.3488,-1.42,-0.04,31885.15,K몫 제외(주식층 비중 0)
2026-02-25 09:30:00,DAL,매도,4,69.965,11.33,4.227,32164.81,K몫 제외(주식층 비중 0)
2026-02-25 09:30:00,DHI,매도,1,163.998,-0.32,-0.194,32328.69,K몫 제외(주식층 비중 0)
2026-02-25 09:30:00,FCX,매도,3,68.9655,10.32,5.26,32535.43,K몫 제외(주식층 비중 0)
2026-02-25 09:30:00,GOOGL,매도,2,311.839,1.52,0.244,33158.65,K몫 제외(주식층 비중 0)
2026-02-25 09:30:00,KO,매도,19,80.3598,-6.38,-0.416,34684.38,K몫 제외(주식층 비중 0)
2026-02-25 09:30:00,LRCX,매도,21,249.7251,121.81,2.381,39924.77,K몫 제외(주식층 비중 0)
2026-02-25 09:30:00,MDB,매도,17,311.1344,112.07,2.168,45210.2,K몫 제외(주식층 비중 0)
2026-02-25 09:30:00,MNST,매도,32,42.4438,2.3,0.17,46567.41,K몫 제외(주식층 비중 0)
2026-02-25 09:30:00,MRVL,매도,72,78.9605,58.26,1.037,52248.41,K몫 제외(주식층 비중 0)
2026-02-25 09:30:00,MU,매도,42,426.7545,-140.38,-0.778,70159.02,로테이션 제외(모멘텀 순위 밖 또는 국면 0)
2026-02-25 09:30:00,ORCL,매도,30,149.0854,239.03,5.654,74628.32,K몫 제외(주식층 비중 0)
2026-02-25 09:30:00,PEP,매도,5,168.5257,-0.4,-0.047,75470.33,K몫 제외(주식층 비중 0)
2026-02-25 09:30:00,RL,매도,1,375.1623,8.48,2.316,75845.22,K몫 제외(주식층 비중 0)
2026-02-25 09:30:00,ROST,매도,4,199.83,-8.59,-1.065,76643.95,K몫 제외(주식층 비중 0)
2026-02-25 09:30:00,SHIP,매도,19,14.023,7.34,2.838,76910.2,K몫 제외(주식층 비중 0)
2026-02-25 09:30:00,SLB,매도,6,51.974,2.46,0.795,77221.81,K몫 제외(주식층 비중 0)
2026-02-25 09:30:00,SNDK,매도,26,643.9678,-1004.12,-5.666,93952.75,로테이션 제외(모멘텀 순위 밖 또는 국면 0)
2026-02-25 09:30:00,STX,매도,13,407.796,-99.7,-1.849,99250.23,K몫 제외(주식층 비중 0)
2026-02-25 09:30:00,TGT,매도,3,115.6921,6.21,1.826,99597.05,K몫 제외(주식층 비중 0)
2026-02-25 09:30:00,UNP,매도,3,266.7166,7.25,0.915,100396.62,K몫 제외(주식층 비중 0)
2026-02-25 09:30:00,USB,매도,14,55.5022,0.35,0.046,101173.08,K몫 제외(주식층 비중 0)
2026-04-09 09:30:00,AMGN,매수,13,347.6337,,,96650.68,K몫 매수: 주식층 비중 3.7%
2026-04-09 09:30:00,BTSG,매수,98,46.1431,,,92125.5,K몫 매수: 주식층 비중 3.7%
2026-04-09 09:30:00,KO,매수,59,76.6883,,,87597.72,K몫 매수: 주식층 비중 3.7%
2026-04-09 09:30:00,MU,매수,44,407.8138,,,69641.35,로테이션 매수: 126일 모멘텀 상위 2
2026-04-09 09:30:00,SNDK,매수,22,816.8383,,,51658.33,로테이션 매수: 126일 모멘텀 상위 2
2026-04-10 09:30:00,AMGN,매도,13,357.2813,118.86,2.63,56299.59,K몫 제외(주식층 비중 0)
2026-04-10 09:30:00,BTSG,매도,98,45.6072,-58.94,-1.303,60765.84,K몫 제외(주식층 비중 0)
2026-04-10 09:30:00,KO,매도,59,77.941,67.38,1.489,65361.0,K몫 제외(주식층 비중 0)
2026-04-10 09:30:00,WDC,매수,95,344.172,,,32641.77,K몫 매수: 주식층 비중 26.5%
2026-04-13 09:30:00,STX,매수,65,500.33,,,97.55,K몫 매수: 주식층 비중 26.4%
2026-04-15 09:30:00,STX,매도,65,520.4197,1258.37,3.869,33900.14,K몫 제외(주식층 비중 0)
2026-04-16 09:30:00,STX,매수,62,512.0159,,,2132.93,K몫 매수: 주식층 비중 24.5%
2026-04-17 09:30:00,AAPL,매수,7,267.2315,,,261.0,K몫 매수: 주식층 비중 3.2%
2026-04-17 09:30:00,AMZN,매수,1,255.0775,,,5.75,K몫 매수: 주식층 비중 0.8%
2026-04-27 15:59:59,STX,매도,62,595.5621,5130.69,16.162,36903.64,실적 발표 전 청산
2026-04-28 09:30:00,AAPL,매도,7,272.1988,32.07,1.714,38807.64,K몫 제외(주식층 비중 0)
2026-04-28 09:30:00,AMD,매수,22,312.0309,,,31938.15,K몫 매수: 주식층 비중 4.6%
2026-04-28 09:30:00,AMGN,매수,3,344.6722,,,30903.41,K몫 매수: 주식층 비중 0.9%
2026-04-28 09:30:00,AVGO,매수,8,400.5051,,,27697.13,K몫 매수: 주식층 비중 2.4%
2026-04-28 09:30:00,BTSG,매수,10,48.4242,,,27212.55,K몫 매수: 주식층 비중 0.4%
2026-04-28 09:30:00,CRDO,매수,20,169.2896,,,23824.38,K몫 매수: 주식층 비중 2.3%
2026-04-28 09:30:00,CROX,매수,3,103.8819,,,23512.52,K몫 매수: 주식층 비중 0.2%
2026-04-28 09:30:00,DAL,매수,7,67.8039,,,23037.56,K몫 매수: 주식층 비중 0.3%
2026-04-28 09:30:00,DHI,매수,5,160.5002,,,22234.5,K몫 매수: 주식층 비중 0.6%
2026-04-28 09:30:00,EOG,매수,8,135.7678,,,21147.6,K몫 매수: 주식층 비중 0.8%
2026-04-28 09:30:00,FTNT,매수,56,86.7834,,,16284.33,K몫 매수: 주식층 비중 3.3%
2026-04-28 09:30:00,GS,매수,1,941.7106,,,15341.96,K몫 매수: 주식층 비중 0.7%
2026-04-28 09:30:00,INTC,매수,84,81.3206,,,8506.24,K몫 매수: 주식층 비중 4.6%
2026-04-28 09:30:00,LRCX,매수,18,252.6863,,,3954.7,K몫 매수: 주식층 비중 3.1%
2026-04-28 09:30:00,MRVL,매수,26,147.8089,,,108.98,K몫 매수: 주식층 비중 4.7%
2026-04-28 09:30:00,SHIP,매수,7,14.2971,,,8.83,K몫 매수: 주식층 비중 0.3%
2026-04-28 09:30:00,WDC,매도,95,383.9479,3729.2,11.406,36457.26,K몫 제외(주식층 비중 0)
2026-04-28 09:32:08,VZ,매수,21,48.0774,,,35446.93,K몫 매수: 주식층 비중 0.7%
2026-04-28 09:32:24,SLB,매수,13,55.7904,,,34721.15,K몫 매수: 주식층 비중 0.5%
2026-04-28 09:32:30,TSLA,매수,1,374.117,,,34346.77,K몫 매수: 주식층 비중 0.5%
2026-04-28 09:32:36,NVDA,매수,28,209.2833,,,28482.73,K몫 매수: 주식층 비중 4.2%
2026-04-28 09:32:51,TGT,매수,8,130.7453,,,27436.04,K몫 매수: 주식층 비중 0.8%
2026-04-28 09:33:00,RL,매수,2,371.8583,,,26691.8,K몫 매수: 주식층 비중 0.5%
2026-04-28 09:33:31,UNH,매수,1,356.6449,,,26334.91,K몫 매수: 주식층 비중 0.3%
2026-04-28 09:33:45,ROST,매수,7,227.7938,,,24739.23,K몫 매수: 주식층 비중 1.2%
2026-04-28 09:34:17,UNP,매수,5,271.5957,,,23380.3,K몫 매수: 주식층 비중 1.1%
2026-04-28 09:34:36,USB,매수,28,56.7117,,,21791.27,K몫 매수: 주식층 비중 1.1%
2026-04-28 15:59:59,AMZN,매도,1,259.6401,4.19,1.644,22050.72,실적 발표 전 청산
2026-04-29 09:30:00,CROX,매도,3,102.4488,-4.74,-1.522,22357.84,K몫 제외(주식층 비중 0)
2026-04-29 09:30:00,KO,매수,39,78.4092,,,19297.74,K몫 매수: 주식층 비중 2.1%
2026-04-29 09:30:00,PEP,매수,13,155.8879,,,17269.78,K몫 매수: 주식층 비중 1.4%
2026-04-29 09:30:00,RL,매도,2,363.6981,-17.37,-2.336,17996.64,K몫 제외(주식층 비중 0)
2026-04-29 09:30:00,ROST,매도,7,224.9475,-22.19,-1.392,19570.13,K몫 제외(주식층 비중 0)
2026-04-29 09:30:00,TGT,매도,8,126.5267,-35.22,-3.367,20581.6,K몫 제외(주식층 비중 0)
2026-04-29 15:59:59,SNDK,매도,22,1063.6779,5400.81,30.054,43965.43,실적 발표 전 청산
2026-04-29 15:59:59,AMGN,매도,3,337.791,-22.11,-2.138,44978.06,실적 발표 전 청산
2026-04-30 09:30:00,AMD,매도,22,341.1843,631.09,9.193,52478.64,K몫 제외(주식층 비중 0)
2026-04-30 09:30:00,AVGO,매도,8,415.3122,113.79,3.551,55798.71,K몫 제외(주식층 비중 0)
2026-04-30 09:30:00,BTSG,매도,10,48.1059,-3.87,-0.8,56279.42,K몫 제외(주식층 비중 0)
2026-04-30 09:30:00,CRDO,매도,20,178.9205,187.64,5.542,59855.22,K몫 제외(주식층 비중 0)
2026-04-30 09:30:00,INCY,매수,13,100.3802,,,58549.36,K몫 매수: 주식층 비중 0.9%
2026-04-30 09:30:00,INTC,매도,84,95.6062,1189.34,17.411,66574.42,K몫 제외(주식층 비중 0)
2026-04-30 09:30:00,LRCX,매도,18,252.1739,-15.72,-0.346,71110.23,K몫 제외(주식층 비중 0)
2026-04-30 09:30:00,MRVL,매도,26,160.3898,321.37,8.362,75277.32,K몫 제외(주식층 비중 0)
2026-04-30 09:30:00,NVDA,매도,28,209.834,7.03,0.12,81148.39,K몫 제외(주식층 비중 0)
2026-04-30 09:30:00,UNH,매도,1,368.3258,11.16,3.13,81516.44,K몫 제외(주식층 비중 0)
2026-05-01 09:30:00,AMZN,매수,4,265.5627,,,80453.45,K몫 매수: 주식층 비중 0.8%
2026-05-01 09:30:00,CDNS,매수,11,336.6683,,,76747.51,K몫 매수: 주식층 비중 2.6%
2026-05-01 09:30:00,CROX,매수,4,102.001,,,76339.22,K몫 매수: 주식층 비중 0.3%
2026-05-01 09:30:00,GOOGL,매수,2,381.9559,,,75574.77,K몫 매수: 주식층 비중 0.7%
2026-05-01 09:30:00,RL,매수,2,361.1605,,,74851.94,K몫 매수: 주식층 비중 0.6%
2026-05-01 09:30:00,ROST,매수,9,225.7228,,,72819.02,K몫 매수: 주식층 비중 1.4%
2026-05-01 09:30:00,SHOP,매수,54,124.052,,,66115.52,K몫 매수: 주식층 비중 4.6%
2026-05-01 09:30:00,SNDK,매수,21,1059.5495,,,43849.4,로테이션 매수: 126일 모멘텀 상위 2
2026-05-01 09:30:00,TGT,매수,11,129.8749,,,42419.78,K몫 매수: 주식층 비중 1.0%
2026-05-04 09:30:00,AAPL,매수,15,279.7948,,,38219.92,K몫 매수: 주식층 비중 2.9%
2026-05-04 09:30:00,AMGN,매수,3,326.2631,,,37240.45,K몫 매수: 주식층 비중 0.8%
2026-05-04 09:30:00,AVGO,매수,9,418.4791,,,33471.5,K몫 매수: 주식층 비중 2.5%
2026-05-04 09:30:00,BTSG,매수,9,52.5563,,,32998.16,K몫 매수: 주식층 비중 0.3%
2026-05-04 09:30:00,CDNS,매도,11,342.2088,55.61,1.502,36759.71,K몫 제외(주식층 비중 0)
2026-05-04 09:30:00,CRDO,매수,37,187.3236,,,29823.88,K몫 매수: 주식층 비중 4.6%
2026-05-04 09:30:00,DDOG,매수,30,141.5958,,,25573.04,K몫 매수: 주식층 비중 2.8%
2026-05-04 09:30:00,EOG,매도,8,139.7801,30.52,2.81,26690.46,K몫 제외(주식층 비중 0)
2026-05-04 09:30:00,INTC,매수,47,99.2196,,,22023.88,K몫 매수: 주식층 비중 3.1%
2026-05-04 09:30:00,LRCX,매수,19,257.2486,,,17132.73,K몫 매수: 주식층 비중 3.3%
2026-05-04 09:30:00,SHOP,매도,54,126.5867,127.19,1.899,23963.42,K몫 제외(주식층 비중 0)
2026-05-04 09:30:00,STX,매수,9,742.0958,,,17279.89,K몫 매수: 주식층 비중 4.7%
2026-05-05 09:30:00,AVGO,매도,9,421.4492,21.33,0.566,21070.16,K몫 제외(주식층 비중 0)
2026-05-05 09:30:00,CRDO,매도,37,184.4078,-117.72,-1.698,27888.27,K몫 제외(주식층 비중 0)
2026-05-05 09:30:00,CRWD,매수,36,118.6843,,,23612.64,K몫 매수: 주식층 비중 2.7%
2026-05-05 09:30:00,INTC,매도,47,100.4547,51.34,1.101,28330.57,K몫 제외(주식층 비중 0)
2026-05-05 09:30:00,LRCX,매도,19,266.7366,173.15,3.543,33394.86,K몫 제외(주식층 비중 0)
2026-05-05 09:30:00,MDB,매수,19,267.4237,,,28310.25,K몫 매수: 주식층 비중 3.4%
2026-05-05 09:30:00,UNH,매수,2,370.6602,,,27568.41,K몫 매수: 주식층 비중 0.5%
2026-05-05 09:30:00,WDC,매수,16,456.6182,,,20257.41,K몫 매수: 주식층 비중 4.6%
2026-05-05 15:59:59,FTNT,매도,56,89.88,166.34,3.423,25287.02,실적 발표 전 청산
2026-05-06 09:30:00,AAPL,매도,15,281.7741,23.67,0.564,29510.54,K몫 제외(주식층 비중 0)
2026-05-06 09:30:00,CDNS,매수,11,353.6767,,,25617.38,K몫 매수: 주식층 비중 2.6%
2026-05-06 09:30:00,CRWD,매도,36,116.7366,-76.18,-1.783,29816.83,K몫 제외(주식층 비중 0)
2026-05-06 09:30:00,DDOG,매도,30,143.6481,55.45,1.305,34123.12,K몫 제외(주식층 비중 0)
2026-05-06 09:30:00,EOG,매수,8,136.068,,,33033.82,K몫 매수: 주식층 비중 0.7%
2026-05-06 09:30:00,LLY,매수,3,991.8457,,,30056.2,K몫 매수: 주식층 비중 2.1%
2026-05-06 09:30:00,MDB,매도,19,265.2573,-48.4,-0.952,35092.41,K몫 제외(주식층 비중 0)
2026-05-06 09:30:00,STX,매도,9,767.616,219.96,3.293,41995.91,K몫 제외(주식층 비중 0)
2026-05-06 09:30:00,WDC,매도,16,471.764,231.71,3.172,49538.62,K몫 제외(주식층 비중 0)
2026-05-07 09:30:00,AMD,매수,4,417.4036,,,47867.84,K몫 매수: 주식층 비중 1.1%
2026-05-07 09:30:00,AVGO,매수,4,422.0909,,,46178.29,K몫 매수: 주식층 비중 1.2%
2026-05-07 09:30:00,CRDO,매수,19,195.6978,,,42457.43,K몫 매수: 주식층 비중 2.3%
2026-05-07 09:30:00,INTC,매수,125,111.1005,,,28560.15,K몫 매수: 주식층 비중 8.4%
2026-05-07 09:30:00,KO,매도,39,78.7506,8.93,0.292,31629.18,K몫 제외(주식층 비중 0)
2026-05-07 09:30:00,LRCX,매수,47,297.4637,,,17638.6,K몫 매수: 주식층 비중 8.5%
2026-05-07 09:30:00,PEP,매도,13,154.9325,-15.31,-0.755,19651.25,K몫 제외(주식층 비중 0)
2026-05-07 09:31:27,MRVL,매수,17,171.3921,,,16735.55,K몫 매수: 주식층 비중 1.8%
2026-05-15 09:30:00,AMD,매도,4,433.1233,60.45,3.62,18466.78,K몫 제외(주식층 비중 0)
2026-05-15 09:30:00,AMZN,매도,4,262.4587,-13.93,-1.311,19515.84,K몫 제외(주식층 비중 0)
2026-05-15 09:30:00,AVGO,매도,4,432.2058,38.02,2.252,21243.4,K몫 제외(주식층 비중 0)
2026-05-15 09:30:00,CDNS,매도,11,351.6341,-28.02,-0.72,25108.56,K몫 제외(주식층 비중 0)
2026-05-15 09:30:00,CRDO,매도,19,177.0115,-360.1,-9.685,28469.32,K몫 제외(주식층 비중 0)
2026-05-15 09:30:00,CROX,매도,4,97.1414,-20.01,-4.904,28857.6,K몫 제외(주식층 비중 0)
2026-05-15 09:30:00,DAL,매도,7,70.4947,18.14,3.823,29350.7,K몫 제외(주식층 비중 0)
2026-05-15 09:30:00,DHI,매도,5,138.9605,-108.77,-13.554,30045.0,K몫 제외(주식층 비중 0)
2026-05-15 09:30:00,EOG,매도,8,138.4208,17.25,1.585,31151.56,K몫 제외(주식층 비중 0)
2026-05-15 09:30:00,GOOGL,매도,2,396.0819,27.14,3.553,31943.14,K몫 제외(주식층 비중 0)
2026-05-15 09:30:00,GS,매도,1,953.1732,10.11,1.073,32895.62,K몫 제외(주식층 비중 0)
2026-05-15 09:30:00,INTC,매도,125,109.7301,-191.04,-1.376,46601.87,K몫 제외(주식층 비중 0)
2026-05-15 09:30:00,KO,매수,26,81.4007,,,44483.97,K몫 매수: 주식층 비중 1.2%
2026-05-15 09:30:00,LRCX,매도,47,288.7156,-430.85,-3.082,58043.7,K몫 제외(주식층 비중 0)
2026-05-15 09:30:00,MRVL,매도,17,173.913,38.66,1.327,60998.06,K몫 제외(주식층 비중 0)
2026-05-15 09:30:00,PEP,매수,23,149.6348,,,57554.05,K몫 매수: 주식층 비중 2.1%
2026-05-15 09:30:00,RL,매도,2,331.844,-59.62,-8.254,58217.25,K몫 제외(주식층 비중 0)
2026-05-15 09:30:00,ROST,매도,9,213.2233,-115.32,-5.676,60134.86,K몫 제외(주식층 비중 0)
2026-05-15 09:30:00,SHIP,매도,7,15.942,11.36,11.354,60246.38,K몫 제외(주식층 비중 0)
2026-05-15 09:30:00,SLB,매도,13,55.4423,-5.56,-0.767,60966.6,K몫 제외(주식층 비중 0)
2026-05-15 09:30:00,TGT,매도,11,123.3783,-73.45,-5.142,62322.77,K몫 제외(주식층 비중 0)
2026-05-15 09:30:00,TSLA,매도,1,433.878,59.18,15.819,62756.33,K몫 제외(주식층 비중 0)
2026-05-15 09:30:00,UNP,매도,5,268.8655,-15.58,-1.148,64099.68,K몫 제외(주식층 비중 0)
2026-05-15 09:30:00,USB,매도,28,53.3733,-95.68,-6.025,65593.04,K몫 제외(주식층 비중 0)
2026-05-15 09:30:00,VZ,매도,21,47.4563,-14.48,-1.434,66588.89,K몫 제외(주식층 비중 0)
2026-05-18 09:30:00,AMGN,매도,3,324.0279,-8.1,-0.828,67560.27,K몫 제외(주식층 비중 0)
2026-05-18 09:30:00,BTSG,매도,9,58.4708,52.52,11.102,68086.12,K몫 제외(주식층 비중 0)
2026-05-18 09:30:00,INCY,매도,13,95.4223,-66.27,-5.079,69325.7,K몫 제외(주식층 비중 0)
2026-05-18 09:30:00,KO,매도,26,80.8296,-17.86,-0.844,71425.74,K몫 제외(주식층 비중 0)
2026-05-18 09:30:00,LLY,매도,3,1000.1097,20.52,0.69,74423.88,K몫 제외(주식층 비중 0)
2026-05-18 09:30:00,MU,매도,44,750.0848,15023.27,83.724,107403.51,로테이션 제외(모멘텀 순위 밖 또는 국면 0)
2026-05-18 09:30:00,PEP,매도,23,149.915,1.52,0.044,110849.04,K몫 제외(주식층 비중 0)
2026-05-18 09:30:00,SNDK,매도,21,1433.0031,7804.98,35.078,140920.14,로테이션 제외(모멘텀 순위 밖 또는 국면 0)
2026-05-18 09:30:00,UNH,매도,2,389.805,37.2,5.018,141699.18,K몫 제외(주식층 비중 0)
2026-05-20 09:30:00,AAPL,매수,8,298.3291,,,139310.88,K몫 매수: 주식층 비중 1.5%
2026-05-20 09:30:00,AMGN,매수,2,330.9154,,,138648.58,K몫 매수: 주식층 비중 0.4%
2026-05-20 09:30:00,BTSG,매수,145,57.4187,,,130317.04,K몫 매수: 주식층 비중 4.9%
2026-05-20 09:30:00,CDNS,매수,7,335.5577,,,127966.5,K몫 매수: 주식층 비중 1.4%
2026-05-20 09:30:00,CRWD,매수,16,153.8281,,,125503.52,K몫 매수: 주식층 비중 1.5%
2026-05-20 09:30:00,DAL,매수,2,68.6843,,,125366.06,K몫 매수: 주식층 비중 0.1%
2026-05-20 09:30:00,DDOG,매수,12,212.4962,,,122814.32,K몫 매수: 주식층 비중 1.6%
2026-05-20 09:30:00,DHI,매수,2,136.1781,,,122541.77,K몫 매수: 주식층 비중 0.2%
2026-05-20 09:30:00,EOG,매수,2,143.9419,,,122253.69,K몫 매수: 주식층 비중 0.3%
2026-05-20 09:30:00,FTNT,매수,22,125.8329,,,119483.43,K몫 매수: 주식층 비중 1.7%
2026-05-20 09:30:00,INCY,매수,6,98.4492,,,118892.32,K몫 매수: 주식층 비중 0.4%
2026-05-20 09:30:00,KO,매수,16,82.2111,,,117576.02,K몫 매수: 주식층 비중 0.8%
2026-05-20 09:30:00,MDB,매수,9,330.9654,,,114595.25,K몫 매수: 주식층 비중 1.8%
2026-05-20 09:30:00,PEP,매수,6,149.6848,,,113696.51,K몫 매수: 주식층 비중 0.6%
2026-05-20 09:30:00,SHIP,매수,543,15.3357,,,105363.41,K몫 매수: 주식층 비중 4.9%
2026-05-20 09:30:00,SLB,매수,5,56.8984,,,105078.72,K몫 매수: 주식층 비중 0.2%
2026-05-20 09:30:00,SNDK,매수,17,1439.1592,,,80595.89,로테이션 매수: 126일 모멘텀 상위 2
2026-05-20 09:30:00,STX,매수,15,757.5986,,,69223.96,K몫 매수: 주식층 비중 7.1%
2026-05-20 09:30:00,UNP,매수,2,270.105,,,68683.37,K몫 매수: 주식층 비중 0.4%
2026-05-20 09:30:00,USB,매수,11,53.5868,,,68093.5,K몫 매수: 주식층 비중 0.4%
2026-05-20 09:30:00,VZ,매수,19,47.7539,,,67185.54,K몫 매수: 주식층 비중 0.5%
2026-05-20 09:30:00,WDC,매수,54,469.6097,,,41808.87,로테이션 매수: 126일 모멘텀 상위 2
2026-05-22 09:30:00,AMD,매수,4,470.0749,,,39927.25,K몫 매수: 주식층 비중 1.1%
2026-05-22 09:30:00,AVGO,매수,5,417.6987,,,37837.3,K몫 매수: 주식층 비중 1.3%
2026-05-22 09:30:00,CRDO,매수,20,197.0885,,,33892.77,K몫 매수: 주식층 비중 2.3%
2026-05-22 09:30:00,INTC,매수,33,120.3551,,,29918.27,K몫 매수: 주식층 비중 2.3%
2026-05-22 09:30:00,LRCX,매수,10,305.8779,,,26857.35,K몫 매수: 주식층 비중 1.8%
2026-05-22 09:30:00,MRVL,매수,17,194.7073,,,23545.01,K몫 매수: 주식층 비중 1.9%
2026-05-22 09:30:00,MU,매수,26,757.1934,,,3844.2,K몫 매수: 주식층 비중 11.5%
2026-05-22 09:30:00,NVDA,매수,17,221.0145,,,84.32,K몫 매수: 주식층 비중 2.2%
2026-05-26 15:59:59,MRVL,매도,17,208.1359,223.39,6.749,3620.05,실적 발표 전 청산
2026-05-27 09:30:00,AMD,매도,4,507.746,147.89,7.865,5649.55,K몫 제외(주식층 비중 0)
2026-05-27 09:30:00,AMZN,매수,1,266.2831,,,5383.08,K몫 매수: 주식층 비중 0.3%
2026-05-27 09:30:00,AVGO,매도,5,424.7875,32.43,1.553,7505.47,K몫 제외(주식층 비중 0)
2026-05-27 09:30:00,CDNS,매도,7,378.7555,298.81,12.721,10154.82,K몫 제외(주식층 비중 0)
2026-05-27 09:30:00,CRDO,매도,20,224.7975,548.14,13.906,14647.49,K몫 제외(주식층 비중 0)
2026-05-27 09:30:00,CROX,매수,1,117.5988,,,14529.81,K몫 매수: 주식층 비중 0.1%
2026-05-27 09:30:00,GOOGL,매수,25,386.8583,,,4851.58,K몫 매수: 주식층 비중 5.3%
2026-05-27 09:30:00,INTC,매도,33,124.5427,132.41,3.334,8958.49,K몫 제외(주식층 비중 0)
2026-05-27 09:30:00,LRCX,매도,10,331.4992,251.65,8.227,12271.06,K몫 제외(주식층 비중 0)
2026-05-27 09:30:00,MU,매도,26,954.8024,5105.93,25.936,37077.8,K몫 제외(주식층 비중 0)
2026-05-27 09:30:00,NVDA,매도,17,214.0129,-124.31,-3.309,40713.36,K몫 제외(주식층 비중 0)
2026-05-27 09:30:00,PANW,매수,17,245.7408,,,36532.85,K몫 매수: 주식층 비중 2.3%
2026-05-27 09:30:00,ROST,매수,1,236.118,,,36296.56,K몫 매수: 주식층 비중 0.2%
2026-05-27 09:30:00,RTX,매수,2,178.5793,,,35939.16,K몫 매수: 주식층 비중 0.3%
2026-05-27 09:30:00,SHIP,매도,543,15.2724,-46.26,-0.555,44225.99,K몫 제외(주식층 비중 0)
2026-05-27 09:30:00,TGT,매수,3,127.0435,,,43844.6,K몫 매수: 주식층 비중 0.2%
2026-05-27 09:30:00,UNP,매도,2,272.4337,3.88,0.719,44389.06,K몫 제외(주식층 비중 0)
2026-05-27 15:59:59,MDB,매도,9,294.2378,-334.57,-11.232,47035.27,실적 발표 전 청산
2026-05-28 09:30:00,AAPL,매도,8,310.5247,94.08,3.942,49517.66,K몫 제외(주식층 비중 0)
2026-05-28 09:30:00,DDOG,매도,12,232.5137,236.39,9.27,52305.78,K몫 제외(주식층 비중 0)
2026-05-28 09:30:00,STX,매도,15,889.0703,1954.39,17.198,65632.1,K몫 제외(주식층 비중 0)
2026-05-29 09:30:00,AMD,매수,31,520.6902,,,49479.41,K몫 매수: 주식층 비중 8.7%
2026-05-29 09:30:00,AVGO,매수,5,433.1665,,,47312.06,K몫 매수: 주식층 비중 1.3%
2026-05-29 09:30:00,CDNS,매수,7,375.1875,,,44683.91,K몫 매수: 주식층 비중 1.4%
2026-05-29 09:30:00,INTC,매수,150,123.8619,,,26091.62,K몫 매수: 주식층 비중 9.8%
2026-05-29 09:30:00,LRCX,매수,10,322.161,,,22867.75,K몫 매수: 주식층 비중 1.7%
2026-05-29 09:30:00,MRVL,매수,17,204.5322,,,19388.27,K몫 매수: 주식층 비중 1.9%
2026-05-29 09:30:00,MU,매수,19,956.9433,,,1193.62,K몫 매수: 주식층 비중 9.8%
2026-05-29 09:30:00,NVDA,매수,5,214.5572,,,120.08,K몫 매수: 주식층 비중 2.2%
2026-06-01 09:30:00,AMD,매도,31,500.1048,-660.76,-4.094,15612.02,K몫 제외(주식층 비중 0)
2026-06-01 09:30:00,AMGN,매도,2,332.2588,1.74,0.263,16276.05,K몫 제외(주식층 비중 0)
2026-06-01 09:30:00,AMZN,매도,1,266.1569,-0.51,-0.19,16542.01,K몫 제외(주식층 비중 0)
2026-06-01 09:30:00,AVGO,매도,5,449.9599,80.81,3.731,18790.17,K몫 제외(주식층 비중 0)
2026-06-01 09:30:00,BTSG,매도,145,61.2494,543.14,6.524,27664.84,K몫 제외(주식층 비중 0)
2026-06-01 09:30:00,CROX,매도,1,118.5107,0.74,0.632,27783.27,K몫 제외(주식층 비중 0)
2026-06-01 09:30:00,DAL,매도,2,81.0295,24.48,17.818,27945.21,K몫 제외(주식층 비중 0)
2026-06-01 09:30:00,DDOG,매수,11,251.9009,,,25172.36,K몫 매수: 주식층 비중 1.5%
2026-06-01 09:30:00,DHI,매도,2,148.4258,24.09,8.844,25468.99,K몫 제외(주식층 비중 0)
2026-06-01 09:30:00,EOG,매도,2,134.9325,-18.42,-6.398,25738.66,K몫 제외(주식층 비중 0)
2026-06-01 09:30:00,GOOGL,매도,25,376.4117,-274.81,-2.841,35142.08,K몫 제외(주식층 비중 0)
2026-06-01 09:30:00,INCY,매도,6,96.4318,-12.94,-2.191,35720.25,K몫 제외(주식층 비중 0)
2026-06-01 09:30:00,INTC,매도,150,109.3903,-2195.73,-11.818,52116.81,K몫 제외(주식층 비중 0)
2026-06-01 09:30:00,KO,매도,16,78.5357,-60.64,-4.61,53372.47,K몫 제외(주식층 비중 0)
2026-06-01 09:30:00,LRCX,매도,10,309.4452,-131.67,-4.087,56464.66,K몫 제외(주식층 비중 0)
2026-06-01 09:30:00,MDB,매수,9,345.6871,,,53351.3,K몫 매수: 주식층 비중 1.7%
2026-06-01 09:30:00,MRVL,매도,17,198.8105,-102.17,-2.938,56728.61,K몫 제외(주식층 비중 0)
2026-06-01 09:30:00,MU,매도,19,1009.0652,963.59,5.3,75886.86,K몫 제외(주식층 비중 0)
2026-06-01 09:30:00,NVDA,매도,5,215.6721,4.04,0.376,76964.43,K몫 제외(주식층 비중 0)
2026-06-01 09:30:00,ORCL,매수,16,230.6152,,,73272.0,K몫 매수: 주식층 비중 2.0%
2026-06-01 09:30:00,PEP,매도,6,142.1489,-46.47,-5.174,74124.27,K몫 제외(주식층 비중 0)
2026-06-01 09:30:00,ROST,매도,1,227.876,-8.57,-3.631,74351.98,K몫 제외(주식층 비중 0)
2026-06-01 09:30:00,RTX,매도,2,177.3513,-2.96,-0.83,74706.43,K몫 제외(주식층 비중 0)
2026-06-01 09:30:00,SLB,매도,5,55.0125,-9.83,-3.455,74981.29,K몫 제외(주식층 비중 0)
2026-06-01 09:30:00,STX,매수,5,885.4425,,,70550.98,K몫 매수: 주식층 비중 2.6%
2026-06-01 09:30:00,TGT,매도,3,126.4168,-2.42,-0.636,70929.95,K몫 제외(주식층 비중 0)
2026-06-01 09:30:00,USB,매도,11,53.8531,2.08,0.354,71521.9,K몫 제외(주식층 비중 0)
2026-06-01 09:30:00,VZ,매도,19,47.4763,-6.57,-0.724,72423.29,K몫 제외(주식층 비중 0)
2026-06-01 09:34:36,AAPL,매수,6,310.155,,,70561.06,K몫 매수: 주식층 비중 1.0%
2026-06-01 15:59:59,PANW,매도,17,300.3397,921.53,22.059,75663.11,실적 발표 전 청산
2026-06-02 09:30:00,CRWD,매도,16,191.1169,592.67,24.08,78718.75,K몫 제외(주식층 비중 0)
2026-06-02 09:30:00,FTNT,매도,22,143.4909,384.23,13.88,81873.24,K몫 제외(주식층 비중 0)
2026-06-02 09:30:00,MSFT,매수,8,447.3926,,,78291.59,K몫 매수: 주식층 비중 1.9%
2026-06-03 09:30:00,MSFT,매도,8,438.2308,-78.36,-2.189,81794.88,K몫 제외(주식층 비중 0)
2026-06-05 09:30:00,AMD,매수,4,499.3696,,,79796.01,K몫 매수: 주식층 비중 1.1%
2026-06-05 09:30:00,CRDO,매수,19,208.2241,,,75836.98,K몫 매수: 주식층 비중 2.1%
2026-06-05 09:30:00,CRWD,매수,14,174.2721,,,73395.46,K몫 매수: 주식층 비중 1.3%
2026-06-05 09:30:00,FTNT,매수,18,149.1045,,,70709.7,K몫 매수: 주식층 비중 1.4%
2026-06-05 09:30:00,INTC,매수,41,106.4632,,,66341.65,K몫 매수: 주식층 비중 2.3%
2026-06-05 09:30:00,LRCX,매수,8,318.8997,,,63788.67,K몫 매수: 주식층 비중 1.5%
2026-06-05 09:30:00,MRVL,매수,10,299.5747,,,60790.83,K몫 매수: 주식층 비중 1.6%
2026-06-05 09:30:00,MU,매수,4,945.0122,,,57008.13,K몫 매수: 주식층 비중 2.4%
2026-06-05 09:30:00,NVDA,매수,22,214.5372,,,52285.01,K몫 매수: 주식층 비중 2.4%
2026-06-05 09:30:00,PANW,매수,13,279.1295,,,48653.79,K몫 매수: 주식층 비중 2.0%
2026-06-08 09:30:00,AMGN,매수,3,349.0544,,,47605.89,K몫 매수: 주식층 비중 0.6%
2026-06-08 09:30:00,AMZN,매수,2,246.7333,,,47112.08,K몫 매수: 주식층 비중 0.4%
2026-06-08 09:30:00,BTSG,매수,5,58.7193,,,46818.28,K몫 매수: 주식층 비중 0.2%
2026-06-08 09:30:00,CRDO,매도,19,217.941,178.83,4.52,50956.13,K몫 제외(주식층 비중 0)
2026-06-08 09:30:00,CROX,매수,2,122.5913,,,50710.78,K몫 매수: 주식층 비중 0.2%
2026-06-08 09:30:00,CRWD,매도,14,168.6531,-82.1,-3.365,53070.2,K몫 제외(주식층 비중 0)
2026-06-08 09:30:00,DAL,매수,4,79.5598,,,52751.74,K몫 매수: 주식층 비중 0.2%
2026-06-08 09:30:00,EOG,매수,4,139.2596,,,52194.31,K몫 매수: 주식층 비중 0.4%
2026-06-08 09:30:00,GOOGL,매수,1,365.3526,,,51828.7,K몫 매수: 주식층 비중 0.3%
2026-06-08 09:30:00,INCY,매수,7,102.8234,,,51108.43,K몫 매수: 주식층 비중 0.4%
2026-06-08 09:30:00,KO,매수,23,79.3497,,,49282.11,K몫 매수: 주식층 비중 1.0%
2026-06-08 09:30:00,PEP,매수,11,140.8584,,,47731.59,K몫 매수: 주식층 비중 0.9%
2026-06-08 09:30:00,ROST,매수,3,230.4652,,,47039.71,K몫 매수: 주식층 비중 0.4%
2026-06-08 09:30:00,RTX,매수,5,180.5803,,,46136.17,K몫 매수: 주식층 비중 0.5%
2026-06-08 09:30:00,SHIP,매수,14,15.4877,,,45919.19,K몫 매수: 주식층 비중 0.1%
2026-06-08 09:30:00,SLB,매수,8,55.6078,,,45474.02,K몫 매수: 주식층 비중 0.3%
2026-06-09 15:59:59,ORCL,매도,16,205.649,-404.44,-10.961,48762.0,실적 발표 전 청산
2026-06-10 09:30:00,AAPL,매도,6,290.6196,-119.79,-6.437,50504.45,K몫 제외(주식층 비중 0)
2026-06-10 09:30:00,DDOG,매도,11,223.6581,-314.41,-11.347,52962.89,K몫 제외(주식층 비중 0)
2026-06-10 09:30:00,MDB,매도,9,334.6526,-103.69,-3.333,55972.56,K몫 제외(주식층 비중 0)
2026-06-10 09:30:00,RL,매수,1,388.6642,,,55583.63,K몫 매수: 주식층 비중 0.2%
2026-06-10 09:30:00,STX,매도,5,822.5885,-320.37,-7.236,59693.57,K몫 제외(주식층 비중 0)
2026-06-10 09:30:00,TGT,매수,7,127.7138,,,58798.95,K몫 매수: 주식층 비중 0.6%
2026-06-10 09:30:00,TSLA,매수,1,391.6057,,,58407.07,K몫 매수: 주식층 비중 0.2%
2026-06-10 09:30:00,UNH,매수,1,413.7067,,,57993.07,K몫 매수: 주식층 비중 0.4%
2026-06-10 09:30:00,UNP,매수,4,270.6153,,,56909.85,K몫 매수: 주식층 비중 0.6%
2026-06-11 09:30:00,AMGN,매도,3,342.7385,-20.43,-1.951,57937.32,K몫 제외(주식층 비중 0)
2026-06-11 09:30:00,AMZN,매도,2,237.811,-18.54,-3.757,58412.59,K몫 제외(주식층 비중 0)
2026-06-11 09:30:00,BTSG,매도,5,61.3993,12.97,4.418,58719.36,K몫 제외(주식층 비중 0)
2026-06-11 09:30:00,CROX,매도,2,121.4293,-2.67,-1.09,58962.04,K몫 제외(주식층 비중 0)
2026-06-11 09:30:00,DAL,매도,4,76.4717,-12.8,-4.022,59267.71,K몫 제외(주식층 비중 0)
2026-06-11 09:30:00,EOG,매도,4,141.919,9.83,1.765,59834.97,K몫 제외(주식층 비중 0)
2026-06-11 09:30:00,GOOGL,매도,1,355.747,-10.12,-2.77,60190.46,K몫 제외(주식층 비중 0)
2026-06-11 09:30:00,INCY,매도,7,105.917,20.61,2.863,60931.33,K몫 제외(주식층 비중 0)
2026-06-11 09:30:00,KO,매도,23,83.878,101.47,5.56,62859.12,K몫 제외(주식층 비중 0)
2026-06-11 09:30:00,PEP,매도,11,144.7876,40.97,2.644,64450.62,K몫 제외(주식층 비중 0)
2026-06-11 09:30:00,RL,매도,1,379.2203,-9.99,-2.571,64829.57,K몫 제외(주식층 비중 0)
2026-06-11 09:30:00,ROST,매도,3,233.873,9.23,1.335,65530.67,K몫 제외(주식층 비중 0)
2026-06-11 09:30:00,RTX,매도,5,177.931,-14.53,-1.609,66419.68,K몫 제외(주식층 비중 0)
2026-06-11 09:30:00,SHIP,매도,14,15.5122,0.03,0.015,66636.69,K몫 제외(주식층 비중 0)
2026-06-11 09:30:00,SLB,매도,8,55.7121,0.2,0.044,67082.06,K몫 제외(주식층 비중 0)
2026-06-11 09:30:00,TGT,매도,7,128.9655,7.48,0.836,67984.16,K몫 제외(주식층 비중 0)
2026-06-11 09:30:00,TSLA,매도,1,388.0559,-4.11,-1.049,68371.93,K몫 제외(주식층 비중 0)
2026-06-11 09:30:00,UNH,매도,1,406.7865,-7.51,-1.815,68778.42,K몫 제외(주식층 비중 0)
2026-06-11 09:30:00,UNP,매도,4,267.4162,-14.33,-1.324,69847.31,K몫 제외(주식층 비중 0)
2026-06-12 09:30:00,AAPL,매수,20,296.228,,,63918.6,K몫 매수: 주식층 비중 3.2%
2026-06-12 09:30:00,AMGN,매수,5,357.8388,,,62128.15,K몫 매수: 주식층 비중 1.0%
2026-06-12 09:30:00,AMZN,매수,5,243.3316,,,60910.64,K몫 매수: 주식층 비중 0.7%
2026-06-12 09:30:00,BTSG,매수,9,63.6218,,,60337.65,K몫 매수: 주식층 비중 0.3%
2026-06-12 09:30:00,CROX,매수,5,126.063,,,59706.89,K몫 매수: 주식층 비중 0.3%
2026-06-12 09:30:00,DAL,매수,7,83.2016,,,59124.07,K몫 매수: 주식층 비중 0.3%
2026-06-12 09:30:00,DDOG,매수,28,233.6017,,,52578.64,K몫 매수: 주식층 비중 3.5%
2026-06-12 09:30:00,DHI,매수,5,154.2871,,,51806.67,K몫 매수: 주식층 비중 0.4%
2026-06-12 09:30:00,EOG,매수,9,135.6278,,,50585.16,K몫 매수: 주식층 비중 0.7%
2026-06-12 09:30:00,GOOGL,매수,2,362.8013,,,49859.05,K몫 매수: 주식층 비중 0.5%
2026-06-12 09:30:00,GS,매수,1,1053.5265,,,48804.79,K몫 매수: 주식층 비중 0.6%
2026-06-12 09:30:00,INCY,매수,13,108.3341,,,47395.46,K몫 매수: 주식층 비중 0.7%
2026-06-12 09:30:00,KO,매수,36,82.7514,,,44414.33,K몫 매수: 주식층 비중 1.6%
2026-06-12 09:30:00,MDB,매수,21,354.5372,,,36963.83,K몫 매수: 주식층 비중 4.0%
2026-06-12 09:30:00,PEP,매수,20,143.8669,,,34084.48,K몫 매수: 주식층 비중 1.5%
2026-06-12 09:30:00,RL,매수,1,400.2,,,33684.0,K몫 매수: 주식층 비중 0.3%
2026-06-12 09:30:00,ROST,매수,5,241.4807,,,32475.75,K몫 매수: 주식층 비중 0.7%
2026-06-12 09:30:00,RTX,매수,8,184.7823,,,30996.46,K몫 매수: 주식층 비중 0.9%
2026-06-12 09:30:00,SHIP,매수,28,15.6478,,,30558.01,K몫 매수: 주식층 비중 0.2%
2026-06-16 09:30:00,AAPL,매도,20,295.0974,-31.07,-0.524,36455.65,K몫 제외(주식층 비중 0)
2026-06-16 09:30:00,AMD,매도,4,546.6166,185.99,9.311,38640.52,K몫 제외(주식층 비중 0)
2026-06-16 09:30:00,AMGN,매도,5,351.824,-32.61,-1.823,40398.36,K몫 제외(주식층 비중 0)
2026-06-16 09:30:00,AMZN,매도,5,247.876,20.97,1.723,41636.83,K몫 제외(주식층 비중 0)
2026-06-16 09:30:00,BTSG,매도,9,64.1579,4.0,0.699,42213.83,K몫 제외(주식층 비중 0)
2026-06-16 09:30:00,CDNS,매도,7,386.9964,78.85,3.002,44920.83,K몫 제외(주식층 비중 0)
2026-06-16 09:30:00,CROX,매도,5,126.2868,0.22,0.034,45551.8,K몫 제외(주식층 비중 0)
2026-06-16 09:30:00,DAL,매도,7,85.0574,12.15,2.086,46146.77,K몫 제외(주식층 비중 0)
2026-06-16 09:30:00,DDOG,매도,28,231.5841,-65.8,-1.006,52626.39,K몫 제외(주식층 비중 0)
2026-06-16 09:30:00,DHI,매도,5,155.7621,6.27,0.812,53404.64,K몫 제외(주식층 비중 0)
2026-06-16 09:30:00,EOG,매도,9,130.6147,-46.83,-3.837,54579.31,K몫 제외(주식층 비중 0)
2026-06-16 09:30:00,FTNT,매도,18,148.8056,-9.22,-0.343,57255.85,K몫 제외(주식층 비중 0)
2026-06-16 09:30:00,GOOGL,매도,2,369.4952,12.34,1.701,57994.31,K몫 제외(주식층 비중 0)
2026-06-16 09:30:00,GS,매도,1,1085.457,30.4,2.886,59078.97,K몫 제외(주식층 비중 0)
2026-06-16 09:30:00,INCY,매도,13,102.9485,-71.98,-5.111,60416.32,K몫 제외(주식층 비중 0)
2026-06-16 09:30:00,INTC,매도,41,125.0425,754.95,17.296,65539.32,K몫 제외(주식층 비중 0)
2026-06-16 09:30:00,KO,매도,36,81.1094,-63.33,-2.126,68457.13,K몫 제외(주식층 비중 0)
2026-06-16 09:30:00,LRCX,매도,8,384.9424,524.31,20.551,71534.42,K몫 제외(주식층 비중 0)
2026-06-16 09:30:00,MDB,매도,21,350.3245,-99.05,-1.33,78885.87,K몫 제외(주식층 비중 0)
2026-06-16 09:30:00,MRVL,매도,10,298.9804,-10.22,-0.341,81873.49,K몫 제외(주식층 비중 0)
2026-06-16 09:30:00,MU,매도,4,1098.8303,609.42,16.122,86265.6,K몫 제외(주식층 비중 0)
2026-06-16 09:30:00,NVDA,매도,22,211.0094,-84.3,-1.786,90904.42,K몫 제외(주식층 비중 0)
2026-06-16 09:30:00,PANW,매도,13,283.0584,45.85,1.264,94581.49,K몫 제외(주식층 비중 0)
2026-06-16 09:30:00,PEP,매도,20,146.7966,54.44,1.892,97515.28,K몫 제외(주식층 비중 0)
2026-06-16 09:30:00,RL,매도,1,414.6426,13.86,3.463,97929.62,K몫 제외(주식층 비중 0)
2026-06-16 09:30:00,ROST,매도,5,236.7965,-25.13,-2.081,99112.74,K몫 제외(주식층 비중 0)
2026-06-16 09:30:00,RTX,매도,8,184.1579,-7.11,-0.481,100584.93,K몫 제외(주식층 비중 0)
2026-06-16 09:30:00,SHIP,매도,28,16.2419,15.99,3.651,101039.37,K몫 제외(주식층 비중 0)
2026-06-16 09:30:00,SNDK,매도,17,2133.1329,11753.95,48.043,137276.15,로테이션 제외(모멘텀 순위 밖 또는 국면 0)
2026-06-16 09:30:00,WDC,매도,54,686.4316,11663.57,45.994,174316.4,로테이션 제외(모멘텀 순위 밖 또는 국면 0)
2026-06-18 09:30:00,AAPL,매수,22,298.5892,,,167742.84,K몫 매수: 주식층 비중 3.2%
2026-06-18 09:30:00,AMD,매수,13,532.6612,,,160813.4,K몫 매수: 주식층 비중 3.3%
2026-06-18 09:30:00,AMGN,매수,6,345.1725,,,158740.91,K몫 매수: 주식층 비중 1.1%
2026-06-18 09:30:00,AMZN,매수,5,240.3401,,,157538.37,K몫 매수: 주식층 비중 0.7%
2026-06-18 09:30:00,BTSG,매수,11,65.0825,,,156821.96,K몫 매수: 주식층 비중 0.4%
2026-06-18 09:30:00,CDNS,매수,13,392.9914,,,151709.5,K몫 매수: 주식층 비중 2.5%
2026-06-18 09:30:00,CROX,매수,5,126.5632,,,151076.24,K몫 매수: 주식층 비중 0.4%
2026-06-18 09:30:00,DAL,매수,8,84.1721,,,150402.39,K몫 매수: 주식층 비중 0.3%
2026-06-18 09:30:00,DDOG,매수,32,224.152,,,143224.51,K몫 매수: 주식층 비중 3.5%
2026-06-18 09:30:00,DHI,매수,6,154.3271,,,142297.89,K몫 매수: 주식층 비중 0.5%
2026-06-18 09:30:00,EOG,매수,10,133.0665,,,140966.3,K몫 매수: 주식층 비중 0.7%
2026-06-18 09:30:00,FTNT,매수,40,143.4617,,,135223.81,K몫 매수: 주식층 비중 2.8%
2026-06-18 09:30:00,GOOGL,매수,2,365.9329,,,134491.44,K몫 매수: 주식층 비중 0.5%
2026-06-18 09:30:00,GS,매수,1,1120.56,,,133370.09,K몫 매수: 주식층 비중 0.6%
2026-06-18 09:30:00,INCY,매수,13,99.4897,,,132075.82,K몫 매수: 주식층 비중 0.6%
2026-06-18 09:30:00,INTC,매수,57,131.8559,,,124554.77,K몫 매수: 주식층 비중 3.6%
2026-06-18 09:30:00,KO,매수,43,79.9099,,,121116.24,K몫 매수: 주식층 비중 1.6%
2026-06-18 09:30:00,LRCX,매수,20,395.3216,,,113204.27,K몫 매수: 주식층 비중 3.9%
2026-06-18 09:30:00,MDB,매수,25,332.166,,,104894.31,K몫 매수: 주식층 비중 4.0%
2026-06-18 09:30:00,MRVL,매수,28,305.6527,,,96330.04,K몫 매수: 주식층 비중 4.1%
2026-06-18 09:30:00,MU,매수,8,1108.619,,,87454.88,K몫 매수: 주식층 비중 4.3%
2026-06-18 09:30:00,NVDA,매수,49,207.3786,,,77286.22,K몫 매수: 주식층 비중 4.9%
2026-06-18 09:30:00,PANW,매수,34,285.7428,,,67564.16,K몫 매수: 주식층 비중 4.7%
2026-06-18 09:30:00,PEP,매수,22,141.1205,,,64457.34,K몫 매수: 주식층 비중 1.5%
2026-06-18 09:30:00,RL,매수,1,412.4361,,,64044.61,K몫 매수: 주식층 비중 0.3%
2026-06-18 09:30:00,ROST,매수,6,234.8824,,,62634.33,K몫 매수: 주식층 비중 0.7%
2026-06-18 09:30:00,RTX,매수,9,194.097,,,60886.24,K몫 매수: 주식층 비중 0.8%
2026-06-18 09:30:00,SHIP,매수,31,15.2576,,,60412.92,K몫 매수: 주식층 비중 0.2%
2026-06-18 09:30:00,SLB,매수,19,50.125,,,59459.88,K몫 매수: 주식층 비중 0.5%
2026-06-18 09:30:00,SNDK,매수,15,2045.7674,,,28751.88,로테이션 매수: 126일 모멘텀 상위 2
2026-06-23 15:59:59,MU,매도,8,1050.8543,-474.46,-5.35,37152.58,실적 발표 전 청산
2026-06-24 09:30:00,AMD,매도,13,520.8314,-163.58,-2.362,43918.45,K몫 제외(주식층 비중 0)
2026-06-24 09:30:00,INTC,매도,57,132.8515,45.96,0.612,51485.46,K몫 제외(주식층 비중 0)
2026-06-24 09:30:00,LRCX,매도,20,366.6816,-583.69,-7.382,58813.73,K몫 제외(주식층 비중 0)
2026-06-24 09:30:00,MRVL,매도,28,281.3542,-692.1,-8.087,66685.9,K몫 제외(주식층 비중 0)
2026-06-24 09:30:00,NVDA,매도,49,199.97,-377.29,-3.713,76477.28,K몫 제외(주식층 비중 0)
2026-06-24 09:30:00,PGR,매수,9,217.7088,,,74516.53,K몫 매수: 주식층 비중 1.0%
2026-06-24 09:30:00,STX,매수,9,1027.9438,,,65258.56,K몫 매수: 주식층 비중 4.6%
2026-06-24 09:30:00,TGT,매수,9,135.7578,,,64035.88,K몫 매수: 주식층 비중 0.6%
2026-06-24 09:30:00,TSLA,매수,1,380.198,,,63655.42,K몫 매수: 주식층 비중 0.3%
2026-06-24 09:30:00,UNH,매수,2,410.7403,,,62833.36,K몫 매수: 주식층 비중 0.6%
2026-06-24 09:30:00,UNP,매수,6,261.0505,,,61265.96,K몫 매수: 주식층 비중 0.8%
2026-06-25 09:30:00,AAPL,매도,22,287.3663,-256.12,-3.899,67583.41,K몫 제외(주식층 비중 0)
2026-06-25 09:30:00,AMGN,매도,6,349.885,25.29,1.221,69681.18,K몫 제외(주식층 비중 0)
2026-06-25 09:30:00,AMZN,매도,5,231.814,-44.32,-3.688,70839.41,K몫 제외(주식층 비중 0)
2026-06-25 09:30:00,BTSG,매도,11,68.3958,35.4,4.944,71591.21,K몫 제외(주식층 비중 0)
2026-06-25 09:30:00,CDNS,매도,13,378.3007,-198.14,-3.878,76505.53,K몫 제외(주식층 비중 0)
2026-06-25 09:30:00,CROX,매도,5,121.2394,-27.5,-4.346,77111.29,K몫 제외(주식층 비중 0)
2026-06-25 09:30:00,DAL,매도,8,91.4143,56.93,8.455,77842.07,K몫 제외(주식층 비중 0)
2026-06-25 09:30:00,DDOG,매도,32,217.931,-209.19,-2.916,84810.77,K몫 제외(주식층 비중 0)
2026-06-25 09:30:00,DHI,매도,6,168.0959,81.23,8.772,85818.6,K몫 제외(주식층 비중 0)
2026-06-25 09:30:00,EOG,매도,10,132.8236,-4.33,-0.325,87145.87,K몫 제외(주식층 비중 0)
2026-06-25 09:30:00,FTNT,매도,40,145.837,86.74,1.512,92975.09,K몫 제외(주식층 비중 0)
2026-06-25 09:30:00,GOOGL,매도,2,336.5516,-59.77,-8.166,93647.71,K몫 제외(주식층 비중 0)
2026-06-25 09:30:00,GS,매도,1,1095.0722,-27.07,-2.416,94741.98,K몫 제외(주식층 비중 0)
2026-06-25 09:30:00,INCY,매도,13,108.2958,112.55,8.702,96148.8,K몫 제외(주식층 비중 0)
2026-06-25 09:30:00,KO,매도,43,80.4897,20.0,0.582,99607.33,K몫 제외(주식층 비중 0)
2026-06-25 09:30:00,MDB,매도,25,300.9395,-791.97,-9.537,107125.32,K몫 제외(주식층 비중 0)
2026-06-25 09:30:00,PANW,매도,34,288.7955,89.82,0.925,116937.2,K몫 제외(주식층 비중 0)
2026-06-25 09:30:00,PEP,매도,22,141.919,13.11,0.422,120057.14,K몫 제외(주식층 비중 0)
2026-06-25 09:30:00,PGR,매도,9,218.6506,5.67,0.289,122023.56,K몫 제외(주식층 비중 0)
2026-06-25 09:30:00,RL,매도,1,414.4327,1.41,0.341,122437.69,K몫 제외(주식층 비중 0)
2026-06-25 09:30:00,ROST,매도,6,229.1804,-36.2,-2.569,123811.77,K몫 제외(주식층 비중 0)
2026-06-25 09:30:00,RTX,매도,9,184.9075,-85.14,-4.874,125474.72,K몫 제외(주식층 비중 0)
2026-06-25 09:30:00,SHIP,매도,31,14.7126,-17.56,-3.712,125930.48,K몫 제외(주식층 비중 0)
2026-06-25 09:30:00,SLB,매도,19,46.5567,-69.11,-7.257,126814.41,K몫 제외(주식층 비중 0)
2026-06-25 09:30:00,SNDK,매도,15,2237.1858,2825.3,9.207,160347.7,로테이션 제외(모멘텀 순위 밖 또는 국면 0)
2026-06-25 09:30:00,STX,매도,9,1106.1067,689.72,7.455,170295.4,K몫 제외(주식층 비중 0)
2026-06-25 09:30:00,TGT,매도,9,140.6796,42.52,3.48,171560.59,K몫 제외(주식층 비중 0)
2026-06-25 09:30:00,TSLA,매도,1,375.2123,-5.53,-1.453,171935.53,K몫 제외(주식층 비중 0)
2026-06-25 09:30:00,UNH,매도,2,406.4467,-9.76,-1.188,172747.83,K몫 제외(주식층 비중 0)
2026-06-25 09:30:00,UNP,매도,6,261.879,2.73,0.174,174317.95,K몫 제외(주식층 비중 0)
2026-07-28 09:30:00,MRVL,매수,217,180.09,,,135211.07,K몫 매수: 주식층 비중 18.7%
2026-07-28 09:30:00,MU,매수,37,840.8902,,,104076.35,로테이션 매수: 126일 모멘텀 상위 2
2026-07-28 09:30:00,SNDK,매수,26,1172.9512,,,73558.27,로테이션 매수: 126일 모멘텀 상위 2
2026-07-29 09:30:00,MRVL,매도,217,173.933,-1390.98,-3.559,111274.18,K몫 제외(주식층 비중 0)
2026-07-31 09:30:00,MU,매도,37,919.1902,2850.49,9.162,145259.39,로테이션 제외(모멘텀 순위 밖 또는 국면 0)
2026-07-31 09:30:00,SNDK,매도,26,1381.7088,5380.13,17.642,181157.59,로테이션 제외(모멘텀 순위 밖 또는 국면 0)
2026-08-26 09:30:00,AMGN,매수,1,442.261,,,180715.02,K몫 매수: 주식층 비중 0.4%
2026-08-26 09:30:00,AMZN,매수,1,261.4056,,,180453.44,K몫 매수: 주식층 비중 0.1%
2026-08-26 09:30:00,BKNG,매수,1,214.5572,,,180238.73,K몫 매수: 주식층 비중 0.2%
2026-08-26 09:30:00,DAL,매수,5,84.5923,,,179815.47,K몫 매수: 주식층 비중 0.2%
2026-08-26 09:30:00,DHI,매수,3,150.4652,,,179363.76,K몫 매수: 주식층 비중 0.2%
2026-08-26 09:30:00,EOG,매수,3,144.072,,,178931.24,K몫 매수: 주식층 비중 0.3%
2026-08-26 09:30:00,GOOGL,매수,1,346.7933,,,178584.2,K몫 매수: 주식층 비중 0.2%
2026-08-26 09:30:00,INCY,매수,3,129.2446,,,178196.2,K몫 매수: 주식층 비중 0.2%
2026-08-26 09:30:00,KO,매수,11,92.2561,,,177180.67,K몫 매수: 주식층 비중 0.5%
2026-08-26 09:30:00,MDB,매수,25,391.4206,,,167388.31,K몫 매수: 주식층 비중 4.5%
2026-08-26 09:30:00,MNST,매수,23,48.7544,,,166266.17,K몫 매수: 주식층 비중 0.5%
2026-08-26 09:30:00,PGR,매수,2,222.2111,,,165821.44,K몫 매수: 주식층 비중 0.2%
2026-08-26 09:30:00,RL,매수,1,364.4221,,,165456.76,K몫 매수: 주식층 비중 0.3%
2026-08-26 09:30:00,RTX,매수,3,210.5052,,,164824.8,K몫 매수: 주식층 비중 0.3%
2026-08-26 09:30:00,SHIP,매수,12,18.009,,,164608.54,K몫 매수: 주식층 비중 0.1%
2026-08-26 09:30:00,SLB,매수,7,52.5763,,,164240.25,K몫 매수: 주식층 비중 0.2%
2026-08-26 09:30:00,SNDK,매수,22,1455.1722,,,132204.05,로테이션 매수: 126일 모멘텀 상위 2
2026-08-26 09:30:00,STX,매수,39,824.7622,,,100015.81,로테이션 매수: 126일 모멘텀 상위 2
2026-08-26 09:30:00,TGT,매수,3,163.7568,,,99524.2,K몫 매수: 주식층 비중 0.3%
2026-08-26 09:30:00,UNH,매수,2,396.5282,,,98730.59,K몫 매수: 주식층 비중 0.5%
2026-08-26 09:30:00,UNP,매수,3,308.8844,,,97803.29,K몫 매수: 주식층 비중 0.5%
2026-08-26 09:30:00,USB,매수,19,62.4812,,,96615.31,K몫 매수: 주식층 비중 0.6%
2026-08-28 09:30:00,CDNS,매수,13,347.6037,,,92093.3,K몫 매수: 주식층 비중 2.2%
2026-08-28 09:30:00,CRM,매수,20,250.5952,,,87077.89,K몫 매수: 주식층 비중 2.3%
2026-08-28 09:30:00,CRWD,매수,37,228.6092,,,78613.43,K몫 매수: 주식층 비중 3.9%
2026-08-28 09:30:00,DASH,매수,1,233.4867,,,78379.78,K몫 매수: 주식층 비중 0.1%
2026-08-28 09:30:00,DHI,매도,3,146.5067,-12.51,-2.772,78818.97,K몫 제외(주식층 비중 0)
2026-08-28 09:30:00,FTNT,매수,53,172.6663,,,69661.26,K몫 매수: 주식층 비중 4.2%
2026-08-28 09:30:00,MSFT,매수,11,505.5827,,,64095.95,K몫 매수: 주식층 비중 2.7%
2026-08-28 09:30:00,NOW,매수,44,138.5492,,,57995.52,K몫 매수: 주식층 비중 2.8%
2026-08-28 09:30:00,PANW,매수,26,377.4486,,,48174.99,K몫 매수: 주식층 비중 4.6%
2026-08-28 09:30:00,SHOP,매수,48,154.7874,,,40739.99,K몫 매수: 주식층 비중 3.4%
2026-08-31 09:30:00,STX,매도,39,826.0868,5.62,0.017,72933.86,로테이션 제외(모멘텀 순위 밖 또는 국면 0)
2026-08-31 09:32:13,INTC,매수,100,90.2126,,,63906.28,K몫 매수: 주식층 비중 4.2%
2026-08-31 15:59:59,PANW,매도,26,381.9389,102.63,1.046,73829.44,실적 발표 전 청산
2026-08-31 15:59:59,MDB,매도,25,453.2833,1531.44,15.65,85153.25,실적 발표 전 청산
2026-09-01 09:30:00,BTSG,매수,3,58.5793,,,84977.39,K몫 매수: 주식층 비중 0.1%
2026-09-01 09:30:00,CROX,매수,2,118.039,,,84741.14,K몫 매수: 주식층 비중 0.2%
2026-09-01 09:30:00,CRWD,매도,37,228.0734,-31.91,-0.377,93173.7,K몫 제외(주식층 비중 0)
2026-09-01 09:30:00,FTNT,매도,53,167.4762,-287.96,-3.147,102043.46,K몫 제외(주식층 비중 0)
2026-09-01 09:30:00,INTC,매도,100,86.8541,-348.51,-3.863,110722.53,K몫 제외(주식층 비중 0)
2026-09-01 09:30:00,MRVL,매수,161,205.1542,,,77669.57,로테이션 매수: 126일 모멘텀 상위 2
2026-09-02 09:30:00,CDNS,매도,13,312.4637,-462.95,-10.245,81728.64,K몫 제외(주식층 비중 0)
2026-09-03 09:30:00,AAPL,매수,24,325.1102,,,73920.53,K몫 매수: 주식층 비중 3.6%
2026-09-03 09:30:00,CRWD,매수,41,208.9484,,,65347.65,K몫 매수: 주식층 비중 3.9%
2026-09-03 09:30:00,FTNT,매수,59,157.5787,,,56044.0,K몫 매수: 주식층 비중 4.2%
2026-09-04 09:30:00,AAPL,매도,24,328.1408,61.53,0.789,63913.63,K몫 제외(주식층 비중 0)
2026-09-04 09:30:00,AMGN,매도,1,434.7895,-8.1,-1.831,64348.1,K몫 제외(주식층 비중 0)
2026-09-04 09:30:00,AMZN,매도,1,259.0854,-2.69,-1.03,64606.99,K몫 제외(주식층 비중 0)
2026-09-04 09:30:00,BKNG,매도,1,193.903,-20.95,-9.762,64800.76,K몫 제외(주식층 비중 0)
2026-09-04 09:30:00,BTSG,매도,3,60.4797,5.45,3.099,64982.06,K몫 제외(주식층 비중 0)
2026-09-04 09:30:00,CRM,매도,20,263.2283,245.31,4.895,70242.79,K몫 제외(주식층 비중 0)
2026-09-04 09:30:00,CROX,매도,2,115.5922,-5.23,-2.214,70473.8,K몫 제외(주식층 비중 0)
2026-09-04 09:30:00,CRWD,매도,41,212.3938,128.9,1.505,79175.59,K몫 제외(주식층 비중 0)
2026-09-04 09:30:00,DAL,매도,5,78.8406,-29.34,-6.937,79569.5,K몫 제외(주식층 비중 0)
2026-09-04 09:30:00,DASH,매도,1,221.3893,-12.42,-5.32,79790.73,K몫 제외(주식층 비중 0)
2026-09-04 09:30:00,EOG,매도,3,144.9275,1.95,0.45,80225.2,K몫 제외(주식층 비중 0)
2026-09-04 09:30:00,FTNT,매도,59,153.923,-228.83,-2.461,89300.02,K몫 제외(주식층 비중 0)
2026-09-04 09:30:00,GOOGL,매도,1,342.4037,-4.88,-1.408,89642.18,K몫 제외(주식층 비중 0)
2026-09-04 09:30:00,INCY,매도,3,126.3968,-9.09,-2.345,90021.09,K몫 제외(주식층 비중 0)
2026-09-04 09:30:00,KO,매도,11,88.5407,-42.29,-4.167,90994.33,K몫 제외(주식층 비중 0)
2026-09-04 09:30:00,MNST,매도,23,43.7581,-116.43,-10.383,92000.03,K몫 제외(주식층 비중 0)
2026-09-04 09:30:00,MRVL,매도,161,211.6641,1000.1,3.028,126053.08,로테이션 제외(모멘텀 순위 밖 또는 국면 0)
2026-09-04 09:30:00,MSFT,매도,11,509.745,37.8,0.68,131656.18,K몫 제외(주식층 비중 0)
2026-09-04 09:30:00,NOW,매도,44,143.2433,197.67,3.243,137954.28,K몫 제외(주식층 비중 0)
2026-09-04 09:30:00,PGR,매도,2,221.6091,-1.84,-0.414,138397.18,K몫 제외(주식층 비중 0)
2026-09-04 09:30:00,RL,매도,1,340.6996,-24.23,-6.648,138737.63,K몫 제외(주식층 비중 0)
2026-09-04 09:30:00,RTX,매도,3,200.6696,-30.39,-4.812,139339.2,K몫 제외(주식층 비중 0)
2026-09-04 09:30:00,SHIP,매도,12,18.7806,8.94,4.138,139564.4,K몫 제외(주식층 비중 0)
2026-09-04 09:30:00,SHOP,매도,48,144.4827,-504.89,-6.795,146494.51,K몫 제외(주식층 비중 0)
2026-09-04 09:30:00,SLB,매도,7,56.9715,30.22,8.211,146893.02,K몫 제외(주식층 비중 0)
2026-09-04 09:30:00,SNDK,매도,22,1584.7972,2803.89,8.758,181733.1,로테이션 제외(모멘텀 순위 밖 또는 국면 0)
2026-09-04 09:30:00,TGT,매도,3,163.5382,-1.36,-0.276,182223.36,K몫 제외(주식층 비중 0)
2026-09-04 09:30:00,UNH,매도,2,396.8515,-0.49,-0.062,183016.48,K몫 제외(주식층 비중 0)
2026-09-04 09:30:00,UNP,매도,3,286.9764,-67.0,-7.23,183876.79,K몫 제외(주식층 비중 0)
2026-09-04 09:30:00,USB,매도,19,63.2184,12.3,1.036,185077.06,K몫 제외(주식층 비중 0)
2026-09-14 09:30:00,AAPL,매수,23,334.9974,,,177366.72,K몫 매수: 주식층 비중 3.5%
2026-09-14 09:30:00,AMD,매수,15,486.3731,,,170066.02,K몫 매수: 주식층 비중 3.3%
2026-09-14 09:30:00,AMGN,매수,2,383.1395,,,169299.21,K몫 매수: 주식층 비중 0.4%
2026-09-14 09:30:00,AMZN,매수,1,253.5017,,,169045.53,K몫 매수: 주식층 비중 0.2%
2026-09-14 09:30:00,AVGO,매수,23,349.6347,,,160998.3,K몫 매수: 주식층 비중 3.6%
2026-09-14 09:30:00,BKNG,매수,2,176.1981,,,160645.66,K몫 매수: 주식층 비중 0.2%
2026-09-14 09:30:00,BTSG,매수,5,57.939,,,160355.76,K몫 매수: 주식층 비중 0.1%
2026-09-14 09:30:00,CRDO,매수,52,153.7678,,,152354.23,K몫 매수: 주식층 비중 3.6%
2026-09-14 09:30:00,CRM,매수,20,255.8779,,,147233.09,K몫 매수: 주식층 비중 2.3%
2026-09-14 09:30:00,CROX,매수,4,111.8559,,,146785.36,K몫 매수: 주식층 비중 0.2%
2026-09-14 09:30:00,CRWD,매수,38,219.1095,,,138453.37,K몫 매수: 주식층 비중 3.8%
2026-09-14 09:30:00,DAL,매수,12,77.5988,,,137521.53,K몫 매수: 주식층 비중 0.4%
2026-09-14 09:30:00,DASH,매수,2,200.4702,,,137120.31,K몫 매수: 주식층 비중 0.2%
2026-09-14 09:30:00,DDOG,매수,24,225.0675,,,131714.91,K몫 매수: 주식층 비중 2.5%
2026-09-14 09:30:00,DHI,매수,5,136.8184,,,131030.34,K몫 매수: 주식층 비중 0.3%
2026-09-14 09:30:00,EOG,매수,6,149.0945,,,130135.14,K몫 매수: 주식층 비중 0.4%
2026-09-14 09:30:00,FTNT,매수,56,162.7213,,,121016.37,K몫 매수: 주식층 비중 4.2%
2026-09-14 09:30:00,GOOGL,매수,2,343.3716,,,120329.15,K몫 매수: 주식층 비중 0.3%
2026-09-14 09:30:00,INCY,매수,5,122.5412,,,119716.01,K몫 매수: 주식층 비중 0.3%
2026-09-14 09:30:00,INTC,매수,96,95.7679,,,110515.86,K몫 매수: 주식층 비중 4.2%
2026-09-14 09:30:00,JPM,매수,6,354.4071,,,108387.93,K몫 매수: 주식층 비중 1.1%
2026-09-14 09:30:00,KO,매수,21,90.045,,,106495.66,K몫 매수: 주식층 비중 0.9%
2026-09-14 09:30:00,LRCX,매수,34,274.9674,,,97140.23,K몫 매수: 주식층 비중 4.3%
2026-09-14 09:30:00,MNST,매수,37,43.5338,,,95528.35,K몫 매수: 주식층 비중 0.7%
2026-09-14 09:30:00,MRVL,매수,154,216.15,,,62217.95,로테이션 매수: 126일 모멘텀 상위 2
2026-09-14 09:30:00,MSFT,매수,12,497.7487,,,56240.78,K몫 매수: 주식층 비중 2.8%
2026-09-14 09:30:00,MU,매수,10,907.2034,,,47162.39,K몫 매수: 주식층 비중 4.5%
2026-09-14 09:30:00,NOW,매수,73,140.07,,,36930.13,K몫 매수: 주식층 비중 4.6%
2026-09-14 09:30:00,NVDA,매수,31,211.1855,,,30378.79,K몫 매수: 주식층 비중 3.0%
2026-09-14 09:30:00,PGR,매수,3,219.8098,,,29718.9,K몫 매수: 주식층 비중 0.4%
2026-09-16 09:30:00,BKNG,매도,2,171.2543,-10.38,-2.947,30061.16,K몫 제외(주식층 비중 0)
2026-09-16 09:30:00,RL,매수,2,338.9894,,,29382.71,K몫 매수: 주식층 비중 0.4%
2026-09-17 09:30:00,DHI,매도,5,141.4892,22.36,3.268,30089.64,K몫 제외(주식층 비중 0)
2026-09-17 09:30:00,EOG,매도,6,143.7981,-33.03,-3.693,30951.79,K몫 제외(주식층 비중 0)
2026-09-17 09:30:00,RTX,매수,6,197.5987,,,29765.37,K몫 매수: 주식층 비중 0.5%
2026-09-17 09:30:00,SHIP,매수,20,18.7394,,,29390.32,K몫 매수: 주식층 비중 0.2%
2026-09-23 09:30:00,AVGO,매도,23,362.0189,273.13,3.396,37710.68,K몫 제외(주식층 비중 0)
2026-09-23 09:30:00,JPM,매도,6,337.4412,-104.76,-4.927,39733.85,K몫 제외(주식층 비중 0)
2026-09-23 09:30:00,ROST,매수,4,233.5467,,,38799.01,K몫 매수: 주식층 비중 0.4%
2026-09-23 09:30:00,SHOP,매수,76,146.6933,,,27642.51,K몫 매수: 주식층 비중 4.6%
2026-09-24 09:30:00,AAPL,매도,23,336.1518,15.51,0.201,35368.36,K몫 제외(주식층 비중 0)
2026-09-24 09:30:00,AMD,매도,15,600.4546,1699.54,23.295,44368.61,K몫 제외(주식층 비중 0)
2026-09-24 09:30:00,AMGN,매도,2,405.747,44.09,5.753,45179.51,K몫 제외(주식층 비중 0)
2026-09-24 09:30:00,AMZN,매도,1,245.847,-8.01,-3.16,45425.17,K몫 제외(주식층 비중 0)
2026-09-24 09:30:00,BTSG,매도,5,55.5122,-12.54,-4.328,45702.53,K몫 제외(주식층 비중 0)
2026-09-24 09:30:00,CRDO,매도,52,188.9655,1817.51,22.73,55521.56,K몫 제외(주식층 비중 0)
2026-09-24 09:30:00,CRM,매도,20,240.5197,-314.26,-6.141,60328.45,K몫 제외(주식층 비중 0)
2026-09-24 09:30:00,CROX,매도,4,123.1184,44.38,9.918,60820.56,K몫 제외(주식층 비중 0)
2026-09-24 09:30:00,CRWD,매도,38,261.6441,1603.23,19.255,70755.78,K몫 제외(주식층 비중 0)
2026-09-24 09:30:00,DAL,매도,12,80.9595,38.97,4.185,71726.58,K몫 제외(주식층 비중 0)
2026-09-24 09:30:00,DASH,매도,2,188.9055,-23.69,-5.908,72104.12,K몫 제외(주식층 비중 0)
2026-09-24 09:30:00,DDOG,매도,24,249.775,584.82,10.827,78094.34,K몫 제외(주식층 비중 0)
2026-09-24 09:30:00,FTNT,매도,56,178.4158,865.22,9.495,88078.33,K몫 제외(주식층 비중 0)
2026-09-24 09:30:00,GOOGL,매도,2,336.0669,-15.58,-2.269,88749.98,K몫 제외(주식층 비중 0)
2026-09-24 09:30:00,INCY,매도,5,124.7276,10.05,1.64,89373.16,K몫 제외(주식층 비중 0)
2026-09-24 09:30:00,INTC,매도,96,120.5497,2364.17,25.715,100937.48,K몫 제외(주식층 비중 0)
2026-09-24 09:30:00,KO,매도,21,88.7756,-29.34,-1.552,102800.41,K몫 제외(주식층 비중 0)
2026-09-24 09:30:00,LRCX,매도,34,301.5042,888.22,9.501,113044.07,K몫 제외(주식층 비중 0)
2026-09-24 09:30:00,MNST,매도,37,43.7381,5.25,0.326,114661.19,K몫 제외(주식층 비중 0)
2026-09-24 09:30:00,MRVL,매도,154,253.873,5757.5,17.296,153729.1,로테이션 제외(모멘텀 순위 밖 또는 국면 0)
2026-09-24 09:30:00,MSFT,매도,12,495.1423,-39.8,-0.666,159666.47,K몫 제외(주식층 비중 0)
2026-09-24 09:30:00,MU,매도,10,1049.2251,1406.21,15.5,170151.06,K몫 제외(주식층 비중 0)
2026-09-24 09:30:00,NOW,매도,73,139.83,-32.13,-0.314,180351.2,K몫 제외(주식층 비중 0)
2026-09-24 09:30:00,NVDA,매도,31,222.0049,325.79,4.976,187228.33,K몫 제외(주식층 비중 0)
2026-09-24 09:30:00,PGR,매도,3,204.1878,-47.77,-7.245,187840.45,K몫 제외(주식층 비중 0)
2026-09-24 09:30:00,RL,매도,2,339.6901,0.43,0.064,188519.33,K몫 제외(주식층 비중 0)
2026-09-24 09:30:00,ROST,매도,4,234.2428,1.45,0.155,189455.62,K몫 제외(주식층 비중 0)
2026-09-24 09:30:00,RTX,매도,6,191.824,-36.32,-3.063,190605.72,K몫 제외(주식층 비중 0)
2026-09-24 09:30:00,SHIP,매도,20,17.4913,-25.48,-6.799,190955.29,K몫 제외(주식층 비중 0)
2026-09-24 09:30:00,SHOP,매도,76,140.7696,-465.82,-4.178,201645.97,K몫 제외(주식층 비중 0)
