날짜,자산($),현금($),당일실현($),누적실현($),누적수수료($),누적이자($),국면노출,보유종목
2023-11-03,10000.0,10000.0,0.0,0.0,0.0,0.0,0.0,
2023-11-06,10000.0,10000.0,0.0,0.0,0.0,0.0,0.0,
2023-11-07,10000.0,10000.0,0.0,0.0,0.0,0.0,0.0,
2023-11-08,10000.0,10000.0,0.0,0.0,0.0,0.0,0.0,
2023-11-09,10000.0,10000.0,0.0,0.0,0.0,0.0,0.0,
2023-11-10,10000.0,10000.0,0.0,0.0,0.0,0.0,0.0,
2023-11-13,10000.0,10000.0,0.0,0.0,0.0,0.0,0.0,
2023-11-14,10000.0,10000.0,0.0,0.0,0.0,0.0,0.0,
2023-11-15,10000.0,10000.0,0.0,0.0,0.0,0.0,0.0,
2023-11-16,10000.0,10000.0,0.0,0.0,0.0,0.0,0.0,
2023-11-17,10000.0,10000.0,0.0,0.0,0.0,0.0,0.0,
2023-11-20,10152.02,3513.4,0.0,0.0,4.54,0.0,1.0,"CRDO:183,INTC:74"
2023-11-21,10108.06,3762.15,79.51,79.51,13.75,0.0,1.0,"CRWD:41,DASH:23,MDB:5"
2023-11-22,10128.95,3762.15,0.0,79.51,13.75,0.0,1.0,"CRWD:41,DASH:23,MDB:5"
2023-11-24,10052.06,242.78,-8.49,71.02,25.24,0.0,1.0,"CRDO:176,INTC:75,NVDA:67"
2023-11-27,10185.95,170.52,-52.73,18.29,29.86,0.0,1.0,"CRDO:176,INTC:75,SHIP:495"
2023-11-28,10141.46,739.77,81.65,99.94,34.3,0.0,1.0,"INTC:75,MDB:7,SHIP:495"
2023-11-29,10429.11,5102.57,125.17,225.11,40.13,0.0,1.0,"DASH:7,LLY:2,SHIP:495"
2023-11-30,10592.87,4721.63,-4.36,220.75,42.09,0.0,1.0,"CRWD:27,DASH:7,SHIP:495"
2023-12-01,10683.43,2848.97,-15.25,205.5,44.33,0.0,1.0,"CRWD:27,MDB:6,SHIP:495"
2023-12-04,10512.26,3721.36,386.27,591.78,52.55,0.0,1.0,"CRWD:27,INTC:65,PANW:17"
2023-12-05,10548.37,3721.36,0.0,591.78,52.55,0.0,1.0,"CRWD:27,INTC:65,PANW:17"
2023-12-06,10634.99,3589.73,4.1,595.88,56.21,0.0,1.0,"CRWD:27,INTC:65,SHIP:384"
2023-12-07,10682.42,4074.29,-107.47,488.41,59.75,0.0,1.0,"CRWD:27,DASH:23,SHIP:384"
2023-12-08,10722.24,4074.29,0.0,488.41,59.75,0.0,1.0,"CRWD:27,DASH:23,SHIP:384"
2023-12-11,10777.45,4074.29,0.0,488.41,59.75,0.0,1.0,"CRWD:27,DASH:23,SHIP:384"
2023-12-12,10782.36,4074.29,0.0,488.41,59.75,0.0,1.0,"CRWD:27,DASH:23,SHIP:384"
2023-12-13,10818.3,4074.29,0.0,488.41,59.75,0.0,1.0,"CRWD:27,DASH:23,SHIP:384"
2023-12-14,10998.15,2873.19,106.01,594.42,63.93,0.0,1.0,"CRWD:27,DAVE:468,SHIP:384"
2023-12-15,11201.16,24.53,0.0,594.42,65.92,0.0,1.0,"AAPL:1,AMD:1,AVGO:2,CDNS:1,CRDO:17,CRM:1,CRWD:27,DAVE:468,DDOG:3,GOOGL:2,INTC:9,LRCX:5,SHIP:384"
2023-12-18,11301.85,24.53,0.0,594.42,65.92,0.0,1.0,"AAPL:1,AMD:1,AVGO:2,CDNS:1,CRDO:17,CRM:1,CRWD:27,DAVE:468,DDOG:3,GOOGL:2,INTC:9,LRCX:5,SHIP:384"
2023-12-19,11356.33,24.53,0.0,594.42,65.92,0.0,1.0,"AAPL:1,AMD:1,AVGO:2,CDNS:1,CRDO:17,CRM:1,CRWD:27,DAVE:468,DDOG:3,GOOGL:2,INTC:9,LRCX:5,SHIP:384"
2023-12-20,11236.69,2.86,2.73,597.15,68.07,0.0,1.0,"AAPL:1,CDNS:1,CRM:1,CRWD:27,DAVE:468,DDOG:3,GOOGL:2,META:1,MSFT:1,NET:6,NOW:2,SHIP:384"
2023-12-21,11222.16,2.86,0.0,597.15,68.07,0.0,1.0,"AAPL:1,CDNS:1,CRM:1,CRWD:27,DAVE:468,DDOG:3,GOOGL:2,META:1,MSFT:1,NET:6,NOW:2,SHIP:384"
2023-12-22,11302.05,2.86,0.0,597.15,68.07,0.0,1.0,"AAPL:1,CDNS:1,CRM:1,CRWD:27,DAVE:468,DDOG:3,GOOGL:2,META:1,MSFT:1,NET:6,NOW:2,SHIP:384"
2023-12-26,11347.61,2.86,0.0,597.15,68.07,0.0,1.0,"AAPL:1,CDNS:1,CRM:1,CRWD:27,DAVE:468,DDOG:3,GOOGL:2,META:1,MSFT:1,NET:6,NOW:2,SHIP:384"
2023-12-27,11576.91,2.86,0.0,597.15,68.07,0.0,1.0,"AAPL:1,CDNS:1,CRM:1,CRWD:27,DAVE:468,DDOG:3,GOOGL:2,META:1,MSFT:1,NET:6,NOW:2,SHIP:384"
2023-12-28,11690.18,2.86,0.0,597.15,68.07,0.0,1.0,"AAPL:1,CDNS:1,CRM:1,CRWD:27,DAVE:468,DDOG:3,GOOGL:2,META:1,MSFT:1,NET:6,NOW:2,SHIP:384"
2023-12-29,11544.91,2.86,0.0,597.15,68.07,0.0,1.0,"AAPL:1,CDNS:1,CRM:1,CRWD:27,DAVE:468,DDOG:3,GOOGL:2,META:1,MSFT:1,NET:6,NOW:2,SHIP:384"
2024-01-02,11429.78,2.86,0.0,597.15,68.07,0.0,1.0,"AAPL:1,CDNS:1,CRM:1,CRWD:27,DAVE:468,DDOG:3,GOOGL:2,META:1,MSFT:1,NET:6,NOW:2,SHIP:384"
2024-01-03,11348.2,15.44,-13.55,583.61,68.33,0.0,1.0,"AMD:1,CDNS:1,CRDO:2,CRM:1,CRWD:27,DAVE:468,DDOG:3,GOOGL:2,META:1,MSFT:1,NET:6,NOW:2,SHIP:384"
2024-01-04,11315.89,15.44,0.0,583.61,68.33,0.0,1.0,"AMD:1,CDNS:1,CRDO:2,CRM:1,CRWD:27,DAVE:468,DDOG:3,GOOGL:2,META:1,MSFT:1,NET:6,NOW:2,SHIP:384"
2024-01-05,11328.14,15.44,0.0,583.61,68.33,0.0,1.0,"AMD:1,CDNS:1,CRDO:2,CRM:1,CRWD:27,DAVE:468,DDOG:3,GOOGL:2,META:1,MSFT:1,NET:6,NOW:2,SHIP:384"
2024-01-08,11593.43,15.44,0.0,583.61,68.33,0.0,1.0,"AMD:1,CDNS:1,CRDO:2,CRM:1,CRWD:27,DAVE:468,DDOG:3,GOOGL:2,META:1,MSFT:1,NET:6,NOW:2,SHIP:384"
2024-01-09,11576.13,15.44,0.0,583.61,68.33,0.0,1.0,"AMD:1,CDNS:1,CRDO:2,CRM:1,CRWD:27,DAVE:468,DDOG:3,GOOGL:2,META:1,MSFT:1,NET:6,NOW:2,SHIP:384"
2024-01-10,12185.9,15.44,0.0,583.61,68.33,0.0,1.0,"AMD:1,CDNS:1,CRDO:2,CRM:1,CRWD:27,DAVE:468,DDOG:3,GOOGL:2,META:1,MSFT:1,NET:6,NOW:2,SHIP:384"
2024-01-11,12142.13,0.29,1010.41,1594.02,74.84,0.0,1.0,"AMD:1,CDNS:1,CRDO:2,CRM:1,CRWD:27,DDOG:3,GOOGL:2,INTC:4,LRCX:3,MDB:4,META:1,MRVL:4,MSFT:1,MU:3,NET:6,NOW:2,NVDA:33,PANW:1,SHIP:384,VZ:1,WDC:1"
2024-01-12,12276.64,0.29,0.0,1594.02,74.84,0.0,1.0,"AMD:1,CDNS:1,CRDO:2,CRM:1,CRWD:27,DDOG:3,GOOGL:2,INTC:4,LRCX:3,MDB:4,META:1,MRVL:4,MSFT:1,MU:3,NET:6,NOW:2,NVDA:33,PANW:1,SHIP:384,VZ:1,WDC:1"
2024-01-16,12399.95,0.29,0.0,1594.02,74.84,0.0,1.0,"AMD:1,CDNS:1,CRDO:2,CRM:1,CRWD:27,DDOG:3,GOOGL:2,INTC:4,LRCX:3,MDB:4,META:1,MRVL:4,MSFT:1,MU:3,NET:6,NOW:2,NVDA:33,PANW:1,SHIP:384,VZ:1,WDC:1"
2024-01-17,12261.18,0.29,0.0,1594.02,74.84,0.0,1.0,"AMD:1,CDNS:1,CRDO:2,CRM:1,CRWD:27,DDOG:3,GOOGL:2,INTC:4,LRCX:3,MDB:4,META:1,MRVL:4,MSFT:1,MU:3,NET:6,NOW:2,NVDA:33,PANW:1,SHIP:384,VZ:1,WDC:1"
2024-01-18,12674.39,0.29,0.0,1594.02,74.84,0.0,1.0,"AMD:1,CDNS:1,CRDO:2,CRM:1,CRWD:27,DDOG:3,GOOGL:2,INTC:4,LRCX:3,MDB:4,META:1,MRVL:4,MSFT:1,MU:3,NET:6,NOW:2,NVDA:33,PANW:1,SHIP:384,VZ:1,WDC:1"
2024-01-19,12877.74,0.29,0.0,1594.02,74.84,0.0,1.0,"AMD:1,CDNS:1,CRDO:2,CRM:1,CRWD:27,DDOG:3,GOOGL:2,INTC:4,LRCX:3,MDB:4,META:1,MRVL:4,MSFT:1,MU:3,NET:6,NOW:2,NVDA:33,PANW:1,SHIP:384,VZ:1,WDC:1"
2024-01-22,12983.82,2.68,0.25,1594.27,74.89,0.0,1.0,"AMD:1,CDNS:1,CRDO:2,CRM:1,CRWD:27,DAVE:3,DDOG:3,GOOGL:2,INTC:4,LRCX:3,MDB:4,META:1,MRVL:4,MSFT:1,MU:3,NET:6,NOW:2,NVDA:33,PANW:1,SHIP:384,WDC:1"
2024-01-23,12913.78,552.34,42.54,1636.81,75.29,0.0,1.0,"AMD:1,CDNS:1,CRDO:2,CRM:1,CRWD:27,DAVE:3,DDOG:3,GOOGL:2,INTC:4,MDB:4,META:1,MRVL:4,MSFT:1,MU:3,NET:6,NVDA:33,PANW:1,SHIP:384,WDC:1"
2024-01-24,13011.48,9874.88,806.92,2443.73,82.38,0.0,1.0,"CRWD:27,DAVE:3,FTNT:3,GOOGL:2,META:1,PANW:1"
2024-01-25,13057.57,10855.22,532.08,2975.82,85.25,0.0,1.0,"AMGN:1,GOOGL:2,KO:4,LLY:1,META:1,MNST:12"
2024-01-26,12973.49,5083.3,0.0,2975.82,89.29,0.0,1.0,"AMGN:1,CRWD:18,DAVE:69,DDOG:11,FTNT:3,GOOGL:2,KO:4,LLY:1,META:1,MNST:12,NET:4,NOW:1,ORCL:2,PANW:1,SHOP:4,WDC:7,STX:3"
2024-01-29,13011.36,11079.71,-39.73,2936.09,93.67,0.0,1.0,"AMGN:1,KO:4,LLY:1,META:1,MNST:12"
2024-01-30,12947.82,6160.84,0.0,2936.09,97.11,0.0,1.0,"AMGN:1,CRWD:12,DASH:6,DAVE:42,DDOG:1,FTNT:3,KO:4,LLY:1,META:1,MNST:12,NET:4,ORCL:2,PANW:6,WDC:7,STX:4"
2024-01-31,12814.06,6550.39,40.12,2976.21,97.4,0.0,1.0,"AMGN:1,CRWD:12,DASH:6,DAVE:42,DDOG:1,FTNT:3,KO:4,LLY:1,MNST:12,NET:4,ORCL:2,PANW:6,WDC:7,STX:4"
2024-02-01,12936.47,3963.95,-45.76,2930.45,101.09,0.0,1.0,"AMGN:1,AVGO:1,CRDO:63,CRWD:12,DASH:6,DAVE:42,FTNT:3,GOOGL:1,KO:4,LLY:1,LRCX:2,MNST:12,MRVL:3,MU:3,NOW:1,NVDA:20,PANW:6,SHOP:4"
2024-02-02,13337.63,3963.95,0.0,2930.45,101.09,0.0,1.0,"AMGN:1,AVGO:1,CRDO:63,CRWD:12,DASH:6,DAVE:42,FTNT:3,GOOGL:1,KO:4,LLY:1,LRCX:2,MNST:12,MRVL:3,MU:3,NOW:1,NVDA:20,PANW:6,SHOP:4"
2024-02-05,13343.36,3773.89,70.15,3000.6,102.95,0.0,1.0,"AVGO:1,CRDO:63,CRWD:12,DASH:6,DAVE:42,DDOG:1,GOOGL:1,KO:4,LRCX:2,MNST:12,MRVL:3,MU:3,NET:4,NOW:1,NVDA:20,ORCL:2,PANW:6,SHOP:4,WDC:8,STX:4"
2024-02-06,13358.26,5724.07,10.36,3010.97,104.37,0.0,1.0,"AVGO:1,CRDO:63,DASH:6,DAVE:42,DDOG:1,GOOGL:1,KO:4,LRCX:2,MNST:12,MRVL:3,MU:3,NET:4,NOW:1,NVDA:20,ORCL:2,SHOP:4,WDC:8,STX:4"
2024-02-07,13434.27,6057.06,5.52,3016.48,104.62,0.0,1.0,"AVGO:1,CRDO:63,DASH:6,DAVE:42,DDOG:1,GOOGL:1,KO:4,LRCX:2,MNST:12,MRVL:3,MU:3,NOW:1,NVDA:20,ORCL:2,SHOP:4,WDC:8,STX:4"
2024-02-08,13428.2,6030.91,-4.84,3011.65,106.97,0.0,1.0,"AVGO:1,CRDO:63,CRWD:16,DASH:6,DAVE:42,FTNT:3,GOOGL:1,LRCX:2,MRVL:3,MU:3,NOW:1,NVDA:20,PANW:1,SHOP:4"
2024-02-09,13645.54,6030.91,0.0,3011.65,106.97,0.0,1.0,"AVGO:1,CRDO:63,CRWD:16,DASH:6,DAVE:42,FTNT:3,GOOGL:1,LRCX:2,MRVL:3,MU:3,NOW:1,NVDA:20,PANW:1,SHOP:4"
2024-02-12,13604.28,6558.68,57.91,3069.55,107.36,0.0,1.0,"AVGO:1,CRDO:63,CRWD:16,DASH:6,DAVE:42,FTNT:3,GOOGL:1,LRCX:2,MRVL:3,MU:3,NVDA:20,PANW:1"
2024-02-13,13541.37,6558.68,0.0,3069.55,107.36,0.0,1.0,"AVGO:1,CRDO:63,CRWD:16,DASH:6,DAVE:42,FTNT:3,GOOGL:1,LRCX:2,MRVL:3,MU:3,NVDA:20,PANW:1"
2024-02-14,13733.13,5487.39,59.64,3129.2,109.13,0.0,1.0,"AVGO:1,CRDO:63,CRWD:16,DAVE:42,DDOG:1,FTNT:3,GOOGL:1,LRCX:2,MRVL:3,MU:3,NET:3,NOW:2,NVDA:20,ORCL:3,PANW:1,WDC:8,STX:4"
2024-02-15,13712.23,5205.58,0.0,3129.2,109.33,0.0,1.0,"AVGO:1,CRDO:63,CRWD:16,DAVE:42,DDOG:1,FTNT:3,GOOGL:1,LRCX:2,MRVL:3,MU:3,NET:3,NOW:2,NVDA:20,ORCL:3,PANW:1,VZ:7,WDC:8,STX:4"
2024-02-16,13768.26,5205.58,0.0,3129.2,109.33,0.0,1.0,"AVGO:1,CRDO:63,CRWD:16,DAVE:42,DDOG:1,FTNT:3,GOOGL:1,LRCX:2,MRVL:3,MU:3,NET:3,NOW:2,NVDA:20,ORCL:3,PANW:1,VZ:7,WDC:8,STX:4"
2024-02-20,13538.59,6873.29,178.48,3307.67,112.57,0.0,1.0,"AVGO:1,CRDO:63,DAVE:42,DDOG:1,GOOGL:1,LRCX:2,META:3,MRVL:3,MU:3,NET:3,NOW:2,ORCL:3,VZ:7,WDC:8,STX:4"
2024-02-21,13432.07,8197.76,16.79,3324.47,114.59,0.0,1.0,"DAVE:42,DDOG:1,GOOGL:1,LLY:1,META:3,NET:3,NOW:2,ORCL:3,VZ:7,WDC:8,STX:4"
2024-02-22,13591.65,5715.03,0.0,3324.47,116.33,0.0,1.0,"CRWD:17,DAVE:42,DDOG:1,FTNT:4,GOOGL:1,LLY:1,META:3,NET:3,NOW:2,ORCL:3,RL:5,VZ:7,WDC:8,STX:4"
2024-02-23,13507.6,908.74,0.0,3324.47,119.69,0.0,1.0,"AMD:1,AVGO:1,CRDO:74,CRWD:17,DAVE:42,DDOG:1,FTNT:4,GOOGL:1,LLY:1,LRCX:3,META:3,MRVL:5,MU:4,NET:3,NOW:2,NVDA:22,ORCL:3,RL:5,VZ:7,WDC:8,STX:4"
2024-02-26,13559.27,2556.18,-85.51,3238.96,120.9,0.0,1.0,"AMD:1,AVGO:1,CRWD:17,DAVE:42,DDOG:1,FTNT:4,GOOGL:1,LLY:1,LRCX:3,META:3,MRVL:5,MU:4,NET:3,NOW:2,NVDA:22,ORCL:3,RL:5,VZ:7,WDC:8,STX:4"
2024-02-27,13646.0,5600.4,-29.12,3209.84,123.12,0.0,1.0,"CRWD:17,DAVE:42,DDOG:1,FTNT:4,GOOGL:1,LLY:1,META:3,NET:3,NOW:2,ORCL:3,RL:5,VZ:7,WDC:8,STX:4"
2024-02-28,13663.41,5199.79,-9.45,3200.39,123.84,0.0,1.0,"CRWD:17,DAVE:42,DDOG:1,FTNT:4,GOOGL:1,LLY:1,META:3,NET:3,ORCL:3,RL:5,SHIP:87,VZ:7,WDC:8,STX:4"
2024-02-29,13745.5,1746.11,0.0,3200.39,126.25,0.0,1.0,"AMD:1,AVGO:1,CRDO:10,CRWD:17,DAVE:42,DDOG:1,FTNT:4,GOOGL:1,INTC:8,LLY:1,LRCX:3,META:3,MRVL:5,MU:4,NET:3,NVDA:20,ORCL:3,RL:5,SHIP:87,VZ:7,WDC:8,STX:4"
2024-03-01,13858.07,1436.93,0.0,3200.39,126.47,0.0,1.0,"AMD:1,AVGO:1,CRDO:10,CRWD:17,DAVE:42,DDOG:1,FTNT:4,GOOGL:1,INTC:8,LLY:1,LRCX:3,META:3,MRVL:5,MU:4,NET:3,NOW:2,NVDA:20,ORCL:3,RL:5,SHIP:87,VZ:7,WDC:8,STX:4"
2024-03-04,13862.09,3667.36,16.02,3216.41,128.1,0.0,1.0,"AMD:1,AVGO:1,CRDO:10,DAVE:42,DDOG:1,FTNT:4,GOOGL:1,INTC:8,LLY:1,LRCX:3,META:3,MRVL:5,MU:4,NET:3,NOW:2,NVDA:20,ORCL:3,SHIP:87,VZ:7,WDC:8,STX:4"
2024-03-05,13974.06,8311.36,504.73,3721.15,131.74,0.0,1.0,"AAPL:1,AMD:1,AVGO:1,CRDO:10,DDOG:1,INTC:8,LRCX:3,MRVL:5,MU:4,NET:3,NOW:2,NVDA:20,ORCL:3,WDC:8,STX:4"
2024-03-06,14076.11,8852.69,65.56,3786.71,132.13,0.0,1.0,"AAPL:1,AMD:1,CRDO:10,DDOG:1,INTC:8,LRCX:3,MU:4,NET:3,NOW:2,NVDA:20,ORCL:3,WDC:8,STX:4"
2024-03-07,14148.49,12592.59,360.53,4147.24,136.65,0.0,1.0,"CDNS:1,CRM:1,FTNT:3,MSFT:1,NOW:2"
2024-03-08,14129.92,12592.59,0.0,4147.24,136.65,0.0,1.0,"CDNS:1,CRM:1,FTNT:3,MSFT:1,NOW:2"
2024-03-11,14044.71,7261.71,0.0,4147.24,140.37,0.0,1.0,"AMD:5,AVGO:8,CDNS:1,CRDO:17,CRM:1,FTNT:3,INTC:8,LRCX:12,MSFT:1,MU:3,NOW:2,NVDA:13"
2024-03-12,14315.44,4543.18,0.0,4147.24,142.28,0.0,1.0,"AMD:5,AVGO:8,CDNS:1,CRDO:17,CRM:1,DASH:7,DAVE:27,FTNT:3,INTC:8,LRCX:12,MSFT:1,MU:3,NOW:2,NVDA:13,SHIP:112"
2024-03-13,14204.33,1030.65,0.0,4147.24,144.73,0.0,1.0,"AMD:5,AVGO:8,CDNS:1,CRDO:17,CRM:1,DASH:7,DAVE:27,DDOG:3,FTNT:3,INTC:8,LRCX:12,MDB:1,META:3,MSFT:1,MU:3,NET:3,NOW:2,NVDA:13,ORCL:2,SHIP:112,WDC:8,STX:4"
2024-03-14,14090.43,2050.83,96.2,4243.43,145.48,0.0,1.0,"AMD:5,AVGO:8,CDNS:1,CRDO:17,CRM:1,DASH:7,DAVE:27,DDOG:3,FTNT:3,INTC:8,LRCX:12,MDB:1,META:3,MSFT:1,MU:3,NET:3,NOW:2,NVDA:13,ORCL:2,WDC:8,STX:4"
2024-03-15,13918.6,2050.83,0.0,4243.43,145.48,0.0,1.0,"AMD:5,AVGO:8,CDNS:1,CRDO:17,CRM:1,DASH:7,DAVE:27,DDOG:3,FTNT:3,INTC:8,LRCX:12,MDB:1,META:3,MSFT:1,MU:3,NET:3,NOW:2,NVDA:13,ORCL:2,WDC:8,STX:4"
2024-03-18,14043.72,567.76,0.0,4243.43,146.52,0.0,1.0,"AMD:5,AVGO:8,CDNS:1,CRDO:17,CRM:1,DASH:7,DAVE:27,DDOG:3,FTNT:3,INTC:8,LRCX:12,MDB:1,META:3,MSFT:1,MU:3,NET:3,NOW:2,NVDA:13,ORCL:2,SHIP:167,WDC:8,STX:4"
2024-03-19,14041.87,849.44,-6.66,4236.77,146.72,0.0,1.0,"AMD:5,AVGO:8,CDNS:1,CRDO:17,CRM:1,DASH:7,DAVE:27,DDOG:3,FTNT:3,INTC:8,LRCX:12,MDB:1,META:3,MSFT:1,NET:3,NOW:2,NVDA:13,ORCL:2,SHIP:167,WDC:8,STX:4"
2024-03-20,14204.79,4935.6,-187.1,4049.67,150.81,0.0,1.0,"CDNS:1,CRM:1,DASH:7,DAVE:27,DDOG:3,FTNT:3,GOOGL:2,MDB:1,META:3,MSFT:1,NET:3,NOW:2,ORCL:2,SHIP:167,SHOP:3,VZ:6,WDC:8,STX:4"
2024-03-21,14330.5,4935.6,0.0,4049.67,150.81,0.0,1.0,"CDNS:1,CRM:1,DASH:7,DAVE:27,DDOG:3,FTNT:3,GOOGL:2,MDB:1,META:3,MSFT:1,NET:3,NOW:2,ORCL:2,SHIP:167,SHOP:3,VZ:6,WDC:8,STX:4"
2024-03-22,14504.34,1304.07,0.0,4049.67,153.35,0.0,1.0,"AMD:2,AVGO:2,CDNS:1,CRDO:17,CRM:1,DASH:7,DAVE:27,DDOG:3,FTNT:3,GOOGL:2,INTC:5,LRCX:2,MDB:1,META:3,MSFT:1,MU:2,NET:3,NOW:2,NVDA:22,ORCL:2,SHIP:167,SHOP:3,VZ:6,WDC:8,STX:4"
2024-03-25,14432.18,1304.07,0.0,4049.67,153.35,0.0,1.0,"AMD:2,AVGO:2,CDNS:1,CRDO:17,CRM:1,DASH:7,DAVE:27,DDOG:3,FTNT:3,GOOGL:2,INTC:5,LRCX:2,MDB:1,META:3,MSFT:1,MU:2,NET:3,NOW:2,NVDA:22,ORCL:2,SHIP:167,SHOP:3,VZ:6,WDC:8,STX:4"
2024-03-26,14376.0,1304.07,0.0,4049.67,153.35,0.0,1.0,"AMD:2,AVGO:2,CDNS:1,CRDO:17,CRM:1,DASH:7,DAVE:27,DDOG:3,FTNT:3,GOOGL:2,INTC:5,LRCX:2,MDB:1,META:3,MSFT:1,MU:2,NET:3,NOW:2,NVDA:22,ORCL:2,SHIP:167,SHOP:3,VZ:6,WDC:8,STX:4"
2024-03-27,14235.36,1304.07,0.0,4049.67,153.35,0.0,1.0,"AMD:2,AVGO:2,CDNS:1,CRDO:17,CRM:1,DASH:7,DAVE:27,DDOG:3,FTNT:3,GOOGL:2,INTC:5,LRCX:2,MDB:1,META:3,MSFT:1,MU:2,NET:3,NOW:2,NVDA:22,ORCL:2,SHIP:167,SHOP:3,VZ:6,WDC:8,STX:4"
2024-03-28,14185.52,1304.07,0.0,4049.67,153.35,0.0,1.0,"AMD:2,AVGO:2,CDNS:1,CRDO:17,CRM:1,DASH:7,DAVE:27,DDOG:3,FTNT:3,GOOGL:2,INTC:5,LRCX:2,MDB:1,META:3,MSFT:1,MU:2,NET:3,NOW:2,NVDA:22,ORCL:2,SHIP:167,SHOP:3,VZ:6,WDC:8,STX:4"
2024-04-01,14218.68,1304.07,0.0,4049.67,153.35,0.0,1.0,"AMD:2,AVGO:2,CDNS:1,CRDO:17,CRM:1,DASH:7,DAVE:27,DDOG:3,FTNT:3,GOOGL:2,INTC:5,LRCX:2,MDB:1,META:3,MSFT:1,MU:2,NET:3,NOW:2,NVDA:22,ORCL:2,SHIP:167,SHOP:3,VZ:6,WDC:8,STX:4"
2024-04-02,14130.47,1304.07,0.0,4049.67,153.35,0.0,1.0,"AMD:2,AVGO:2,CDNS:1,CRDO:17,CRM:1,DASH:7,DAVE:27,DDOG:3,FTNT:3,GOOGL:2,INTC:5,LRCX:2,MDB:1,META:3,MSFT:1,MU:2,NET:3,NOW:2,NVDA:22,ORCL:2,SHIP:167,SHOP:3,VZ:6,WDC:8,STX:4"
2024-04-03,14285.47,1304.07,0.0,4049.67,153.35,0.0,1.0,"AMD:2,AVGO:2,CDNS:1,CRDO:17,CRM:1,DASH:7,DAVE:27,DDOG:3,FTNT:3,GOOGL:2,INTC:5,LRCX:2,MDB:1,META:3,MSFT:1,MU:2,NET:3,NOW:2,NVDA:22,ORCL:2,SHIP:167,SHOP:3,VZ:6,WDC:8,STX:4"
2024-04-04,14032.74,1304.07,0.0,4049.67,153.35,0.0,1.0,"AMD:2,AVGO:2,CDNS:1,CRDO:17,CRM:1,DASH:7,DAVE:27,DDOG:3,FTNT:3,GOOGL:2,INTC:5,LRCX:2,MDB:1,META:3,MSFT:1,MU:2,NET:3,NOW:2,NVDA:22,ORCL:2,SHIP:167,SHOP:3,VZ:6,WDC:8,STX:4"
2024-04-05,14229.64,60.58,0.0,4049.67,154.22,0.0,1.0,"AMD:2,AVGO:2,CDNS:1,CRDO:17,CRM:1,CRWD:16,DASH:7,DAVE:27,DDOG:3,FTNT:3,GOOGL:2,INTC:5,LRCX:2,MDB:1,META:3,MSFT:1,MU:2,NET:3,NOW:2,NVDA:22,ORCL:2,SHIP:167,SHOP:3,VZ:6,WDC:8,STX:4"
2024-04-08,14344.11,14344.11,294.44,4344.11,164.65,0.0,0.0,
2024-04-09,14344.11,14344.11,0.0,4344.11,164.65,0.0,0.0,
2024-04-10,14344.11,14344.11,0.0,4344.11,164.65,0.0,0.0,
2024-04-11,14344.11,14344.11,0.0,4344.11,164.65,0.0,0.0,
2024-04-12,14344.11,14344.11,0.0,4344.11,164.65,0.0,0.0,
2024-04-15,14065.16,1797.26,0.0,4344.11,173.43,0.0,1.0,"AMD:2,AVGO:1,CRDO:9,CRWD:27,DAVE:55,DDOG:1,FTNT:3,GOOGL:1,INTC:10,KO:1,LRCX:2,MRVL:4,MU:17,NET:3,NOW:2,NVDA:25,ORCL:2,SHOP:5,VZ:8,WDC:6,STX:4"
2024-04-16,14036.74,13506.16,-299.45,4044.67,181.98,0.0,1.0,"GOOGL:1,KO:1,VZ:8"
2024-04-17,14038.36,13506.16,0.0,4044.67,181.98,0.0,1.0,"GOOGL:1,KO:1,VZ:8"
2024-04-18,14000.57,2779.69,0.0,4044.67,189.48,0.0,1.0,"AMD:1,AVGO:1,CRDO:15,CRWD:27,DAVE:49,DDOG:1,FTNT:3,GOOGL:1,INTC:8,KO:1,LRCX:2,MRVL:3,MU:2,NET:3,NOW:1,NVDA:3,ORCL:2,RTX:1,SHIP:185,SHOP:4,VZ:8,WDC:37,STX:4"
2024-04-19,13669.01,3099.29,-1.66,4043.01,189.72,0.0,1.0,"AMD:1,AVGO:1,CRDO:15,CRWD:27,DAVE:49,DDOG:1,FTNT:3,GOOGL:1,INTC:8,KO:1,LRCX:2,MRVL:3,MU:2,NET:3,NOW:1,NVDA:3,ORCL:2,RTX:1,SHIP:185,SHOP:4,WDC:37,STX:4"
2024-04-22,13908.74,2734.0,6.34,4049.34,191.3,0.0,1.0,"AMD:1,AVGO:1,CRDO:15,CRWD:27,DAVE:49,DDOG:1,FTNT:3,GOOGL:1,INTC:8,LRCX:2,MRVL:3,MU:2,NET:3,NVDA:3,ORCL:2,SHIP:185,WDC:37,PGR:6"
2024-04-23,14023.46,14023.46,-25.89,4023.46,199.55,0.0,0.0,
2024-04-24,14004.38,12510.87,0.0,4023.46,200.6,0.0,1.0,"CRWD:8,DAVE:7,FTNT:5,KO:1,PGR:1"
2024-04-25,13980.7,13980.7,-42.76,3980.7,201.68,0.0,0.0,
2024-04-26,13980.7,13980.7,0.0,3980.7,201.68,0.0,0.0,
2024-04-29,13980.7,13980.7,0.0,3980.7,201.68,0.0,0.0,
2024-04-30,13835.84,6785.02,0.0,3980.7,206.71,0.0,1.0,"CDNS:1,CRWD:18,DAVE:22,DDOG:1,FTNT:5,NET:4,NOW:1,ORCL:3,SHOP:5,VZ:1,WDC:27,STX:4,PGR:5"
2024-05-01,13852.98,8984.66,-5.32,3975.39,209.34,0.0,1.0,"CDNS:1,CRWD:18,DAVE:22,KO:1,NOW:1,SHIP:68,SHOP:5,VZ:1,PGR:5"
2024-05-02,13880.11,6603.09,5.33,3980.72,213.04,0.0,1.0,"AMD:1,AVGO:2,CDNS:1,CRDO:16,DAVE:22,INTC:11,LLY:1,MRVL:5,MU:3,NOW:1,NVDA:16,SHIP:68,SHOP:5,VZ:1,PGR:5"
2024-05-03,13998.47,6500.97,0.0,3980.72,213.12,0.0,1.0,"AMD:1,AVGO:2,CDNS:1,CRDO:16,DAVE:22,INTC:11,LLY:1,MRVL:5,MU:3,NOW:1,NVDA:16,RTX:1,SHIP:68,SHOP:5,VZ:1,PGR:5"
2024-05-06,14229.14,5982.97,-48.7,3932.01,214.92,0.0,1.0,"AMD:1,AVGO:2,CDNS:1,CRDO:16,CRWD:19,INTC:11,KO:1,LLY:1,MRVL:5,MU:3,NOW:1,NVDA:16,RTX:1,SHIP:68,SHOP:5,VZ:1,PGR:5"
2024-05-07,14198.04,14198.04,266.03,4198.04,220.92,0.0,0.0,
2024-05-08,14253.31,6076.21,0.0,4198.04,226.6,0.0,1.0,"AMD:1,AVGO:2,CRDO:18,CRWD:19,INTC:7,KO:1,MRVL:5,MU:12,NVDA:17,ORCL:3,RTX:1,SHIP:111,VZ:1,WDC:7,STX:4"
2024-05-09,14303.18,4106.95,0.0,4198.04,227.98,0.0,1.0,"AMD:1,AVGO:2,CDNS:1,CRDO:18,CRWD:19,DAVE:27,INTC:7,KO:1,MRVL:5,MU:12,NOW:2,NVDA:17,ORCL:3,RTX:1,SHIP:111,VZ:1,WDC:7,STX:4"
2024-05-10,14285.06,4106.95,0.0,4198.04,227.98,0.0,1.0,"AMD:1,AVGO:2,CDNS:1,CRDO:18,CRWD:19,DAVE:27,INTC:7,KO:1,MRVL:5,MU:12,NOW:2,NVDA:17,ORCL:3,RTX:1,SHIP:111,VZ:1,WDC:7,STX:4"
2024-05-13,14285.96,4316.94,-0.34,4197.71,228.13,0.0,1.0,"AMD:1,AVGO:2,CDNS:1,CRDO:18,CRWD:19,DAVE:27,KO:1,MRVL:5,MU:12,NOW:2,NVDA:17,ORCL:3,RTX:1,SHIP:111,VZ:1,WDC:7,STX:4"
2024-05-14,14417.13,5467.7,13.87,4211.58,228.97,0.0,1.0,"AMD:1,AVGO:2,CDNS:1,CRDO:18,CRWD:19,DAVE:27,KO:1,MRVL:5,MU:12,NOW:2,NVDA:17,ORCL:3,RTX:1,VZ:1,WDC:7,STX:4"
2024-05-15,14688.26,5467.7,0.0,4211.58,228.97,0.0,1.0,"AMD:1,AVGO:2,CDNS:1,CRDO:18,CRWD:19,DAVE:27,KO:1,MRVL:5,MU:12,NOW:2,NVDA:17,ORCL:3,RTX:1,VZ:1,WDC:7,STX:4"
2024-05-16,14797.29,3991.81,0.0,4211.58,230.0,0.0,1.0,"AMD:1,AVGO:2,CDNS:1,CRDO:18,CRWD:19,DAVE:27,KO:1,MRVL:5,MU:12,NOW:2,NVDA:17,ORCL:3,RTX:1,SHIP:137,VZ:1,WDC:7,STX:4"
2024-05-17,14824.55,10263.49,448.77,4660.35,234.59,0.0,1.0,"DAVE:27,NVDA:17,SHIP:137"
2024-05-20,14929.92,10263.49,0.0,4660.35,234.59,0.0,1.0,"DAVE:27,NVDA:17,SHIP:137"
2024-05-21,14853.73,11882.47,95.85,4756.2,235.77,0.0,1.0,"DAVE:27,SHIP:137"
2024-05-22,14722.09,9341.92,0.0,4756.2,237.55,0.0,1.0,"CRWD:29,DAVE:27,SHIP:137"
2024-05-23,14758.12,14758.12,1.92,4758.12,241.5,0.0,0.0,
2024-05-24,14568.86,2440.43,0.0,4758.12,250.12,0.0,1.0,"DAVE:94,NVDA:39,SHIP:337"
2024-05-28,15032.93,2440.43,0.0,4758.12,250.12,0.0,1.0,"DAVE:94,NVDA:39,SHIP:337"
2024-05-29,15104.95,4529.49,322.61,5080.73,254.95,0.0,1.0,"CRWD:27,DAVE:94,SHIP:337"
2024-05-30,15213.6,4529.49,0.0,5080.73,254.95,0.0,1.0,"CRWD:27,DAVE:94,SHIP:337"
2024-05-31,15411.52,12851.02,331.82,5412.55,264.7,0.0,1.0,"ISRG:2,LLY:1,META:2"
2024-06-03,15417.38,15417.38,4.83,5417.38,266.57,0.0,0.0,
2024-06-04,15243.15,3824.68,0.0,5417.38,274.68,0.0,1.0,"DAVE:107,NVDA:33,SHIP:323"
2024-06-05,15879.96,3911.06,-61.05,5356.33,280.09,0.0,1.0,"DAVE:107,MU:29,NVDA:33"
2024-06-06,15589.1,3911.06,0.0,5356.33,280.09,0.0,1.0,"DAVE:107,MU:29,NVDA:33"
2024-06-07,15628.64,2792.65,31.76,5388.09,286.27,0.0,1.0,"DAVE:107,NVDA:33,SHIP:407"
2024-06-10,15712.02,2095.39,-64.71,5323.38,293.66,0.0,1.0,"DAVE:107,MU:21,NVDA:33,SHIP:236"
2024-06-11,15377.88,2095.39,0.0,5323.38,293.66,0.0,1.0,"DAVE:107,MU:21,NVDA:33,SHIP:236"
2024-06-12,15818.36,6997.56,404.91,5728.29,300.17,0.0,1.0,"CRWD:21,DAVE:107,SHIP:236"
2024-06-13,15527.82,5384.42,-19.46,5708.83,304.21,0.0,1.0,"DAVE:107,SHIP:236,WDC:61"
2024-06-14,15473.46,3640.64,-50.07,5658.77,310.57,0.0,1.0,"DAVE:107,MU:34,NVDA:4,SHIP:236"
2024-06-17,15835.35,6.91,0.0,5658.77,313.11,0.0,1.0,"AMD:1,AVGO:1,CRDO:8,CRWD:23,DAL:1,DAVE:107,GOOGL:1,KO:4,LRCX:3,MU:34,NET:1,NVDA:4,SHIP:236"
2024-06-18,16067.23,6.91,0.0,5658.77,313.11,0.0,1.0,"AMD:1,AVGO:1,CRDO:8,CRWD:23,DAL:1,DAVE:107,GOOGL:1,KO:4,LRCX:3,MU:34,NET:1,NVDA:4,SHIP:236"
2024-06-20,15759.91,6.91,0.0,5658.77,313.11,0.0,1.0,"AMD:1,AVGO:1,CRDO:8,CRWD:23,DAL:1,DAVE:107,GOOGL:1,KO:4,LRCX:3,MU:34,NET:1,NVDA:4,SHIP:236"
2024-06-21,15649.91,6.91,0.0,5658.77,313.11,0.0,1.0,"AMD:1,AVGO:1,CRDO:8,CRWD:23,DAL:1,DAVE:107,GOOGL:1,KO:4,LRCX:3,MU:34,NET:1,NVDA:4,SHIP:236"
2024-06-24,15235.23,6.91,0.0,5658.77,313.11,0.0,1.0,"AMD:1,AVGO:1,CRDO:8,CRWD:23,DAL:1,DAVE:107,GOOGL:1,KO:4,LRCX:3,MU:34,NET:1,NVDA:4,SHIP:236"
2024-06-25,15213.25,4798.07,-29.02,5629.75,316.61,0.0,1.0,"AMD:1,AVGO:1,CRDO:8,CRWD:23,DAL:1,DAVE:107,GOOGL:1,KO:4,LRCX:3,NET:1,NVDA:4,SHIP:236"
2024-06-26,14548.65,3359.85,-27.67,5602.08,319.58,0.0,1.0,"CROX:8,CRWD:23,DAL:1,DAVE:107,GOOGL:1,KO:4,NET:1,RTX:1,SHIP:236,SHOP:5,USB:1,VZ:10,WDC:7,STX:3"
2024-06-27,14528.59,3359.85,0.0,5602.08,319.58,0.0,1.0,"CROX:8,CRWD:23,DAL:1,DAVE:107,GOOGL:1,KO:4,NET:1,RTX:1,SHIP:236,SHOP:5,USB:1,VZ:10,WDC:7,STX:3"
2024-06-28,14480.05,89.17,0.0,5602.08,321.87,0.0,1.0,"AMD:1,AVGO:2,CRDO:58,CROX:8,CRWD:23,DAL:1,DAVE:107,GOOGL:1,KO:4,LRCX:2,NET:1,NVDA:6,RTX:1,SHIP:236,SHOP:5,USB:1,VZ:10,WDC:7,STX:3"
2024-07-01,14557.3,89.17,0.0,5602.08,321.87,0.0,1.0,"AMD:1,AVGO:2,CRDO:58,CROX:8,CRWD:23,DAL:1,DAVE:107,GOOGL:1,KO:4,LRCX:2,NET:1,NVDA:6,RTX:1,SHIP:236,SHOP:5,USB:1,VZ:10,WDC:7,STX:3"
2024-07-02,14705.99,89.17,0.0,5602.08,321.87,0.0,1.0,"AMD:1,AVGO:2,CRDO:58,CROX:8,CRWD:23,DAL:1,DAVE:107,GOOGL:1,KO:4,LRCX:2,NET:1,NVDA:6,RTX:1,SHIP:236,SHOP:5,USB:1,VZ:10,WDC:7,STX:3"
2024-07-03,14959.21,29.88,0.0,5602.08,321.91,0.0,1.0,"AMD:1,AVGO:2,CRDO:58,CROX:8,CRWD:23,DAL:1,DAVE:107,GOOGL:1,INCY:1,KO:4,LRCX:2,NET:1,NVDA:6,RTX:1,SHIP:236,SHOP:5,USB:1,VZ:10,WDC:7,STX:3"
2024-07-05,14737.77,87.29,-1.88,5600.2,321.96,0.0,1.0,"AMD:1,AVGO:2,CRDO:58,CROX:8,CRWD:23,DAL:1,DAVE:107,GOOGL:1,KO:4,LRCX:2,NET:1,NVDA:6,RTX:1,SHIP:236,SHOP:5,USB:1,VZ:10,WDC:7,STX:3"
2024-07-08,14844.97,87.29,0.0,5600.2,321.96,0.0,1.0,"AMD:1,AVGO:2,CRDO:58,CROX:8,CRWD:23,DAL:1,DAVE:107,GOOGL:1,KO:4,LRCX:2,NET:1,NVDA:6,RTX:1,SHIP:236,SHOP:5,USB:1,VZ:10,WDC:7,STX:3"
2024-07-09,15091.59,87.29,0.0,5600.2,321.96,0.0,1.0,"AMD:1,AVGO:2,CRDO:58,CROX:8,CRWD:23,DAL:1,DAVE:107,GOOGL:1,KO:4,LRCX:2,NET:1,NVDA:6,RTX:1,SHIP:236,SHOP:5,USB:1,VZ:10,WDC:7,STX:3"
2024-07-10,15070.21,102.35,-0.8,5599.39,322.37,0.0,1.0,"AMD:1,AVGO:2,CRDO:58,CROX:8,CRWD:23,DAVE:107,GOOGL:1,LRCX:2,NET:1,NVDA:6,ORCL:2,RTX:1,SHIP:236,SHOP:5,USB:1,VZ:10,WDC:7,STX:3"
2024-07-11,15118.11,1180.18,-67.13,5532.26,327.07,0.0,1.0,"AMD:1,AVGO:2,CRDO:58,CROX:8,CRWD:23,DAVE:77,GOOGL:1,LRCX:2,NET:1,NVDA:6,ORCL:2,RTX:1,SHIP:236,SHOP:5,USB:1,VZ:10,WDC:7,STX:3"
2024-07-12,15097.94,862.5,0.0,5532.26,327.3,0.0,1.0,"AMD:1,AVGO:2,CRDO:58,CROX:8,CRWD:23,DAVE:77,GOOGL:1,KO:5,LRCX:2,NET:1,NVDA:6,ORCL:2,RTX:1,SHIP:236,SHOP:5,USB:1,VZ:10,WDC:7,STX:3"
2024-07-15,15291.98,529.04,0.0,5532.26,327.53,0.0,1.0,"AMD:1,AVGO:2,CRDO:58,CROX:8,CRWD:23,DAVE:77,GOOGL:1,KO:5,LRCX:2,NET:1,NVDA:6,ORCL:2,PANW:2,RTX:1,SHIP:236,SHOP:5,USB:1,VZ:10,WDC:7,STX:3"
2024-07-16,15353.6,15353.6,-178.66,5353.6,338.36,0.0,0.0,
2024-07-17,15353.6,15353.6,0.0,5353.6,338.36,0.0,0.0,
2024-07-18,15353.6,15353.6,0.0,5353.6,338.36,0.0,0.0,
2024-07-19,15353.6,15353.6,0.0,5353.6,338.36,0.0,0.0,
2024-07-22,15353.6,15353.6,0.0,5353.6,338.36,0.0,0.0,
2024-07-23,15353.6,15353.6,0.0,5353.6,338.36,0.0,0.0,
2024-07-24,15353.6,15353.6,0.0,5353.6,338.36,0.0,0.0,
2024-07-25,15353.6,15353.6,0.0,5353.6,338.36,0.0,0.0,
2024-07-26,15353.6,15353.6,0.0,5353.6,338.36,0.0,0.0,
2024-07-29,15303.08,4899.93,0.0,5353.6,345.67,0.0,1.0,"DAVE:76,NEM:105,NVDA:24"
2024-07-30,15001.75,3403.21,0.0,5353.6,346.72,0.0,1.0,"DAVE:76,GS:3,NEM:105,NVDA:24"
2024-07-31,15545.59,5216.61,113.02,5466.61,354.85,0.0,1.0,"CRWD:40,DAVE:76,NVDA:24,PANW:15"
2024-08-01,15200.77,5842.91,-17.5,5449.11,361.19,0.0,1.0,"DAVE:76,GS:4,NEM:42,NVDA:24"
2024-08-02,14935.76,14935.76,-513.35,4935.76,367.83,0.0,0.0,
2024-08-05,16029.96,3434.21,0.0,4935.76,375.87,0.0,1.0,"AVGO:34,CRDO:197,NVDA:29"
2024-08-06,16284.47,3434.21,0.0,4935.76,375.87,0.0,1.0,"AVGO:34,CRDO:197,NVDA:29"
2024-08-07,15710.13,450.38,0.0,4935.76,377.96,0.0,1.0,"AVGO:34,CRDO:197,DAVE:91,NVDA:29"
2024-08-08,16651.7,450.38,0.0,4935.76,377.96,0.0,1.0,"AVGO:34,CRDO:197,DAVE:91,NVDA:29"
2024-08-09,16723.45,450.38,0.0,4935.76,377.96,0.0,1.0,"AVGO:34,CRDO:197,DAVE:91,NVDA:29"
2024-08-12,16895.73,450.38,0.0,4935.76,377.96,0.0,1.0,"AVGO:34,CRDO:197,DAVE:91,NVDA:29"
2024-08-13,17963.54,450.38,0.0,4935.76,377.96,0.0,1.0,"AVGO:34,CRDO:197,DAVE:91,NVDA:29"
2024-08-14,18136.16,20.87,0.0,4935.76,378.26,0.0,1.0,"AMD:3,AVGO:34,CRDO:197,DAVE:91,NVDA:29"
2024-08-15,18941.24,10.01,0.0,4935.76,378.27,0.0,1.0,"AMD:3,AVGO:34,CRDO:197,DAVE:91,NVDA:29,SHIP:1"
2024-08-16,19001.18,10.01,0.0,4935.76,378.27,0.0,1.0,"AMD:3,AVGO:34,CRDO:197,DAVE:91,NVDA:29,SHIP:1"
2024-08-19,19660.9,10.01,0.0,4935.76,378.27,0.0,1.0,"AMD:3,AVGO:34,CRDO:197,DAVE:91,NVDA:29,SHIP:1"
2024-08-20,19506.54,10.01,0.0,4935.76,378.27,0.0,1.0,"AMD:3,AVGO:34,CRDO:197,DAVE:91,NVDA:29,SHIP:1"
2024-08-21,20466.01,10.01,0.0,4935.76,378.27,0.0,1.0,"AMD:3,AVGO:34,CRDO:197,DAVE:91,NVDA:29,SHIP:1"
2024-08-22,20032.84,10.01,0.0,4935.76,378.27,0.0,1.0,"AMD:3,AVGO:34,CRDO:197,DAVE:91,NVDA:29,SHIP:1"
2024-08-23,20660.08,10.01,0.0,4935.76,378.27,0.0,1.0,"AMD:3,AVGO:34,CRDO:197,DAVE:91,NVDA:29,SHIP:1"
2024-08-26,20128.76,10.01,0.0,4935.76,378.27,0.0,1.0,"AMD:3,AVGO:34,CRDO:197,DAVE:91,NVDA:29,SHIP:1"
2024-08-27,20054.27,3727.29,1044.34,5980.1,380.98,0.0,1.0,"AMD:3,AVGO:34,CRDO:197,DAVE:91,SHIP:1"
2024-08-28,19735.5,10533.27,3504.21,9484.31,394.47,0.0,1.0,"DAL:1,DAVE:91,DDOG:3,FCX:1,GOOGL:2,INCY:1,KO:4,LLY:1,META:3,NEM:1,NET:6,ORCL:4,PEP:1,SHIP:1,USB:1,WDC:11,STX:5"
2024-08-29,19756.49,8685.78,-1.86,9482.45,399.2,0.0,1.0,"DAL:1,DAVE:91,FCX:1,GOOGL:2,INCY:1,KO:4,LLY:1,META:3,NEM:1,NVDA:29,PEP:1,RTX:6,SHIP:1,USB:1"
2024-08-30,19901.52,5660.58,0.0,9482.45,401.32,0.0,1.0,"CDNS:1,DAL:1,DAVE:91,FCX:1,FTNT:4,GOOGL:2,INCY:1,ISRG:2,KO:4,LLY:1,META:3,MSFT:1,NEM:1,NVDA:29,PANW:3,PEP:1,RTX:6,SHIP:1,SHOP:7,USB:1"
2024-09-03,19544.77,8298.14,3.19,9485.64,403.72,0.0,1.0,"AMGN:1,DAVE:91,GOOGL:2,INCY:1,ISRG:2,KO:4,LLY:1,META:3,NVDA:29,PEP:1"
2024-09-04,19542.59,2.07,-76.37,9409.26,416.11,0.0,1.0,"CDNS:1,DAVE:91,DDOG:4,FTNT:31,MSFT:2,NET:10,NVDA:29,ORCL:19,PANW:4,SHOP:11,WDC:31,STX:28"
2024-09-05,19493.87,2.07,0.0,9409.26,416.11,0.0,1.0,"CDNS:1,DAVE:91,DDOG:4,FTNT:31,MSFT:2,NET:10,NVDA:29,ORCL:19,PANW:4,SHOP:11,WDC:31,STX:28"
2024-09-06,18954.71,2694.1,58.51,9467.77,418.08,0.0,1.0,"CDNS:1,DAVE:91,DDOG:4,FTNT:31,MSFT:2,NET:10,NVDA:29,PANW:4,SHOP:11,WDC:31,STX:28"
2024-09-09,19034.63,5012.39,71.24,9539.02,424.22,0.0,1.0,"AMD:3,CDNS:1,DAVE:91,FTNT:31,LRCX:8,MSFT:2,MU:24,NVDA:29,PANW:4,SHOP:11"
2024-09-10,19168.01,5012.39,0.0,9539.02,424.22,0.0,1.0,"AMD:3,CDNS:1,DAVE:91,FTNT:31,LRCX:8,MSFT:2,MU:24,NVDA:29,PANW:4,SHOP:11"
2024-09-11,19711.9,31.54,0.0,9539.02,427.71,0.0,1.0,"AAPL:1,AMD:3,CDNS:1,DAVE:91,DDOG:4,FTNT:31,LRCX:8,MSFT:2,MU:24,NET:9,NVDA:29,ORCL:19,PANW:4,SHOP:11,WDC:1,STX:6"
2024-09-12,19817.7,21.18,0.0,9539.02,427.71,0.0,1.0,"AAPL:1,AMD:3,CDNS:1,DAVE:91,DDOG:4,FTNT:31,LRCX:8,MSFT:2,MU:24,NET:9,NVDA:29,ORCL:19,PANW:4,SHIP:1,SHOP:11,WDC:1,STX:6"
2024-09-13,20085.73,21.18,0.0,9539.02,427.71,0.0,1.0,"AAPL:1,AMD:3,CDNS:1,DAVE:91,DDOG:4,FTNT:31,LRCX:8,MSFT:2,MU:24,NET:9,NVDA:29,ORCL:19,PANW:4,SHIP:1,SHOP:11,WDC:1,STX:6"
2024-09-16,20216.94,21.18,0.0,9539.02,427.71,0.0,1.0,"AAPL:1,AMD:3,CDNS:1,DAVE:91,DDOG:4,FTNT:31,LRCX:8,MSFT:2,MU:24,NET:9,NVDA:29,ORCL:19,PANW:4,SHIP:1,SHOP:11,WDC:1,STX:6"
2024-09-17,20258.92,21.18,0.0,9539.02,427.71,0.0,1.0,"AAPL:1,AMD:3,CDNS:1,DAVE:91,DDOG:4,FTNT:31,LRCX:8,MSFT:2,MU:24,NET:9,NVDA:29,ORCL:19,PANW:4,SHIP:1,SHOP:11,WDC:1,STX:6"
2024-09-18,20044.03,21.18,0.0,9539.02,427.71,0.0,1.0,"AAPL:1,AMD:3,CDNS:1,DAVE:91,DDOG:4,FTNT:31,LRCX:8,MSFT:2,MU:24,NET:9,NVDA:29,ORCL:19,PANW:4,SHIP:1,SHOP:11,WDC:1,STX:6"
2024-09-19,20777.95,21.18,0.0,9539.02,427.71,0.0,1.0,"AAPL:1,AMD:3,CDNS:1,DAVE:91,DDOG:4,FTNT:31,LRCX:8,MSFT:2,MU:24,NET:9,NVDA:29,ORCL:19,PANW:4,SHIP:1,SHOP:11,WDC:1,STX:6"
2024-09-20,20787.99,21.18,0.0,9539.02,427.71,0.0,1.0,"AAPL:1,AMD:3,CDNS:1,DAVE:91,DDOG:4,FTNT:31,LRCX:8,MSFT:2,MU:24,NET:9,NVDA:29,ORCL:19,PANW:4,SHIP:1,SHOP:11,WDC:1,STX:6"
2024-09-23,20802.74,21.18,0.0,9539.02,427.71,0.0,1.0,"AAPL:1,AMD:3,CDNS:1,DAVE:91,DDOG:4,FTNT:31,LRCX:8,MSFT:2,MU:24,NET:9,NVDA:29,ORCL:19,PANW:4,SHIP:1,SHOP:11,WDC:1,STX:6"
2024-09-24,21016.37,2259.86,167.89,9706.9,429.76,0.0,1.0,"AAPL:1,AMD:3,DAL:1,DAVE:91,DDOG:4,FCX:1,FTNT:31,INCY:1,LRCX:8,MSFT:2,NET:9,NVDA:29,ORCL:19,PANW:4,SHIP:1,SHOP:11,WDC:1,EOG:1,STX:6"
2024-09-25,21001.06,20.34,101.54,9808.45,432.91,0.0,1.0,"AAPL:1,DAL:1,DAVE:91,DDOG:4,FCX:1,FTNT:31,GOOGL:2,INCY:1,KO:4,LLY:2,MSFT:2,NEM:1,NET:9,NVDA:29,ORCL:19,PANW:4,PEP:1,RTX:1,SHIP:1,SHOP:11,WDC:1,EOG:1,STX:6,PGR:2"
2024-09-26,20995.22,20.34,0.0,9808.45,432.91,0.0,1.0,"AAPL:1,DAL:1,DAVE:91,DDOG:4,FCX:1,FTNT:31,GOOGL:2,INCY:1,KO:4,LLY:2,MSFT:2,NEM:1,NET:9,NVDA:29,ORCL:19,PANW:4,PEP:1,RTX:1,SHIP:1,SHOP:11,WDC:1,EOG:1,STX:6,PGR:2"
2024-09-27,21006.23,20.34,0.0,9808.45,432.91,0.0,1.0,"AAPL:1,DAL:1,DAVE:91,DDOG:4,FCX:1,FTNT:31,GOOGL:2,INCY:1,KO:4,LLY:2,MSFT:2,NEM:1,NET:9,NVDA:29,ORCL:19,PANW:4,PEP:1,RTX:1,SHIP:1,SHOP:11,WDC:1,EOG:1,STX:6,PGR:2"
2024-09-30,20923.27,21.18,24.52,9832.97,433.56,0.0,1.0,"AAPL:1,DAL:1,DAVE:91,FCX:1,FTNT:31,GOOGL:2,INCY:1,KO:4,LLY:2,LRCX:5,MSFT:2,NEM:1,NET:9,NVDA:29,ORCL:19,PANW:4,PEP:1,RTX:1,SHIP:1,SHOP:11,USB:1,WDC:1,EOG:1,STX:6,PGR:2"
2024-10-01,20584.64,21.18,0.0,9832.97,433.56,0.0,1.0,"AAPL:1,DAL:1,DAVE:91,FCX:1,FTNT:31,GOOGL:2,INCY:1,KO:4,LLY:2,LRCX:5,MSFT:2,NEM:1,NET:9,NVDA:29,ORCL:19,PANW:4,PEP:1,RTX:1,SHIP:1,SHOP:11,USB:1,WDC:1,EOG:1,STX:6,PGR:2"
2024-10-02,20757.67,21.18,0.0,9832.97,433.56,0.0,1.0,"AAPL:1,DAL:1,DAVE:91,FCX:1,FTNT:31,GOOGL:2,INCY:1,KO:4,LLY:2,LRCX:5,MSFT:2,NEM:1,NET:9,NVDA:29,ORCL:19,PANW:4,PEP:1,RTX:1,SHIP:1,SHOP:11,USB:1,WDC:1,EOG:1,STX:6,PGR:2"
2024-10-03,20764.6,21.18,0.0,9832.97,433.56,0.0,1.0,"AAPL:1,DAL:1,DAVE:91,FCX:1,FTNT:31,GOOGL:2,INCY:1,KO:4,LLY:2,LRCX:5,MSFT:2,NEM:1,NET:9,NVDA:29,ORCL:19,PANW:4,PEP:1,RTX:1,SHIP:1,SHOP:11,USB:1,WDC:1,EOG:1,STX:6,PGR:2"
2024-10-04,21328.9,21.18,0.0,9832.97,433.56,0.0,1.0,"AAPL:1,DAL:1,DAVE:91,FCX:1,FTNT:31,GOOGL:2,INCY:1,KO:4,LLY:2,LRCX:5,MSFT:2,NEM:1,NET:9,NVDA:29,ORCL:19,PANW:4,PEP:1,RTX:1,SHIP:1,SHOP:11,USB:1,WDC:1,EOG:1,STX:6,PGR:2"
2024-10-07,21176.38,9.96,1024.24,10857.2,445.0,0.0,1.0,"AAPL:1,AMD:1,CRDO:88,DAL:1,DAVE:2,DDOG:3,FCX:1,FTNT:31,GOOGL:2,INCY:1,LLY:2,LRCX:5,META:5,MSFT:2,MU:5,NEM:1,NET:9,NVDA:8,ORCL:19,PANW:4,RTX:1,SHIP:1,SHOP:11,USB:1,WDC:1,EOG:1,STX:6,PGR:2,BTSG:1"
2024-10-08,21589.31,9.96,0.0,10857.2,445.0,0.0,1.0,"AAPL:1,AMD:1,CRDO:88,DAL:1,DAVE:2,DDOG:3,FCX:1,FTNT:31,GOOGL:2,INCY:1,LLY:2,LRCX:5,META:5,MSFT:2,MU:5,NEM:1,NET:9,NVDA:8,ORCL:19,PANW:4,RTX:1,SHIP:1,SHOP:11,USB:1,WDC:1,EOG:1,STX:6,PGR:2,BTSG:1"
2024-10-09,21934.06,60.7,3.31,10860.51,445.04,0.0,1.0,"AAPL:1,AMD:1,CRDO:88,DAVE:2,DDOG:3,FCX:1,FTNT:31,GOOGL:2,INCY:1,LLY:2,LRCX:5,META:5,MSFT:2,MU:5,NEM:1,NET:9,NVDA:8,ORCL:19,PANW:4,RTX:1,SHIP:1,SHOP:11,USB:1,WDC:1,EOG:1,STX:6,PGR:2,BTSG:1"
2024-10-10,21793.06,21793.06,932.55,11793.06,460.91,0.0,0.0,
2024-10-11,21793.06,21793.06,0.0,11793.06,460.91,0.0,0.0,
2024-10-14,21793.06,21793.06,0.0,11793.06,460.91,0.0,0.0,
2024-10-15,21793.06,21793.06,0.0,11793.06,460.91,0.0,0.0,
2024-10-16,21793.06,21793.06,0.0,11793.06,460.91,0.0,0.0,
2024-10-17,21751.7,8156.12,0.0,11793.06,470.45,0.0,1.0,"CRDO:103,INCY:30,LLY:2,NEM:68,BTSG:129"
2024-10-18,21840.26,8156.12,0.0,11793.06,470.45,0.0,1.0,"CRDO:103,INCY:30,LLY:2,NEM:68,BTSG:129"
2024-10-21,22051.03,7911.17,-10.51,11782.55,473.24,0.0,1.0,"CRDO:103,INCY:30,ISRG:4,NEM:68,BTSG:129"
2024-10-22,22011.88,22011.88,229.33,12011.88,483.55,0.0,0.0,
2024-10-23,22011.88,22011.88,0.0,12011.88,483.55,0.0,0.0,
2024-10-24,22011.88,22011.88,0.0,12011.88,483.55,0.0,0.0,
2024-10-25,22011.88,22011.88,0.0,12011.88,483.55,0.0,0.0,
2024-10-28,22011.88,22011.88,0.0,12011.88,483.55,0.0,0.0,
2024-10-29,22011.88,22011.88,0.0,12011.88,483.55,0.0,0.0,
2024-10-30,22011.88,22011.88,0.0,12011.88,483.55,0.0,0.0,
2024-10-31,22011.88,22011.88,0.0,12011.88,483.55,0.0,0.0,
2024-11-01,22011.88,22011.88,0.0,12011.88,483.55,0.0,0.0,
2024-11-04,22011.88,22011.88,0.0,12011.88,483.55,0.0,0.0,
2024-11-05,22321.0,1385.85,0.0,12011.88,497.97,0.0,1.0,"CRDO:97,NVDA:47,ORCL:38,TSLA:15"
2024-11-06,23633.44,8161.27,289.78,12301.67,502.92,0.0,1.0,"CRDO:97,NVDA:47,TSLA:15"
2024-11-07,24169.35,8161.27,0.0,12301.67,502.92,0.0,1.0,"CRDO:97,NVDA:47,TSLA:15"
2024-11-08,24568.67,8161.27,0.0,12301.67,502.92,0.0,1.0,"CRDO:97,NVDA:47,TSLA:15"
2024-11-11,24756.37,8161.27,0.0,12301.67,502.92,0.0,1.0,"CRDO:97,NVDA:47,TSLA:15"
2024-11-12,24503.57,9196.87,420.4,12722.06,512.05,0.0,1.0,"CRDO:97,ORCL:31,TSLA:15"
2024-11-13,24639.59,24639.59,1917.52,14639.59,523.33,0.0,0.0,
2024-11-14,24639.59,24639.59,0.0,14639.59,523.33,0.0,0.0,
2024-11-15,24441.45,1284.03,0.0,14639.59,539.67,0.0,1.0,"AAPL:1,AVGO:2,CRDO:107,DAL:39,FTNT:4,KO:5,MSFT:1,MU:5,NET:6,NVDA:21,ORCL:17,PANW:3,PEP:2,RTX:1,SHIP:3,SHOP:6,TSLA:14,USB:1,WDC:15,STX:7"
2024-11-18,24773.35,1241.16,0.0,14639.59,539.7,0.0,1.0,"AAPL:1,AVGO:2,CRDO:107,DAL:39,FCX:1,FTNT:4,KO:5,MSFT:1,MU:5,NET:6,NVDA:21,ORCL:17,PANW:3,PEP:2,RTX:1,SHIP:3,SHOP:6,TSLA:14,USB:1,WDC:15,STX:7"
2024-11-19,25512.85,4905.53,36.17,14675.76,542.37,0.0,1.0,"AAPL:1,AVGO:2,CRDO:107,DAL:39,FCX:1,FTNT:4,KO:5,MSFT:1,MU:5,NET:6,ORCL:17,PEP:2,RTX:1,SHIP:3,SHOP:6,TSLA:14,USB:1,WDC:15,STX:7"
2024-11-20,25291.81,4329.11,-22.2,14653.55,544.47,0.0,1.0,"AAPL:1,CRDO:107,DAL:39,DASH:10,FCX:1,KO:5,MSFT:1,NET:6,ORCL:17,PEP:2,RTX:1,SHIP:3,SHOP:6,TSLA:14,USB:1,WDC:15,STX:7"
2024-11-21,25768.02,2567.47,0.0,14653.55,545.7,0.0,1.0,"AAPL:1,CRDO:107,DAL:39,DASH:10,FCX:1,GS:3,KO:5,MSFT:1,NET:6,ORCL:17,PEP:2,RTX:1,SHIP:3,SHOP:6,TSLA:14,USB:1,WDC:15,STX:7"
2024-11-22,25955.69,17.2,0.0,14653.55,547.49,0.0,1.0,"AAPL:1,AVGO:4,CRDO:107,DAL:39,DASH:10,FCX:1,FTNT:5,GS:3,KO:5,MDB:1,MSFT:1,MU:5,NET:6,NVDA:4,ORCL:17,PEP:2,RTX:1,SHIP:3,SHOP:6,TSLA:14,USB:1,WDC:15,STX:7"
2024-11-25,25964.53,151.35,-4.05,14649.5,547.86,0.0,1.0,"AAPL:1,AVGO:4,CRDO:107,DAL:39,DASH:10,FCX:1,FTNT:5,GS:3,KO:5,MDB:1,MSFT:1,MU:5,NEM:1,NET:6,NVDA:4,ORCL:17,ROST:1,RTX:1,SHIP:3,SHOP:6,TSLA:14,USB:1,WDC:15,STX:7"
2024-11-26,25989.86,487.95,-2.89,14646.61,548.29,0.0,1.0,"AAPL:1,AVGO:4,CRDO:107,DAL:39,DASH:10,FCX:1,GS:3,KO:5,MDB:1,MSFT:1,MU:5,NEM:1,NET:6,NVDA:4,ORCL:17,ROST:1,RTX:1,SHIP:3,SHOP:6,TSLA:14,USB:1,WDC:15,STX:7,BTSG:7"
2024-11-27,25550.87,179.36,0.0,14646.61,548.51,0.0,1.0,"AAPL:1,AVGO:4,CDNS:1,CRDO:107,DAL:39,DASH:10,FCX:1,GS:3,KO:5,MDB:1,MSFT:1,MU:5,NEM:1,NET:6,NVDA:4,ORCL:17,ROST:1,RTX:1,SHIP:3,SHOP:6,TSLA:14,USB:1,WDC:15,STX:7,BTSG:7"
2024-11-29,26240.3,84.84,0.0,14646.61,548.57,0.0,1.0,"AAPL:1,AVGO:4,CDNS:1,CRDO:107,DAL:39,DASH:10,FCX:1,FTNT:1,GS:3,KO:5,MDB:1,MSFT:1,MU:5,NEM:1,NET:6,NVDA:4,ORCL:17,ROST:1,RTX:1,SHIP:3,SHOP:6,TSLA:14,USB:1,WDC:15,STX:7,BTSG:7"
2024-12-02,26158.59,5989.96,630.27,15276.87,554.16,0.0,1.0,"AAPL:1,CDNS:1,DAL:39,DASH:10,FCX:1,FTNT:1,GS:3,KO:5,MDB:1,MNST:4,MSFT:1,NEM:1,NET:6,ORCL:17,PANW:4,ROST:1,RTX:1,SHIP:3,SHOP:6,TSLA:14,USB:1,WDC:15,STX:7,BTSG:7"
2024-12-03,26472.76,2769.76,38.64,15315.51,558.44,0.0,1.0,"AAPL:1,CRDO:72,DAL:39,DASH:10,FCX:1,FTNT:1,GS:3,KO:5,MDB:1,MNST:4,NEM:1,NET:6,ORCL:17,PANW:4,ROST:1,RTX:1,SHIP:3,TSLA:14,USB:1,WDC:15,STX:7,BTSG:7"
2024-12-04,26661.65,2769.76,0.0,15315.51,558.44,0.0,1.0,"AAPL:1,CRDO:72,DAL:39,DASH:10,FCX:1,FTNT:1,GS:3,KO:5,MDB:1,MNST:4,NEM:1,NET:6,ORCL:17,PANW:4,ROST:1,RTX:1,SHIP:3,TSLA:14,USB:1,WDC:15,STX:7,BTSG:7"
2024-12-05,26881.96,8.23,0.0,15315.51,560.37,0.0,1.0,"AAPL:1,AVGO:4,CDNS:1,CRDO:72,DAL:39,DASH:10,FCX:1,FTNT:1,GS:3,KO:5,MDB:1,MNST:4,MRVL:5,MSFT:1,MU:6,NEM:1,NET:6,ORCL:17,PANW:4,ROST:1,RTX:1,SHIP:3,SHOP:1,TSLA:14,USB:1,WDC:15,STX:7,BTSG:7"
2024-12-06,27572.22,3605.76,131.55,15447.05,563.0,0.0,1.0,"AAPL:1,AVGO:4,CDNS:1,CRDO:72,DAL:39,DASH:10,FCX:1,FTNT:1,GS:3,KO:5,MNST:4,MRVL:5,MSFT:1,MU:6,NEM:1,NET:6,PANW:4,ROST:1,RTX:1,SHIP:3,SHOP:1,TSLA:14,USB:1,WDC:15,STX:7,BTSG:7"
2024-12-09,26849.33,3059.61,252.26,15699.32,566.97,0.0,1.0,"AVGO:4,CDNS:1,CRDO:72,DAL:39,DASH:10,FCX:1,FTNT:1,GS:3,KO:5,MRVL:5,MSFT:1,MU:6,NEM:1,NVDA:22,PANW:4,ROST:1,RTX:1,SHIP:3,SHOP:1,TSLA:14,USB:1,BTSG:7"
2024-12-10,26775.55,2953.66,0.0,15699.32,567.05,0.0,1.0,"AVGO:4,CDNS:1,CRDO:72,DAL:39,DASH:10,FCX:1,FTNT:1,GS:3,KO:5,MNST:4,MRVL:5,MSFT:1,MU:6,NEM:1,NVDA:22,PANW:4,ROST:1,RTX:1,SHIP:3,SHOP:1,TSLA:14,USB:1,BTSG:7"
2024-12-11,27645.69,992.73,47.84,15747.16,569.47,0.0,1.0,"AAPL:2,CDNS:1,CRDO:72,DAL:39,DASH:10,FCX:1,FTNT:1,GS:3,KO:5,MNST:4,MRVL:5,MSFT:1,MU:6,NEM:1,NET:6,NVDA:22,PANW:4,ROST:1,RTX:1,SHIP:3,SHOP:1,TSLA:14,USB:1,WDC:14,STX:8,BTSG:7"
2024-12-12,27292.57,5270.5,-96.4,15650.76,572.59,0.0,1.0,"AAPL:2,CDNS:1,CRDO:72,DAL:39,DASH:10,FCX:1,FTNT:1,GS:3,KO:5,MSFT:1,NEM:1,NET:6,PANW:4,ROST:1,RTX:1,SHIP:3,SHOP:1,TSLA:14,USB:1,WDC:14,STX:8,BTSG:7"
2024-12-13,28010.25,5165.77,0.0,15650.76,572.66,0.0,1.0,"AAPL:2,CDNS:1,CRDO:72,DAL:39,DASH:10,FCX:1,FTNT:1,GS:3,KO:5,MNST:4,MSFT:1,NEM:1,NET:6,PANW:4,ROST:1,RTX:1,SHIP:3,SHOP:1,TSLA:14,USB:1,WDC:14,STX:8,BTSG:7"
2024-12-16,28863.49,69.87,0.0,15650.76,576.23,0.0,1.0,"AAPL:2,AVGO:16,CDNS:1,CRDO:72,DAL:39,DASH:10,FCX:1,FTNT:1,GS:3,KO:5,MNST:4,MRVL:5,MSFT:1,MU:6,NEM:1,NET:6,NVDA:1,PANW:4,ROST:1,RTX:1,SHIP:3,SHOP:1,TSLA:14,USB:1,WDC:14,STX:8,BTSG:7"
2024-12-17,28272.68,720.77,15.04,15665.8,576.85,0.0,1.0,"AAPL:2,AVGO:16,CDNS:1,CRDO:72,DAL:39,DASH:10,DAVE:1,FCX:1,FTNT:1,GS:3,KO:5,MRVL:5,MSFT:1,NEM:1,NET:6,NVDA:1,PANW:4,ROST:1,RTX:1,SHIP:3,SHOP:1,TSLA:14,USB:1,WDC:14,STX:8,BTSG:7"
2024-12-18,26938.22,4573.07,62.9,15728.7,580.63,0.0,1.0,"AAPL:2,CDNS:1,CRDO:72,DAL:39,DASH:10,DAVE:1,FCX:1,FTNT:1,GS:3,KO:5,MSFT:1,NEM:1,NET:6,NOW:3,PANW:4,ROST:1,RTX:1,SHIP:3,SHOP:1,TSLA:14,USB:1,WDC:14,STX:8,BTSG:7"
2024-12-19,26946.89,4573.07,0.0,15728.7,580.63,0.0,1.0,"AAPL:2,CDNS:1,CRDO:72,DAL:39,DASH:10,DAVE:1,FCX:1,FTNT:1,GS:3,KO:5,MSFT:1,NEM:1,NET:6,NOW:3,PANW:4,ROST:1,RTX:1,SHIP:3,SHOP:1,TSLA:14,USB:1,WDC:14,STX:8,BTSG:7"
2024-12-20,27025.67,2492.66,0.0,15728.7,582.08,0.0,1.0,"AAPL:2,AVGO:3,CDNS:1,CRDO:72,DAL:39,DASH:10,DAVE:1,FCX:1,FTNT:1,GS:3,KO:5,MRVL:6,MSFT:1,NEM:1,NET:6,NOW:3,NVDA:5,PANW:4,ROST:1,RTX:1,SHIP:3,SHOP:1,TSLA:14,USB:1,VZ:3,WDC:14,STX:8,BTSG:7"
2024-12-23,27237.12,27237.12,1508.41,17237.12,600.16,0.0,0.0,
2024-12-24,27237.12,27237.12,0.0,17237.12,600.16,0.0,0.0,
2024-12-26,27237.12,27237.12,0.0,17237.12,600.16,0.0,0.0,
2024-12-27,27237.12,27237.12,0.0,17237.12,600.16,0.0,0.0,
2024-12-30,27237.12,27237.12,0.0,17237.12,600.16,0.0,0.0,
2024-12-31,27237.12,27237.12,0.0,17237.12,600.16,0.0,0.0,
2025-01-02,27237.12,27237.12,0.0,17237.12,600.16,0.0,0.0,
2025-01-03,27237.12,27237.12,0.0,17237.12,600.16,0.0,0.0,
2025-01-06,27237.12,27237.12,0.0,17237.12,600.16,0.0,0.0,
2025-01-07,27237.12,27237.12,0.0,17237.12,600.16,0.0,0.0,
2025-01-08,27237.12,27237.12,0.0,17237.12,600.16,0.0,0.0,
2025-01-10,27237.12,27237.12,0.0,17237.12,600.16,0.0,0.0,
2025-01-13,27237.12,27237.12,0.0,17237.12,600.16,0.0,0.0,
2025-01-14,27237.12,27237.12,0.0,17237.12,600.16,0.0,0.0,
2025-01-15,27237.12,27237.12,0.0,17237.12,600.16,0.0,0.0,
2025-01-16,27237.12,27237.12,0.0,17237.12,600.16,0.0,0.0,
2025-01-17,27237.12,27237.12,0.0,17237.12,600.16,0.0,0.0,
2025-01-21,27237.12,27237.12,0.0,17237.12,600.16,0.0,0.0,
2025-01-22,27237.12,27237.12,0.0,17237.12,600.16,0.0,0.0,
2025-01-23,27237.12,27237.12,0.0,17237.12,600.16,0.0,0.0,
2025-01-24,27237.12,27237.12,0.0,17237.12,600.16,0.0,0.0,
2025-01-27,26568.24,2653.69,0.0,17237.12,617.36,0.0,1.0,"AAPL:4,AVGO:3,CDNS:1,CRDO:71,DAL:1,DAVE:56,FTNT:5,KO:8,MRVL:7,MSFT:1,NEM:1,NET:4,NOW:3,NVDA:6,ORCL:3,PANW:4,ROST:1,SHOP:7,TSLA:7,USB:2,EOG:1,STX:6,BTSG:139"
2025-01-28,26956.5,26956.5,-280.62,16956.5,635.11,0.0,0.0,
2025-01-29,26956.5,26956.5,0.0,16956.5,635.11,0.0,0.0,
2025-01-30,26956.5,26956.5,0.0,16956.5,635.11,0.0,0.0,
2025-01-31,26956.5,26956.5,0.0,16956.5,635.11,0.0,0.0,
2025-02-03,26956.5,26956.5,0.0,16956.5,635.11,0.0,0.0,
2025-02-04,26956.5,26956.5,0.0,16956.5,635.11,0.0,0.0,
2025-02-05,26956.5,26956.5,0.0,16956.5,635.11,0.0,0.0,
2025-02-06,26956.5,26956.5,0.0,16956.5,635.11,0.0,0.0,
2025-02-07,26956.5,26956.5,0.0,16956.5,635.11,0.0,0.0,
2025-02-10,26956.5,26956.5,0.0,16956.5,635.11,0.0,0.0,
2025-02-11,26956.5,26956.5,0.0,16956.5,635.11,0.0,0.0,
2025-02-12,26956.5,26956.5,0.0,16956.5,635.11,0.0,0.0,
2025-02-13,26956.5,26956.5,0.0,16956.5,635.11,0.0,0.0,
2025-02-14,26956.5,26956.5,0.0,16956.5,635.11,0.0,0.0,
2025-02-18,26956.5,26956.5,0.0,16956.5,635.11,0.0,0.0,
2025-02-19,26956.5,26956.5,0.0,16956.5,635.11,0.0,0.0,
2025-02-20,26956.5,26956.5,0.0,16956.5,635.11,0.0,0.0,
2025-02-21,26956.5,26956.5,0.0,16956.5,635.11,0.0,0.0,
2025-02-24,26956.5,26956.5,0.0,16956.5,635.11,0.0,0.0,
2025-02-25,26956.5,26956.5,0.0,16956.5,635.11,0.0,0.0,
2025-02-26,26956.5,26956.5,0.0,16956.5,635.11,0.0,0.0,
2025-02-27,26956.5,26956.5,0.0,16956.5,635.11,0.0,0.0,
2025-02-28,26956.5,26956.5,0.0,16956.5,635.11,0.0,0.0,
2025-03-03,26956.5,26956.5,0.0,16956.5,635.11,0.0,0.0,
2025-03-04,26956.5,26956.5,0.0,16956.5,635.11,0.0,0.0,
2025-03-05,26956.5,26956.5,0.0,16956.5,635.11,0.0,0.0,
2025-03-06,26956.5,26956.5,0.0,16956.5,635.11,0.0,0.0,
2025-03-07,26956.5,26956.5,0.0,16956.5,635.11,0.0,0.0,
2025-03-10,26956.5,26956.5,0.0,16956.5,635.11,0.0,0.0,
2025-03-11,26956.5,26956.5,0.0,16956.5,635.11,0.0,0.0,
2025-03-12,26956.5,26956.5,0.0,16956.5,635.11,0.0,0.0,
2025-03-13,26956.5,26956.5,0.0,16956.5,635.11,0.0,0.0,
2025-03-14,26956.5,26956.5,0.0,16956.5,635.11,0.0,0.0,
2025-03-17,26956.5,26956.5,0.0,16956.5,635.11,0.0,0.0,
2025-03-18,26543.45,33.28,0.0,16956.5,653.94,0.0,1.0,"AAPL:3,AVGO:5,CRDO:103,CRM:4,CRWD:12,DAVE:56,FTNT:45,INTC:26,NET:35,PANW:6,SHOP:11,SNDK:41"
2025-03-19,27244.53,33.28,0.0,16956.5,653.94,0.0,1.0,"AAPL:3,AVGO:5,CRDO:103,CRM:4,CRWD:12,DAVE:56,FTNT:45,INTC:26,NET:35,PANW:6,SHOP:11,SNDK:41"
2025-03-20,27254.22,2771.87,5.8,16962.3,657.59,0.0,1.0,"AAPL:3,CRDO:103,CRM:4,CRWD:12,DAVE:56,FTNT:45,NET:35,PANW:6,SHOP:11,STX:13"
2025-03-21,27481.29,2771.87,0.0,16962.3,657.59,0.0,1.0,"AAPL:3,CRDO:103,CRM:4,CRWD:12,DAVE:56,FTNT:45,NET:35,PANW:6,SHOP:11,STX:13"
2025-03-24,28533.8,42.76,0.0,16962.3,659.5,0.0,1.0,"AAPL:3,AVGO:6,CRDO:103,CRM:4,CRWD:12,DAVE:56,FTNT:45,INTC:32,NET:35,PANW:6,SHOP:11,STX:13,SNDK:14"
2025-03-25,28692.68,42.76,0.0,16962.3,659.5,0.0,1.0,"AAPL:3,AVGO:6,CRDO:103,CRM:4,CRWD:12,DAVE:56,FTNT:45,INTC:32,NET:35,PANW:6,SHOP:11,STX:13,SNDK:14"
2025-03-26,28563.5,28563.5,1601.2,18563.5,680.33,0.0,0.0,
2025-03-27,28084.65,39.9,0.0,18563.5,700.28,0.0,1.0,"AAPL:5,AVGO:8,CRDO:118,CRM:4,CRWD:10,DAVE:56,FTNT:53,NET:38,PANW:10,SHOP:20"
2025-03-28,27811.72,27811.72,-751.78,17811.72,720.57,0.0,0.0,
2025-03-31,28425.88,6.28,0.0,17811.72,740.02,0.0,1.0,"AAPL:4,AVGO:7,CRDO:106,CRM:4,CRWD:10,DAVE:61,FTNT:53,MRVL:16,NET:45,NVDA:11,PANW:8,SHOP:14,SNDK:1"
2025-04-01,28390.54,28390.54,578.82,18390.54,760.76,0.0,0.0,
2025-04-02,28390.54,28390.54,0.0,18390.54,760.76,0.0,0.0,
2025-04-03,28390.54,28390.54,0.0,18390.54,760.76,0.0,0.0,
2025-04-04,28390.54,28390.54,0.0,18390.54,760.76,0.0,0.0,
2025-04-07,28390.54,28390.54,0.0,18390.54,760.76,0.0,0.0,
2025-04-08,28390.54,28390.54,0.0,18390.54,760.76,0.0,0.0,
2025-04-09,28390.54,28390.54,0.0,18390.54,760.76,0.0,0.0,
2025-04-10,28390.54,28390.54,0.0,18390.54,760.76,0.0,0.0,
2025-04-11,28390.54,28390.54,0.0,18390.54,760.76,0.0,0.0,
2025-04-14,28390.54,28390.54,0.0,18390.54,760.76,0.0,0.0,
2025-04-15,28390.54,28390.54,0.0,18390.54,760.76,0.0,0.0,
2025-04-16,28252.07,11.31,0.0,18390.54,780.61,0.0,1.0,"CRDO:138,CRWD:91,DAVE:62,FTNT:90,NET:6"
2025-04-17,28132.75,11.31,0.0,18390.54,780.61,0.0,1.0,"CRDO:138,CRWD:91,DAVE:62,FTNT:90,NET:6"
2025-04-21,27028.33,11.31,0.0,18390.54,780.61,0.0,1.0,"CRDO:138,CRWD:91,DAVE:62,FTNT:90,NET:6"
2025-04-22,27800.64,11.31,0.0,18390.54,780.61,0.0,1.0,"CRDO:138,CRWD:91,DAVE:62,FTNT:90,NET:6"
2025-04-23,29091.95,11.31,0.0,18390.54,780.61,0.0,1.0,"CRDO:138,CRWD:91,DAVE:62,FTNT:90,NET:6"
2025-04-24,30630.63,11.31,0.0,18390.54,780.61,0.0,1.0,"CRDO:138,CRWD:91,DAVE:62,FTNT:90,NET:6"
2025-04-25,31357.86,11.31,0.0,18390.54,780.61,0.0,1.0,"CRDO:138,CRWD:91,DAVE:62,FTNT:90,NET:6"
2025-04-28,31332.15,11.31,0.0,18390.54,780.61,0.0,1.0,"CRDO:138,CRWD:91,DAVE:62,FTNT:90,NET:6"
2025-04-29,31795.07,4.56,69.51,18460.05,781.65,0.0,1.0,"CRDO:138,CRWD:91,DAVE:62,FTNT:90,PANW:4"
2025-04-30,31657.64,4.56,0.0,18460.05,781.65,0.0,1.0,"CRDO:138,CRWD:91,DAVE:62,FTNT:90,PANW:4"
2025-05-01,32204.21,4.56,0.0,18460.05,781.65,0.0,1.0,"CRDO:138,CRWD:91,DAVE:62,FTNT:90,PANW:4"
2025-05-02,33498.0,4.56,0.0,18460.05,781.65,0.0,1.0,"CRDO:138,CRWD:91,DAVE:62,FTNT:90,PANW:4"
2025-05-05,33867.29,4.56,0.0,18460.05,781.65,0.0,1.0,"CRDO:138,CRWD:91,DAVE:62,FTNT:90,PANW:4"
2025-05-06,33626.18,9637.1,874.04,19334.09,788.69,0.0,1.0,"CRDO:138,CRWD:91,DAVE:62,PANW:4"
2025-05-07,33430.74,26747.4,2513.7,21847.79,801.19,0.0,1.0,CRDO:138
2025-05-08,33836.46,26747.4,0.0,21847.79,801.19,0.0,1.0,CRDO:138
2025-05-09,34078.6,1350.32,0.0,21847.79,818.95,0.0,1.0,"AVGO:18,CDNS:3,CRDO:138,CRM:5,CRWD:39,DAVE:39,MSFT:4,NOW:7,PANW:25,SNDK:36"
2025-05-12,35788.01,47.33,0.0,21847.79,819.86,0.0,1.0,"AVGO:18,CDNS:3,CRDO:138,CRM:5,CRWD:39,DAVE:39,MSFT:4,NOW:7,PANW:25,STX:13,SNDK:36"
2025-05-13,37079.66,2.28,0.0,21847.79,819.9,0.0,1.0,"AVGO:18,CDNS:3,CRDO:138,CRM:5,CRWD:39,DAVE:39,MSFT:4,NOW:7,PANW:25,STX:13,BTSG:2,SNDK:36"
2025-05-14,37186.52,2.28,0.0,21847.79,819.9,0.0,1.0,"AVGO:18,CDNS:3,CRDO:138,CRM:5,CRWD:39,DAVE:39,MSFT:4,NOW:7,PANW:25,STX:13,BTSG:2,SNDK:36"
2025-05-15,37196.1,2.28,0.0,21847.79,819.9,0.0,1.0,"AVGO:18,CDNS:3,CRDO:138,CRM:5,CRWD:39,DAVE:39,MSFT:4,NOW:7,PANW:25,STX:13,BTSG:2,SNDK:36"
2025-05-16,37348.16,2.28,0.0,21847.79,819.9,0.0,1.0,"AVGO:18,CDNS:3,CRDO:138,CRM:5,CRWD:39,DAVE:39,MSFT:4,NOW:7,PANW:25,STX:13,BTSG:2,SNDK:36"
2025-05-19,37067.73,4856.88,2963.5,24811.29,834.79,0.0,1.0,"AVGO:18,CDNS:3,CRM:5,CRWD:39,DAVE:39,KO:7,LRCX:9,MSFT:4,MU:10,NEM:2,NOW:7,NVDA:7,ORCL:6,RL:13,ROST:1,WDC:1,STX:13,BTSG:2,SNDK:36"
2025-05-20,37560.58,14.13,286.89,25098.18,849.71,0.0,1.0,"AVGO:18,BKNG:1,CDNS:3,CRDO:67,CRM:5,CRWD:37,DAL:1,DAVE:39,KO:7,LRCX:9,META:1,MSFT:4,MU:10,NEM:2,NOW:7,NVDA:7,ORCL:6,TSLA:10,WDC:1,STX:13,PGR:1,BTSG:2,SNDK:36"
2025-05-21,36933.56,14.13,0.0,25098.18,849.71,0.0,1.0,"AVGO:18,BKNG:1,CDNS:3,CRDO:67,CRM:5,CRWD:37,DAL:1,DAVE:39,KO:7,LRCX:9,META:1,MSFT:4,MU:10,NEM:2,NOW:7,NVDA:7,ORCL:6,TSLA:10,WDC:1,STX:13,PGR:1,BTSG:2,SNDK:36"
2025-05-22,37324.37,14.13,0.0,25098.18,849.71,0.0,1.0,"AVGO:18,BKNG:1,CDNS:3,CRDO:67,CRM:5,CRWD:37,DAL:1,DAVE:39,KO:7,LRCX:9,META:1,MSFT:4,MU:10,NEM:2,NOW:7,NVDA:7,ORCL:6,TSLA:10,WDC:1,STX:13,PGR:1,BTSG:2,SNDK:36"
2025-05-23,37301.59,14.13,0.0,25098.18,849.71,0.0,1.0,"AVGO:18,BKNG:1,CDNS:3,CRDO:67,CRM:5,CRWD:37,DAL:1,DAVE:39,KO:7,LRCX:9,META:1,MSFT:4,MU:10,NEM:2,NOW:7,NVDA:7,ORCL:6,TSLA:10,WDC:1,STX:13,PGR:1,BTSG:2,SNDK:36"
2025-05-27,38710.8,2352.74,-18.65,25079.53,852.77,0.0,1.0,"AVGO:18,BKNG:1,CDNS:3,CRDO:67,CRWD:37,DAL:1,DAVE:39,KO:7,LRCX:9,META:1,MSFT:4,NEM:2,NOW:7,ORCL:6,PANW:5,TSLA:10,WDC:1,STX:13,PGR:1,BTSG:2,SNDK:36"
2025-05-28,39006.41,16399.2,868.99,25948.52,864.33,0.0,1.0,"BKNG:1,CRWD:37,DAL:1,DAVE:39,GOOGL:4,KO:7,META:1,NEM:2,ORCL:6,PANW:5,TSLA:10,USB:5,WDC:1,STX:13,PGR:1,BTSG:2"
2025-05-29,38529.38,13826.34,0.0,25948.52,866.13,0.0,1.0,"BKNG:1,CRWD:37,DAL:1,DAVE:39,GOOGL:4,KO:7,META:1,NEM:2,ORCL:6,PANW:5,RL:9,TSLA:10,USB:5,WDC:1,STX:13,PGR:1,BTSG:2"
2025-05-30,38244.43,11283.62,0.0,25948.52,867.91,0.0,1.0,"BKNG:1,CRM:3,CRWD:37,DAL:1,DAVE:39,GOOGL:4,KO:7,META:1,MSFT:2,NEM:2,NOW:4,ORCL:6,PANW:5,RL:9,TSLA:10,USB:5,WDC:1,STX:13,PGR:1,BTSG:2"
2025-06-02,38790.22,9028.0,327.57,26276.09,875.82,0.0,1.0,"BKNG:1,CRM:3,DAL:1,DAVE:39,GOOGL:4,KO:7,META:1,MNST:26,MSFT:2,NEM:2,NET:29,NOW:4,ORCL:6,PANW:5,RL:9,SHOP:10,TSLA:10,USB:5,WDC:1,STX:13,PGR:1,BTSG:2"
2025-06-03,39043.07,10670.84,6.03,26282.12,877.02,0.0,1.0,"BKNG:1,CRM:3,DAL:1,DAVE:39,KO:7,META:1,MNST:26,MSFT:2,NEM:2,NET:29,NOW:4,ORCL:6,RL:9,SHOP:10,TSLA:10,USB:5,WDC:1,STX:13,PGR:1,BTSG:2"
2025-06-04,39050.94,3884.48,581.41,26863.52,892.74,0.0,1.0,"BKNG:1,CRDO:52,CRM:3,CRWD:60,DAL:1,DAVE:39,KO:7,LRCX:10,META:1,MNST:26,MSFT:2,MU:9,NEM:2,NOW:4,NVDA:7,RL:9,SHOP:10,TSLA:10,USB:5,PGR:1,BTSG:2,SNDK:28"
2025-06-05,38756.54,10726.55,265.67,27129.2,899.25,0.0,1.0,"BKNG:1,CRM:3,CRWD:60,DAL:1,DAVE:39,FCX:2,KO:7,META:1,MNST:26,MSFT:2,NEM:2,NOW:4,PANW:5,RL:9,SHOP:10,TSLA:10,USB:5,PGR:1,BTSG:2"
2025-06-06,39540.69,2327.41,0.0,27129.2,905.13,0.0,1.0,"BKNG:1,CRM:3,CRWD:60,DAL:1,DAVE:39,DDOG:6,FCX:2,KO:7,META:1,MNST:26,MSFT:2,NEM:2,NET:25,NOW:4,ORCL:6,PANW:5,RL:9,SHOP:10,TSLA:10,USB:5,WDC:20,STX:8,PGR:1,BTSG:2"
2025-06-09,39604.51,3.79,0.0,27129.2,906.75,0.0,1.0,"AVGO:2,BKNG:1,CRDO:25,CRM:3,CRWD:60,DAL:1,DAVE:39,DDOG:6,FCX:2,KO:7,META:1,MNST:26,MSFT:2,NEM:2,NET:25,NOW:4,ORCL:6,PANW:5,RL:9,SHOP:10,TSLA:10,USB:5,WDC:20,STX:8,PGR:1,BTSG:2"
2025-06-10,39725.48,1067.6,18.56,27147.75,907.53,0.0,1.0,"AVGO:2,BKNG:1,CRDO:25,CRM:3,CRWD:60,DAL:1,DAVE:39,DDOG:6,FCX:2,KO:7,META:1,MNST:26,MSFT:2,NEM:2,NET:25,NOW:4,PANW:5,RL:9,SHOP:10,TSLA:10,USB:5,WDC:20,STX:8,PGR:1,BTSG:2"
2025-06-11,40109.81,2404.16,-7.39,27140.36,917.1,0.0,1.0,"AVGO:2,BKNG:1,CRDO:25,CRM:3,CRWD:60,DAL:1,DAVE:39,FCX:2,FTNT:7,GOOGL:3,INTC:24,KO:7,LRCX:8,META:1,MNST:26,MRVL:11,MSFT:2,MU:7,NEM:2,NOW:4,NVDA:6,PANW:5,RL:9,SHOP:10,TSLA:10,USB:5,PGR:1,BTSG:2,SNDK:25"
2025-06-12,40508.8,2895.56,-31.95,27108.41,917.46,0.0,1.0,"AVGO:2,BKNG:1,CRDO:25,CRM:3,CRWD:60,DAL:1,DAVE:39,FCX:2,FTNT:7,GOOGL:3,KO:7,LRCX:8,META:1,MNST:26,MRVL:11,MSFT:2,MU:7,NEM:2,NOW:4,NVDA:6,PANW:5,RL:9,SHOP:10,TSLA:10,USB:5,PGR:1,BTSG:2,SNDK:25"
2025-06-13,39152.63,117.1,0.0,27108.41,919.4,0.0,1.0,"AVGO:2,BKNG:1,CRDO:25,CRM:3,CRWD:60,DAL:1,DAVE:39,DDOG:5,FCX:2,FTNT:7,GOOGL:3,KO:7,LRCX:8,META:1,MNST:26,MRVL:11,MSFT:2,MU:7,NEM:2,NET:13,NOW:4,NVDA:6,PANW:5,RL:9,SHOP:10,TSLA:10,USB:5,PGR:1,BTSG:2,SNDK:25"
2025-06-16,40094.69,16.95,-10.97,27097.43,920.55,0.0,1.0,"AVGO:2,BKNG:1,CRDO:25,CRM:3,CRWD:60,DAL:1,DAVE:39,DDOG:5,FCX:2,FTNT:7,GOOGL:3,KO:7,LRCX:8,META:1,MNST:26,MSFT:2,MU:7,NEM:2,NET:13,NOW:4,NVDA:6,ORCL:4,PANW:5,RL:9,SHOP:10,TSLA:10,USB:5,PGR:1,BTSG:2,SNDK:25"
2025-06-17,39617.8,16.95,0.0,27097.43,920.55,0.0,1.0,"AVGO:2,BKNG:1,CRDO:25,CRM:3,CRWD:60,DAL:1,DAVE:39,DDOG:5,FCX:2,FTNT:7,GOOGL:3,KO:7,LRCX:8,META:1,MNST:26,MSFT:2,MU:7,NEM:2,NET:13,NOW:4,NVDA:6,ORCL:4,PANW:5,RL:9,SHOP:10,TSLA:10,USB:5,PGR:1,BTSG:2,SNDK:25"
2025-06-18,39668.77,16.95,0.0,27097.43,920.55,0.0,1.0,"AVGO:2,BKNG:1,CRDO:25,CRM:3,CRWD:60,DAL:1,DAVE:39,DDOG:5,FCX:2,FTNT:7,GOOGL:3,KO:7,LRCX:8,META:1,MNST:26,MSFT:2,MU:7,NEM:2,NET:13,NOW:4,NVDA:6,ORCL:4,PANW:5,RL:9,SHOP:10,TSLA:10,USB:5,PGR:1,BTSG:2,SNDK:25"
2025-06-20,39767.93,16.95,0.0,27097.43,920.55,0.0,1.0,"AVGO:2,BKNG:1,CRDO:25,CRM:3,CRWD:60,DAL:1,DAVE:39,DDOG:5,FCX:2,FTNT:7,GOOGL:3,KO:7,LRCX:8,META:1,MNST:26,MSFT:2,MU:7,NEM:2,NET:13,NOW:4,NVDA:6,ORCL:4,PANW:5,RL:9,SHOP:10,TSLA:10,USB:5,PGR:1,BTSG:2,SNDK:25"
2025-06-23,40337.9,5607.4,219.15,27316.58,926.84,0.0,1.0,"AVGO:2,BKNG:1,CRDO:25,CRM:3,DAL:1,DAVE:39,DDOG:5,FTNT:7,GOOGL:3,INTC:35,KO:7,LRCX:8,META:1,MNST:26,MRVL:11,MSFT:2,MU:7,NEM:2,NET:13,NOW:4,NVDA:6,ORCL:4,PANW:5,RL:9,SHOP:10,TSLA:10,USB:5,PGR:1,BTSG:2,SNDK:25"
2025-06-24,41445.53,6501.39,85.08,27401.66,927.49,0.0,1.0,"AVGO:2,BKNG:1,CRDO:25,CRM:3,DAL:1,DAVE:39,DDOG:5,FTNT:7,GOOGL:3,INTC:35,KO:7,LRCX:8,META:1,MNST:26,MRVL:11,MSFT:2,NEM:2,NET:13,NOW:4,NVDA:6,ORCL:4,PANW:5,RL:9,SHOP:10,TSLA:10,USB:5,PGR:1,BTSG:2,SNDK:25"
2025-06-25,41330.05,7578.6,812.83,28214.49,937.23,0.0,1.0,"BKNG:1,CRM:3,CRWD:33,DAL:1,DAVE:39,DDOG:5,FTNT:7,GOOGL:3,KO:7,META:1,MNST:26,MSFT:2,NEM:2,NET:13,NOW:4,ORCL:4,PANW:5,RL:9,SHOP:10,TSLA:10,USB:5,WDC:18,STX:8,PGR:1,BTSG:2"
2025-06-26,42139.94,7578.6,0.0,28214.49,937.23,0.0,1.0,"BKNG:1,CRM:3,CRWD:33,DAL:1,DAVE:39,DDOG:5,FTNT:7,GOOGL:3,KO:7,META:1,MNST:26,MSFT:2,NEM:2,NET:13,NOW:4,ORCL:4,PANW:5,RL:9,SHOP:10,TSLA:10,USB:5,WDC:18,STX:8,PGR:1,BTSG:2"
2025-06-27,42371.56,19.41,0.0,28214.49,942.52,0.0,1.0,"AMD:3,AVGO:2,BKNG:1,CRDO:69,CRM:3,CRWD:33,DAL:1,DAVE:39,DDOG:5,FTNT:7,GOOGL:3,INTC:3,KO:7,META:1,MNST:26,MSFT:2,NEM:2,NET:13,NOW:4,ORCL:4,PANW:5,RL:9,SHOP:10,TSLA:10,USB:5,WDC:18,STX:8,PGR:1,BTSG:2"
2025-06-30,43218.59,19.41,0.0,28214.49,942.52,0.0,1.0,"AMD:3,AVGO:2,BKNG:1,CRDO:69,CRM:3,CRWD:33,DAL:1,DAVE:39,DDOG:5,FTNT:7,GOOGL:3,INTC:3,KO:7,META:1,MNST:26,MSFT:2,NEM:2,NET:13,NOW:4,ORCL:4,PANW:5,RL:9,SHOP:10,TSLA:10,USB:5,WDC:18,STX:8,PGR:1,BTSG:2"
2025-07-01,41944.57,19.41,0.0,28214.49,942.52,0.0,1.0,"AMD:3,AVGO:2,BKNG:1,CRDO:69,CRM:3,CRWD:33,DAL:1,DAVE:39,DDOG:5,FTNT:7,GOOGL:3,INTC:3,KO:7,META:1,MNST:26,MSFT:2,NEM:2,NET:13,NOW:4,ORCL:4,PANW:5,RL:9,SHOP:10,TSLA:10,USB:5,WDC:18,STX:8,PGR:1,BTSG:2"
2025-07-02,42820.48,19.41,0.0,28214.49,942.52,0.0,1.0,"AMD:3,AVGO:2,BKNG:1,CRDO:69,CRM:3,CRWD:33,DAL:1,DAVE:39,DDOG:5,FTNT:7,GOOGL:3,INTC:3,KO:7,META:1,MNST:26,MSFT:2,NEM:2,NET:13,NOW:4,ORCL:4,PANW:5,RL:9,SHOP:10,TSLA:10,USB:5,WDC:18,STX:8,PGR:1,BTSG:2"
2025-07-03,44051.87,19.41,0.0,28214.49,942.52,0.0,1.0,"AMD:3,AVGO:2,BKNG:1,CRDO:69,CRM:3,CRWD:33,DAL:1,DAVE:39,DDOG:5,FTNT:7,GOOGL:3,INTC:3,KO:7,META:1,MNST:26,MSFT:2,NEM:2,NET:13,NOW:4,ORCL:4,PANW:5,RL:9,SHOP:10,TSLA:10,USB:5,WDC:18,STX:8,PGR:1,BTSG:2"
2025-07-07,43662.56,19.41,0.0,28214.49,942.52,0.0,1.0,"AMD:3,AVGO:2,BKNG:1,CRDO:69,CRM:3,CRWD:33,DAL:1,DAVE:39,DDOG:5,FTNT:7,GOOGL:3,INTC:3,KO:7,META:1,MNST:26,MSFT:2,NEM:2,NET:13,NOW:4,ORCL:4,PANW:5,RL:9,SHOP:10,TSLA:10,USB:5,WDC:18,STX:8,PGR:1,BTSG:2"
2025-07-08,42909.28,19.41,0.0,28214.49,942.52,0.0,1.0,"AMD:3,AVGO:2,BKNG:1,CRDO:69,CRM:3,CRWD:33,DAL:1,DAVE:39,DDOG:5,FTNT:7,GOOGL:3,INTC:3,KO:7,META:1,MNST:26,MSFT:2,NEM:2,NET:13,NOW:4,ORCL:4,PANW:5,RL:9,SHOP:10,TSLA:10,USB:5,WDC:18,STX:8,PGR:1,BTSG:2"
2025-07-09,42621.75,23.82,0.17,28214.66,942.59,0.0,1.0,"AMD:3,AVGO:2,BKNG:1,CRDO:69,CRM:3,CRWD:33,DAVE:39,DDOG:5,FCX:1,FTNT:7,GOOGL:3,INTC:3,KO:7,META:1,MNST:26,MSFT:2,NEM:2,NET:13,NOW:4,ORCL:4,PANW:5,RL:9,SHOP:10,TSLA:10,USB:5,WDC:18,STX:8,PGR:1,BTSG:2"
2025-07-10,41613.46,23.82,0.0,28214.66,942.59,0.0,1.0,"AMD:3,AVGO:2,BKNG:1,CRDO:69,CRM:3,CRWD:33,DAVE:39,DDOG:5,FCX:1,FTNT:7,GOOGL:3,INTC:3,KO:7,META:1,MNST:26,MSFT:2,NEM:2,NET:13,NOW:4,ORCL:4,PANW:5,RL:9,SHOP:10,TSLA:10,USB:5,WDC:18,STX:8,PGR:1,BTSG:2"
2025-07-11,40509.75,14.12,-7.95,28206.7,943.98,0.0,1.0,"AMD:3,AVGO:2,BKNG:1,CRDO:69,CRM:3,CRWD:33,DAVE:39,DDOG:5,FCX:1,FTNT:7,GOOGL:3,INTC:3,KO:7,META:1,MNST:26,MSFT:2,NEM:2,NET:13,NOW:4,ORCL:4,RL:9,SHOP:10,TSLA:10,USB:5,WDC:18,STX:8,PGR:1,BTSG:2,SNDK:21"
2025-07-14,41103.63,14.12,0.0,28206.7,943.98,0.0,1.0,"AMD:3,AVGO:2,BKNG:1,CRDO:69,CRM:3,CRWD:33,DAVE:39,DDOG:5,FCX:1,FTNT:7,GOOGL:3,INTC:3,KO:7,META:1,MNST:26,MSFT:2,NEM:2,NET:13,NOW:4,ORCL:4,RL:9,SHOP:10,TSLA:10,USB:5,WDC:18,STX:8,PGR:1,BTSG:2,SNDK:21"
2025-07-15,40887.1,256.02,-45.36,28161.34,944.15,0.0,1.0,"AMD:3,AVGO:2,BKNG:1,CRDO:69,CRM:3,CRWD:33,DAVE:39,DDOG:5,FCX:1,FTNT:7,GOOGL:3,INTC:3,KO:7,META:1,MNST:26,MSFT:2,NEM:2,NET:13,NOW:4,ORCL:4,RL:9,SHOP:10,TSLA:10,USB:5,WDC:18,STX:8,BTSG:2,SNDK:21"
2025-07-16,40478.67,110.78,-69.59,28091.76,946.38,0.0,1.0,"AMD:3,AVGO:2,BKNG:1,CRDO:69,CRM:3,CRWD:33,DAL:1,DAVE:39,DDOG:5,FCX:1,FTNT:7,GOOGL:3,INTC:3,LRCX:5,META:1,MRVL:12,MSFT:2,MU:1,NEM:2,NET:13,NOW:4,ORCL:4,RL:9,SHOP:10,TSLA:10,WDC:18,EOG:1,STX:8,BTSG:2,SNDK:21"
2025-07-17,40988.33,110.78,0.0,28091.76,946.38,0.0,1.0,"AMD:3,AVGO:2,BKNG:1,CRDO:69,CRM:3,CRWD:33,DAL:1,DAVE:39,DDOG:5,FCX:1,FTNT:7,GOOGL:3,INTC:3,LRCX:5,META:1,MRVL:12,MSFT:2,MU:1,NEM:2,NET:13,NOW:4,ORCL:4,RL:9,SHOP:10,TSLA:10,WDC:18,EOG:1,STX:8,BTSG:2,SNDK:21"
2025-07-18,41535.82,110.78,0.0,28091.76,946.38,0.0,1.0,"AMD:3,AVGO:2,BKNG:1,CRDO:69,CRM:3,CRWD:33,DAL:1,DAVE:39,DDOG:5,FCX:1,FTNT:7,GOOGL:3,INTC:3,LRCX:5,META:1,MRVL:12,MSFT:2,MU:1,NEM:2,NET:13,NOW:4,ORCL:4,RL:9,SHOP:10,TSLA:10,WDC:18,EOG:1,STX:8,BTSG:2,SNDK:21"
2025-07-21,40908.55,110.78,0.0,28091.76,946.38,0.0,1.0,"AMD:3,AVGO:2,BKNG:1,CRDO:69,CRM:3,CRWD:33,DAL:1,DAVE:39,DDOG:5,FCX:1,FTNT:7,GOOGL:3,INTC:3,LRCX:5,META:1,MRVL:12,MSFT:2,MU:1,NEM:2,NET:13,NOW:4,ORCL:4,RL:9,SHOP:10,TSLA:10,WDC:18,EOG:1,STX:8,BTSG:2,SNDK:21"
2025-07-22,40282.17,4815.57,-182.82,27908.93,949.81,0.0,1.0,"AMD:3,AVGO:2,BKNG:1,CRDO:69,CRM:3,CRWD:33,DAL:1,DAVE:39,DDOG:5,FTNT:7,INTC:3,LRCX:5,META:1,MRVL:12,MSFT:2,MU:1,NEM:2,NET:13,ORCL:4,RL:9,SHOP:10,WDC:18,EOG:1,STX:8,BTSG:2,SNDK:21"
2025-07-23,41388.07,4535.85,259.37,28168.31,954.61,0.0,1.0,"AMD:3,AVGO:2,BKNG:1,CRDO:69,CRWD:33,DAL:1,DAVE:39,DDOG:5,FTNT:7,KO:8,LRCX:5,META:1,MNST:15,MRVL:12,MU:1,NET:13,NVDA:11,ORCL:4,PEP:1,RL:9,USB:5,WDC:18,EOG:1,STX:8,PGR:1,BTSG:2,SNDK:21"
2025-07-24,41572.49,16915.68,451.45,28619.76,963.65,0.0,1.0,"BKNG:1,CRWD:33,DAL:1,DAVE:39,DDOG:5,FTNT:7,KO:8,META:1,MNST:15,NET:13,ORCL:4,RL:9,USB:5,WDC:18,EOG:1,STX:8,PGR:1,BTSG:2"
2025-07-25,41824.05,7427.05,0.0,28619.76,970.29,0.0,1.0,"BKNG:1,CRM:5,CRWD:33,DAL:1,DAVE:39,DDOG:5,FCX:2,FTNT:7,GOOGL:6,KO:8,MDB:6,META:1,MNST:15,MSFT:3,NET:13,NOW:9,ORCL:4,RL:9,SHIP:9,SHOP:17,USB:5,WDC:18,EOG:1,STX:8,PGR:1,BTSG:2"
2025-07-28,42077.62,3310.99,126.27,28746.03,985.14,0.0,1.0,"AMD:6,AVGO:3,CRDO:11,CRWD:33,DAL:1,DAVE:39,DDOG:5,FCX:2,FTNT:7,GOOGL:6,KO:8,LRCX:15,MDB:6,META:1,MNST:15,MRVL:21,MU:20,NEM:1,NET:13,NVDA:11,ORCL:4,RL:9,SHIP:9,USB:5,WDC:18,PGR:1,SNDK:50"
2025-07-29,42425.94,4830.26,944.44,29690.47,997.3,0.0,1.0,"AMD:6,AVGO:3,CRDO:11,CRWD:33,DAL:1,DAVE:39,FCX:2,FTNT:7,GOOGL:6,KO:8,MNST:15,MRVL:21,MU:20,NEM:1,NET:38,NVDA:11,RL:9,SHIP:9,USB:5,EOG:1,PGR:1,SNDK:50"
2025-07-30,43340.47,23624.12,296.48,29986.95,1011.08,0.0,1.0,"CRWD:33,DAL:1,DAVE:39,FCX:2,FTNT:7,GOOGL:6,KO:8,MNST:15,NEM:1,RL:9,SHIP:9,USB:5,EOG:1,PGR:1,BTSG:2"
2025-07-31,43022.95,26316.0,148.18,30135.13,1013.37,0.0,1.0,"BKNG:1,CRWD:33,DAL:1,DAVE:39,FTNT:7,GOOGL:6,KO:8,MNST:15,NEM:1,USB:5,EOG:1,PGR:1"
2025-08-01,42732.45,20.01,-7.77,30127.36,1032.29,0.0,1.0,"AMD:6,AVGO:4,BKNG:1,CDNS:3,CRDO:12,CRWD:33,DAL:1,DAVE:39,FCX:2,FTNT:7,GOOGL:6,KO:8,LRCX:17,META:2,MNST:15,MRVL:21,MSFT:3,MU:22,NEM:1,NET:38,NOW:10,NVDA:11,SHOP:17,USB:5,SNDK:1"
2025-08-04,44317.46,1082.12,37.64,30165.0,1033.17,0.0,1.0,"AVGO:4,BKNG:1,CDNS:3,CRDO:12,CRWD:33,DAL:1,DAVE:39,FTNT:7,GOOGL:6,KO:8,LRCX:17,META:2,MNST:15,MRVL:21,MSFT:3,MU:22,NEM:1,NET:38,NOW:10,NVDA:11,SHOP:17,USB:5,WDC:1,SNDK:1"
2025-08-05,43660.37,18956.97,3782.03,33947.03,1059.19,0.0,1.0,"BKNG:1,CRWD:33,DAL:1,DDOG:17,FCX:2,GOOGL:6,KO:8,META:2,MNST:15,NEM:1,NET:38,ORCL:8,PANW:12,ROST:1,USB:5,WDC:1,STX:15"
2025-08-06,44028.59,31450.09,-581.69,33365.34,1069.42,0.0,1.0,"DAL:1,GOOGL:6,GS:1,KO:8,META:2,NEM:1,NET:38,SHIP:6,USB:5"
2025-08-07,43126.3,6049.43,-2.27,33363.07,1087.98,0.0,1.0,"AVGO:11,CDNS:1,CRDO:30,DAL:1,DAVE:39,GOOGL:6,GS:1,LRCX:8,META:2,MRVL:10,MSFT:2,MU:10,NEM:1,NET:38,NOW:5,NVDA:5,SHIP:6,SHOP:26,USB:5,SNDK:27"
2025-08-08,42747.04,26.0,0.0,33363.07,1092.19,0.0,1.0,"AVGO:11,BKNG:1,CDNS:1,CRDO:30,CRWD:11,DAL:1,DAVE:39,DDOG:8,FCX:1,FTNT:9,GOOGL:6,GS:1,LRCX:8,META:2,MRVL:10,MSFT:2,MU:10,NEM:1,NET:38,NOW:5,NVDA:5,ORCL:4,SHIP:6,SHOP:26,USB:5,WDC:8,STX:8,SNDK:27"
2025-08-11,42644.72,80.81,-61.7,33301.37,1093.63,0.0,1.0,"AVGO:11,BKNG:1,CDNS:1,CRDO:30,CRWD:11,DAL:1,DAVE:39,FCX:1,FTNT:9,GOOGL:6,GS:1,KO:3,LRCX:8,META:2,MNST:3,MRVL:10,MSFT:2,MU:10,NEM:1,NET:38,NOW:5,NVDA:5,ORCL:4,PANW:4,SHIP:6,SHOP:26,USB:5,WDC:8,STX:8,SNDK:27"
2025-08-12,43369.89,309.89,15.43,33316.8,1094.45,0.0,1.0,"AAPL:2,AVGO:11,BKNG:1,CDNS:1,CRDO:30,CRWD:11,DAL:1,DAVE:39,FCX:1,FTNT:9,GOOGL:6,GS:1,KO:3,LRCX:8,META:2,MNST:3,MRVL:10,MSFT:2,MU:10,NEM:1,NET:38,NOW:5,NVDA:5,ORCL:4,SHIP:6,SHOP:26,USB:5,WDC:8,STX:8,SNDK:27"
2025-08-13,43976.98,12733.82,713.96,34030.76,1103.53,0.0,1.0,"AAPL:2,BKNG:1,CDNS:1,CRWD:11,DAL:1,DAVE:39,FCX:1,FTNT:9,GOOGL:6,GS:1,KO:3,META:2,MNST:3,MSFT:2,NEM:1,NET:38,NOW:5,ORCL:4,SHIP:6,SHOP:26,USB:5,WDC:8,STX:8"
2025-08-14,43655.75,12733.82,0.0,34030.76,1103.53,0.0,1.0,"AAPL:2,BKNG:1,CDNS:1,CRWD:11,DAL:1,DAVE:39,FCX:1,FTNT:9,GOOGL:6,GS:1,KO:3,META:2,MNST:3,MSFT:2,NEM:1,NET:38,NOW:5,ORCL:4,SHIP:6,SHOP:26,USB:5,WDC:8,STX:8"
2025-08-15,43836.65,12733.82,0.0,34030.76,1103.53,0.0,1.0,"AAPL:2,BKNG:1,CDNS:1,CRWD:11,DAL:1,DAVE:39,FCX:1,FTNT:9,GOOGL:6,GS:1,KO:3,META:2,MNST:3,MSFT:2,NEM:1,NET:38,NOW:5,ORCL:4,SHIP:6,SHOP:26,USB:5,WDC:8,STX:8"
2025-08-18,44213.97,15.09,13.56,34044.32,1115.12,0.0,1.0,"AAPL:2,AVGO:17,BKNG:1,CDNS:1,CRDO:45,DAL:1,DAVE:39,FCX:1,GOOGL:6,GS:1,KO:3,LRCX:8,META:2,MNST:3,MSFT:2,MU:10,NEM:1,NET:38,NOW:5,NVDA:6,ORCL:4,PEP:1,SHIP:6,SHOP:26,USB:5,WDC:8,STX:8,SNDK:22"
2025-08-19,42438.48,15.09,0.0,34044.32,1115.12,0.0,1.0,"AAPL:2,AVGO:17,BKNG:1,CDNS:1,CRDO:45,DAL:1,DAVE:39,FCX:1,GOOGL:6,GS:1,KO:3,LRCX:8,META:2,MNST:3,MSFT:2,MU:10,NEM:1,NET:38,NOW:5,NVDA:6,ORCL:4,PEP:1,SHIP:6,SHOP:26,USB:5,WDC:8,STX:8,SNDK:22"
2025-08-20,42028.03,62.29,-39.93,34004.38,1116.35,0.0,1.0,"AAPL:2,AVGO:17,BKNG:1,CDNS:1,CRDO:45,CRWD:2,DAL:1,DAVE:39,FCX:1,FTNT:8,GOOGL:6,GS:1,KO:3,LRCX:8,META:2,MNST:3,MSFT:2,MU:10,NEM:1,NET:38,NVDA:6,ORCL:4,PEP:1,SHIP:6,SHOP:26,USB:5,WDC:8,STX:8,SNDK:22"
2025-08-21,42039.0,62.29,0.0,34004.38,1116.35,0.0,1.0,"AAPL:2,AVGO:17,BKNG:1,CDNS:1,CRDO:45,CRWD:2,DAL:1,DAVE:39,FCX:1,FTNT:8,GOOGL:6,GS:1,KO:3,LRCX:8,META:2,MNST:3,MSFT:2,MU:10,NEM:1,NET:38,NVDA:6,ORCL:4,PEP:1,SHIP:6,SHOP:26,USB:5,WDC:8,STX:8,SNDK:22"
2025-08-22,43295.68,62.29,0.0,34004.38,1116.35,0.0,1.0,"AAPL:2,AVGO:17,BKNG:1,CDNS:1,CRDO:45,CRWD:2,DAL:1,DAVE:39,FCX:1,FTNT:8,GOOGL:6,GS:1,KO:3,LRCX:8,META:2,MNST:3,MSFT:2,MU:10,NEM:1,NET:38,NVDA:6,ORCL:4,PEP:1,SHIP:6,SHOP:26,USB:5,WDC:8,STX:8,SNDK:22"
2025-08-25,43315.47,62.29,0.0,34004.38,1116.35,0.0,1.0,"AAPL:2,AVGO:17,BKNG:1,CDNS:1,CRDO:45,CRWD:2,DAL:1,DAVE:39,FCX:1,FTNT:8,GOOGL:6,GS:1,KO:3,LRCX:8,META:2,MNST:3,MSFT:2,MU:10,NEM:1,NET:38,NVDA:6,ORCL:4,PEP:1,SHIP:6,SHOP:26,USB:5,WDC:8,STX:8,SNDK:22"
2025-08-26,44137.57,4030.09,79.86,34084.24,1120.19,0.0,1.0,"AVGO:17,BKNG:1,CDNS:1,CRDO:45,DAL:1,DAVE:39,FCX:1,FTNT:8,GOOGL:6,GS:1,INTC:16,KO:3,LRCX:8,META:2,MNST:3,MSFT:2,MU:10,NEM:1,NET:38,PEP:1,ROST:1,SHIP:6,SHOP:26,USB:5,EOG:1,SNDK:22"
2025-08-27,44342.55,16776.12,139.4,34223.64,1132.05,0.0,1.0,"BKNG:1,CDNS:1,DAL:1,DAVE:39,FCX:1,GOOGL:6,GS:1,KO:3,META:2,MNST:3,MSFT:2,NEM:1,NET:38,PEP:1,RL:6,ROST:1,SHIP:6,SHOP:26,USB:5,EOG:1"
2025-08-28,45390.47,6375.98,0.0,34223.64,1139.33,0.0,1.0,"AAPL:2,BKNG:1,CDNS:1,DAL:1,DAVE:39,FCX:1,GOOGL:6,GS:1,KO:3,MDB:2,META:2,MNST:3,MSFT:2,NEM:1,NET:38,ORCL:4,PEP:1,RL:6,ROST:1,SHIP:6,SHOP:26,USB:5,WDC:52,EOG:1,STX:25"
2025-08-29,44642.72,4517.01,0.0,34223.64,1140.63,0.0,1.0,"AAPL:2,BKNG:1,CDNS:1,CRWD:11,DAL:1,DAVE:39,FCX:1,FTNT:8,GOOGL:6,GS:1,KO:3,MDB:2,META:2,MNST:3,MSFT:2,NEM:1,NET:38,ORCL:4,PEP:1,RL:6,ROST:1,SHIP:6,SHOP:26,USB:5,WDC:52,EOG:1,STX:25"
2025-09-02,44730.92,7.65,0.0,34223.64,1143.78,0.0,1.0,"AAPL:2,AMD:7,AVGO:11,BKNG:1,CDNS:1,CRWD:11,DAL:1,DAVE:39,FCX:1,FTNT:8,GOOGL:6,GS:1,INTC:9,KO:3,MDB:2,META:2,MNST:3,MSFT:2,NEM:1,NET:38,ORCL:4,PEP:1,RL:6,ROST:1,SHIP:6,SHOP:26,USB:5,WDC:52,EOG:1,STX:25"
2025-09-03,44968.05,10244.59,-321.35,33902.29,1151.29,0.0,1.0,"AAPL:2,BKNG:1,CRWD:11,DAL:1,DAVE:39,FCX:1,GOOGL:6,GS:1,KO:3,MDB:2,META:2,MNST:3,NEM:1,NET:38,ORCL:4,PEP:1,RL:6,ROST:1,SHIP:6,USB:5,WDC:52,EOG:1,STX:25,BTSG:1"
2025-09-04,45313.19,10244.59,0.0,33902.29,1151.29,0.0,1.0,"AAPL:2,BKNG:1,CRWD:11,DAL:1,DAVE:39,FCX:1,GOOGL:6,GS:1,KO:3,MDB:2,META:2,MNST:3,NEM:1,NET:38,ORCL:4,PEP:1,RL:6,ROST:1,SHIP:6,USB:5,WDC:52,EOG:1,STX:25,BTSG:1"
2025-09-05,45606.48,7696.68,0.0,33902.29,1153.08,0.0,1.0,"AAPL:2,BKNG:1,CDNS:1,CRWD:11,DAL:1,DAVE:39,FCX:1,GOOGL:6,GS:1,KO:3,MDB:2,META:2,MNST:3,MSFT:2,NEM:1,NET:38,ORCL:4,PEP:1,RL:6,ROST:1,SHIP:6,SHOP:8,USB:5,WDC:52,EOG:1,STX:25,BTSG:1"
2025-09-08,45882.45,8190.22,672.92,34575.21,1166.02,0.0,1.0,"AAPL:2,AMD:7,AVGO:17,BKNG:1,CDNS:1,CRDO:5,CRWD:11,DAL:1,DAVE:39,FCX:1,GOOGL:6,GS:1,INTC:7,KO:3,MDB:2,META:2,MNST:3,MSFT:2,NEM:1,NVDA:6,PEP:1,RL:6,ROST:1,SHIP:6,SHOP:8,USB:5,WDC:52,STX:25,BTSG:1"
2025-09-09,46688.77,12342.56,1208.18,35783.39,1178.37,0.0,1.0,"AMD:7,AVGO:17,BKNG:1,CDNS:1,CRDO:5,CRWD:11,DAL:1,DAVE:39,FCX:1,GOOGL:6,GS:1,INTC:7,KO:3,LRCX:7,META:2,MNST:3,MSFT:2,MU:7,NEM:1,NVDA:6,PEP:1,RL:6,ROST:1,SHIP:6,SHOP:8,USB:5,BTSG:1,SNDK:69"
2025-09-10,47522.18,12342.56,0.0,35783.39,1178.37,0.0,1.0,"AMD:7,AVGO:17,BKNG:1,CDNS:1,CRDO:5,CRWD:11,DAL:1,DAVE:39,FCX:1,GOOGL:6,GS:1,INTC:7,KO:3,LRCX:7,META:2,MNST:3,MSFT:2,MU:7,NEM:1,NVDA:6,PEP:1,RL:6,ROST:1,SHIP:6,SHOP:8,USB:5,BTSG:1,SNDK:69"
2025-09-11,48678.09,11185.5,-12.49,35770.91,1179.67,0.0,1.0,"AAPL:3,AMD:7,AVGO:17,BKNG:1,CRDO:5,CRWD:11,DAL:1,DAVE:39,DDOG:5,FCX:1,GOOGL:6,GS:1,INTC:7,KO:3,LRCX:7,META:2,MNST:3,MSFT:2,MU:7,NEM:1,NVDA:6,PEP:1,RL:6,ROST:1,SHIP:6,SHOP:8,USB:5,EOG:1,BTSG:1,SNDK:69"
2025-09-12,49065.93,10633.12,1.4,35772.3,1180.23,0.0,1.0,"AAPL:3,AMD:7,AVGO:17,BKNG:1,CRDO:5,CRWD:11,DAL:1,DAVE:39,DDOG:5,FCX:1,GOOGL:6,GS:1,INTC:7,KO:3,LRCX:7,MDB:2,META:2,MNST:3,MSFT:2,MU:7,NEM:1,NVDA:6,PEP:1,RL:6,ROST:1,SHIP:6,SHOP:8,USB:5,BTSG:1,SNDK:69"
2025-09-15,49235.24,10633.12,0.0,35772.3,1180.23,0.0,1.0,"AAPL:3,AMD:7,AVGO:17,BKNG:1,CRDO:5,CRWD:11,DAL:1,DAVE:39,DDOG:5,FCX:1,GOOGL:6,GS:1,INTC:7,KO:3,LRCX:7,MDB:2,META:2,MNST:3,MSFT:2,MU:7,NEM:1,NVDA:6,PEP:1,RL:6,ROST:1,SHIP:6,SHOP:8,USB:5,BTSG:1,SNDK:69"
2025-09-16,49011.56,3769.23,-10.16,35762.14,1185.23,0.0,1.0,"AAPL:3,AMD:7,AVGO:17,BKNG:1,CRDO:5,CRWD:11,DAL:1,DAVE:39,DDOG:5,FCX:1,GOOGL:6,GS:1,INTC:7,KO:3,LRCX:7,MDB:2,META:2,MNST:3,MSFT:2,MU:7,NEM:1,NVDA:6,RL:6,ROST:1,SHIP:6,SHOP:8,USB:5,STX:33,BTSG:1,SNDK:69"
2025-09-17,49106.89,3769.23,0.0,35762.14,1185.23,0.0,1.0,"AAPL:3,AMD:7,AVGO:17,BKNG:1,CRDO:5,CRWD:11,DAL:1,DAVE:39,DDOG:5,FCX:1,GOOGL:6,GS:1,INTC:7,KO:3,LRCX:7,MDB:2,META:2,MNST:3,MSFT:2,MU:7,NEM:1,NVDA:6,RL:6,ROST:1,SHIP:6,SHOP:8,USB:5,STX:33,BTSG:1,SNDK:69"
2025-09-18,50377.92,3769.23,0.0,35762.14,1185.23,0.0,1.0,"AAPL:3,AMD:7,AVGO:17,BKNG:1,CRDO:5,CRWD:11,DAL:1,DAVE:39,DDOG:5,FCX:1,GOOGL:6,GS:1,INTC:7,KO:3,LRCX:7,MDB:2,META:2,MNST:3,MSFT:2,MU:7,NEM:1,NVDA:6,RL:6,ROST:1,SHIP:6,SHOP:8,USB:5,STX:33,BTSG:1,SNDK:69"
2025-09-19,51194.26,3769.23,0.0,35762.14,1185.23,0.0,1.0,"AAPL:3,AMD:7,AVGO:17,BKNG:1,CRDO:5,CRWD:11,DAL:1,DAVE:39,DDOG:5,FCX:1,GOOGL:6,GS:1,INTC:7,KO:3,LRCX:7,MDB:2,META:2,MNST:3,MSFT:2,MU:7,NEM:1,NVDA:6,RL:6,ROST:1,SHIP:6,SHOP:8,USB:5,STX:33,BTSG:1,SNDK:69"
2025-09-22,51576.75,4919.87,226.97,35989.11,1186.07,0.0,1.0,"AAPL:3,AMD:7,AVGO:17,BKNG:1,CRDO:5,CRWD:11,DAL:1,DAVE:39,DDOG:5,FCX:1,GOOGL:6,GS:1,INTC:7,KO:3,LRCX:7,MDB:2,META:2,MNST:3,MSFT:2,NEM:1,NVDA:6,RL:6,ROST:1,SHIP:6,SHOP:8,USB:5,STX:33,BTSG:1,SNDK:69"
2025-09-23,51000.12,15395.7,2778.3,38767.41,1203.29,0.0,1.0,"AAPL:3,BKNG:1,CRWD:11,DAL:1,DAVE:39,DDOG:5,FCX:1,GOOGL:6,GS:1,KO:3,MDB:2,META:2,MNST:3,MSFT:2,NEM:1,NET:6,PEP:1,RL:6,ROST:1,SHIP:6,SHOP:8,USB:5,WDC:46,STX:33,BTSG:1"
2025-09-24,50629.08,15166.09,0.0,38767.41,1203.46,0.0,1.0,"AAPL:3,BKNG:1,CRWD:11,DAL:1,DAVE:39,DDOG:5,FCX:1,GOOGL:6,GS:1,KO:3,MDB:2,META:2,MNST:3,MSFT:2,NEM:1,NET:6,PEP:1,RL:6,ROST:1,SHIP:6,SHOP:8,UNP:1,USB:5,WDC:46,STX:33,BTSG:1"
2025-09-25,50205.87,10721.65,0.0,38767.41,1206.56,0.0,1.0,"AAPL:3,AMD:9,AVGO:2,BKNG:1,CRDO:10,CRWD:11,DAL:1,DAVE:39,DDOG:5,FCX:1,GOOGL:6,GS:1,INTC:31,KO:3,MDB:2,META:2,MNST:3,MSFT:2,NEM:1,NET:6,PEP:1,RL:6,ROST:1,SHIP:6,SHOP:8,UNP:1,USB:5,WDC:46,STX:33,BTSG:1"
2025-09-26,50029.71,11680.71,477.73,39245.14,1216.14,0.0,1.0,"AAPL:3,AMD:9,AVGO:2,CRDO:10,CRWD:11,DAVE:39,DDOG:5,INTC:31,LRCX:5,MDB:2,MSFT:2,MU:4,NET:6,NVDA:4,SHOP:8,WDC:46,STX:33,SNDK:44"
2025-09-29,51498.4,11680.71,0.0,39245.14,1216.14,0.0,1.0,"AAPL:3,AMD:9,AVGO:2,CRDO:10,CRWD:11,DAVE:39,DDOG:5,INTC:31,LRCX:5,MDB:2,MSFT:2,MU:4,NET:6,NVDA:4,SHOP:8,WDC:46,STX:33,SNDK:44"
2025-09-30,51351.7,11680.71,0.0,39245.14,1216.14,0.0,1.0,"AAPL:3,AMD:9,AVGO:2,CRDO:10,CRWD:11,DAVE:39,DDOG:5,INTC:31,LRCX:5,MDB:2,MSFT:2,MU:4,NET:6,NVDA:4,SHOP:8,WDC:46,STX:33,SNDK:44"
2025-10-01,53165.01,10859.73,0.0,39245.14,1216.72,0.0,1.0,"AAPL:3,AMD:9,AVGO:2,CRDO:10,CRWD:11,DAVE:39,DDOG:5,INTC:31,LRCX:5,MDB:2,MRVL:10,MSFT:2,MU:4,NET:6,NVDA:4,SHOP:8,WDC:46,STX:33,SNDK:44"
2025-10-02,53810.4,10859.73,0.0,39245.14,1216.72,0.0,1.0,"AAPL:3,AMD:9,AVGO:2,CRDO:10,CRWD:11,DAVE:39,DDOG:5,INTC:31,LRCX:5,MDB:2,MRVL:10,MSFT:2,MU:4,NET:6,NVDA:4,SHOP:8,WDC:46,STX:33,SNDK:44"
2025-10-03,53812.82,10859.73,0.0,39245.14,1216.72,0.0,1.0,"AAPL:3,AMD:9,AVGO:2,CRDO:10,CRWD:11,DAVE:39,DDOG:5,INTC:31,LRCX:5,MDB:2,MRVL:10,MSFT:2,MU:4,NET:6,NVDA:4,SHOP:8,WDC:46,STX:33,SNDK:44"
2025-10-06,53301.43,10859.73,0.0,39245.14,1216.72,0.0,1.0,"AAPL:3,AMD:9,AVGO:2,CRDO:10,CRWD:11,DAVE:39,DDOG:5,INTC:31,LRCX:5,MDB:2,MRVL:10,MSFT:2,MU:4,NET:6,NVDA:4,SHOP:8,WDC:46,STX:33,SNDK:44"
2025-10-07,52342.5,10859.73,0.0,39245.14,1216.72,0.0,1.0,"AAPL:3,AMD:9,AVGO:2,CRDO:10,CRWD:11,DAVE:39,DDOG:5,INTC:31,LRCX:5,MDB:2,MRVL:10,MSFT:2,MU:4,NET:6,NVDA:4,SHOP:8,WDC:46,STX:33,SNDK:44"
2025-10-08,53748.78,10859.73,0.0,39245.14,1216.72,0.0,1.0,"AAPL:3,AMD:9,AVGO:2,CRDO:10,CRWD:11,DAVE:39,DDOG:5,INTC:31,LRCX:5,MDB:2,MRVL:10,MSFT:2,MU:4,NET:6,NVDA:4,SHOP:8,WDC:46,STX:33,SNDK:44"
2025-10-09,53418.76,53418.76,4173.62,43418.76,1247.81,0.0,0.0,
2025-10-10,53418.76,53418.76,0.0,43418.76,1247.81,0.0,0.0,
2025-10-13,53418.76,53418.76,0.0,43418.76,1247.81,0.0,0.0,
2025-10-14,53765.91,10.49,0.0,43418.76,1285.17,0.0,1.0,"AAPL:3,AMD:3,AVGO:4,BKNG:1,CRDO:66,CRWD:6,DAL:1,DAVE:48,DDOG:5,FCX:1,INTC:26,KO:10,LRCX:11,MDB:3,MNST:6,MRVL:12,MSFT:2,MU:6,NEM:79,NET:5,NVDA:7,ORCL:4,PEP:1,ROST:1,SHIP:10,SHOP:9,STX:8,BTSG:2,SNDK:67"
2025-10-15,55846.63,10.49,0.0,43418.76,1285.17,0.0,1.0,"AAPL:3,AMD:3,AVGO:4,BKNG:1,CRDO:66,CRWD:6,DAL:1,DAVE:48,DDOG:5,FCX:1,INTC:26,KO:10,LRCX:11,MDB:3,MNST:6,MRVL:12,MSFT:2,MU:6,NEM:79,NET:5,NVDA:7,ORCL:4,PEP:1,ROST:1,SHIP:10,SHOP:9,STX:8,BTSG:2,SNDK:67"
2025-10-16,56565.14,56565.14,3146.38,46565.14,1326.48,0.0,0.0,
2025-10-17,57538.04,46.34,0.0,46565.14,1366.02,0.0,1.0,"AAPL:3,AMD:3,AVGO:4,BKNG:1,CRDO:76,CRWD:7,DAL:1,DAVE:48,DDOG:6,FCX:1,INTC:28,KO:11,LRCX:11,MDB:3,MNST:6,MRVL:13,MSFT:3,MU:6,NEM:1,NET:6,NVDA:8,ORCL:5,PEP:1,ROST:1,SHIP:12,SHOP:10,USB:3,STX:36,SNDK:63"
2025-10-20,58844.64,126.57,-0.46,46564.67,1367.69,0.0,1.0,"AAPL:3,AMD:3,AVGO:4,BKNG:1,CRDO:76,CRWD:7,DAL:1,DAVE:48,DDOG:6,FCX:1,INTC:28,LRCX:11,MDB:3,MRVL:13,MSFT:3,MU:6,NET:6,NVDA:8,ORCL:5,ROST:1,SHIP:12,SHOP:10,UNP:1,USB:3,WDC:7,STX:36,SNDK:63"
2025-10-21,58764.86,1659.65,26.25,46590.92,1368.9,0.0,1.0,"AAPL:3,AMD:3,AVGO:4,BKNG:1,CRDO:76,CRWD:7,DAL:1,DAVE:48,DDOG:6,FCX:1,INTC:28,MDB:3,MRVL:13,MSFT:3,MU:6,NET:6,NVDA:8,ORCL:5,ROST:1,SHIP:12,SHOP:10,UNP:1,USB:3,WDC:7,STX:36,BTSG:2,SNDK:63"
2025-10-22,57752.4,17341.98,584.69,47175.6,1381.69,0.0,1.0,"AAPL:3,BKNG:1,CRDO:76,CRWD:7,DAL:1,DAVE:48,DDOG:6,KO:8,MDB:3,MNST:6,MSFT:3,NET:6,ORCL:5,PEP:1,ROST:1,SHOP:10,USB:3,WDC:7,STX:36,BTSG:2"
2025-10-23,60464.65,17341.98,0.0,47175.6,1381.69,0.0,1.0,"AAPL:3,BKNG:1,CRDO:76,CRWD:7,DAL:1,DAVE:48,DDOG:6,KO:8,MDB:3,MNST:6,MSFT:3,NET:6,ORCL:5,PEP:1,ROST:1,SHOP:10,USB:3,WDC:7,STX:36,BTSG:2"
2025-10-24,61648.38,16680.37,0.0,47175.6,1382.15,0.0,1.0,"AAPL:3,BKNG:1,CRDO:76,CRWD:7,DAL:1,DAVE:48,DDOG:6,KO:8,MDB:3,MNST:6,MSFT:3,NET:6,ORCL:5,PEP:1,ROST:1,SHIP:11,SHOP:10,UNP:1,USB:3,VZ:9,WDC:7,STX:36,BTSG:2"
2025-10-27,61276.66,10867.48,543.1,47718.7,1403.74,0.0,1.0,"AAPL:3,AMD:2,AMZN:1,AVGO:4,CRDO:76,CRWD:7,DAL:1,DAVE:48,DDOG:6,FCX:1,INTC:26,KO:8,LRCX:10,MDB:3,MNST:6,MRVL:19,MU:5,NET:6,NVDA:7,ORCL:5,PEP:1,RL:1,ROST:1,SHIP:11,UNP:1,USB:3,WDC:7,SNDK:46"
2025-10-28,61736.49,17164.33,170.38,47889.08,1408.54,0.0,1.0,"AMD:2,AMZN:1,AVGO:4,CRDO:76,CRWD:7,DAL:1,DAVE:48,FCX:1,INTC:26,KO:8,LRCX:10,MNST:6,MRVL:19,MU:5,NVDA:7,PEP:1,RL:1,ROST:1,SHIP:11,SLB:4,UNP:1,USB:3,SNDK:46"
2025-10-29,62478.35,62478.35,4589.27,52478.35,1441.65,0.0,0.0,
2025-10-30,62478.35,62478.35,0.0,52478.35,1441.65,0.0,0.0,
2025-10-31,62478.35,62478.35,0.0,52478.35,1441.65,0.0,0.0,
2025-11-03,62478.35,62478.35,0.0,52478.35,1441.65,0.0,0.0,
2025-11-04,62478.35,62478.35,0.0,52478.35,1441.65,0.0,0.0,
2025-11-05,62478.35,62478.35,0.0,52478.35,1441.65,0.0,0.0,
2025-11-06,62715.14,47685.68,0.0,52478.35,1451.99,0.0,1.0,"AMGN:2,ISRG:2,LLY:1,WDC:70,BTSG:28"
2025-11-07,64410.16,35160.01,0.0,52478.35,1460.76,0.0,1.0,"AMGN:2,ISRG:2,LLY:1,RL:2,ROST:4,WDC:70,BTSG:28,SNDK:54"
2025-11-10,66848.98,30413.07,0.0,52478.35,1464.08,0.0,1.0,"AMGN:2,ISRG:2,KO:12,LLY:1,MNST:75,PEP:9,RL:2,ROST:4,WDC:70,BTSG:28,SNDK:54"
2025-11-11,66911.82,30413.07,0.0,52478.35,1464.08,0.0,1.0,"AMGN:2,ISRG:2,KO:12,LLY:1,MNST:75,PEP:9,RL:2,ROST:4,WDC:70,BTSG:28,SNDK:54"
2025-11-12,67234.34,30413.07,0.0,52478.35,1464.08,0.0,1.0,"AMGN:2,ISRG:2,KO:12,LLY:1,MNST:75,PEP:9,RL:2,ROST:4,WDC:70,BTSG:28,SNDK:54"
2025-11-13,64411.75,30413.07,0.0,52478.35,1464.08,0.0,1.0,"AMGN:2,ISRG:2,KO:12,LLY:1,MNST:75,PEP:9,RL:2,ROST:4,WDC:70,BTSG:28,SNDK:54"
2025-11-14,65027.6,30413.07,0.0,52478.35,1464.08,0.0,1.0,"AMGN:2,ISRG:2,KO:12,LLY:1,MNST:75,PEP:9,RL:2,ROST:4,WDC:70,BTSG:28,SNDK:54"
2025-11-17,65963.3,30413.07,0.0,52478.35,1464.08,0.0,1.0,"AMGN:2,ISRG:2,KO:12,LLY:1,MNST:75,PEP:9,RL:2,ROST:4,WDC:70,BTSG:28,SNDK:54"
2025-11-18,64076.66,30616.04,212.85,52691.21,1477.98,0.0,1.0,"AVGO:1,CRDO:3,CRWD:2,DDOG:1,INTC:16,LRCX:4,MDB:1,MRVL:7,MU:10,NET:3,ORCL:3,WDC:70,STX:11,SNDK:54"
2025-11-19,64419.17,22514.06,-108.71,52582.49,1490.75,0.0,1.0,"AAPL:3,BKNG:1,CDNS:4,DAL:1,DDOG:1,FCX:1,GOOGL:14,KO:6,MDB:1,MNST:5,MSFT:3,NET:3,ORCL:3,PEP:1,SHIP:9,SLB:3,USB:5,WDC:70,STX:11,BTSG:129,SNDK:54"
2025-11-20,60470.85,23761.1,28.74,52611.24,1491.67,0.0,1.0,"AAPL:3,BKNG:1,DAL:1,DDOG:1,FCX:1,GOOGL:14,KO:6,MDB:1,MNST:5,MSFT:3,NET:3,ORCL:3,PEP:1,SHIP:9,SLB:3,USB:5,WDC:70,STX:11,BTSG:129,SNDK:54"
2025-11-21,60781.94,16308.19,234.31,52845.55,1510.92,0.0,1.0,"AAPL:3,AVGO:3,CDNS:4,CRDO:9,CRWD:10,DDOG:1,INTC:42,LRCX:10,MDB:1,MRVL:21,MSFT:3,MU:40,NET:3,ORCL:3,WDC:70,STX:11,SNDK:54"
2025-11-24,64532.73,16308.19,0.0,52845.55,1510.92,0.0,1.0,"AAPL:3,AVGO:3,CDNS:4,CRDO:9,CRWD:10,DDOG:1,INTC:42,LRCX:10,MDB:1,MRVL:21,MSFT:3,MU:40,NET:3,ORCL:3,WDC:70,STX:11,SNDK:54"
2025-11-25,64743.47,14067.72,0.11,52845.66,1514.22,0.0,1.0,"AAPL:3,AMZN:2,AVGO:3,BKNG:2,CRDO:9,CRWD:10,DAL:1,DDOG:1,INCY:1,INTC:42,KO:5,LRCX:10,MDB:1,MNST:5,MRVL:21,MSFT:3,MU:40,NET:3,ORCL:3,PEP:1,RL:1,ROST:3,SHIP:7,SLB:3,TSLA:1,USB:5,WDC:70,STX:11,BTSG:1,SNDK:54"
2025-11-26,65277.44,14067.72,0.0,52845.66,1514.22,0.0,1.0,"AAPL:3,AMZN:2,AVGO:3,BKNG:2,CRDO:9,CRWD:10,DAL:1,DDOG:1,INCY:1,INTC:42,KO:5,LRCX:10,MDB:1,MNST:5,MRVL:21,MSFT:3,MU:40,NET:3,ORCL:3,PEP:1,RL:1,ROST:3,SHIP:7,SLB:3,TSLA:1,USB:5,WDC:70,STX:11,BTSG:1,SNDK:54"
2025-11-28,66748.91,14067.72,0.0,52845.66,1514.22,0.0,1.0,"AAPL:3,AMZN:2,AVGO:3,BKNG:2,CRDO:9,CRWD:10,DAL:1,DDOG:1,INCY:1,INTC:42,KO:5,LRCX:10,MDB:1,MNST:5,MRVL:21,MSFT:3,MU:40,NET:3,ORCL:3,PEP:1,RL:1,ROST:3,SHIP:7,SLB:3,TSLA:1,USB:5,WDC:70,STX:11,BTSG:1,SNDK:54"
2025-12-01,65682.81,34991.28,2452.66,55298.32,1533.69,0.0,1.0,"AMZN:2,BKNG:2,DAL:1,DHI:3,GOOGL:7,INCY:1,KO:5,MNST:5,MSFT:3,PEP:1,RL:1,ROST:3,SHIP:7,SLB:3,TSLA:1,UNP:1,USB:5,WDC:70,BTSG:1,SNDK:54"
2025-12-02,65181.65,34083.47,0.0,55298.32,1534.33,0.0,1.0,"AMGN:1,AMZN:2,BKNG:2,DAL:1,DHI:3,GOOGL:7,INCY:1,ISRG:1,KO:5,MNST:5,MSFT:3,PEP:1,RL:1,ROST:3,SHIP:7,SLB:3,TSLA:1,UNP:1,USB:5,WDC:70,BTSG:1,SNDK:54"
2025-12-03,64162.37,25752.64,-44.95,55253.37,1542.19,0.0,1.0,"AAPL:2,AMGN:1,AMZN:2,BKNG:2,DAL:1,DDOG:6,DHI:3,GOOGL:7,INCY:1,ISRG:1,KO:5,MDB:2,MNST:5,NET:6,ORCL:3,PEP:1,RL:1,ROST:3,SHIP:7,SLB:3,TSLA:1,UNP:1,USB:5,WDC:70,STX:21,BTSG:1,SNDK:54"
2025-12-04,65362.4,15940.85,0.0,55253.37,1549.06,0.0,1.0,"AAPL:2,AMGN:1,AMZN:2,AVGO:2,BKNG:2,CRDO:42,CRWD:9,DAL:1,DDOG:6,DHI:3,GOOGL:7,INCY:1,ISRG:1,KO:5,MDB:2,MNST:5,NET:6,ORCL:3,PEP:1,RL:1,ROST:3,SHIP:7,SLB:3,TSLA:1,UNP:1,USB:5,WDC:70,STX:21,BTSG:1,SNDK:54"
2025-12-05,66851.74,15940.85,0.0,55253.37,1549.06,0.0,1.0,"AAPL:2,AMGN:1,AMZN:2,AVGO:2,BKNG:2,CRDO:42,CRWD:9,DAL:1,DDOG:6,DHI:3,GOOGL:7,INCY:1,ISRG:1,KO:5,MDB:2,MNST:5,NET:6,ORCL:3,PEP:1,RL:1,ROST:3,SHIP:7,SLB:3,TSLA:1,UNP:1,USB:5,WDC:70,STX:21,BTSG:1,SNDK:54"
2025-12-08,66994.97,15940.85,0.0,55253.37,1549.06,0.0,1.0,"AAPL:2,AMGN:1,AMZN:2,AVGO:2,BKNG:2,CRDO:42,CRWD:9,DAL:1,DDOG:6,DHI:3,GOOGL:7,INCY:1,ISRG:1,KO:5,MDB:2,MNST:5,NET:6,ORCL:3,PEP:1,RL:1,ROST:3,SHIP:7,SLB:3,TSLA:1,UNP:1,USB:5,WDC:70,STX:21,BTSG:1,SNDK:54"
2025-12-09,66237.01,16604.95,62.39,55315.76,1549.54,0.0,1.0,"AAPL:2,AMGN:1,AMZN:2,AVGO:2,BKNG:2,CRDO:42,CRWD:9,DAL:1,DDOG:6,DHI:3,GOOGL:7,INCY:1,ISRG:1,KO:5,MDB:2,MNST:5,NET:6,PEP:1,RL:1,ROST:3,SHIP:7,SLB:3,TSLA:1,UNP:1,USB:5,WDC:70,STX:21,BTSG:1,SNDK:54"
2025-12-10,67657.08,15157.28,383.3,55699.06,1565.29,0.0,1.0,"AMD:4,AMGN:1,AMZN:2,BKNG:2,CRDO:42,CRM:3,CRWD:9,DAL:1,DAVE:28,DHI:3,GOOGL:7,INCY:1,INTC:34,ISRG:1,KO:5,MNST:5,MRVL:17,PEP:1,RL:1,ROST:3,SHIP:7,SHOP:11,SLB:3,TSLA:1,UNP:1,USB:5,WDC:70,BTSG:1,SNDK:54"
2025-12-11,68618.93,25588.28,-1199.92,54499.13,1572.97,0.0,1.0,"AMGN:1,AMZN:2,BKNG:2,CRM:3,CRWD:9,DAL:1,DAVE:28,DHI:3,FCX:1,GOOGL:7,INCY:1,ISRG:1,KO:5,MNST:5,PEP:1,RL:1,ROST:3,SHIP:7,SHOP:11,SLB:3,TSLA:1,UNP:1,USB:5,WDC:70,BTSG:1,SNDK:54"
2025-12-12,65641.44,15048.58,0.0,54499.13,1580.35,0.0,1.0,"AAPL:3,AMGN:1,AMZN:2,BKNG:2,CRM:3,CRWD:9,DAL:1,DAVE:28,DDOG:9,DHI:3,FCX:1,GOOGL:7,INCY:1,ISRG:1,KO:5,MDB:16,MNST:5,NET:8,PEP:1,RL:1,ROST:3,SHIP:7,SHOP:11,SLB:3,TSLA:1,UNP:1,USB:5,WDC:70,BTSG:1,SNDK:54"
2025-12-15,64730.32,15048.58,0.0,54499.13,1580.35,0.0,1.0,"AAPL:3,AMGN:1,AMZN:2,BKNG:2,CRM:3,CRWD:9,DAL:1,DAVE:28,DDOG:9,DHI:3,FCX:1,GOOGL:7,INCY:1,ISRG:1,KO:5,MDB:16,MNST:5,NET:8,PEP:1,RL:1,ROST:3,SHIP:7,SHOP:11,SLB:3,TSLA:1,UNP:1,USB:5,WDC:70,BTSG:1,SNDK:54"
2025-12-16,65585.39,14455.86,-22.13,54477.01,1581.85,0.0,1.0,"AAPL:3,AMGN:1,AMZN:2,BKNG:2,CRWD:9,DAL:1,DAVE:28,DDOG:9,DHI:3,FCX:1,GOOGL:7,INCY:1,INTC:36,ISRG:1,KO:5,MDB:16,MNST:5,NET:8,PEP:1,RL:1,ROST:3,SHIP:7,SHOP:11,SLB:3,TSLA:1,UNP:1,USB:5,WDC:70,BTSG:1,SNDK:54"
2025-12-17,64071.59,22173.22,102.79,54579.8,1606.44,0.0,1.0,"MDB:16,WDC:70,STX:45,SNDK:54"
2025-12-18,66215.88,22173.22,0.0,54579.8,1606.44,0.0,1.0,"MDB:16,WDC:70,STX:45,SNDK:54"
2025-12-19,67869.05,29014.0,147.31,54727.11,1611.44,0.0,1.0,"WDC:70,STX:45,SNDK:54"
2025-12-22,67138.95,29014.0,0.0,54727.11,1611.44,0.0,1.0,"WDC:70,STX:45,SNDK:54"
2025-12-23,67216.14,22169.9,-625.44,54101.67,1634.29,0.0,1.0,"MU:70,WDC:70,SNDK:54"
2025-12-24,68157.67,22169.9,0.0,54101.67,1634.29,0.0,1.0,"MU:70,WDC:70,SNDK:54"
2025-12-26,68308.77,22169.9,0.0,54101.67,1634.29,0.0,1.0,"MU:70,WDC:70,SNDK:54"
2025-12-29,68537.88,22169.9,0.0,54101.67,1634.29,0.0,1.0,"MU:70,WDC:70,SNDK:54"
2025-12-30,67948.84,22169.9,0.0,54101.67,1634.29,0.0,1.0,"MU:70,WDC:70,SNDK:54"
2025-12-31,67023.75,22169.9,0.0,54101.67,1634.29,0.0,1.0,"MU:70,WDC:70,SNDK:54"
2026-01-02,72247.43,22169.9,0.0,54101.67,1634.29,0.0,1.0,"MU:70,WDC:70,SNDK:54"
2026-01-05,71973.94,22169.9,0.0,54101.67,1634.29,0.0,1.0,"MU:70,WDC:70,SNDK:54"
2026-01-06,80373.34,22169.9,0.0,54101.67,1634.29,0.0,1.0,"MU:70,WDC:70,SNDK:54"
2026-01-07,78959.94,22169.9,0.0,54101.67,1634.29,0.0,1.0,"MU:70,WDC:70,SNDK:54"
2026-01-08,76271.56,22169.9,0.0,54101.67,1634.29,0.0,1.0,"MU:70,WDC:70,SNDK:54"
2026-01-09,80725.18,22169.9,0.0,54101.67,1634.29,0.0,1.0,"MU:70,WDC:70,SNDK:54"
2026-01-12,82237.87,22169.9,0.0,54101.67,1634.29,0.0,1.0,"MU:70,WDC:70,SNDK:54"
2026-01-13,82250.42,24408.6,4894.6,58996.28,1667.57,0.0,1.0,"GOOGL:28,INCY:28,WDC:70,BTSG:246,SNDK:54"
2026-01-14,82241.32,24408.6,0.0,58996.28,1667.57,0.0,1.0,"GOOGL:28,INCY:28,WDC:70,BTSG:246,SNDK:54"
2026-01-15,84052.32,24408.6,0.0,58996.28,1667.57,0.0,1.0,"GOOGL:28,INCY:28,WDC:70,BTSG:246,SNDK:54"
2026-01-16,84101.01,24408.6,0.0,58996.28,1667.57,0.0,1.0,"GOOGL:28,INCY:28,WDC:70,BTSG:246,SNDK:54"
2026-01-20,85914.92,24408.6,0.0,58996.28,1667.57,0.0,1.0,"GOOGL:28,INCY:28,WDC:70,BTSG:246,SNDK:54"
2026-01-21,91214.29,15691.31,-724.8,58271.48,1704.28,0.0,1.0,"MU:81,WDC:70,SNDK:54"
2026-01-22,91235.36,10454.4,1366.11,59637.59,1752.97,0.0,1.0,"WDC:70,STX:60,BTSG:398,SNDK:54"
2026-01-23,89138.24,10454.4,0.0,59637.59,1752.97,0.0,1.0,"WDC:70,STX:60,BTSG:398,SNDK:54"
2026-01-26,88993.57,21042.62,6.18,59643.76,1798.09,0.0,1.0,"MU:66,WDC:70,SNDK:54"
2026-01-27,91781.35,21042.62,0.0,59643.76,1798.09,0.0,1.0,"MU:66,WDC:70,SNDK:54"
2026-01-28,97168.87,72406.26,27275.9,86919.67,1870.67,0.0,1.0,"GOOGL:24,SHIP:793,BTSG:209"
2026-01-29,97349.79,72406.26,0.0,86919.67,1870.67,0.0,1.0,"GOOGL:24,SHIP:793,BTSG:209"
2026-01-30,93283.82,34103.42,296.77,87216.44,1909.69,0.0,1.0,"FCX:201,GOOGL:24,WDC:63,BTSG:209,SNDK:26"
2026-02-02,100676.72,7139.91,-360.41,86856.02,1969.05,0.0,1.0,"MU:67,WDC:63,STX:69,SNDK:26"
2026-02-03,103374.47,29549.07,1896.26,88752.28,1995.63,0.0,1.0,"WDC:63,STX:69,BTSG:175,SNDK:26"
2026-02-04,96214.26,10487.08,0.0,88752.28,2008.96,0.0,1.0,"FCX:293,WDC:63,STX:69,BTSG:175,SNDK:26"
2026-02-05,94673.44,10457.41,-2154.3,86597.98,2043.37,0.0,1.0,"MU:65,WDC:63,STX:69,SNDK:26"
2026-02-06,99066.67,10457.41,0.0,86597.98,2043.37,0.0,1.0,"MU:65,WDC:63,STX:69,SNDK:26"
2026-02-09,97789.46,29377.95,1579.31,88177.29,2071.91,0.0,1.0,"LRCX:45,MU:65,WDC:63,SNDK:26"
2026-02-10,94463.2,29377.95,0.0,88177.29,2071.91,0.0,1.0,"LRCX:45,MU:65,WDC:63,SNDK:26"
2026-02-11,99434.65,29377.95,0.0,88177.29,2071.91,0.0,1.0,"LRCX:45,MU:65,WDC:63,SNDK:26"
2026-02-12,101574.1,13223.12,316.82,88494.11,2098.38,0.0,1.0,"MU:65,WDC:63,STX:63,SNDK:26"
2026-02-13,100868.75,13223.12,0.0,88494.11,2098.38,0.0,1.0,"MU:65,WDC:63,STX:63,SNDK:26"
2026-02-17,99188.18,15.99,0.0,88494.11,2107.62,0.0,1.0,"AAPL:13,AMGN:1,AVGO:13,CRDO:37,CROX:2,DAL:6,MU:65,WDC:63,STX:63,BTSG:9,SNDK:26"
2026-02-18,102284.35,3.04,0.0,88494.11,2107.63,0.0,1.0,"AAPL:13,AMGN:1,AVGO:13,CRDO:37,CROX:2,DAL:6,MU:65,SHIP:1,WDC:63,STX:63,BTSG:9,SNDK:26"
2026-02-19,100839.7,3.04,0.0,88494.11,2107.63,0.0,1.0,"AAPL:13,AMGN:1,AVGO:13,CRDO:37,CROX:2,DAL:6,MU:65,SHIP:1,WDC:63,STX:63,BTSG:9,SNDK:26"
2026-02-20,102356.58,3.04,0.0,88494.11,2107.63,0.0,1.0,"AAPL:13,AMGN:1,AVGO:13,CRDO:37,CROX:2,DAL:6,MU:65,SHIP:1,WDC:63,STX:63,BTSG:9,SNDK:26"
2026-02-23,101824.67,101824.67,3330.55,91824.67,2182.01,0.0,0.0,
2026-02-24,100344.72,16604.91,0.0,91824.67,2241.62,0.0,1.0,"AAPL:12,AMGN:1,AVGO:15,CRDO:23,CROX:1,CRWD:41,DAL:4,DHI:1,FCX:3,GOOGL:2,KO:19,LRCX:21,MDB:17,MNST:32,MRVL:72,MU:42,ORCL:30,PEP:5,RL:1,ROST:4,SHIP:19,SLB:6,TGT:3,UNP:3,USB:14,STX:13,BTSG:7,SNDK:26"
2026-02-25,101173.08,101173.08,-651.58,91173.08,2303.4,0.0,0.0,
2026-02-26,101173.08,101173.08,0.0,91173.08,2303.4,0.0,0.0,
2026-02-27,101173.08,101173.08,0.0,91173.08,2303.4,0.0,0.0,
2026-03-02,101173.08,101173.08,0.0,91173.08,2303.4,0.0,0.0,
2026-03-03,101173.08,101173.08,0.0,91173.08,2303.4,0.0,0.0,
2026-03-04,101173.08,101173.08,0.0,91173.08,2303.4,0.0,0.0,
2026-03-05,101173.08,101173.08,0.0,91173.08,2303.4,0.0,0.0,
2026-03-06,101173.08,101173.08,0.0,91173.08,2303.4,0.0,0.0,
2026-03-09,101173.08,101173.08,0.0,91173.08,2303.4,0.0,0.0,
2026-03-10,101173.08,101173.08,0.0,91173.08,2303.4,0.0,0.0,
2026-03-11,101173.08,101173.08,0.0,91173.08,2303.4,0.0,0.0,
2026-03-12,101173.08,101173.08,0.0,91173.08,2303.4,0.0,0.0,
2026-03-13,101173.08,101173.08,0.0,91173.08,2303.4,0.0,0.0,
2026-03-16,101173.08,101173.08,0.0,91173.08,2303.4,0.0,0.0,
2026-03-17,101173.08,101173.08,0.0,91173.08,2303.4,0.0,0.0,
2026-03-18,101173.08,101173.08,0.0,91173.08,2303.4,0.0,0.0,
2026-03-19,101173.08,101173.08,0.0,91173.08,2303.4,0.0,0.0,
2026-03-20,101173.08,101173.08,0.0,91173.08,2303.4,0.0,0.0,
2026-03-23,101173.08,101173.08,0.0,91173.08,2303.4,0.0,0.0,
2026-03-24,101173.08,101173.08,0.0,91173.08,2303.4,0.0,0.0,
2026-03-25,101173.08,101173.08,0.0,91173.08,2303.4,0.0,0.0,
2026-03-26,101173.08,101173.08,0.0,91173.08,2303.4,0.0,0.0,
2026-03-27,101173.08,101173.08,0.0,91173.08,2303.4,0.0,0.0,
2026-03-30,101173.08,101173.08,0.0,91173.08,2303.4,0.0,0.0,
2026-03-31,101173.08,101173.08,0.0,91173.08,2303.4,0.0,0.0,
2026-04-01,101173.08,101173.08,0.0,91173.08,2303.4,0.0,0.0,
2026-04-02,101173.08,101173.08,0.0,91173.08,2303.4,0.0,0.0,
2026-04-06,101173.08,101173.08,0.0,91173.08,2303.4,0.0,0.0,
2026-04-07,101173.08,101173.08,0.0,91173.08,2303.4,0.0,0.0,
2026-04-08,101173.08,101173.08,0.0,91173.08,2303.4,0.0,0.0,
2026-04-09,102672.4,51658.33,0.0,91173.08,2338.04,0.0,1.0,"AMGN:13,KO:59,MU:44,BTSG:98,SNDK:22"
2026-04-10,102522.49,32641.77,127.3,91300.39,2370.94,0.0,1.0,"MU:44,WDC:95,SNDK:22"
2026-04-13,106398.51,97.55,0.0,91300.39,2393.7,0.0,1.0,"MU:44,WDC:95,STX:65,SNDK:22"
2026-04-14,110806.51,97.55,0.0,91300.39,2393.7,0.0,1.0,"MU:44,WDC:95,STX:65,SNDK:22"
2026-04-15,108266.22,33900.14,1258.37,92558.76,2418.4,0.0,1.0,"MU:44,WDC:95,SNDK:22"
2026-04-16,109821.65,2132.93,0.0,92558.76,2440.62,0.0,1.0,"MU:44,WDC:95,STX:62,SNDK:22"
2026-04-17,111749.86,5.75,0.0,92558.76,2442.11,0.0,1.0,"AAPL:7,AMZN:1,MU:44,WDC:95,STX:62,SNDK:22"
2026-04-20,110997.44,5.75,0.0,92558.76,2442.11,0.0,1.0,"AAPL:7,AMZN:1,MU:44,WDC:95,STX:62,SNDK:22"
2026-04-21,112969.42,5.75,0.0,92558.76,2442.11,0.0,1.0,"AAPL:7,AMZN:1,MU:44,WDC:95,STX:62,SNDK:22"
2026-04-22,118065.39,5.75,0.0,92558.76,2442.11,0.0,1.0,"AAPL:7,AMZN:1,MU:44,WDC:95,STX:62,SNDK:22"
2026-04-23,118625.49,5.75,0.0,92558.76,2442.11,0.0,1.0,"AAPL:7,AMZN:1,MU:44,WDC:95,STX:62,SNDK:22"
2026-04-24,120463.77,5.75,0.0,92558.76,2442.11,0.0,1.0,"AAPL:7,AMZN:1,MU:44,WDC:95,STX:62,SNDK:22"
2026-04-27,123748.17,36903.64,5130.69,97689.44,2469.06,0.0,1.0,"AAPL:7,AMZN:1,MU:44,WDC:95,SNDK:22"
2026-04-28,120173.62,22050.72,3765.47,101454.91,2534.67,0.0,1.0,"AMD:22,AMGN:3,AVGO:8,CRDO:20,CROX:3,DAL:7,DHI:5,FTNT:56,GS:1,INTC:84,LRCX:18,MRVL:26,MU:44,NVDA:28,RL:2,ROST:7,SHIP:7,SLB:13,TGT:8,TSLA:1,UNH:1,UNP:5,USB:28,VZ:21,EOG:8,BTSG:10,SNDK:22"
2026-04-29,123427.32,44978.06,5299.18,106754.08,2558.69,0.0,1.0,"AMD:22,AVGO:8,CRDO:20,DAL:7,DHI:5,FTNT:56,GS:1,INTC:84,KO:39,LRCX:18,MRVL:26,MU:44,NVDA:28,PEP:13,SHIP:7,SLB:13,TSLA:1,UNH:1,UNP:5,USB:28,VZ:21,EOG:8,BTSG:10"
2026-04-30,123824.28,81516.44,2441.82,109195.9,2587.25,0.0,1.0,"DAL:7,DHI:5,FTNT:56,GS:1,INCY:13,KO:39,MU:44,PEP:13,SHIP:7,SLB:13,TSLA:1,UNP:5,USB:28,VZ:21,EOG:8"
2026-05-01,127974.95,42419.78,0.0,109195.9,2614.6,0.0,1.0,"AMZN:4,CDNS:11,CROX:4,DAL:7,DHI:5,FTNT:56,GOOGL:2,GS:1,INCY:13,KO:39,MU:44,PEP:13,RL:2,ROST:9,SHIP:7,SHOP:54,SLB:13,TGT:11,TSLA:1,UNP:5,USB:28,VZ:21,EOG:8,SNDK:21"
2026-05-04,130419.17,17279.89,213.32,109409.22,2648.93,0.0,1.0,"AAPL:15,AMGN:3,AMZN:4,AVGO:9,CRDO:37,CROX:4,DAL:7,DDOG:30,DHI:5,FTNT:56,GOOGL:2,GS:1,INCY:13,INTC:47,KO:39,LRCX:19,MU:44,PEP:13,RL:2,ROST:9,SHIP:7,SLB:13,TGT:11,TSLA:1,UNP:5,USB:28,VZ:21,STX:9,BTSG:9,SNDK:21"
2026-05-05,137613.26,25287.02,294.44,109703.66,2679.68,0.0,1.0,"AAPL:15,AMGN:3,AMZN:4,CROX:4,CRWD:36,DAL:7,DDOG:30,DHI:5,GOOGL:2,GS:1,INCY:13,KO:39,MDB:19,MU:44,PEP:13,RL:2,ROST:9,SHIP:7,SLB:13,TGT:11,TSLA:1,UNH:2,UNP:5,USB:28,VZ:21,WDC:16,STX:9,BTSG:9,SNDK:21"
2026-05-06,138934.28,49538.62,406.22,110109.88,2708.78,0.0,1.0,"AMGN:3,AMZN:4,CDNS:11,CROX:4,DAL:7,DHI:5,GOOGL:2,GS:1,INCY:13,KO:39,LLY:3,MU:44,PEP:13,RL:2,ROST:9,SHIP:7,SLB:13,TGT:11,TSLA:1,UNH:2,UNP:5,USB:28,VZ:21,EOG:8,BTSG:9,SNDK:21"
2026-05-07,135102.86,16735.55,-6.38,110103.5,2739.0,0.0,1.0,"AMD:4,AMGN:3,AMZN:4,AVGO:4,CDNS:11,CRDO:19,CROX:4,DAL:7,DHI:5,GOOGL:2,GS:1,INCY:13,INTC:125,LLY:3,LRCX:47,MRVL:17,MU:44,RL:2,ROST:9,SHIP:7,SLB:13,TGT:11,TSLA:1,UNH:2,UNP:5,USB:28,VZ:21,EOG:8,BTSG:9,SNDK:21"
2026-05-08,147001.96,16735.55,0.0,110103.5,2739.0,0.0,1.0,"AMD:4,AMGN:3,AMZN:4,AVGO:4,CDNS:11,CRDO:19,CROX:4,DAL:7,DHI:5,GOOGL:2,GS:1,INCY:13,INTC:125,LLY:3,LRCX:47,MRVL:17,MU:44,RL:2,ROST:9,SHIP:7,SLB:13,TGT:11,TSLA:1,UNH:2,UNP:5,USB:28,VZ:21,EOG:8,BTSG:9,SNDK:21"
2026-05-11,149771.13,16735.55,0.0,110103.5,2739.0,0.0,1.0,"AMD:4,AMGN:3,AMZN:4,AVGO:4,CDNS:11,CRDO:19,CROX:4,DAL:7,DHI:5,GOOGL:2,GS:1,INCY:13,INTC:125,LLY:3,LRCX:47,MRVL:17,MU:44,RL:2,ROST:9,SHIP:7,SLB:13,TGT:11,TSLA:1,UNH:2,UNP:5,USB:28,VZ:21,EOG:8,BTSG:9,SNDK:21"
2026-05-12,144710.28,16735.55,0.0,110103.5,2739.0,0.0,1.0,"AMD:4,AMGN:3,AMZN:4,AVGO:4,CDNS:11,CRDO:19,CROX:4,DAL:7,DHI:5,GOOGL:2,GS:1,INCY:13,INTC:125,LLY:3,LRCX:47,MRVL:17,MU:44,RL:2,ROST:9,SHIP:7,SLB:13,TGT:11,TSLA:1,UNH:2,UNP:5,USB:28,VZ:21,EOG:8,BTSG:9,SNDK:21"
2026-05-13,146500.93,16735.55,0.0,110103.5,2739.0,0.0,1.0,"AMD:4,AMGN:3,AMZN:4,AVGO:4,CDNS:11,CRDO:19,CROX:4,DAL:7,DHI:5,GOOGL:2,GS:1,INCY:13,INTC:125,LLY:3,LRCX:47,MRVL:17,MU:44,RL:2,ROST:9,SHIP:7,SLB:13,TGT:11,TSLA:1,UNH:2,UNP:5,USB:28,VZ:21,EOG:8,BTSG:9,SNDK:21"
2026-05-14,143690.54,16735.55,0.0,110103.5,2739.0,0.0,1.0,"AMD:4,AMGN:3,AMZN:4,AVGO:4,CDNS:11,CRDO:19,CROX:4,DAL:7,DHI:5,GOOGL:2,GS:1,INCY:13,INTC:125,LLY:3,LRCX:47,MRVL:17,MU:44,RL:2,ROST:9,SHIP:7,SLB:13,TGT:11,TSLA:1,UNH:2,UNP:5,USB:28,VZ:21,EOG:8,BTSG:9,SNDK:21"
2026-05-15,140071.05,66588.89,-1252.09,108851.41,2783.37,0.0,1.0,"AMGN:3,INCY:13,KO:26,LLY:3,MU:44,PEP:23,UNH:2,BTSG:9,SNDK:21"
2026-05-18,141699.18,141699.18,22847.77,131699.18,2838.24,0.0,0.0,
2026-05-19,141699.18,141699.18,0.0,131699.18,2838.24,0.0,0.0,
2026-05-20,141017.79,41808.87,0.0,131699.18,2908.11,0.0,1.0,"AAPL:8,AMGN:2,CDNS:7,CRWD:16,DAL:2,DDOG:12,DHI:2,FTNT:22,INCY:6,KO:16,MDB:9,PEP:6,SHIP:543,SLB:5,UNP:2,USB:11,VZ:19,WDC:54,EOG:2,STX:15,BTSG:145,SNDK:17"
2026-05-21,145664.04,41808.87,0.0,131699.18,2908.11,0.0,1.0,"AAPL:8,AMGN:2,CDNS:7,CRWD:16,DAL:2,DDOG:12,DHI:2,FTNT:22,INCY:6,KO:16,MDB:9,PEP:6,SHIP:543,SLB:5,UNP:2,USB:11,VZ:19,WDC:54,EOG:2,STX:15,BTSG:145,SNDK:17"
2026-05-22,144907.92,84.32,0.0,131699.18,2937.3,0.0,1.0,"AAPL:8,AMD:4,AMGN:2,AVGO:5,CDNS:7,CRDO:20,CRWD:16,DAL:2,DDOG:12,DHI:2,FTNT:22,INCY:6,INTC:33,KO:16,LRCX:10,MDB:9,MRVL:17,MU:26,NVDA:17,PEP:6,SHIP:543,SLB:5,UNP:2,USB:11,VZ:19,WDC:54,EOG:2,STX:15,BTSG:145,SNDK:17"
2026-05-26,154222.58,3620.05,223.39,131922.57,2939.88,0.0,1.0,"AAPL:8,AMD:4,AMGN:2,AVGO:5,CDNS:7,CRDO:20,CRWD:16,DAL:2,DDOG:12,DHI:2,FTNT:22,INCY:6,INTC:33,KO:16,LRCX:10,MDB:9,MU:26,NVDA:17,PEP:6,SHIP:543,SLB:5,UNP:2,USB:11,VZ:19,WDC:54,EOG:2,STX:15,BTSG:145,SNDK:17"
2026-05-27,156377.55,47035.27,6016.0,137938.57,2993.36,0.0,1.0,"AAPL:8,AMGN:2,AMZN:1,CROX:1,CRWD:16,DAL:2,DDOG:12,DHI:2,FTNT:22,GOOGL:25,INCY:6,KO:16,PANW:17,PEP:6,ROST:1,RTX:2,SLB:5,TGT:3,USB:11,VZ:19,WDC:54,EOG:2,STX:15,BTSG:145,SNDK:17"
2026-05-28,158021.44,65632.1,2284.85,140223.42,3006.95,0.0,1.0,"AMGN:2,AMZN:1,CROX:1,CRWD:16,DAL:2,DHI:2,FTNT:22,GOOGL:25,INCY:6,KO:16,PANW:17,PEP:6,ROST:1,RTX:2,SLB:5,TGT:3,USB:11,VZ:19,WDC:54,EOG:2,BTSG:145,SNDK:17"
2026-05-29,158310.07,120.08,0.0,140223.42,3052.77,0.0,1.0,"AMD:31,AMGN:2,AMZN:1,AVGO:5,CDNS:7,CROX:1,CRWD:16,DAL:2,DHI:2,FTNT:22,GOOGL:25,INCY:6,INTC:150,KO:16,LRCX:10,MRVL:17,MU:19,NVDA:5,PANW:17,PEP:6,ROST:1,RTX:2,SLB:5,TGT:3,USB:11,VZ:19,WDC:54,EOG:2,BTSG:145,SNDK:17"
2026-06-01,161438.57,75663.11,-968.24,139255.18,3130.66,0.0,1.0,"AAPL:6,CDNS:7,CRWD:16,DDOG:11,FTNT:22,MDB:9,ORCL:16,WDC:54,STX:5,SNDK:17"
2026-06-02,161306.86,78291.59,976.9,140232.08,3137.7,0.0,1.0,"AAPL:6,CDNS:7,DDOG:11,MDB:9,MSFT:8,ORCL:16,WDC:54,STX:5,SNDK:17"
2026-06-03,164242.51,81794.88,-78.36,140153.72,3140.26,0.0,1.0,"AAPL:6,CDNS:7,DDOG:11,MDB:9,ORCL:16,WDC:54,STX:5,SNDK:17"
2026-06-04,162057.19,81794.88,0.0,140153.72,3140.26,0.0,1.0,"AAPL:6,CDNS:7,DDOG:11,MDB:9,ORCL:16,WDC:54,STX:5,SNDK:17"
2026-06-05,151994.56,48653.79,0.0,140153.72,3163.44,0.0,1.0,"AAPL:6,AMD:4,CDNS:7,CRDO:19,CRWD:14,DDOG:11,FTNT:18,INTC:41,LRCX:8,MDB:9,MRVL:10,MU:4,NVDA:22,ORCL:16,PANW:13,WDC:54,STX:5,SNDK:17"
2026-06-08,155903.85,45474.02,96.73,140250.45,3174.96,0.0,1.0,"AAPL:6,AMD:4,AMGN:3,AMZN:2,CDNS:7,CROX:2,DAL:4,DDOG:11,FTNT:18,GOOGL:1,INCY:7,INTC:41,KO:23,LRCX:8,MDB:9,MRVL:10,MU:4,NVDA:22,ORCL:16,PANW:13,PEP:11,ROST:3,RTX:5,SHIP:14,SLB:8,WDC:54,EOG:4,STX:5,BTSG:5,SNDK:17"
2026-06-09,154550.45,48762.0,-404.44,139846.01,3177.36,0.0,1.0,"AAPL:6,AMD:4,AMGN:3,AMZN:2,CDNS:7,CROX:2,DAL:4,DDOG:11,FTNT:18,GOOGL:1,INCY:7,INTC:41,KO:23,LRCX:8,MDB:9,MRVL:10,MU:4,NVDA:22,PANW:13,PEP:11,ROST:3,RTX:5,SHIP:14,SLB:8,WDC:54,EOG:4,STX:5,BTSG:5,SNDK:17"
2026-06-10,152058.79,56909.85,-858.25,138987.76,3187.85,0.0,1.0,"AMD:4,AMGN:3,AMZN:2,CDNS:7,CROX:2,DAL:4,FTNT:18,GOOGL:1,INCY:7,INTC:41,KO:23,LRCX:8,MRVL:10,MU:4,NVDA:22,PANW:13,PEP:11,RL:1,ROST:3,RTX:5,SHIP:14,SLB:8,TGT:7,TSLA:1,UNH:1,UNP:4,WDC:54,EOG:4,BTSG:5,SNDK:17"
2026-06-11,160274.41,69847.31,87.76,139075.52,3197.3,0.0,1.0,"AMD:4,CDNS:7,FTNT:18,INTC:41,LRCX:8,MRVL:10,MU:4,NVDA:22,PANW:13,WDC:54,SNDK:17"
2026-06-12,163656.59,30558.01,0.0,139075.52,3224.78,0.0,1.0,"AAPL:20,AMD:4,AMGN:5,AMZN:5,CDNS:7,CROX:5,DAL:7,DDOG:28,DHI:5,FTNT:18,GOOGL:2,GS:1,INCY:13,INTC:41,KO:36,LRCX:8,MDB:21,MRVL:10,MU:4,NVDA:22,PANW:13,PEP:20,RL:1,ROST:5,RTX:8,SHIP:28,WDC:54,EOG:9,BTSG:9,SNDK:17"
2026-06-15,172661.82,30558.01,0.0,139075.52,3224.78,0.0,1.0,"AAPL:20,AMD:4,AMGN:5,AMZN:5,CDNS:7,CROX:5,DAL:7,DDOG:28,DHI:5,FTNT:18,GOOGL:2,GS:1,INCY:13,INTC:41,KO:36,LRCX:8,MDB:21,MRVL:10,MU:4,NVDA:22,PANW:13,PEP:20,RL:1,ROST:5,RTX:8,SHIP:28,WDC:54,EOG:9,BTSG:9,SNDK:17"
2026-06-16,174316.4,174316.4,25240.89,164316.4,3329.8,0.0,0.0,
2026-06-17,174316.4,174316.4,0.0,164316.4,3329.8,0.0,0.0,
2026-06-18,176554.0,28751.88,0.0,164316.4,3431.63,0.0,1.0,"AAPL:22,AMD:13,AMGN:6,AMZN:5,CDNS:13,CROX:5,DAL:8,DDOG:32,DHI:6,FTNT:40,GOOGL:2,GS:1,INCY:13,INTC:57,KO:43,LRCX:20,MDB:25,MRVL:28,MU:8,NVDA:49,PANW:34,PEP:22,RL:1,ROST:6,RTX:9,SHIP:31,SLB:19,EOG:10,BTSG:11,SNDK:15"
2026-06-22,179043.12,28751.88,0.0,164316.4,3431.63,0.0,1.0,"AAPL:22,AMD:13,AMGN:6,AMZN:5,CDNS:13,CROX:5,DAL:8,DDOG:32,DHI:6,FTNT:40,GOOGL:2,GS:1,INCY:13,INTC:57,KO:43,LRCX:20,MDB:25,MRVL:28,MU:8,NVDA:49,PANW:34,PEP:22,RL:1,ROST:6,RTX:9,SHIP:31,SLB:19,EOG:10,BTSG:11,SNDK:15"
2026-06-23,170326.03,37152.58,-474.46,163841.94,3437.76,0.0,1.0,"AAPL:22,AMD:13,AMGN:6,AMZN:5,CDNS:13,CROX:5,DAL:8,DDOG:32,DHI:6,FTNT:40,GOOGL:2,GS:1,INCY:13,INTC:57,KO:43,LRCX:20,MDB:25,MRVL:28,NVDA:49,PANW:34,PEP:22,RL:1,ROST:6,RTX:9,SHIP:31,SLB:19,EOG:10,BTSG:11,SNDK:15"
2026-06-24,168814.11,61265.96,-1770.69,162071.25,3477.13,0.0,1.0,"AAPL:22,AMGN:6,AMZN:5,CDNS:13,CROX:5,DAL:8,DDOG:32,DHI:6,FTNT:40,GOOGL:2,GS:1,INCY:13,KO:43,MDB:25,PANW:34,PEP:22,RL:1,ROST:6,RTX:9,SHIP:31,SLB:19,TGT:9,TSLA:1,UNH:2,UNP:6,EOG:10,STX:9,PGR:9,BTSG:11,SNDK:15"
2026-06-25,174317.95,174317.95,2246.71,164317.95,3559.72,0.0,0.0,
2026-06-26,174317.95,174317.95,0.0,164317.95,3559.72,0.0,0.0,
2026-06-29,174317.95,174317.95,0.0,164317.95,3559.72,0.0,0.0,
2026-06-30,174317.95,174317.95,0.0,164317.95,3559.72,0.0,0.0,
2026-07-01,174317.95,174317.95,0.0,164317.95,3559.72,0.0,0.0,
2026-07-02,174317.95,174317.95,0.0,164317.95,3559.72,0.0,0.0,
2026-07-06,174317.95,174317.95,0.0,164317.95,3559.72,0.0,0.0,
2026-07-07,174317.95,174317.95,0.0,164317.95,3559.72,0.0,0.0,
2026-07-08,174317.95,174317.95,0.0,164317.95,3559.72,0.0,0.0,
2026-07-09,174317.95,174317.95,0.0,164317.95,3559.72,0.0,0.0,
2026-07-10,174317.95,174317.95,0.0,164317.95,3559.72,0.0,0.0,
2026-07-13,174317.95,174317.95,0.0,164317.95,3559.72,0.0,0.0,
2026-07-14,174317.95,174317.95,0.0,164317.95,3559.72,0.0,0.0,
2026-07-15,174317.95,174317.95,0.0,164317.95,3559.72,0.0,0.0,
2026-07-16,174317.95,174317.95,0.0,164317.95,3559.72,0.0,0.0,
2026-07-17,174317.95,174317.95,0.0,164317.95,3559.72,0.0,0.0,
2026-07-20,174317.95,174317.95,0.0,164317.95,3559.72,0.0,0.0,
2026-07-21,174317.95,174317.95,0.0,164317.95,3559.72,0.0,0.0,
2026-07-22,174317.95,174317.95,0.0,164317.95,3559.72,0.0,0.0,
2026-07-23,174317.95,174317.95,0.0,164317.95,3559.72,0.0,0.0,
2026-07-24,174317.95,174317.95,0.0,164317.95,3559.72,0.0,0.0,
2026-07-27,174317.95,174317.95,0.0,164317.95,3559.72,0.0,0.0,
2026-07-28,170271.18,73558.27,0.0,164317.95,3630.2,0.0,1.0,"MRVL:217,MU:37,SNDK:26"
2026-07-29,164993.04,111274.18,-1390.98,162926.97,3657.76,0.0,1.0,"MU:37,SNDK:26"
2026-07-30,176871.03,111274.18,0.0,162926.97,3657.76,0.0,1.0,"MU:37,SNDK:26"
2026-07-31,181157.59,181157.59,8230.62,171157.59,3708.81,0.0,0.0,
2026-08-03,181157.59,181157.59,0.0,171157.59,3708.81,0.0,0.0,
2026-08-04,181157.59,181157.59,0.0,171157.59,3708.81,0.0,0.0,
2026-08-05,181157.59,181157.59,0.0,171157.59,3708.81,0.0,0.0,
2026-08-06,181157.59,181157.59,0.0,171157.59,3708.81,0.0,0.0,
2026-08-07,181157.59,181157.59,0.0,171157.59,3708.81,0.0,0.0,
2026-08-10,181157.59,181157.59,0.0,171157.59,3708.81,0.0,0.0,
2026-08-11,181157.59,181157.59,0.0,171157.59,3708.81,0.0,0.0,
2026-08-12,181157.59,181157.59,0.0,171157.59,3708.81,0.0,0.0,
2026-08-13,181157.59,181157.59,0.0,171157.59,3708.81,0.0,0.0,
2026-08-14,181157.59,181157.59,0.0,171157.59,3708.81,0.0,0.0,
2026-08-17,181157.59,181157.59,0.0,171157.59,3708.81,0.0,0.0,
2026-08-18,181157.59,181157.59,0.0,171157.59,3708.81,0.0,0.0,
2026-08-19,181157.59,181157.59,0.0,171157.59,3708.81,0.0,0.0,
2026-08-20,181157.59,181157.59,0.0,171157.59,3708.81,0.0,0.0,
2026-08-21,181157.59,181157.59,0.0,171157.59,3708.81,0.0,0.0,
2026-08-24,181157.59,181157.59,0.0,171157.59,3708.81,0.0,0.0,
2026-08-25,181157.59,181157.59,0.0,171157.59,3708.81,0.0,0.0,
2026-08-26,183205.64,96615.31,0.0,171157.59,3767.95,0.0,1.0,"AMGN:1,AMZN:1,BKNG:1,DAL:5,DHI:3,GOOGL:1,INCY:3,KO:11,MDB:25,MNST:23,RL:1,RTX:3,SHIP:12,SLB:7,TGT:3,UNH:2,UNP:3,USB:19,EOG:3,STX:39,PGR:2,SNDK:22"
2026-08-27,183700.42,96615.31,0.0,171157.59,3767.95,0.0,1.0,"AMGN:1,AMZN:1,BKNG:1,DAL:5,DHI:3,GOOGL:1,INCY:3,KO:11,MDB:25,MNST:23,RL:1,RTX:3,SHIP:12,SLB:7,TGT:3,UNH:2,UNP:3,USB:19,EOG:3,STX:39,PGR:2,SNDK:22"
2026-08-28,182590.71,40739.99,-12.51,171145.08,3807.66,0.0,1.0,"AMGN:1,AMZN:1,BKNG:1,CDNS:13,CRM:20,CRWD:37,DAL:5,DASH:1,FTNT:53,GOOGL:1,INCY:3,KO:11,MDB:25,MNST:23,MSFT:11,NOW:44,PANW:26,RL:1,RTX:3,SHIP:12,SHOP:48,SLB:7,TGT:3,UNH:2,UNP:3,USB:19,EOG:3,STX:39,PGR:2,SNDK:22"
2026-08-31,185025.36,85153.25,1639.7,172784.78,3853.02,0.0,1.0,"AMGN:1,AMZN:1,BKNG:1,CDNS:13,CRM:20,CRWD:37,DAL:5,DASH:1,FTNT:53,GOOGL:1,INCY:3,INTC:100,KO:11,MNST:23,MSFT:11,NOW:44,RL:1,RTX:3,SHIP:12,SHOP:48,SLB:7,TGT:3,UNH:2,UNP:3,USB:19,EOG:3,PGR:2,SNDK:22"
2026-09-01,183484.04,77669.57,-668.38,172116.4,3895.4,0.0,1.0,"AMGN:1,AMZN:1,BKNG:1,CDNS:13,CRM:20,CROX:2,DAL:5,DASH:1,GOOGL:1,INCY:3,KO:11,MNST:23,MRVL:161,MSFT:11,NOW:44,RL:1,RTX:3,SHIP:12,SHOP:48,SLB:7,TGT:3,UNH:2,UNP:3,USB:19,EOG:3,PGR:2,BTSG:3,SNDK:22"
2026-09-02,182991.04,81728.64,-462.95,171653.45,3898.37,0.0,1.0,"AMGN:1,AMZN:1,BKNG:1,CRM:20,CROX:2,DAL:5,DASH:1,GOOGL:1,INCY:3,KO:11,MNST:23,MRVL:161,MSFT:11,NOW:44,RL:1,RTX:3,SHIP:12,SHOP:48,SLB:7,TGT:3,UNH:2,UNP:3,USB:19,EOG:3,PGR:2,BTSG:3,SNDK:22"
2026-09-03,184577.64,56044.0,0.0,171653.45,3916.34,0.0,1.0,"AAPL:24,AMGN:1,AMZN:1,BKNG:1,CRM:20,CROX:2,CRWD:41,DAL:5,DASH:1,FTNT:59,GOOGL:1,INCY:3,KO:11,MNST:23,MRVL:161,MSFT:11,NOW:44,RL:1,RTX:3,SHIP:12,SHOP:48,SLB:7,TGT:3,UNH:2,UNP:3,USB:19,EOG:3,PGR:2,BTSG:3,SNDK:22"
2026-09-04,185077.06,185077.06,3423.61,175077.06,4010.6,0.0,0.0,
2026-09-08,185077.06,185077.06,0.0,175077.06,4010.6,0.0,0.0,
2026-09-09,185077.06,185077.06,0.0,175077.06,4010.6,0.0,0.0,
2026-09-10,185077.06,185077.06,0.0,175077.06,4010.6,0.0,0.0,
2026-09-11,185077.06,185077.06,0.0,175077.06,4010.6,0.0,0.0,
2026-09-14,186941.9,29718.9,0.0,175077.06,4119.27,0.0,1.0,"AAPL:23,AMD:15,AMGN:2,AMZN:1,AVGO:23,BKNG:2,CRDO:52,CRM:20,CROX:4,CRWD:38,DAL:12,DASH:2,DDOG:24,DHI:5,FTNT:56,GOOGL:2,INCY:5,INTC:96,JPM:6,KO:21,LRCX:34,MNST:37,MRVL:154,MSFT:12,MU:10,NOW:73,NVDA:31,EOG:6,PGR:3,BTSG:5"
2026-09-15,187542.45,29718.9,0.0,175077.06,4119.27,0.0,1.0,"AAPL:23,AMD:15,AMGN:2,AMZN:1,AVGO:23,BKNG:2,CRDO:52,CRM:20,CROX:4,CRWD:38,DAL:12,DASH:2,DDOG:24,DHI:5,FTNT:56,GOOGL:2,INCY:5,INTC:96,JPM:6,KO:21,LRCX:34,MNST:37,MRVL:154,MSFT:12,MU:10,NOW:73,NVDA:31,EOG:6,PGR:3,BTSG:5"
2026-09-16,189364.09,29382.71,-10.38,175066.67,4120.0,0.0,1.0,"AAPL:23,AMD:15,AMGN:2,AMZN:1,AVGO:23,CRDO:52,CRM:20,CROX:4,CRWD:38,DAL:12,DASH:2,DDOG:24,DHI:5,FTNT:56,GOOGL:2,INCY:5,INTC:96,JPM:6,KO:21,LRCX:34,MNST:37,MRVL:154,MSFT:12,MU:10,NOW:73,NVDA:31,RL:2,EOG:6,PGR:3,BTSG:5"
2026-09-17,193815.8,29390.32,-10.68,175056.0,4122.24,0.0,1.0,"AAPL:23,AMD:15,AMGN:2,AMZN:1,AVGO:23,CRDO:52,CRM:20,CROX:4,CRWD:38,DAL:12,DASH:2,DDOG:24,FTNT:56,GOOGL:2,INCY:5,INTC:96,JPM:6,KO:21,LRCX:34,MNST:37,MRVL:154,MSFT:12,MU:10,NOW:73,NVDA:31,RL:2,RTX:6,SHIP:20,PGR:3,BTSG:5"
2026-09-18,195230.52,29390.32,0.0,175056.0,4122.24,0.0,1.0,"AAPL:23,AMD:15,AMGN:2,AMZN:1,AVGO:23,CRDO:52,CRM:20,CROX:4,CRWD:38,DAL:12,DASH:2,DDOG:24,FTNT:56,GOOGL:2,INCY:5,INTC:96,JPM:6,KO:21,LRCX:34,MNST:37,MRVL:154,MSFT:12,MU:10,NOW:73,NVDA:31,RL:2,RTX:6,SHIP:20,PGR:3,BTSG:5"
2026-09-21,202497.24,29390.32,0.0,175056.0,4122.24,0.0,1.0,"AAPL:23,AMD:15,AMGN:2,AMZN:1,AVGO:23,CRDO:52,CRM:20,CROX:4,CRWD:38,DAL:12,DASH:2,DDOG:24,FTNT:56,GOOGL:2,INCY:5,INTC:96,JPM:6,KO:21,LRCX:34,MNST:37,MRVL:154,MSFT:12,MU:10,NOW:73,NVDA:31,RL:2,RTX:6,SHIP:20,PGR:3,BTSG:5"
2026-09-22,204634.32,29390.32,0.0,175056.0,4122.24,0.0,1.0,"AAPL:23,AMD:15,AMGN:2,AMZN:1,AVGO:23,CRDO:52,CRM:20,CROX:4,CRWD:38,DAL:12,DASH:2,DDOG:24,FTNT:56,GOOGL:2,INCY:5,INTC:96,JPM:6,KO:21,LRCX:34,MNST:37,MRVL:154,MSFT:12,MU:10,NOW:73,NVDA:31,RL:2,RTX:6,SHIP:20,PGR:3,BTSG:5"
2026-09-23,204380.0,27642.51,168.37,175224.36,4138.25,0.0,1.0,"AAPL:23,AMD:15,AMGN:2,AMZN:1,CRDO:52,CRM:20,CROX:4,CRWD:38,DAL:12,DASH:2,DDOG:24,FTNT:56,GOOGL:2,INCY:5,INTC:96,KO:21,LRCX:34,MNST:37,MRVL:154,MSFT:12,MU:10,NOW:73,NVDA:31,RL:2,ROST:4,RTX:6,SHIP:20,SHOP:76,PGR:3,BTSG:5"
2026-09-24,201645.97,201645.97,16421.6,191645.97,4265.37,0.0,0.0,
2026-09-25,201645.97,201645.97,0.0,191645.97,4265.37,0.0,0.0,
2026-09-28,201645.97,201645.97,0.0,191645.97,4265.37,0.0,0.0,
2026-09-29,201645.97,201645.97,0.0,191645.97,4265.37,0.0,0.0,
2026-09-30,201645.97,201645.97,0.0,191645.97,4265.37,0.0,0.0,
2026-10-01,201645.97,201645.97,0.0,191645.97,4265.37,0.0,0.0,
2026-10-02,201645.97,201645.97,0.0,191645.97,4265.37,0.0,0.0,
